MSSV,Student_Profile,Current_Semester,GPA_Cumulative,Total_Credits,Credits_Completed,Credits_Remaining,Completion_Rate,Average_Credits_Per_Semester,Remaining_To_OJT,Failed_Courses,Retake_Count,Missing_Prerequisite_Courses,Academic_Warning_Count,Suspension_Count,Planned_OJT_Semester,Risk_Score,Risk_Level,OJT_Delay_Risk,OJT_Eligible,OJT_Readiness,AI_Recommendation
SE1800001,Average,1,6.27,120,17,103,14.17,17.0,83,1,1,2,0,0,5,9,Medium,0,False,31.5,Complete at least 83 more credits. Complete all prerequisite courses. Retake failed courses as soon as possible.
SE1800002,Excellent,3,9.26,120,54,66,45.0,18.0,46,0,0,0,0,0,5,3,Low,0,False,67.0,Complete at least 46 more credits.
SE1800003,AtRisk,3,5.42,120,40,80,33.33,13.33,60,3,4,2,1,0,6,15,High,1,False,26.0,Complete at least 60 more credits. Complete all prerequisite courses. Retake failed courses as soon as possible. Improve GPA to remove academic warning.
SE1800004,Excellent,6,9.41,120,105,15,87.5,17.5,0,0,0,0,0,0,7,0,Low,0,True,92.5,You are ready for OJT.
SE1800005,Average,5,6.05,120,87,33,72.5,17.4,13,2,1,0,0,0,7,4,Low,0,False,75.5,Complete at least 13 more credits. Retake failed courses as soon as possible.
SE1800006,Average,6,6.16,120,103,17,85.83,17.17,0,1,3,2,0,0,6,7,Medium,0,False,70.5,Complete all prerequisite courses. Retake failed courses as soon as possible.
SE1800007,Good,4,8.47,120,78,42,65.0,19.5,22,0,2,1,0,0,5,5,Low,0,False,69.0,Complete at least 22 more credits. Complete all prerequisite courses.
SE1800008,AtRisk,4,5.07,120,68,52,56.67,17.0,32,5,5,1,2,1,6,19,High,1,False,25.0,Complete at least 32 more credits. Complete all prerequisite courses. Retake failed courses as soon as possible. Improve GPA to remove academic warning.
SE1800009,Good,2,8.11,120,42,78,35.0,21.0,58,1,2,1,0,0,5,7,Medium,0,False,48.0,Complete at least 58 more credits. Complete all prerequisite courses. Retake failed courses as soon as possible.
SE1800010,LateStarter,2,6.69,120,34,86,28.33,17.0,66,2,2,0,0,0,5,6,Medium,0,False,47.0,Complete at least 66 more credits. Retake failed courses as soon as possible.
SE1800011,Good,5,7.7,120,92,28,76.67,18.4,8,0,2,0,0,0,6,2,Low,0,False,82.0,Complete at least 8 more credits.
SE1800012,Good,3,7.0,120,61,59,50.83,20.33,39,1,2,0,0,0,5,5,Low,0,False,63.5,Complete at least 39 more credits. Retake failed courses as soon as possible.
SE1800013,Good,5,7.8,120,100,20,83.33,20.0,0,0,2,1,0,0,6,3,Low,0,False,80.0,Complete all prerequisite courses.
SE1800014,Recovery,6,6.63,120,94,26,78.33,15.67,6,1,2,0,0,0,7,4,Low,0,False,80.0,Complete at least 6 more credits. Retake failed courses as soon as possible.
SE1800015,AtRisk,8,5.53,120,104,16,86.67,13.0,0,3,6,3,1,1,8,16,High,1,False,40.0,Complete all prerequisite courses. Retake failed courses as soon as possible. Improve GPA to remove academic warning.
SE1800016,Average,5,6.95,120,86,34,71.67,17.2,14,3,3,1,1,0,7,10,Medium,0,False,57.0,Complete at least 14 more credits. Complete all prerequisite courses. Retake failed courses as soon as possible. Improve GPA to remove academic warning.
SE1800017,Good,3,7.5,120,59,61,49.17,19.67,41,0,2,0,0,0,5,4,Low,0,False,65.5,Complete at least 41 more credits.
SE1800018,Good,7,8.28,120,109,11,90.83,15.57,0,0,1,1,0,0,8,3,Low,0,False,86.5,Complete all prerequisite courses.
SE1800019,AtRisk,6,5.57,120,89,31,74.17,14.83,11,4,6,1,1,0,7,13,High,1,False,49.5,Complete at least 11 more credits. Complete all prerequisite courses. Retake failed courses as soon as possible. Improve GPA to remove academic warning.
SE1800020,Good,4,8.29,120,68,52,56.67,17.0,32,0,0,1,0,0,5,5,Low,0,False,68.0,Complete at least 32 more credits. Complete all prerequisite courses.
SE1800021,Good,4,7.21,120,70,50,58.33,17.5,30,1,1,0,0,0,5,4,Low,0,False,70.0,Complete at least 30 more credits. Retake failed courses as soon as possible.
SE1800022,Excellent,8,9.75,120,115,5,95.83,14.38,0,0,0,0,0,0,8,0,Low,0,True,97.5,You are ready for OJT.
SE1800023,Good,4,7.09,120,74,46,61.67,18.5,26,0,1,1,0,0,6,5,Low,0,False,69.0,Complete at least 26 more credits. Complete all prerequisite courses.
SE1800024,Average,5,6.78,120,95,25,79.17,19.0,5,1,2,1,0,0,6,6,Medium,0,False,74.5,Complete at least 5 more credits. Complete all prerequisite courses. Retake failed courses as soon as possible.
SE1800025,AtRisk,2,5.58,120,32,88,26.67,16.0,68,5,4,1,1,0,5,15,High,1,False,22.0,Complete at least 68 more credits. Complete all prerequisite courses. Retake failed courses as soon as possible. Improve GPA to remove academic warning.
SE1800026,Average,5,6.23,120,83,37,69.17,16.6,17,3,2,2,0,0,7,9,Medium,0,False,56.5,Complete at least 17 more credits. Complete all prerequisite courses. Retake failed courses as soon as possible.
SE1800027,Average,5,6.31,120,88,32,73.33,17.6,12,1,3,0,1,0,6,7,Medium,0,False,70.0,Complete at least 12 more credits. Retake failed courses as soon as possible. Improve GPA to remove academic warning.
SE1800028,Average,3,6.31,120,57,63,47.5,19.0,43,1,1,1,0,0,5,8,Medium,0,False,57.5,Complete at least 43 more credits. Complete all prerequisite courses. Retake failed courses as soon as possible.
SE1800029,Average,2,6.35,120,31,89,25.83,15.5,69,1,3,1,0,0,6,9,Medium,0,False,40.5,Complete at least 69 more credits. Complete all prerequisite courses. Retake failed courses as soon as possible.
SE1800030,Average,8,6.65,120,108,12,90.0,13.5,0,3,3,2,0,0,8,8,Medium,0,False,67.0,Complete all prerequisite courses. Retake failed courses as soon as possible.
SE1800031,Good,6,8.11,120,102,18,85.0,17.0,0,1,1,0,0,0,7,2,Low,0,True,86.0,Retake failed courses as soon as possible.
SE1800032,Average,3,6.9,120,45,75,37.5,15.0,55,1,4,1,0,0,6,9,Medium,0,False,45.5,Complete at least 55 more credits. Complete all prerequisite courses. Retake failed courses as soon as possible.
SE1800033,AtRisk,5,5.26,120,82,38,68.33,16.4,18,5,6,3,1,0,6,17,High,1,False,31.0,Complete at least 18 more credits. Complete all prerequisite courses. Retake failed courses as soon as possible. Improve GPA to remove academic warning.
SE1800034,Recovery,5,5.95,120,78,42,65.0,15.6,22,2,4,0,1,0,6,10,Medium,0,False,60.0,Complete at least 22 more credits. Retake failed courses as soon as possible. Improve GPA to remove academic warning.
SE1800035,Good,6,8.19,120,100,20,83.33,16.67,0,1,0,0,0,0,7,1,Low,0,True,87.0,Retake failed courses as soon as possible.
SE1800036,LateStarter,5,7.13,120,85,35,70.83,17.0,15,2,3,1,0,0,7,6,Medium,0,False,64.5,Complete at least 15 more credits. Complete all prerequisite courses. Retake failed courses as soon as possible.
SE1800037,AtRisk,4,5.66,120,57,63,47.5,14.25,43,4,4,3,1,1,5,18,High,1,False,17.5,Complete at least 43 more credits. Complete all prerequisite courses. Retake failed courses as soon as possible. Improve GPA to remove academic warning.
SE1800038,Critical,3,4.72,120,35,85,29.17,11.67,65,7,7,2,2,1,5,21,High,1,False,0.0,Complete at least 65 more credits. Complete all prerequisite courses. Retake failed courses as soon as possible. Improve GPA to remove academic warning.
SE1800039,Good,3,7.1,120,62,58,51.67,20.67,38,1,1,1,0,0,5,7,Medium,0,False,60.0,Complete at least 38 more credits. Complete all prerequisite courses. Retake failed courses as soon as possible.
SE1800040,Critical,3,4.37,120,32,88,26.67,10.67,68,5,5,4,3,2,6,24,High,1,False,0.0,Complete at least 68 more credits. Complete all prerequisite courses. Retake failed courses as soon as possible. Improve GPA to remove academic warning.
SE1800041,Average,8,6.11,120,117,3,97.5,14.62,0,1,3,0,1,0,8,6,Medium,0,True,84.5,Retake failed courses as soon as possible. Improve GPA to remove academic warning.
SE1800042,Average,6,6.68,120,98,22,81.67,16.33,2,2,4,0,1,0,6,7,Medium,0,False,70.0,Complete at least 2 more credits. Retake failed courses as soon as possible. Improve GPA to remove academic warning.
SE1800043,AtRisk,3,5.31,120,42,78,35.0,14.0,58,4,6,3,2,0,5,18,High,1,False,9.0,Complete at least 58 more credits. Complete all prerequisite courses. Retake failed courses as soon as possible. Improve GPA to remove academic warning.
SE1800044,Average,7,6.67,120,105,15,87.5,15.0,0,3,3,1,0,0,8,7,Medium,0,False,71.5,Complete all prerequisite courses. Retake failed courses as soon as possible.
SE1800045,Good,4,7.86,120,78,42,65.0,19.5,22,1,1,1,0,0,6,6,Medium,0,False,68.0,Complete at least 22 more credits. Complete all prerequisite courses. Retake failed courses as soon as possible.
SE1800046,AtRisk,7,5.73,120,94,26,78.33,13.43,6,4,5,1,1,1,8,15,High,1,False,46.0,Complete at least 6 more credits. Complete all prerequisite courses. Retake failed courses as soon as possible. Improve GPA to remove academic warning.
SE1800047,Good,3,7.04,120,53,67,44.17,17.67,47,1,2,0,0,0,5,5,Low,0,False,59.5,Complete at least 47 more credits. Retake failed courses as soon as possible.
SE1800048,AtRisk,4,5.4,120,54,66,45.0,13.5,46,5,3,1,2,0,5,16,High,1,False,30.0,Complete at least 46 more credits. Complete all prerequisite courses. Retake failed courses as soon as possible. Improve GPA to remove academic warning.
SE1800049,AtRisk,5,5.46,120,85,35,70.83,17.0,15,3,3,2,1,1,7,15,High,1,False,42.5,Complete at least 15 more credits. Complete all prerequisite courses. Retake failed courses as soon as possible. Improve GPA to remove academic warning.
SE1800050,LateStarter,6,6.81,120,108,12,90.0,18.0,0,3,5,0,1,0,7,8,Medium,0,True,70.0,Retake failed courses as soon as possible. Improve GPA to remove academic warning.
SE1800051,AtRisk,6,5.27,120,98,22,81.67,16.33,2,4,4,2,2,0,7,14,High,1,False,47.0,Complete at least 2 more credits. Complete all prerequisite courses. Retake failed courses as soon as possible. Improve GPA to remove academic warning.
SE1800052,Good,4,8.33,120,69,51,57.5,17.25,31,0,0,0,0,0,5,3,Low,0,False,74.5,Complete at least 31 more credits.
SE1800053,Excellent,4,9.31,120,78,42,65.0,19.5,22,0,0,0,0,0,6,2,Low,0,False,79.0,Complete at least 22 more credits.
SE1800054,Average,7,6.3,120,112,8,93.33,16.0,0,2,2,1,0,0,8,5,Low,0,False,80.0,Complete all prerequisite courses. Retake failed courses as soon as possible.
SE1800055,Average,1,6.33,120,19,101,15.83,19.0,81,3,2,1,0,0,6,9,Medium,0,False,30.5,Complete at least 81 more credits. Complete all prerequisite courses. Retake failed courses as soon as possible.
SE1800056,Average,5,6.08,120,93,27,77.5,18.6,7,1,4,0,0,0,7,5,Low,0,False,75.5,Complete at least 7 more credits. Retake failed courses as soon as possible.
SE1800057,Good,4,7.5,120,82,38,68.33,20.5,18,1,1,1,0,0,6,6,Medium,0,False,70.0,Complete at least 18 more credits. Complete all prerequisite courses. Retake failed courses as soon as possible.
SE1800058,Excellent,4,10.0,120,77,43,64.17,19.25,23,0,0,0,0,0,5,2,Low,0,False,78.5,Complete at least 23 more credits.
SE1800059,AtRisk,5,5.24,120,83,37,69.17,16.6,17,5,3,3,1,1,7,18,High,1,False,29.5,Complete at least 17 more credits. Complete all prerequisite courses. Retake failed courses as soon as possible. Improve GPA to remove academic warning.
SE1800060,AtRisk,3,5.6,120,47,73,39.17,15.67,53,5,3,1,2,0,5,16,High,1,False,26.5,Complete at least 53 more credits. Complete all prerequisite courses. Retake failed courses as soon as possible. Improve GPA to remove academic warning.
SE1800061,Recovery,5,6.71,120,84,36,70.0,16.8,16,2,4,0,0,0,6,6,Medium,0,False,68.0,Complete at least 16 more credits. Retake failed courses as soon as possible.
SE1800062,Average,3,6.68,120,57,63,47.5,19.0,43,1,1,1,1,0,5,10,Medium,0,False,52.5,Complete at least 43 more credits. Complete all prerequisite courses. Retake failed courses as soon as possible. Improve GPA to remove academic warning.
SE1800063,Average,4,6.84,120,75,45,62.5,18.75,25,1,4,1,1,0,6,10,Medium,0,False,55.5,Complete at least 25 more credits. Complete all prerequisite courses. Retake failed courses as soon as possible. Improve GPA to remove academic warning.
SE1800064,Good,4,7.97,120,77,43,64.17,19.25,23,1,1,1,0,0,5,6,Medium,0,False,67.5,Complete at least 23 more credits. Complete all prerequisite courses. Retake failed courses as soon as possible.
SE1800065,AtRisk,2,5.87,120,27,93,22.5,13.5,73,4,6,2,1,1,6,18,High,1,False,4.5,Complete at least 73 more credits. Complete all prerequisite courses. Retake failed courses as soon as possible. Improve GPA to remove academic warning.
SE1800066,Good,3,8.19,120,55,65,45.83,18.33,45,1,2,1,0,0,5,7,Medium,0,False,54.5,Complete at least 45 more credits. Complete all prerequisite courses. Retake failed courses as soon as possible.
SE1800067,Good,4,7.83,120,71,49,59.17,17.75,29,1,2,1,0,0,5,6,Medium,0,False,62.5,Complete at least 29 more credits. Complete all prerequisite courses. Retake failed courses as soon as possible.
SE1800068,Good,4,7.36,120,78,42,65.0,19.5,22,1,1,1,0,0,6,6,Medium,0,False,68.0,Complete at least 22 more credits. Complete all prerequisite courses. Retake failed courses as soon as possible.
SE1800069,AtRisk,3,5.25,120,37,83,30.83,12.33,63,5,4,2,1,0,5,16,High,1,False,18.5,Complete at least 63 more credits. Complete all prerequisite courses. Retake failed courses as soon as possible. Improve GPA to remove academic warning.
SE1800070,Good,4,8.08,120,80,40,66.67,20.0,20,1,0,0,0,0,6,3,Low,0,False,77.0,Complete at least 20 more credits. Retake failed courses as soon as possible.
SE1800071,Good,1,7.8,120,20,100,16.67,20.0,80,0,0,1,0,0,5,5,Low,0,False,44.0,Complete at least 80 more credits. Complete all prerequisite courses.
SE1800072,Critical,5,4.2,120,69,51,57.5,13.8,31,7,6,2,3,2,6,23,High,1,False,0.0,Complete at least 31 more credits. Complete all prerequisite courses. Retake failed courses as soon as possible. Improve GPA to remove academic warning.
SE1800073,AtRisk,4,5.07,120,51,69,42.5,12.75,49,3,4,3,2,0,5,17,High,1,False,20.5,Complete at least 49 more credits. Complete all prerequisite courses. Retake failed courses as soon as possible. Improve GPA to remove academic warning.
SE1800074,Good,5,7.9,120,100,20,83.33,20.0,0,0,2,1,0,0,7,3,Low,0,False,80.0,Complete all prerequisite courses.
SE1800075,Critical,8,3.96,120,89,31,74.17,11.12,11,5,6,4,2,2,8,22,High,1,False,7.5,Complete at least 11 more credits. Complete all prerequisite courses. Retake failed courses as soon as possible. Improve GPA to remove academic warning.
SE1800076,Average,3,6.17,120,46,74,38.33,15.33,54,1,1,1,1,0,6,10,Medium,0,False,47.0,Complete at least 54 more credits. Complete all prerequisite courses. Retake failed courses as soon as possible. Improve GPA to remove academic warning.
SE1800077,Excellent,3,8.92,120,61,59,50.83,20.33,39,0,0,0,0,0,5,3,Low,0,False,70.5,Complete at least 39 more credits.
SE1800078,Average,5,6.9,120,84,36,70.0,16.8,16,1,1,0,1,0,7,7,Medium,0,False,72.0,Complete at least 16 more credits. Retake failed courses as soon as possible. Improve GPA to remove academic warning.
SE1800079,Good,5,8.04,120,92,28,76.67,18.4,8,1,1,0,0,0,7,3,Low,0,False,81.0,Complete at least 8 more credits. Retake failed courses as soon as possible.
SE1800080,Average,1,6.23,120,20,100,16.67,20.0,80,3,1,2,1,0,5,12,High,1,False,22.0,Complete at least 80 more credits. Complete all prerequisite courses. Retake failed courses as soon as possible. Improve GPA to remove academic warning.
SE1800081,Average,5,6.91,120,85,35,70.83,17.0,15,3,4,2,1,0,7,11,High,1,False,48.5,Complete at least 15 more credits. Complete all prerequisite courses. Retake failed courses as soon as possible. Improve GPA to remove academic warning.
SE1800082,Good,4,8.0,120,81,39,67.5,20.25,19,0,1,1,0,0,6,5,Low,0,False,72.5,Complete at least 19 more credits. Complete all prerequisite courses.
SE1800083,AtRisk,5,5.45,120,78,42,65.0,15.6,22,4,5,1,2,0,7,15,High,1,False,41.0,Complete at least 22 more credits. Complete all prerequisite courses. Retake failed courses as soon as possible. Improve GPA to remove academic warning.
SE1800084,Average,3,6.36,120,57,63,47.5,19.0,43,2,4,0,0,0,5,7,Medium,0,False,54.5,Complete at least 43 more credits. Retake failed courses as soon as possible.
SE1800085,Recovery,4,6.5,120,59,61,49.17,14.75,41,1,4,0,0,0,5,7,Medium,0,False,58.5,Complete at least 41 more credits. Retake failed courses as soon as possible.
SE1800086,Average,2,6.98,120,31,89,25.83,15.5,69,2,1,2,0,0,6,9,Medium,0,False,35.5,Complete at least 69 more credits. Complete all prerequisite courses. Retake failed courses as soon as possible.
SE1800087,Average,3,6.83,120,52,68,43.33,17.33,48,1,4,2,0,0,5,10,Medium,0,False,43.0,Complete at least 48 more credits. Complete all prerequisite courses. Retake failed courses as soon as possible.
SE1800088,Recovery,4,6.68,120,71,49,59.17,17.75,29,1,3,1,1,0,5,10,Medium,0,False,55.5,Complete at least 29 more credits. Complete all prerequisite courses. Retake failed courses as soon as possible. Improve GPA to remove academic warning.
SE1800089,Good,3,7.87,120,60,60,50.0,20.0,40,1,0,1,0,0,6,6,Medium,0,False,61.0,Complete at least 40 more credits. Complete all prerequisite courses. Retake failed courses as soon as possible.
SE1800090,Average,4,6.45,120,70,50,58.33,17.5,30,1,2,2,1,0,6,10,Medium,0,False,51.0,Complete at least 30 more credits. Complete all prerequisite courses. Retake failed courses as soon as possible. Improve GPA to remove academic warning.
SE1800091,Excellent,5,9.56,120,102,18,85.0,20.4,0,0,0,0,0,0,7,0,Low,0,True,91.0,You are ready for OJT.
SE1800092,Critical,6,4.16,120,81,39,67.5,13.5,19,8,5,4,2,2,6,23,High,1,False,0.0,Complete at least 19 more credits. Complete all prerequisite courses. Retake failed courses as soon as possible. Improve GPA to remove academic warning.
SE1800093,Excellent,6,8.9,120,114,6,95.0,19.0,0,0,0,0,0,0,7,0,Low,0,True,97.0,You are ready for OJT.
SE1800094,Critical,1,3.6,120,15,105,12.5,15.0,85,7,6,4,2,2,5,24,High,1,False,0.0,Complete at least 85 more credits. Complete all prerequisite courses. Retake failed courses as soon as possible. Improve GPA to remove academic warning.
SE1800095,AtRisk,5,5.1,120,73,47,60.83,14.6,27,5,5,1,1,1,6,17,High,1,False,32.5,Complete at least 27 more credits. Complete all prerequisite courses. Retake failed courses as soon as possible. Improve GPA to remove academic warning.
SE1800096,Good,4,7.22,120,76,44,63.33,19.0,24,1,2,0,0,0,5,4,Low,0,False,71.0,Complete at least 24 more credits. Retake failed courses as soon as possible.
SE1800097,Average,4,6.68,120,75,45,62.5,18.75,25,3,2,0,1,0,6,8,Medium,0,False,59.5,Complete at least 25 more credits. Retake failed courses as soon as possible. Improve GPA to remove academic warning.
SE1800098,Good,1,8.2,120,20,100,16.67,20.0,80,0,0,1,0,0,6,5,Low,0,False,44.0,Complete at least 80 more credits. Complete all prerequisite courses.
SE1800099,Average,4,6.3,120,72,48,60.0,18.0,28,2,1,0,1,0,6,7,Medium,0,False,63.0,Complete at least 28 more credits. Retake failed courses as soon as possible. Improve GPA to remove academic warning.
SE1800100,LateStarter,3,7.18,120,47,73,39.17,15.67,53,3,2,2,0,0,6,9,Medium,0,False,38.5,Complete at least 53 more credits. Complete all prerequisite courses. Retake failed courses as soon as possible.
SE1800101,AtRisk,3,5.79,120,39,81,32.5,13.0,61,5,4,3,2,0,5,18,High,1,False,8.5,Complete at least 61 more credits. Complete all prerequisite courses. Retake failed courses as soon as possible. Improve GPA to remove academic warning.
SE1800102,Recovery,5,6.11,120,85,35,70.83,17.0,15,1,4,1,0,0,7,7,Medium,0,False,65.5,Complete at least 15 more credits. Complete all prerequisite courses. Retake failed courses as soon as possible.
SE1800103,Good,4,7.3,120,80,40,66.67,20.0,20,1,2,1,0,0,6,6,Medium,0,False,67.0,Complete at least 20 more credits. Complete all prerequisite courses. Retake failed courses as soon as possible.
SE1800104,LateStarter,3,7.07,120,38,82,31.67,12.67,62,3,2,0,0,0,6,6,Medium,0,False,46.0,Complete at least 62 more credits. Retake failed courses as soon as possible.
SE1800105,Excellent,4,8.9,120,73,47,60.83,18.25,27,0,0,0,0,0,5,2,Low,0,False,76.5,Complete at least 27 more credits.
SE1800106,Average,4,6.61,120,70,50,58.33,17.5,30,3,2,2,0,0,6,9,Medium,0,False,50.0,Complete at least 30 more credits. Complete all prerequisite courses. Retake failed courses as soon as possible.
SE1800107,Average,2,6.04,120,30,90,25.0,15.0,70,2,4,0,0,0,5,7,Medium,0,False,41.0,Complete at least 70 more credits. Retake failed courses as soon as possible.
SE1800108,Good,4,8.41,120,79,41,65.83,19.75,21,1,2,0,0,0,6,4,Low,0,False,72.5,Complete at least 21 more credits. Retake failed courses as soon as possible.
SE1800109,Average,7,6.28,120,111,9,92.5,15.86,0,1,4,1,0,0,8,6,Medium,0,False,78.5,Complete all prerequisite courses. Retake failed courses as soon as possible.
SE1800110,Excellent,5,9.32,120,101,19,84.17,20.2,0,0,0,0,0,0,7,0,Low,0,True,90.5,You are ready for OJT.
SE1800111,Excellent,3,9.46,120,54,66,45.0,18.0,46,0,0,0,0,0,5,3,Low,0,False,67.0,Complete at least 46 more credits.
SE1800112,AtRisk,5,5.58,120,75,45,62.5,15.0,25,4,4,3,1,1,6,17,High,1,False,26.5,Complete at least 25 more credits. Complete all prerequisite courses. Retake failed courses as soon as possible. Improve GPA to remove academic warning.
SE1800113,LateStarter,4,7.0,120,58,62,48.33,14.5,42,4,2,0,0,0,5,6,Medium,0,False,53.0,Complete at least 42 more credits. Retake failed courses as soon as possible.
SE1800114,Average,1,6.26,120,17,103,14.17,17.0,83,3,4,2,0,0,6,11,High,1,False,19.5,Complete at least 83 more credits. Complete all prerequisite courses. Retake failed courses as soon as possible.
SE1800115,Average,4,6.59,120,74,46,61.67,18.5,26,3,2,2,0,0,6,9,Medium,0,False,52.0,Complete at least 26 more credits. Complete all prerequisite courses. Retake failed courses as soon as possible.
SE1800116,Average,1,6.99,120,19,101,15.83,19.0,81,2,1,1,1,0,5,10,Medium,0,False,30.5,Complete at least 81 more credits. Complete all prerequisite courses. Retake failed courses as soon as possible. Improve GPA to remove academic warning.
SE1800117,Good,2,7.19,120,43,77,35.83,21.5,57,1,1,1,0,0,5,7,Medium,0,False,50.5,Complete at least 57 more credits. Complete all prerequisite courses. Retake failed courses as soon as possible.
SE1800118,AtRisk,2,5.65,120,36,84,30.0,18.0,64,5,4,2,2,0,6,17,High,1,False,13.0,Complete at least 64 more credits. Complete all prerequisite courses. Retake failed courses as soon as possible. Improve GPA to remove academic warning.
SE1800119,Good,4,7.62,120,69,51,57.5,17.25,31,1,1,1,0,0,5,7,Medium,0,False,63.5,Complete at least 31 more credits. Complete all prerequisite courses. Retake failed courses as soon as possible.
SE1800120,Average,4,6.09,120,62,58,51.67,15.5,38,1,4,0,1,0,5,9,Medium,0,False,55.0,Complete at least 38 more credits. Retake failed courses as soon as possible. Improve GPA to remove academic warning.
SE1800121,Average,5,6.33,120,83,37,69.17,16.6,17,2,3,2,1,0,7,11,High,1,False,52.5,Complete at least 17 more credits. Complete all prerequisite courses. Retake failed courses as soon as possible. Improve GPA to remove academic warning.
SE1800122,Average,4,6.57,120,66,54,55.0,16.5,34,1,4,0,0,0,6,7,Medium,0,False,62.0,Complete at least 34 more credits. Retake failed courses as soon as possible.
SE1800123,Good,3,7.34,120,56,64,46.67,18.67,44,0,2,1,0,0,6,6,Medium,0,False,58.0,Complete at least 44 more credits. Complete all prerequisite courses.
SE1800124,AtRisk,3,5.34,120,36,84,30.0,12.0,64,3,4,3,2,0,5,17,High,1,False,13.0,Complete at least 64 more credits. Complete all prerequisite courses. Retake failed courses as soon as possible. Improve GPA to remove academic warning.
SE1800125,AtRisk,8,5.09,120,106,14,88.33,13.25,0,4,6,2,2,0,8,14,High,1,False,47.0,Complete all prerequisite courses. Retake failed courses as soon as possible. Improve GPA to remove academic warning.
SE1800126,Good,5,8.16,120,97,23,80.83,19.4,3,0,0,0,0,0,6,1,Low,0,False,88.5,Complete at least 3 more credits.
SE1800127,Good,5,7.72,120,95,25,79.17,19.0,5,1,1,0,0,0,7,3,Low,0,False,82.5,Complete at least 5 more credits. Retake failed courses as soon as possible.
SE1800128,Good,5,7.88,120,96,24,80.0,19.2,4,1,0,0,0,0,6,2,Low,0,False,85.0,Complete at least 4 more credits. Retake failed courses as soon as possible.
SE1800129,Good,7,8.14,120,112,8,93.33,16.0,0,1,1,0,0,0,8,2,Low,0,True,91.0,Retake failed courses as soon as possible.
SE1800130,AtRisk,3,5.38,120,47,73,39.17,15.67,53,3,5,1,2,0,6,16,High,1,False,28.5,Complete at least 53 more credits. Complete all prerequisite courses. Retake failed courses as soon as possible. Improve GPA to remove academic warning.
SE1800131,Excellent,7,9.79,120,118,2,98.33,16.86,0,0,0,0,0,0,8,0,Low,0,True,99.0,You are ready for OJT.
SE1800132,Excellent,3,9.7,120,63,57,52.5,21.0,37,0,0,0,0,0,5,3,Low,0,False,71.5,Complete at least 37 more credits.
SE1800133,Average,4,6.08,120,69,51,57.5,17.25,31,3,3,0,1,0,5,10,Medium,0,False,54.5,Complete at least 31 more credits. Retake failed courses as soon as possible. Improve GPA to remove academic warning.
SE1800134,Average,2,6.5,120,42,78,35.0,21.0,58,2,3,2,0,0,5,10,Medium,0,False,37.0,Complete at least 58 more credits. Complete all prerequisite courses. Retake failed courses as soon as possible.
SE1800135,Good,3,7.9,120,62,58,51.67,20.67,38,0,0,1,0,0,6,5,Low,0,False,65.0,Complete at least 38 more credits. Complete all prerequisite courses.
SE1800136,Critical,5,3.72,120,57,63,47.5,11.4,43,8,8,4,3,2,6,24,High,1,False,0.0,Complete at least 43 more credits. Complete all prerequisite courses. Retake failed courses as soon as possible. Improve GPA to remove academic warning.
SE1800137,Good,2,7.69,120,34,86,28.33,17.0,66,0,1,1,0,0,6,6,Medium,0,False,49.0,Complete at least 66 more credits. Complete all prerequisite courses.
SE1800138,Average,5,6.78,120,81,39,67.5,16.2,19,2,2,1,1,0,6,9,Medium,0,False,59.5,Complete at least 19 more credits. Complete all prerequisite courses. Retake failed courses as soon as possible. Improve GPA to remove academic warning.
SE1800139,Average,6,6.83,120,94,26,78.33,15.67,6,3,2,0,0,0,7,5,Low,0,False,74.0,Complete at least 6 more credits. Retake failed courses as soon as possible.
SE1800140,Average,5,6.36,120,89,31,74.17,17.8,11,2,4,1,0,0,6,7,Medium,0,False,64.5,Complete at least 11 more credits. Complete all prerequisite courses. Retake failed courses as soon as possible.
SE1800141,Good,5,7.58,120,92,28,76.67,18.4,8,0,1,0,0,0,7,2,Low,0,False,84.0,Complete at least 8 more credits.
SE1800142,LateStarter,5,6.59,120,80,40,66.67,16.0,20,3,5,2,1,0,6,13,High,1,False,44.0,Complete at least 20 more credits. Complete all prerequisite courses. Retake failed courses as soon as possible. Improve GPA to remove academic warning.
SE1800143,Average,4,6.36,120,71,49,59.17,17.75,29,2,2,0,1,0,5,7,Medium,0,False,60.5,Complete at least 29 more credits. Retake failed courses as soon as possible. Improve GPA to remove academic warning.
SE1800144,Good,2,7.11,120,46,74,38.33,23.0,54,0,2,0,0,0,6,4,Low,0,False,59.0,Complete at least 54 more credits.
SE1800145,Good,3,8.03,120,59,61,49.17,19.67,41,0,2,1,0,0,6,6,Medium,0,False,59.5,Complete at least 41 more credits. Complete all prerequisite courses.
SE1800146,Average,3,6.44,120,49,71,40.83,16.33,51,3,4,0,0,0,6,8,Medium,0,False,47.5,Complete at least 51 more credits. Retake failed courses as soon as possible.
SE1800147,Recovery,3,6.48,120,51,69,42.5,17.0,49,2,3,1,1,0,5,11,High,1,False,42.5,Complete at least 49 more credits. Complete all prerequisite courses. Retake failed courses as soon as possible. Improve GPA to remove academic warning.
SE1800148,AtRisk,6,5.14,120,90,30,75.0,15.0,10,3,6,2,1,0,7,14,High,1,False,47.0,Complete at least 10 more credits. Complete all prerequisite courses. Retake failed courses as soon as possible. Improve GPA to remove academic warning.
SE1800149,Excellent,3,9.17,120,62,58,51.67,20.67,38,0,0,0,0,0,6,3,Low,0,False,71.0,Complete at least 38 more credits.
SE1800150,Recovery,4,6.2,120,63,57,52.5,15.75,37,1,3,0,1,0,5,9,Medium,0,False,57.5,Complete at least 37 more credits. Retake failed courses as soon as possible. Improve GPA to remove academic warning.
SE1800151,Good,2,8.06,120,39,81,32.5,19.5,61,0,0,0,0,0,5,3,Low,0,False,59.5,Complete at least 61 more credits.
SE1800152,AtRisk,4,5.61,120,52,68,43.33,13.0,48,3,5,1,1,1,5,17,High,1,False,28.0,Complete at least 48 more credits. Complete all prerequisite courses. Retake failed courses as soon as possible. Improve GPA to remove academic warning.
SE1800153,AtRisk,3,5.12,120,39,81,32.5,13.0,61,4,6,1,1,1,5,17,High,1,False,16.5,Complete at least 61 more credits. Complete all prerequisite courses. Retake failed courses as soon as possible. Improve GPA to remove academic warning.
SE1800154,Average,5,6.71,120,89,31,74.17,17.8,11,2,1,2,1,0,7,9,Medium,0,False,59.5,Complete at least 11 more credits. Complete all prerequisite courses. Retake failed courses as soon as possible. Improve GPA to remove academic warning.
SE1800155,Good,5,7.78,120,93,27,77.5,18.6,7,0,2,0,0,0,6,2,Low,0,False,82.5,Complete at least 7 more credits.
SE1800156,Average,8,6.25,120,108,12,90.0,13.5,0,2,1,1,0,0,8,5,Low,0,False,80.0,Complete all prerequisite courses. Retake failed courses as soon as possible.
SE1800157,AtRisk,5,5.33,120,69,51,57.5,13.8,31,4,5,3,1,1,7,19,High,1,False,21.5,Complete at least 31 more credits. Complete all prerequisite courses. Retake failed courses as soon as possible. Improve GPA to remove academic warning.
SE1800158,Average,6,6.06,120,106,14,88.33,17.67,0,1,3,0,0,0,6,4,Low,0,True,84.0,Retake failed courses as soon as possible.
SE1800159,Good,3,7.59,120,63,57,52.5,21.0,37,1,1,0,0,0,6,5,Low,0,False,66.5,Complete at least 37 more credits. Retake failed courses as soon as possible.
SE1800160,Critical,1,4.48,120,12,108,10.0,12.0,88,5,7,3,3,2,6,24,High,1,False,0.0,Complete at least 88 more credits. Complete all prerequisite courses. Retake failed courses as soon as possible. Improve GPA to remove academic warning.
SE1800161,Good,3,8.03,120,55,65,45.83,18.33,45,1,0,1,0,0,5,6,Medium,0,False,58.5,Complete at least 45 more credits. Complete all prerequisite courses. Retake failed courses as soon as possible.
SE1800162,Average,3,6.08,120,55,65,45.83,18.33,45,2,3,1,1,0,6,11,High,1,False,44.5,Complete at least 45 more credits. Complete all prerequisite courses. Retake failed courses as soon as possible. Improve GPA to remove academic warning.
SE1800163,Good,1,8.3,120,20,100,16.67,20.0,80,1,1,0,0,0,6,5,Low,0,False,45.0,Complete at least 80 more credits. Retake failed courses as soon as possible.
SE1800164,Average,5,6.16,120,80,40,66.67,16.0,20,1,4,0,0,0,6,6,Medium,0,False,69.0,Complete at least 20 more credits. Retake failed courses as soon as possible.
SE1800165,AtRisk,4,5.38,120,68,52,56.67,17.0,32,3,4,3,2,1,6,19,High,1,False,21.0,Complete at least 32 more credits. Complete all prerequisite courses. Retake failed courses as soon as possible. Improve GPA to remove academic warning.
SE1800166,Average,2,6.14,120,35,85,29.17,17.5,65,2,3,2,1,0,5,12,High,1,False,28.5,Complete at least 65 more credits. Complete all prerequisite courses. Retake failed courses as soon as possible. Improve GPA to remove academic warning.
SE1800167,Excellent,3,9.28,120,62,58,51.67,20.67,38,0,0,0,0,0,6,3,Low,0,False,71.0,Complete at least 38 more credits.
SE1800168,Average,8,6.2,120,110,10,91.67,13.75,0,1,4,0,1,0,8,6,Medium,0,True,79.0,Retake failed courses as soon as possible. Improve GPA to remove academic warning.
SE1800169,AtRisk,7,5.98,120,103,17,85.83,14.71,0,5,3,3,2,1,8,17,High,1,False,34.5,Complete all prerequisite courses. Retake failed courses as soon as possible. Improve GPA to remove academic warning.
SE1800170,Critical,5,4.88,120,75,45,62.5,15.0,25,6,7,4,2,1,6,21,High,1,False,3.5,Complete at least 25 more credits. Complete all prerequisite courses. Retake failed courses as soon as possible. Improve GPA to remove academic warning.
SE1800171,AtRisk,3,5.49,120,41,79,34.17,13.67,59,5,5,2,1,0,5,17,High,1,False,18.5,Complete at least 59 more credits. Complete all prerequisite courses. Retake failed courses as soon as possible. Improve GPA to remove academic warning.
SE1800172,Good,8,8.07,120,120,0,100.0,15.0,0,1,1,0,0,0,8,2,Low,0,True,95.0,Retake failed courses as soon as possible.
SE1800173,Average,4,6.67,120,71,49,59.17,17.75,29,1,2,0,1,0,5,7,Medium,0,False,63.5,Complete at least 29 more credits. Retake failed courses as soon as possible. Improve GPA to remove academic warning.
SE1800174,Average,3,6.16,120,56,64,46.67,18.67,44,1,3,2,1,0,6,12,High,1,False,42.0,Complete at least 44 more credits. Complete all prerequisite courses. Retake failed courses as soon as possible. Improve GPA to remove academic warning.
SE1800175,Good,7,7.41,120,118,2,98.33,16.86,0,1,2,0,0,0,8,2,Low,0,True,92.0,Retake failed courses as soon as possible.
SE1800176,Good,5,8.34,120,93,27,77.5,18.6,7,0,0,0,0,0,6,1,Low,0,False,86.5,Complete at least 7 more credits.
SE1800177,AtRisk,4,5.63,120,65,55,54.17,16.25,35,5,5,3,2,1,5,21,High,1,False,11.5,Complete at least 35 more credits. Complete all prerequisite courses. Retake failed courses as soon as possible. Improve GPA to remove academic warning.
SE1800178,AtRisk,5,5.29,120,70,50,58.33,14.0,30,5,3,1,2,1,7,17,High,1,False,30.0,Complete at least 30 more credits. Complete all prerequisite courses. Retake failed courses as soon as possible. Improve GPA to remove academic warning.
SE1800179,Average,4,6.14,120,70,50,58.33,17.5,30,3,3,1,0,0,5,9,Medium,0,False,54.0,Complete at least 30 more credits. Complete all prerequisite courses. Retake failed courses as soon as possible.
SE1800180,Good,4,7.4,120,71,49,59.17,17.75,29,0,0,0,0,0,6,2,Low,0,False,75.5,Complete at least 29 more credits.
SE1800181,Good,6,7.24,120,105,15,87.5,17.5,0,1,0,0,0,0,7,1,Low,0,True,89.5,Retake failed courses as soon as possible.
SE1800182,Critical,4,3.63,120,52,68,43.33,13.0,48,8,6,2,3,1,5,21,High,1,False,0.0,Complete at least 48 more credits. Complete all prerequisite courses. Retake failed courses as soon as possible. Improve GPA to remove academic warning.
SE1800183,Good,5,8.26,120,98,22,81.67,19.6,2,1,1,0,0,0,6,3,Low,0,False,84.0,Complete at least 2 more credits. Retake failed courses as soon as possible.
SE1800184,Critical,5,4.64,120,66,54,55.0,13.2,34,5,8,2,2,2,7,23,High,1,False,4.0,Complete at least 34 more credits. Complete all prerequisite courses. Retake failed courses as soon as possible. Improve GPA to remove academic warning.
SE1800185,Excellent,4,9.65,120,76,44,63.33,19.0,24,0,0,0,0,0,6,2,Low,0,False,78.0,Complete at least 24 more credits.
SE1800186,Average,4,6.14,120,72,48,60.0,18.0,28,3,1,0,0,0,6,6,Medium,0,False,65.0,Complete at least 28 more credits. Retake failed courses as soon as possible.
SE1800187,AtRisk,4,5.15,120,66,54,55.0,16.5,34,3,5,3,2,0,6,18,High,1,False,26.0,Complete at least 34 more credits. Complete all prerequisite courses. Retake failed courses as soon as possible. Improve GPA to remove academic warning.
SE1800188,LateStarter,5,6.5,120,88,32,73.33,17.6,12,4,5,2,1,0,6,12,High,1,False,45.0,Complete at least 12 more credits. Complete all prerequisite courses. Retake failed courses as soon as possible. Improve GPA to remove academic warning.
SE1800189,Good,5,8.46,120,97,23,80.83,19.4,3,1,2,0,0,0,6,3,Low,0,False,81.5,Complete at least 3 more credits. Retake failed courses as soon as possible.
SE1800190,AtRisk,5,5.17,120,80,40,66.67,16.0,20,3,4,1,1,0,6,13,High,1,False,52.0,Complete at least 20 more credits. Complete all prerequisite courses. Retake failed courses as soon as possible. Improve GPA to remove academic warning.
SE1800191,Average,4,6.41,120,66,54,55.0,16.5,34,2,4,2,0,0,5,10,Medium,0,False,47.0,Complete at least 34 more credits. Complete all prerequisite courses. Retake failed courses as soon as possible.
SE1800192,Average,8,6.47,120,114,6,95.0,14.25,0,2,2,1,1,0,8,7,Medium,0,False,76.0,Complete all prerequisite courses. Retake failed courses as soon as possible. Improve GPA to remove academic warning.
SE1800193,Average,6,6.67,120,100,20,83.33,16.67,0,3,4,0,0,0,7,5,Low,0,True,73.0,Retake failed courses as soon as possible.
SE1800194,Good,8,7.44,120,116,4,96.67,14.5,0,0,2,1,0,0,8,3,Low,0,False,88.0,Complete all prerequisite courses.
SE1800195,Good,7,8.19,120,112,8,93.33,16.0,0,1,0,1,0,0,8,3,Low,0,False,87.0,Complete all prerequisite courses. Retake failed courses as soon as possible.
SE1800196,LateStarter,6,6.49,120,101,19,84.17,16.83,0,4,2,1,1,0,7,8,Medium,0,False,63.5,Complete all prerequisite courses. Retake failed courses as soon as possible. Improve GPA to remove academic warning.
SE1800197,Good,6,7.4,120,108,12,90.0,18.0,0,1,0,0,0,0,6,1,Low,0,True,91.0,Retake failed courses as soon as possible.
SE1800198,Average,4,6.63,120,61,59,50.83,15.25,39,1,4,1,1,0,5,11,High,1,False,48.5,Complete at least 39 more credits. Complete all prerequisite courses. Retake failed courses as soon as possible. Improve GPA to remove academic warning.
SE1800199,Excellent,5,9.89,120,103,17,85.83,20.6,0,0,0,0,0,0,7,0,Low,0,True,91.5,You are ready for OJT.
SE1800200,Average,7,6.09,120,107,13,89.17,15.29,0,3,1,0,1,0,8,6,Medium,0,True,77.5,Retake failed courses as soon as possible. Improve GPA to remove academic warning.
SE1800201,Recovery,1,6.64,120,18,102,15.0,18.0,82,1,4,1,0,0,6,9,Medium,0,False,32.0,Complete at least 82 more credits. Complete all prerequisite courses. Retake failed courses as soon as possible.
SE1800202,Average,2,6.97,120,34,86,28.33,17.0,66,2,4,0,1,0,5,9,Medium,0,False,38.0,Complete at least 66 more credits. Retake failed courses as soon as possible. Improve GPA to remove academic warning.
SE1800203,AtRisk,4,5.72,120,58,62,48.33,14.5,42,5,4,1,2,1,5,18,High,1,False,22.0,Complete at least 42 more credits. Complete all prerequisite courses. Retake failed courses as soon as possible. Improve GPA to remove academic warning.
SE1800204,Good,6,8.34,120,106,14,88.33,17.67,0,1,0,1,0,0,6,3,Low,0,False,84.0,Complete all prerequisite courses. Retake failed courses as soon as possible.
SE1800205,Average,7,6.01,120,112,8,93.33,16.0,0,1,4,1,1,0,8,8,Medium,0,False,74.0,Complete all prerequisite courses. Retake failed courses as soon as possible. Improve GPA to remove academic warning.
SE1800206,Average,5,6.26,120,91,29,75.83,18.2,9,3,2,0,0,0,7,5,Low,0,False,72.5,Complete at least 9 more credits. Retake failed courses as soon as possible.
SE1800207,Good,5,8.38,120,99,21,82.5,19.8,1,1,2,0,0,0,6,3,Low,0,False,82.5,Complete at least 1 more credits. Retake failed courses as soon as possible.
SE1800208,Good,2,7.23,120,45,75,37.5,22.5,55,1,1,1,0,0,5,7,Medium,0,False,51.5,Complete at least 55 more credits. Complete all prerequisite courses. Retake failed courses as soon as possible.
SE1800209,Average,4,6.36,120,63,57,52.5,15.75,37,1,2,2,0,0,6,9,Medium,0,False,52.5,Complete at least 37 more credits. Complete all prerequisite courses. Retake failed courses as soon as possible.
SE1800210,Critical,4,4.51,120,58,62,48.33,14.5,42,8,5,4,3,1,6,22,High,1,False,0.0,Complete at least 42 more credits. Complete all prerequisite courses. Retake failed courses as soon as possible. Improve GPA to remove academic warning.
SE1800211,Good,4,7.84,120,76,44,63.33,19.0,24,1,2,1,0,0,6,6,Medium,0,False,65.0,Complete at least 24 more credits. Complete all prerequisite courses. Retake failed courses as soon as possible.
SE1800212,AtRisk,5,5.57,120,69,51,57.5,13.8,31,4,5,3,1,0,6,17,High,1,False,29.5,Complete at least 31 more credits. Complete all prerequisite courses. Retake failed courses as soon as possible. Improve GPA to remove academic warning.
SE1800213,LateStarter,4,6.49,120,60,60,50.0,15.0,40,2,5,1,1,0,6,12,High,1,False,43.0,Complete at least 40 more credits. Complete all prerequisite courses. Retake failed courses as soon as possible. Improve GPA to remove academic warning.
SE1800214,Good,5,7.99,120,96,24,80.0,19.2,4,0,2,1,0,0,7,4,Low,0,False,78.0,Complete at least 4 more credits. Complete all prerequisite courses.
SE1800215,Average,5,6.22,120,80,40,66.67,16.0,20,1,3,1,1,0,6,10,Medium,0,False,60.0,Complete at least 20 more credits. Complete all prerequisite courses. Retake failed courses as soon as possible. Improve GPA to remove academic warning.
SE1800216,Good,4,7.41,120,82,38,68.33,20.5,18,0,0,1,0,0,5,4,Low,0,False,75.0,Complete at least 18 more credits. Complete all prerequisite courses.
SE1800217,Excellent,5,9.17,120,91,29,75.83,18.2,9,0,0,0,0,0,6,1,Low,0,False,85.5,Complete at least 9 more credits.
SE1800218,AtRisk,6,5.14,120,91,29,75.83,15.17,9,3,5,3,2,0,7,16,High,1,False,38.5,Complete at least 9 more credits. Complete all prerequisite courses. Retake failed courses as soon as possible. Improve GPA to remove academic warning.
SE1800219,Critical,8,4.28,120,101,19,84.17,12.62,0,7,7,2,2,2,8,20,High,1,False,17.5,Complete all prerequisite courses. Retake failed courses as soon as possible. Improve GPA to remove academic warning.
SE1800220,Average,1,6.34,120,19,101,15.83,19.0,81,3,3,2,1,0,5,13,High,1,False,17.5,Complete at least 81 more credits. Complete all prerequisite courses. Retake failed courses as soon as possible. Improve GPA to remove academic warning.
SE1800221,Good,3,7.8,120,53,67,44.17,17.67,47,0,1,0,0,0,6,4,Low,0,False,64.5,Complete at least 47 more credits.
SE1800222,LateStarter,5,6.33,120,85,35,70.83,17.0,15,3,3,1,0,0,7,8,Medium,0,False,61.5,Complete at least 15 more credits. Complete all prerequisite courses. Retake failed courses as soon as possible.
SE1800223,Excellent,5,8.79,120,98,22,81.67,19.6,2,0,0,0,0,0,7,1,Low,0,False,89.0,Complete at least 2 more credits.
SE1800224,Good,7,7.45,120,108,12,90.0,15.43,0,0,0,0,0,0,8,0,Low,0,True,94.0,You are ready for OJT.
SE1800225,Average,5,6.39,120,87,33,72.5,17.4,13,3,3,1,1,0,7,10,Medium,0,False,57.5,Complete at least 13 more credits. Complete all prerequisite courses. Retake failed courses as soon as possible. Improve GPA to remove academic warning.
SE1800226,Good,4,8.32,120,75,45,62.5,18.75,25,0,2,1,0,0,6,5,Low,0,False,67.5,Complete at least 25 more credits. Complete all prerequisite courses.
SE1800227,Good,1,8.29,120,19,101,15.83,19.0,81,0,1,1,0,0,5,6,Medium,0,False,41.5,Complete at least 81 more credits. Complete all prerequisite courses.
SE1800228,Good,4,8.24,120,75,45,62.5,18.75,25,1,1,1,0,0,5,6,Medium,0,False,66.5,Complete at least 25 more credits. Complete all prerequisite courses. Retake failed courses as soon as possible.
SE1800229,AtRisk,4,5.14,120,67,53,55.83,16.75,33,4,4,3,1,0,5,16,High,1,False,30.5,Complete at least 33 more credits. Complete all prerequisite courses. Retake failed courses as soon as possible. Improve GPA to remove academic warning.
SE1800230,Recovery,5,6.56,120,84,36,70.0,16.8,16,1,4,0,0,0,6,6,Medium,0,False,71.0,Complete at least 16 more credits. Retake failed courses as soon as possible.
SE1800231,Good,4,7.09,120,78,42,65.0,19.5,22,1,2,1,0,0,6,6,Medium,0,False,66.0,Complete at least 22 more credits. Complete all prerequisite courses. Retake failed courses as soon as possible.
SE1800232,Excellent,4,8.91,120,76,44,63.33,19.0,24,0,0,0,0,0,5,2,Low,0,False,78.0,Complete at least 24 more credits.
SE1800233,Good,5,7.38,120,93,27,77.5,18.6,7,1,1,0,0,0,7,3,Low,0,False,81.5,Complete at least 7 more credits. Retake failed courses as soon as possible.
SE1800234,Average,8,6.22,120,118,2,98.33,14.75,0,1,1,0,1,0,8,5,Low,0,True,89.0,Retake failed courses as soon as possible. Improve GPA to remove academic warning.
SE1800235,Good,4,7.95,120,79,41,65.83,19.75,21,0,0,1,0,0,5,4,Low,0,False,73.5,Complete at least 21 more credits. Complete all prerequisite courses.
SE1800236,Critical,7,3.84,120,96,24,80.0,13.71,4,8,7,2,2,2,8,21,High,1,False,12.0,Complete at least 4 more credits. Complete all prerequisite courses. Retake failed courses as soon as possible. Improve GPA to remove academic warning.
SE1800237,Critical,5,3.55,120,65,55,54.17,13.0,35,5,6,4,2,2,6,24,High,1,False,0.0,Complete at least 35 more credits. Complete all prerequisite courses. Retake failed courses as soon as possible. Improve GPA to remove academic warning.
SE1800238,Good,5,7.84,120,94,26,78.33,18.8,6,1,1,0,0,0,6,3,Low,0,False,82.0,Complete at least 6 more credits. Retake failed courses as soon as possible.
SE1800239,Excellent,3,8.61,120,63,57,52.5,21.0,37,0,0,0,0,0,6,3,Low,0,False,71.5,Complete at least 37 more credits.
SE1800240,Good,5,7.56,120,90,30,75.0,18.0,10,1,0,1,0,0,6,4,Low,0,False,76.0,Complete at least 10 more credits. Complete all prerequisite courses. Retake failed courses as soon as possible.
SE1800241,Good,4,8.17,120,70,50,58.33,17.5,30,1,1,1,0,0,5,6,Medium,0,False,64.0,Complete at least 30 more credits. Complete all prerequisite courses. Retake failed courses as soon as possible.
SE1800242,Recovery,4,6.56,120,59,61,49.17,14.75,41,1,2,0,1,0,6,8,Medium,0,False,57.5,Complete at least 41 more credits. Retake failed courses as soon as possible. Improve GPA to remove academic warning.
SE1800243,Good,2,7.83,120,43,77,35.83,21.5,57,1,1,0,0,0,6,5,Low,0,False,56.5,Complete at least 57 more credits. Retake failed courses as soon as possible.
SE1800244,AtRisk,5,5.55,120,75,45,62.5,15.0,25,5,4,3,2,0,6,17,High,1,False,26.5,Complete at least 25 more credits. Complete all prerequisite courses. Retake failed courses as soon as possible. Improve GPA to remove academic warning.
SE1800245,Good,3,7.22,120,52,68,43.33,17.33,48,1,1,1,0,0,5,7,Medium,0,False,55.0,Complete at least 48 more credits. Complete all prerequisite courses. Retake failed courses as soon as possible.
SE1800246,Good,7,8.07,120,115,5,95.83,16.43,0,0,1,0,0,0,8,1,Low,0,True,95.5,You are ready for OJT.
SE1800247,Excellent,4,9.76,120,78,42,65.0,19.5,22,0,0,0,0,0,6,2,Low,0,False,79.0,Complete at least 22 more credits.
SE1800248,Good,7,7.3,120,113,7,94.17,16.14,0,0,1,1,0,0,8,3,Low,0,False,88.5,Complete all prerequisite courses.
SE1800249,LateStarter,6,6.53,120,100,20,83.33,16.67,0,3,4,0,0,0,6,5,Low,0,True,73.0,Retake failed courses as soon as possible.
SE1800250,LateStarter,4,6.91,120,69,51,57.5,17.25,31,3,2,1,1,0,6,11,High,1,False,50.5,Complete at least 31 more credits. Complete all prerequisite courses. Retake failed courses as soon as possible. Improve GPA to remove academic warning.
SE1800251,Good,5,8.07,120,100,20,83.33,20.0,0,1,0,1,0,0,7,3,Low,0,False,81.0,Complete all prerequisite courses. Retake failed courses as soon as possible.
SE1800252,Average,6,6.36,120,94,26,78.33,15.67,6,1,2,2,1,0,6,9,Medium,0,False,63.0,Complete at least 6 more credits. Complete all prerequisite courses. Retake failed courses as soon as possible. Improve GPA to remove academic warning.
SE1800253,Average,5,6.64,120,90,30,75.0,18.0,10,2,1,0,0,0,6,4,Low,0,False,77.0,Complete at least 10 more credits. Retake failed courses as soon as possible.
SE1800254,Average,4,6.57,120,67,53,55.83,16.75,33,2,3,1,1,0,6,11,High,1,False,50.5,Complete at least 33 more credits. Complete all prerequisite courses. Retake failed courses as soon as possible. Improve GPA to remove academic warning.
SE1800255,LateStarter,4,6.5,120,57,63,47.5,14.25,43,2,3,1,1,0,6,11,High,1,False,45.5,Complete at least 43 more credits. Complete all prerequisite courses. Retake failed courses as soon as possible. Improve GPA to remove academic warning.
SE1800256,AtRisk,4,5.34,120,53,67,44.17,13.25,47,4,6,2,1,1,5,18,High,1,False,17.5,Complete at least 47 more credits. Complete all prerequisite courses. Retake failed courses as soon as possible. Improve GPA to remove academic warning.
SE1800257,AtRisk,2,5.84,120,34,86,28.33,17.0,66,3,4,3,1,0,5,16,High,1,False,17.0,Complete at least 66 more credits. Complete all prerequisite courses. Retake failed courses as soon as possible. Improve GPA to remove academic warning.
SE1800258,Good,4,7.69,120,80,40,66.67,20.0,20,1,2,0,0,0,6,4,Low,0,False,73.0,Complete at least 20 more credits. Retake failed courses as soon as possible.
SE1800259,Excellent,5,8.8,120,103,17,85.83,20.6,0,0,0,0,0,0,6,0,Low,0,True,91.5,You are ready for OJT.
SE1800260,Average,6,6.53,120,103,17,85.83,17.17,0,2,2,1,0,0,7,5,Low,0,False,75.5,Complete all prerequisite courses. Retake failed courses as soon as possible.
SE1800261,Average,5,6.59,120,92,28,76.67,18.4,8,3,1,1,1,0,6,9,Medium,0,False,64.0,Complete at least 8 more credits. Complete all prerequisite courses. Retake failed courses as soon as possible. Improve GPA to remove academic warning.
SE1800262,AtRisk,5,5.29,120,70,50,58.33,14.0,30,5,4,2,1,0,7,15,High,1,False,35.0,Complete at least 30 more credits. Complete all prerequisite courses. Retake failed courses as soon as possible. Improve GPA to remove academic warning.
SE1800263,Good,4,7.21,120,74,46,61.67,18.5,26,1,2,0,0,0,5,4,Low,0,False,70.0,Complete at least 26 more credits. Retake failed courses as soon as possible.
SE1800264,Average,4,6.91,120,65,55,54.17,16.25,35,3,2,1,1,0,5,11,High,1,False,48.5,Complete at least 35 more credits. Complete all prerequisite courses. Retake failed courses as soon as possible. Improve GPA to remove academic warning.
SE1800265,Good,4,7.08,120,73,47,60.83,18.25,27,0,1,0,0,0,6,3,Low,0,False,74.5,Complete at least 27 more credits.
SE1800266,Average,4,6.7,120,74,46,61.67,18.5,26,2,2,0,0,0,6,5,Low,0,False,67.0,Complete at least 26 more credits. Retake failed courses as soon as possible.
SE1800267,Excellent,3,8.93,120,66,54,55.0,22.0,34,0,0,0,0,0,6,3,Low,0,False,73.0,Complete at least 34 more credits.
SE1800268,Average,5,6.75,120,94,26,78.33,18.8,6,3,2,1,0,0,7,7,Medium,0,False,68.0,Complete at least 6 more credits. Complete all prerequisite courses. Retake failed courses as soon as possible.
SE1800269,Critical,1,3.89,120,16,104,13.33,16.0,84,5,8,2,2,1,6,21,High,1,False,0.0,Complete at least 84 more credits. Complete all prerequisite courses. Retake failed courses as soon as possible. Improve GPA to remove academic warning.
SE1800270,Critical,5,4.14,120,74,46,61.67,14.8,26,6,6,2,2,2,7,22,High,1,False,9.0,Complete at least 26 more credits. Complete all prerequisite courses. Retake failed courses as soon as possible. Improve GPA to remove academic warning.
SE1800271,Average,3,6.97,120,49,71,40.83,16.33,51,2,3,2,0,0,6,10,Medium,0,False,40.5,Complete at least 51 more credits. Complete all prerequisite courses. Retake failed courses as soon as possible.
SE1800272,Recovery,8,6.67,120,110,10,91.67,13.75,0,1,2,0,1,0,8,5,Low,0,True,83.0,Retake failed courses as soon as possible. Improve GPA to remove academic warning.
SE1800273,AtRisk,5,5.48,120,76,44,63.33,15.2,24,5,6,2,2,0,6,17,High,1,False,29.0,Complete at least 24 more credits. Complete all prerequisite courses. Retake failed courses as soon as possible. Improve GPA to remove academic warning.
SE1800274,Average,5,6.69,120,91,29,75.83,18.2,9,2,4,1,0,0,7,7,Medium,0,False,65.5,Complete at least 9 more credits. Complete all prerequisite courses. Retake failed courses as soon as possible.
SE1800275,Average,5,6.84,120,92,28,76.67,18.4,8,1,4,0,1,0,7,7,Medium,0,False,70.0,Complete at least 8 more credits. Retake failed courses as soon as possible. Improve GPA to remove academic warning.
SE1800276,AtRisk,4,5.57,120,68,52,56.67,17.0,32,4,5,3,1,0,5,17,High,1,False,29.0,Complete at least 32 more credits. Complete all prerequisite courses. Retake failed courses as soon as possible. Improve GPA to remove academic warning.
SE1800277,Average,6,6.02,120,97,23,80.83,16.17,3,2,4,0,1,0,6,7,Medium,0,False,69.5,Complete at least 3 more credits. Retake failed courses as soon as possible. Improve GPA to remove academic warning.
SE1800278,Critical,3,4.8,120,42,78,35.0,14.0,58,7,5,4,3,2,5,24,High,1,False,0.0,Complete at least 58 more credits. Complete all prerequisite courses. Retake failed courses as soon as possible. Improve GPA to remove academic warning.
SE1800279,Good,7,7.25,120,114,6,95.0,16.29,0,1,2,0,0,0,8,2,Low,0,True,90.0,Retake failed courses as soon as possible.
SE1800280,AtRisk,1,5.47,120,15,105,12.5,15.0,85,5,4,3,2,0,5,18,High,1,False,0.0,Complete at least 85 more credits. Complete all prerequisite courses. Retake failed courses as soon as possible. Improve GPA to remove academic warning.
SE1800281,Average,6,6.98,120,105,15,87.5,17.5,0,3,2,1,0,0,7,6,Medium,0,False,73.5,Complete all prerequisite courses. Retake failed courses as soon as possible.
SE1800282,Excellent,6,8.65,120,110,10,91.67,18.33,0,0,0,0,0,0,6,0,Low,0,True,95.0,You are ready for OJT.
SE1800283,Average,1,6.64,120,19,101,15.83,19.0,81,2,2,2,0,0,6,9,Medium,0,False,27.5,Complete at least 81 more credits. Complete all prerequisite courses. Retake failed courses as soon as possible.
SE1800284,Critical,2,3.65,120,30,90,25.0,15.0,70,5,8,3,3,2,5,24,High,1,False,0.0,Complete at least 70 more credits. Complete all prerequisite courses. Retake failed courses as soon as possible. Improve GPA to remove academic warning.
SE1800285,Good,5,7.37,120,97,23,80.83,19.4,3,1,2,0,0,0,6,3,Low,0,False,81.5,Complete at least 3 more credits. Retake failed courses as soon as possible.
SE1800286,AtRisk,3,5.05,120,50,70,41.67,16.67,50,3,6,2,1,0,6,16,High,1,False,27.0,Complete at least 50 more credits. Complete all prerequisite courses. Retake failed courses as soon as possible. Improve GPA to remove academic warning.
SE1800287,Average,2,6.88,120,30,90,25.0,15.0,70,2,3,0,1,0,6,9,Medium,0,False,38.0,Complete at least 70 more credits. Retake failed courses as soon as possible. Improve GPA to remove academic warning.
SE1800288,Average,3,6.47,120,57,63,47.5,19.0,43,1,1,2,0,0,6,9,Medium,0,False,51.5,Complete at least 43 more credits. Complete all prerequisite courses. Retake failed courses as soon as possible.
SE1800289,Good,7,8.41,120,114,6,95.0,16.29,0,1,2,1,0,0,8,4,Low,0,False,84.0,Complete all prerequisite courses. Retake failed courses as soon as possible.
SE1800290,Excellent,4,9.42,120,76,44,63.33,19.0,24,0,0,0,0,0,6,2,Low,0,False,78.0,Complete at least 24 more credits.
SE1800291,Good,5,8.24,120,98,22,81.67,19.6,2,0,1,1,0,0,6,4,Low,0,False,81.0,Complete at least 2 more credits. Complete all prerequisite courses.
SE1800292,Excellent,4,9.18,120,81,39,67.5,20.25,19,0,0,0,0,0,5,2,Low,0,False,80.5,Complete at least 19 more credits.
SE1800293,AtRisk,3,5.94,120,44,76,36.67,14.67,56,5,5,1,2,0,6,17,High,1,False,21.0,Complete at least 56 more credits. Complete all prerequisite courses. Retake failed courses as soon as possible. Improve GPA to remove academic warning.
SE1800294,AtRisk,2,5.89,120,29,91,24.17,14.5,71,4,5,3,1,1,5,19,High,1,False,1.5,Complete at least 71 more credits. Complete all prerequisite courses. Retake failed courses as soon as possible. Improve GPA to remove academic warning.
SE1800295,Average,4,6.05,120,65,55,54.17,16.25,35,2,2,1,0,0,5,8,Medium,0,False,56.5,Complete at least 35 more credits. Complete all prerequisite courses. Retake failed courses as soon as possible.
SE1800296,AtRisk,1,5.85,120,14,106,11.67,14.0,86,3,3,2,2,1,5,18,High,1,False,2.0,Complete at least 86 more credits. Complete all prerequisite courses. Retake failed courses as soon as possible. Improve GPA to remove academic warning.
SE1800297,Good,7,7.05,120,118,2,98.33,16.86,0,1,0,1,0,0,8,3,Low,0,False,90.0,Complete all prerequisite courses. Retake failed courses as soon as possible.
SE1800298,Recovery,3,6.63,120,51,69,42.5,17.0,49,2,2,0,0,0,5,6,Medium,0,False,55.5,Complete at least 49 more credits. Retake failed courses as soon as possible.
SE1800299,LateStarter,2,6.67,120,26,94,21.67,13.0,74,3,4,0,1,0,6,10,Medium,0,False,31.0,Complete at least 74 more credits. Retake failed courses as soon as possible. Improve GPA to remove academic warning.
SE1800300,Good,5,7.45,120,97,23,80.83,19.4,3,0,1,1,0,0,6,4,Low,0,False,80.5,Complete at least 3 more credits. Complete all prerequisite courses.
SE1800301,Good,7,7.04,120,116,4,96.67,16.57,0,1,2,0,0,0,8,2,Low,0,True,91.0,Retake failed courses as soon as possible.
SE1800302,AtRisk,4,5.73,120,59,61,49.17,14.75,41,3,4,3,1,1,6,18,High,1,False,21.5,Complete at least 41 more credits. Complete all prerequisite courses. Retake failed courses as soon as possible. Improve GPA to remove academic warning.
SE1800303,LateStarter,8,6.34,120,112,8,93.33,14.0,0,2,2,0,1,0,8,5,Low,0,True,81.0,Retake failed courses as soon as possible. Improve GPA to remove academic warning.
SE1800304,Average,5,6.57,120,84,36,70.0,16.8,16,3,4,0,0,0,6,7,Medium,0,False,65.0,Complete at least 16 more credits. Retake failed courses as soon as possible.
SE1800305,Good,3,7.47,120,62,58,51.67,20.67,38,1,2,1,0,0,6,7,Medium,0,False,58.0,Complete at least 38 more credits. Complete all prerequisite courses. Retake failed courses as soon as possible.
SE1800306,Good,7,7.2,120,117,3,97.5,16.71,0,0,0,0,0,0,8,0,Low,0,True,98.5,You are ready for OJT.
SE1800307,Average,4,6.53,120,66,54,55.0,16.5,34,2,3,1,1,0,5,11,High,1,False,50.0,Complete at least 34 more credits. Complete all prerequisite courses. Retake failed courses as soon as possible. Improve GPA to remove academic warning.
SE1800308,Good,5,8.23,120,99,21,82.5,19.8,1,0,0,1,0,0,6,3,Low,0,False,83.5,Complete at least 1 more credits. Complete all prerequisite courses.
SE1800309,LateStarter,4,6.25,120,64,56,53.33,16.0,36,3,3,0,1,0,5,10,Medium,0,False,52.0,Complete at least 36 more credits. Retake failed courses as soon as possible. Improve GPA to remove academic warning.
SE1800310,Excellent,2,9.69,120,37,83,30.83,18.5,63,0,0,0,0,0,6,3,Low,0,False,58.5,Complete at least 63 more credits.
SE1800311,Good,5,7.96,120,97,23,80.83,19.4,3,1,0,0,0,0,7,2,Low,0,False,85.5,Complete at least 3 more credits. Retake failed courses as soon as possible.
SE1800312,AtRisk,2,5.84,120,36,84,30.0,18.0,64,4,3,1,2,0,5,15,High,1,False,24.0,Complete at least 64 more credits. Complete all prerequisite courses. Retake failed courses as soon as possible. Improve GPA to remove academic warning.
SE1800313,Recovery,4,6.52,120,65,55,54.17,16.25,35,1,3,1,0,0,5,9,Medium,0,False,57.5,Complete at least 35 more credits. Complete all prerequisite courses. Retake failed courses as soon as possible.
SE1800314,Recovery,3,6.25,120,44,76,36.67,14.67,56,1,4,0,1,0,6,9,Medium,0,False,46.0,Complete at least 56 more credits. Retake failed courses as soon as possible. Improve GPA to remove academic warning.
SE1800315,Critical,4,3.63,120,52,68,43.33,13.0,48,6,8,2,2,1,6,21,High,1,False,2.0,Complete at least 48 more credits. Complete all prerequisite courses. Retake failed courses as soon as possible. Improve GPA to remove academic warning.
SE1800316,AtRisk,4,5.54,120,65,55,54.17,16.25,35,4,5,2,2,0,5,17,High,1,False,28.5,Complete at least 35 more credits. Complete all prerequisite courses. Retake failed courses as soon as possible. Improve GPA to remove academic warning.
SE1800317,Good,3,8.33,120,62,58,51.67,20.67,38,1,0,1,0,0,5,6,Medium,0,False,62.0,Complete at least 38 more credits. Complete all prerequisite courses. Retake failed courses as soon as possible.
SE1800318,Good,5,7.4,120,100,20,83.33,20.0,0,0,0,1,0,0,6,2,Low,0,False,84.0,Complete all prerequisite courses.
SE1800319,Good,3,8.1,120,55,65,45.83,18.33,45,0,2,1,0,0,6,6,Medium,0,False,57.5,Complete at least 45 more credits. Complete all prerequisite courses.
SE1800320,Average,3,6.04,120,45,75,37.5,15.0,55,1,2,0,1,0,6,8,Medium,0,False,50.5,Complete at least 55 more credits. Retake failed courses as soon as possible. Improve GPA to remove academic warning.
SE1800321,Recovery,3,5.93,120,53,67,44.17,17.67,47,1,3,0,0,0,5,9,Medium,0,False,57.5,Complete at least 47 more credits. Retake failed courses as soon as possible.
SE1800322,AtRisk,6,5.85,120,84,36,70.0,14.0,16,4,6,3,1,1,7,18,High,1,False,27.0,Complete at least 16 more credits. Complete all prerequisite courses. Retake failed courses as soon as possible. Improve GPA to remove academic warning.
SE1800323,Good,8,8.09,120,118,2,98.33,14.75,0,1,2,1,0,0,8,4,Low,0,False,86.0,Complete all prerequisite courses. Retake failed courses as soon as possible.
SE1800324,Good,5,7.26,120,92,28,76.67,18.4,8,1,0,0,0,0,6,2,Low,0,False,83.0,Complete at least 8 more credits. Retake failed courses as soon as possible.
SE1800325,Good,3,8.21,120,59,61,49.17,19.67,41,0,2,0,0,0,6,4,Low,0,False,65.5,Complete at least 41 more credits.
SE1800326,AtRisk,3,5.97,120,38,82,31.67,12.67,62,5,3,3,2,1,5,20,High,1,False,2.0,Complete at least 62 more credits. Complete all prerequisite courses. Retake failed courses as soon as possible. Improve GPA to remove academic warning.
SE1800327,Good,3,7.1,120,54,66,45.0,18.0,46,0,2,0,0,0,6,4,Low,0,False,63.0,Complete at least 46 more credits.
SE1800328,AtRisk,7,5.88,120,107,13,89.17,15.29,0,4,5,3,2,0,8,15,High,1,False,43.5,Complete all prerequisite courses. Retake failed courses as soon as possible. Improve GPA to remove academic warning.
SE1800329,AtRisk,6,5.57,120,89,31,74.17,14.83,11,3,6,1,1,1,6,15,High,1,False,44.5,Complete at least 11 more credits. Complete all prerequisite courses. Retake failed courses as soon as possible. Improve GPA to remove academic warning.
SE1800330,Good,7,7.11,120,110,10,91.67,15.71,0,1,0,0,0,0,8,1,Low,0,True,92.0,Retake failed courses as soon as possible.
SE1800331,Average,5,6.48,120,80,40,66.67,16.0,20,2,2,2,1,0,6,10,Medium,0,False,53.0,Complete at least 20 more credits. Complete all prerequisite courses. Retake failed courses as soon as possible. Improve GPA to remove academic warning.
SE1800332,Good,3,7.28,120,61,59,50.83,20.33,39,1,2,1,0,0,5,7,Medium,0,False,57.5,Complete at least 39 more credits. Complete all prerequisite courses. Retake failed courses as soon as possible.
SE1800333,Excellent,5,9.76,120,94,26,78.33,18.8,6,0,0,0,0,0,7,1,Low,0,False,87.0,Complete at least 6 more credits.
SE1800334,AtRisk,5,5.48,120,71,49,59.17,14.2,29,3,4,1,2,0,7,14,High,1,False,42.5,Complete at least 29 more credits. Complete all prerequisite courses. Retake failed courses as soon as possible. Improve GPA to remove academic warning.
SE1800335,AtRisk,3,5.39,120,43,77,35.83,14.33,57,5,5,1,2,0,6,17,High,1,False,20.5,Complete at least 57 more credits. Complete all prerequisite courses. Retake failed courses as soon as possible. Improve GPA to remove academic warning.
SE1800336,Critical,4,4.16,120,48,72,40.0,12.0,52,8,8,3,2,2,5,24,High,1,False,0.0,Complete at least 52 more credits. Complete all prerequisite courses. Retake failed courses as soon as possible. Improve GPA to remove academic warning.
SE1800337,Good,5,7.14,120,98,22,81.67,19.6,2,1,2,1,0,0,7,5,Low,0,False,76.0,Complete at least 2 more credits. Complete all prerequisite courses. Retake failed courses as soon as possible.
SE1800338,AtRisk,4,5.53,120,65,55,54.17,16.25,35,5,4,2,2,0,6,17,High,1,False,27.5,Complete at least 35 more credits. Complete all prerequisite courses. Retake failed courses as soon as possible. Improve GPA to remove academic warning.
SE1800339,Recovery,5,6.3,120,86,34,71.67,17.2,14,1,2,1,0,0,6,6,Medium,0,False,70.0,Complete at least 14 more credits. Complete all prerequisite courses. Retake failed courses as soon as possible.
SE1800340,AtRisk,2,5.42,120,34,86,28.33,17.0,66,4,4,3,1,1,6,18,High,1,False,6.0,Complete at least 66 more credits. Complete all prerequisite courses. Retake failed courses as soon as possible. Improve GPA to remove academic warning.
SE1800341,Recovery,7,5.87,120,108,12,90.0,15.43,0,2,4,1,1,0,8,10,Medium,0,False,69.0,Complete all prerequisite courses. Retake failed courses as soon as possible. Improve GPA to remove academic warning.
SE1800342,Recovery,1,6.5,120,19,101,15.83,19.0,81,2,2,1,0,0,5,8,Medium,0,False,33.5,Complete at least 81 more credits. Complete all prerequisite courses. Retake failed courses as soon as possible.
SE1800343,Recovery,5,5.9,120,82,38,68.33,16.4,18,2,3,1,1,0,7,12,High,1,False,58.0,Complete at least 18 more credits. Complete all prerequisite courses. Retake failed courses as soon as possible. Improve GPA to remove academic warning.
SE1800344,Excellent,3,8.72,120,63,57,52.5,21.0,37,0,0,0,0,0,5,3,Low,0,False,71.5,Complete at least 37 more credits.
SE1800345,AtRisk,7,5.89,120,92,28,76.67,13.14,8,4,5,2,2,1,8,17,High,1,False,34.0,Complete at least 8 more credits. Complete all prerequisite courses. Retake failed courses as soon as possible. Improve GPA to remove academic warning.
SE1800346,Critical,5,4.95,120,62,58,51.67,12.4,38,6,7,4,3,2,7,24,High,1,False,0.0,Complete at least 38 more credits. Complete all prerequisite courses. Retake failed courses as soon as possible. Improve GPA to remove academic warning.
SE1800347,AtRisk,5,5.09,120,82,38,68.33,16.4,18,3,6,3,2,1,6,19,High,1,False,24.0,Complete at least 18 more credits. Complete all prerequisite courses. Retake failed courses as soon as possible. Improve GPA to remove academic warning.
SE1800348,Average,3,6.31,120,53,67,44.17,17.67,47,2,2,2,0,0,5,9,Medium,0,False,44.5,Complete at least 47 more credits. Complete all prerequisite courses. Retake failed courses as soon as possible.
SE1800349,Critical,3,3.59,120,28,92,23.33,9.33,72,8,5,3,2,2,6,24,High,1,False,0.0,Complete at least 72 more credits. Complete all prerequisite courses. Retake failed courses as soon as possible. Improve GPA to remove academic warning.
SE1800350,AtRisk,4,5.63,120,53,67,44.17,13.25,47,5,3,1,2,1,6,18,High,1,False,21.5,Complete at least 47 more credits. Complete all prerequisite courses. Retake failed courses as soon as possible. Improve GPA to remove academic warning.
SE1800351,Good,6,7.87,120,105,15,87.5,17.5,0,1,0,1,0,0,6,3,Low,0,False,83.5,Complete all prerequisite courses. Retake failed courses as soon as possible.
SE1800352,Good,3,7.85,120,53,67,44.17,17.67,47,0,2,0,0,0,6,4,Low,0,False,62.5,Complete at least 47 more credits.
SE1800353,Average,6,6.96,120,92,28,76.67,15.33,8,2,2,2,0,0,6,7,Medium,0,False,64.0,Complete at least 8 more credits. Complete all prerequisite courses. Retake failed courses as soon as possible.
SE1800354,Good,6,7.46,120,111,9,92.5,18.5,0,1,1,1,0,0,7,4,Low,0,False,84.5,Complete all prerequisite courses. Retake failed courses as soon as possible.
SE1800355,Good,3,7.78,120,59,61,49.17,19.67,41,1,2,0,0,0,6,5,Low,0,False,62.5,Complete at least 41 more credits. Retake failed courses as soon as possible.
SE1800356,Good,2,7.1,120,38,82,31.67,19.0,62,1,1,1,0,0,5,7,Medium,0,False,48.0,Complete at least 62 more credits. Complete all prerequisite courses. Retake failed courses as soon as possible.
SE1800357,Average,3,6.06,120,58,62,48.33,19.33,42,3,4,2,1,0,5,13,High,1,False,35.0,Complete at least 42 more credits. Complete all prerequisite courses. Retake failed courses as soon as possible. Improve GPA to remove academic warning.
SE1800358,Average,8,6.26,120,114,6,95.0,14.25,0,2,4,2,0,0,8,7,Medium,0,False,71.0,Complete all prerequisite courses. Retake failed courses as soon as possible.
SE1800359,Good,5,8.02,120,98,22,81.67,19.6,2,1,2,1,0,0,6,5,Low,0,False,76.0,Complete at least 2 more credits. Complete all prerequisite courses. Retake failed courses as soon as possible.
SE1800360,Good,4,8.1,120,79,41,65.83,19.75,21,0,2,1,0,0,6,5,Low,0,False,69.5,Complete at least 21 more credits. Complete all prerequisite courses.
SE1800361,Good,6,7.63,120,105,15,87.5,17.5,0,1,1,1,0,0,7,4,Low,0,False,81.5,Complete all prerequisite courses. Retake failed courses as soon as possible.
SE1800362,Excellent,5,9.37,120,92,28,76.67,18.4,8,0,0,0,0,0,7,1,Low,0,False,86.0,Complete at least 8 more credits.
SE1800363,Excellent,6,8.71,120,108,12,90.0,18.0,0,0,0,0,0,0,6,0,Low,0,True,94.0,You are ready for OJT.
SE1800364,AtRisk,4,5.62,120,55,65,45.83,13.75,45,4,3,1,2,1,5,17,High,1,False,25.5,Complete at least 45 more credits. Complete all prerequisite courses. Retake failed courses as soon as possible. Improve GPA to remove academic warning.
SE1800365,AtRisk,3,5.76,120,43,77,35.83,14.33,57,3,4,3,2,1,6,19,High,1,False,8.5,Complete at least 57 more credits. Complete all prerequisite courses. Retake failed courses as soon as possible. Improve GPA to remove academic warning.
SE1800366,Average,4,6.0,120,66,54,55.0,16.5,34,3,3,0,1,0,5,10,Medium,0,False,53.0,Complete at least 34 more credits. Retake failed courses as soon as possible. Improve GPA to remove academic warning.
SE1800367,Average,5,6.25,120,91,29,75.83,18.2,9,2,2,0,1,0,6,6,Medium,0,False,70.5,Complete at least 9 more credits. Retake failed courses as soon as possible. Improve GPA to remove academic warning.
SE1800368,Excellent,1,9.92,120,21,99,17.5,21.0,79,0,0,0,0,0,6,3,Low,0,False,50.5,Complete at least 79 more credits.
SE1800369,AtRisk,3,5.9,120,48,72,40.0,16.0,52,4,3,1,1,0,5,14,High,1,False,35.0,Complete at least 52 more credits. Complete all prerequisite courses. Retake failed courses as soon as possible. Improve GPA to remove academic warning.
SE1800370,AtRisk,5,5.17,120,79,41,65.83,15.8,21,5,3,2,2,0,6,16,High,1,False,36.5,Complete at least 21 more credits. Complete all prerequisite courses. Retake failed courses as soon as possible. Improve GPA to remove academic warning.
SE1800371,Average,5,6.02,120,83,37,69.17,16.6,17,2,4,1,0,0,7,8,Medium,0,False,61.5,Complete at least 17 more credits. Complete all prerequisite courses. Retake failed courses as soon as possible.
SE1800372,AtRisk,3,5.68,120,36,84,30.0,12.0,64,4,6,3,1,1,5,19,High,1,False,3.0,Complete at least 64 more credits. Complete all prerequisite courses. Retake failed courses as soon as possible. Improve GPA to remove academic warning.
SE1800373,Average,6,6.51,120,95,25,79.17,15.83,5,2,1,0,1,0,6,6,Medium,0,False,74.5,Complete at least 5 more credits. Retake failed courses as soon as possible. Improve GPA to remove academic warning.
SE1800374,AtRisk,6,5.96,120,93,27,77.5,15.5,7,5,6,2,1,0,7,15,High,1,False,42.5,Complete at least 7 more credits. Complete all prerequisite courses. Retake failed courses as soon as possible. Improve GPA to remove academic warning.
SE1800375,Recovery,5,6.28,120,81,39,67.5,16.2,19,1,2,0,0,0,6,5,Low,0,False,73.5,Complete at least 19 more credits. Retake failed courses as soon as possible.
SE1800376,Recovery,6,5.88,120,101,19,84.17,16.83,0,1,3,0,1,0,7,8,Medium,0,True,76.5,Retake failed courses as soon as possible. Improve GPA to remove academic warning.
SE1800377,Average,2,6.17,120,30,90,25.0,15.0,70,2,3,2,1,0,5,12,High,1,False,26.0,Complete at least 70 more credits. Complete all prerequisite courses. Retake failed courses as soon as possible. Improve GPA to remove academic warning.
SE1800378,Excellent,5,8.57,120,94,26,78.33,18.8,6,0,0,0,0,0,6,1,Low,0,False,87.0,Complete at least 6 more credits.
SE1800379,Good,4,7.17,120,74,46,61.67,18.5,26,1,1,1,0,0,5,6,Medium,0,False,66.0,Complete at least 26 more credits. Complete all prerequisite courses. Retake failed courses as soon as possible.
SE1800380,Good,5,7.09,120,90,30,75.0,18.0,10,0,1,1,0,0,7,4,Low,0,False,77.0,Complete at least 10 more credits. Complete all prerequisite courses.
SE1800381,AtRisk,5,5.85,120,72,48,60.0,14.4,28,4,6,1,2,1,6,17,High,1,False,28.0,Complete at least 28 more credits. Complete all prerequisite courses. Retake failed courses as soon as possible. Improve GPA to remove academic warning.
SE1800382,Excellent,5,8.52,120,97,23,80.83,19.4,3,0,0,0,0,0,7,1,Low,0,False,88.5,Complete at least 3 more credits.
SE1800383,Average,5,6.15,120,81,39,67.5,16.2,19,1,2,2,1,0,6,10,Medium,0,False,56.5,Complete at least 19 more credits. Complete all prerequisite courses. Retake failed courses as soon as possible. Improve GPA to remove academic warning.
SE1800384,Excellent,4,8.86,120,76,44,63.33,19.0,24,0,0,0,0,0,5,2,Low,0,False,78.0,Complete at least 24 more credits.
SE1800385,Average,6,6.44,120,107,13,89.17,17.83,0,2,3,0,1,0,6,6,Medium,0,True,76.5,Retake failed courses as soon as possible. Improve GPA to remove academic warning.
SE1800386,Average,1,6.54,120,16,104,13.33,16.0,84,3,3,2,0,0,6,11,High,1,False,21.0,Complete at least 84 more credits. Complete all prerequisite courses. Retake failed courses as soon as possible.
SE1800387,Good,2,7.33,120,41,79,34.17,20.5,59,1,2,1,0,0,5,7,Medium,0,False,47.5,Complete at least 59 more credits. Complete all prerequisite courses. Retake failed courses as soon as possible.
SE1800388,Excellent,5,8.5,120,101,19,84.17,20.2,0,0,0,0,0,0,7,0,Low,0,True,90.5,You are ready for OJT.
SE1800389,Good,5,8.08,120,89,31,74.17,17.8,11,1,2,0,0,0,7,3,Low,0,False,77.5,Complete at least 11 more credits. Retake failed courses as soon as possible.
SE1800390,Good,6,7.28,120,105,15,87.5,17.5,0,0,1,0,0,0,7,1,Low,0,True,90.5,You are ready for OJT.
SE1800391,Average,7,6.13,120,115,5,95.83,16.43,0,1,1,2,1,0,8,8,Medium,0,False,75.5,Complete all prerequisite courses. Retake failed courses as soon as possible. Improve GPA to remove academic warning.
SE1800392,Recovery,6,6.71,120,101,19,84.17,16.83,0,1,4,0,0,0,7,4,Low,0,True,79.5,Retake failed courses as soon as possible.
SE1800393,Average,4,6.97,120,67,53,55.83,16.75,33,2,4,1,1,0,5,11,High,1,False,48.5,Complete at least 33 more credits. Complete all prerequisite courses. Retake failed courses as soon as possible. Improve GPA to remove academic warning.
SE1800394,Good,5,8.32,120,96,24,80.0,19.2,4,1,2,1,0,0,6,5,Low,0,False,75.0,Complete at least 4 more credits. Complete all prerequisite courses. Retake failed courses as soon as possible.
SE1800395,Average,3,6.34,120,55,65,45.83,18.33,45,1,2,2,1,0,6,11,High,1,False,43.5,Complete at least 45 more credits. Complete all prerequisite courses. Retake failed courses as soon as possible. Improve GPA to remove academic warning.
SE1800396,Average,5,6.93,120,93,27,77.5,18.6,7,3,3,1,0,0,6,8,Medium,0,False,65.5,Complete at least 7 more credits. Complete all prerequisite courses. Retake failed courses as soon as possible.
SE1800397,Good,2,7.08,120,38,82,31.67,19.0,62,0,1,1,0,0,6,6,Medium,0,False,51.0,Complete at least 62 more credits. Complete all prerequisite courses.
SE1800398,Good,4,7.53,120,75,45,62.5,18.75,25,0,2,0,0,0,6,3,Low,0,False,73.5,Complete at least 25 more credits.
SE1800399,Average,1,6.38,120,19,101,15.83,19.0,81,3,3,2,0,0,6,11,High,1,False,22.5,Complete at least 81 more credits. Complete all prerequisite courses. Retake failed courses as soon as possible.
SE1800400,Good,6,8.28,120,107,13,89.17,17.83,0,0,2,1,0,0,7,3,Low,0,False,83.5,Complete all prerequisite courses.
SE1800401,Average,8,6.07,120,110,10,91.67,13.75,0,3,1,1,0,0,8,6,Medium,0,False,78.0,Complete all prerequisite courses. Retake failed courses as soon as possible.
SE1800402,Good,3,7.24,120,63,57,52.5,21.0,37,1,0,1,0,0,5,6,Medium,0,False,62.5,Complete at least 37 more credits. Complete all prerequisite courses. Retake failed courses as soon as possible.
SE1800403,Good,3,7.08,120,64,56,53.33,21.33,36,1,1,1,0,0,5,7,Medium,0,False,61.0,Complete at least 36 more credits. Complete all prerequisite courses. Retake failed courses as soon as possible.
SE1800404,LateStarter,4,6.99,120,60,60,50.0,15.0,40,3,5,0,1,0,5,11,High,1,False,46.0,Complete at least 40 more credits. Retake failed courses as soon as possible. Improve GPA to remove academic warning.
SE1800405,Average,4,6.29,120,75,45,62.5,18.75,25,3,1,0,1,0,5,8,Medium,0,False,61.5,Complete at least 25 more credits. Retake failed courses as soon as possible. Improve GPA to remove academic warning.
SE1800406,Recovery,5,6.42,120,78,42,65.0,15.6,22,2,3,0,1,0,7,8,Medium,0,False,62.0,Complete at least 22 more credits. Retake failed courses as soon as possible. Improve GPA to remove academic warning.
SE1800407,Excellent,4,9.66,120,80,40,66.67,20.0,20,0,0,0,0,0,6,2,Low,0,False,80.0,Complete at least 20 more credits.
SE1800408,Average,7,6.17,120,100,20,83.33,14.29,0,3,1,0,0,0,8,4,Low,0,True,79.0,Retake failed courses as soon as possible.
SE1800409,AtRisk,3,5.82,120,50,70,41.67,16.67,50,5,6,3,1,0,5,18,High,1,False,15.0,Complete at least 50 more credits. Complete all prerequisite courses. Retake failed courses as soon as possible. Improve GPA to remove academic warning.
SE1800410,Average,4,6.09,120,61,59,50.83,15.25,39,1,3,2,0,0,6,10,Medium,0,False,49.5,Complete at least 39 more credits. Complete all prerequisite courses. Retake failed courses as soon as possible.
SE1800411,Average,4,6.4,120,70,50,58.33,17.5,30,1,4,2,0,0,5,9,Medium,0,False,52.0,Complete at least 30 more credits. Complete all prerequisite courses. Retake failed courses as soon as possible.
SE1800412,AtRisk,5,5.69,120,70,50,58.33,14.0,30,4,3,2,2,0,7,15,High,1,False,35.0,Complete at least 30 more credits. Complete all prerequisite courses. Retake failed courses as soon as possible. Improve GPA to remove academic warning.
SE1800413,AtRisk,4,5.39,120,50,70,41.67,12.5,50,4,4,3,1,0,6,16,High,1,False,22.0,Complete at least 50 more credits. Complete all prerequisite courses. Retake failed courses as soon as possible. Improve GPA to remove academic warning.
SE1800414,AtRisk,6,5.29,120,86,34,71.67,14.33,14,4,5,1,1,0,6,13,High,1,False,50.0,Complete at least 14 more credits. Complete all prerequisite courses. Retake failed courses as soon as possible. Improve GPA to remove academic warning.
SE1800415,Excellent,5,9.31,120,92,28,76.67,18.4,8,0,0,0,0,0,6,1,Low,0,False,86.0,Complete at least 8 more credits.
SE1800416,Good,3,8.24,120,53,67,44.17,17.67,47,0,0,0,0,0,6,3,Low,0,False,66.5,Complete at least 47 more credits.
SE1800417,Average,3,6.2,120,54,66,45.0,18.0,46,2,3,1,0,0,5,9,Medium,0,False,49.0,Complete at least 46 more credits. Complete all prerequisite courses. Retake failed courses as soon as possible.
SE1800418,Good,2,7.29,120,41,79,34.17,20.5,59,1,1,1,0,0,6,7,Medium,0,False,49.5,Complete at least 59 more credits. Complete all prerequisite courses. Retake failed courses as soon as possible.
SE1800419,LateStarter,3,6.51,120,42,78,35.0,14.0,58,4,5,1,1,0,6,13,High,1,False,28.0,Complete at least 58 more credits. Complete all prerequisite courses. Retake failed courses as soon as possible. Improve GPA to remove academic warning.
SE1800420,Critical,4,4.03,120,49,71,40.83,12.25,51,8,5,2,2,2,5,23,High,1,False,0.0,Complete at least 51 more credits. Complete all prerequisite courses. Retake failed courses as soon as possible. Improve GPA to remove academic warning.
SE1800421,Critical,3,4.59,120,38,82,31.67,12.67,62,5,5,2,2,2,5,23,High,1,False,0.0,Complete at least 62 more credits. Complete all prerequisite courses. Retake failed courses as soon as possible. Improve GPA to remove academic warning.
SE1800422,Recovery,5,6.34,120,86,34,71.67,17.2,14,2,4,0,1,0,6,7,Medium,0,False,64.0,Complete at least 14 more credits. Retake failed courses as soon as possible. Improve GPA to remove academic warning.
SE1800423,Critical,5,4.78,120,59,61,49.17,11.8,41,8,5,3,3,1,6,22,High,1,False,0.0,Complete at least 41 more credits. Complete all prerequisite courses. Retake failed courses as soon as possible. Improve GPA to remove academic warning.
SE1800424,AtRisk,6,5.61,120,87,33,72.5,14.5,13,5,4,2,1,0,6,14,High,1,False,43.5,Complete at least 13 more credits. Complete all prerequisite courses. Retake failed courses as soon as possible. Improve GPA to remove academic warning.
SE1800425,AtRisk,4,5.36,120,57,63,47.5,14.25,43,4,4,1,2,1,5,17,High,1,False,24.5,Complete at least 43 more credits. Complete all prerequisite courses. Retake failed courses as soon as possible. Improve GPA to remove academic warning.
SE1800426,Excellent,3,9.86,120,59,61,49.17,19.67,41,0,0,0,0,0,6,3,Low,0,False,69.5,Complete at least 41 more credits.
SE1800427,Good,7,7.94,120,112,8,93.33,16.0,0,1,2,0,0,0,8,2,Low,0,True,89.0,Retake failed courses as soon as possible.
SE1800428,Good,5,8.24,120,96,24,80.0,19.2,4,1,1,0,0,0,7,3,Low,0,False,83.0,Complete at least 4 more credits. Retake failed courses as soon as possible.
SE1800429,Average,4,6.6,120,64,56,53.33,16.0,36,2,2,0,0,0,5,6,Medium,0,False,62.0,Complete at least 36 more credits. Retake failed courses as soon as possible.
SE1800430,Good,3,7.9,120,63,57,52.5,21.0,37,0,2,0,0,0,5,4,Low,0,False,67.5,Complete at least 37 more credits.
SE1800431,Average,4,6.21,120,65,55,54.17,16.25,35,3,4,0,0,0,5,8,Medium,0,False,55.5,Complete at least 35 more credits. Retake failed courses as soon as possible.
SE1800432,Average,3,6.62,120,45,75,37.5,15.0,55,3,2,0,0,0,5,7,Medium,0,False,49.5,Complete at least 55 more credits. Retake failed courses as soon as possible.
SE1800433,Average,4,6.96,120,60,60,50.0,15.0,40,3,3,0,0,0,6,8,Medium,0,False,55.0,Complete at least 40 more credits. Retake failed courses as soon as possible.
SE1800434,Critical,3,4.74,120,37,83,30.83,12.33,63,6,6,4,3,1,6,22,High,1,False,0.0,Complete at least 63 more credits. Complete all prerequisite courses. Retake failed courses as soon as possible. Improve GPA to remove academic warning.
SE1800435,Recovery,5,5.87,120,84,36,70.0,16.8,16,2,2,0,0,0,7,7,Medium,0,False,72.0,Complete at least 16 more credits. Retake failed courses as soon as possible.
SE1800436,AtRisk,5,5.18,120,69,51,57.5,13.8,31,5,3,1,2,0,6,16,High,1,False,37.5,Complete at least 31 more credits. Complete all prerequisite courses. Retake failed courses as soon as possible. Improve GPA to remove academic warning.
SE1800437,Critical,6,4.47,120,81,39,67.5,13.5,19,8,7,2,3,1,7,20,High,1,False,7.5,Complete at least 19 more credits. Complete all prerequisite courses. Retake failed courses as soon as possible. Improve GPA to remove academic warning.
SE1800438,AtRisk,4,5.58,120,68,52,56.67,17.0,32,3,6,1,2,1,5,18,High,1,False,29.0,Complete at least 32 more credits. Complete all prerequisite courses. Retake failed courses as soon as possible. Improve GPA to remove academic warning.
SE1800439,Recovery,2,6.4,120,36,84,30.0,18.0,64,2,3,0,0,0,5,7,Medium,0,False,46.0,Complete at least 64 more credits. Retake failed courses as soon as possible.
SE1800440,Average,4,6.2,120,70,50,58.33,17.5,30,2,3,0,0,0,6,6,Medium,0,False,63.0,Complete at least 30 more credits. Retake failed courses as soon as possible.
SE1800441,Good,4,7.84,120,77,43,64.17,19.25,23,1,2,1,0,0,6,6,Medium,0,False,65.5,Complete at least 23 more credits. Complete all prerequisite courses. Retake failed courses as soon as possible.
SE1800442,Good,5,7.72,120,92,28,76.67,18.4,8,1,2,1,0,0,6,5,Low,0,False,73.0,Complete at least 8 more credits. Complete all prerequisite courses. Retake failed courses as soon as possible.
SE1800443,Average,5,6.16,120,86,34,71.67,17.2,14,3,4,1,0,0,7,8,Medium,0,False,60.0,Complete at least 14 more credits. Complete all prerequisite courses. Retake failed courses as soon as possible.
SE1800444,LateStarter,1,6.29,120,13,107,10.83,13.0,87,3,5,0,0,0,5,9,Medium,0,False,27.5,Complete at least 87 more credits. Retake failed courses as soon as possible.
SE1800445,Good,5,8.08,120,94,26,78.33,18.8,6,1,2,0,0,0,7,3,Low,0,False,80.0,Complete at least 6 more credits. Retake failed courses as soon as possible.
SE1800446,Excellent,6,9.9,120,113,7,94.17,18.83,0,0,0,0,0,0,6,0,Low,0,True,96.5,You are ready for OJT.
SE1800447,Good,5,8.45,120,89,31,74.17,17.8,11,1,1,1,0,0,6,5,Low,0,False,73.5,Complete at least 11 more credits. Complete all prerequisite courses. Retake failed courses as soon as possible.
SE1800448,Average,5,6.07,120,82,38,68.33,16.4,18,3,3,2,1,0,7,12,High,1,False,49.0,Complete at least 18 more credits. Complete all prerequisite courses. Retake failed courses as soon as possible. Improve GPA to remove academic warning.
SE1800449,Good,7,7.68,120,114,6,95.0,16.29,0,0,1,0,0,0,8,1,Low,0,True,95.0,You are ready for OJT.
SE1800450,Average,4,6.34,120,63,57,52.5,15.75,37,3,3,2,1,0,6,13,High,1,False,39.5,Complete at least 37 more credits. Complete all prerequisite courses. Retake failed courses as soon as possible. Improve GPA to remove academic warning.
SE1800451,Average,5,6.75,120,94,26,78.33,18.8,6,3,4,2,0,0,6,9,Medium,0,False,58.0,Complete at least 6 more credits. Complete all prerequisite courses. Retake failed courses as soon as possible.
SE1800452,Good,4,8.18,120,71,49,59.17,17.75,29,0,1,1,0,0,6,5,Low,0,False,67.5,Complete at least 29 more credits. Complete all prerequisite courses.
SE1800453,Good,2,8.0,120,39,81,32.5,19.5,61,0,2,0,0,0,6,4,Low,0,False,55.5,Complete at least 61 more credits.
SE1800454,Good,5,7.27,120,99,21,82.5,19.8,1,0,1,0,0,0,7,2,Low,0,False,87.5,Complete at least 1 more credits.
SE1800455,Good,3,7.37,120,59,61,49.17,19.67,41,1,0,0,0,0,6,4,Low,0,False,66.5,Complete at least 41 more credits. Retake failed courses as soon as possible.
SE1800456,Average,5,6.54,120,81,39,67.5,16.2,19,2,3,2,1,0,7,11,High,1,False,51.5,Complete at least 19 more credits. Complete all prerequisite courses. Retake failed courses as soon as possible. Improve GPA to remove academic warning.
SE1800457,Average,8,6.91,120,112,8,93.33,14.0,0,2,2,2,0,0,8,6,Medium,0,False,74.0,Complete all prerequisite courses. Retake failed courses as soon as possible.
SE1800458,Average,4,6.93,120,61,59,50.83,15.25,39,3,3,1,0,0,5,10,Medium,0,False,49.5,Complete at least 39 more credits. Complete all prerequisite courses. Retake failed courses as soon as possible.
SE1800459,Average,4,6.68,120,60,60,50.0,15.0,40,3,2,1,0,0,6,9,Medium,0,False,51.0,Complete at least 40 more credits. Complete all prerequisite courses. Retake failed courses as soon as possible.
SE1800460,Average,3,6.54,120,48,72,40.0,16.0,52,2,4,2,1,0,5,12,High,1,False,33.0,Complete at least 52 more credits. Complete all prerequisite courses. Retake failed courses as soon as possible. Improve GPA to remove academic warning.
SE1800461,Average,3,6.69,120,50,70,41.67,16.67,50,2,4,1,1,0,5,11,High,1,False,40.0,Complete at least 50 more credits. Complete all prerequisite courses. Retake failed courses as soon as possible. Improve GPA to remove academic warning.
SE1800462,LateStarter,5,7.01,120,86,34,71.67,17.2,14,2,5,1,0,0,6,7,Medium,0,False,61.0,Complete at least 14 more credits. Complete all prerequisite courses. Retake failed courses as soon as possible.
SE1800463,Average,1,6.42,120,17,103,14.17,17.0,83,3,3,1,1,0,5,12,High,1,False,22.5,Complete at least 83 more credits. Complete all prerequisite courses. Retake failed courses as soon as possible. Improve GPA to remove academic warning.
SE1800464,Good,5,7.09,120,92,28,76.67,18.4,8,1,2,0,0,0,7,3,Low,0,False,79.0,Complete at least 8 more credits. Retake failed courses as soon as possible.
SE1800465,Good,5,8.39,120,92,28,76.67,18.4,8,1,0,1,0,0,6,4,Low,0,False,77.0,Complete at least 8 more credits. Complete all prerequisite courses. Retake failed courses as soon as possible.
SE1800466,Average,5,6.53,120,89,31,74.17,17.8,11,2,3,2,1,0,6,10,Medium,0,False,55.5,Complete at least 11 more credits. Complete all prerequisite courses. Retake failed courses as soon as possible. Improve GPA to remove academic warning.
SE1800467,Good,3,7.94,120,52,68,43.33,17.33,48,0,2,1,0,0,5,6,Medium,0,False,56.0,Complete at least 48 more credits. Complete all prerequisite courses.
SE1800468,Excellent,4,8.97,120,82,38,68.33,20.5,18,0,0,0,0,0,6,2,Low,0,False,81.0,Complete at least 18 more credits.
SE1800469,AtRisk,4,5.45,120,55,65,45.83,13.75,45,3,3,1,1,1,5,16,High,1,False,33.5,Complete at least 45 more credits. Complete all prerequisite courses. Retake failed courses as soon as possible. Improve GPA to remove academic warning.
SE1800470,Good,4,7.14,120,82,38,68.33,20.5,18,1,2,0,0,0,5,4,Low,0,False,74.0,Complete at least 18 more credits. Retake failed courses as soon as possible.
SE1800471,Good,5,7.13,120,94,26,78.33,18.8,6,1,0,0,0,0,6,2,Low,0,False,84.0,Complete at least 6 more credits. Retake failed courses as soon as possible.
SE1800472,Good,6,7.04,120,110,10,91.67,18.33,0,1,1,1,0,0,7,4,Low,0,False,84.0,Complete all prerequisite courses. Retake failed courses as soon as possible.
SE1800473,Good,7,7.8,120,117,3,97.5,16.71,0,1,2,1,0,0,8,4,Low,0,False,85.5,Complete all prerequisite courses. Retake failed courses as soon as possible.
SE1800474,Average,3,6.09,120,49,71,40.83,16.33,51,2,4,1,0,0,5,9,Medium,0,False,44.5,Complete at least 51 more credits. Complete all prerequisite courses. Retake failed courses as soon as possible.
SE1800475,Excellent,6,9.77,120,110,10,91.67,18.33,0,0,0,0,0,0,7,0,Low,0,True,95.0,You are ready for OJT.
SE1800476,Excellent,4,8.94,120,75,45,62.5,18.75,25,0,0,0,0,0,6,2,Low,0,False,77.5,Complete at least 25 more credits.
SE1800477,Good,5,7.96,120,94,26,78.33,18.8,6,0,1,0,0,0,7,2,Low,0,False,85.0,Complete at least 6 more credits.
SE1800478,Good,5,8.21,120,94,26,78.33,18.8,6,0,0,0,0,0,6,1,Low,0,False,87.0,Complete at least 6 more credits.
SE1800479,Average,5,6.27,120,95,25,79.17,19.0,5,1,3,0,0,0,6,5,Low,0,False,78.5,Complete at least 5 more credits. Retake failed courses as soon as possible.
SE1800480,Good,2,7.4,120,45,75,37.5,22.5,55,1,2,0,0,0,5,5,Low,0,False,55.5,Complete at least 55 more credits. Retake failed courses as soon as possible.
SE1800481,Excellent,3,9.13,120,66,54,55.0,22.0,34,0,0,0,0,0,5,3,Low,0,False,73.0,Complete at least 34 more credits.
SE1800482,AtRisk,7,5.06,120,104,16,86.67,14.86,0,3,6,1,1,1,8,14,High,1,False,52.0,Complete all prerequisite courses. Retake failed courses as soon as possible. Improve GPA to remove academic warning.
SE1800483,AtRisk,6,5.12,120,89,31,74.17,14.83,11,4,6,1,1,0,7,13,High,1,False,49.5,Complete at least 11 more credits. Complete all prerequisite courses. Retake failed courses as soon as possible. Improve GPA to remove academic warning.
SE1800484,AtRisk,2,5.66,120,27,93,22.5,13.5,73,4,6,3,2,1,5,20,High,1,False,0.0,Complete at least 73 more credits. Complete all prerequisite courses. Retake failed courses as soon as possible. Improve GPA to remove academic warning.
SE1800485,Average,1,6.93,120,20,100,16.67,20.0,80,1,3,1,1,0,6,11,High,1,False,30.0,Complete at least 80 more credits. Complete all prerequisite courses. Retake failed courses as soon as possible. Improve GPA to remove academic warning.
SE1800486,Critical,6,3.82,120,68,52,56.67,11.33,32,6,8,3,2,1,7,22,High,1,False,4.0,Complete at least 32 more credits. Complete all prerequisite courses. Retake failed courses as soon as possible. Improve GPA to remove academic warning.
SE1800487,Average,4,6.24,120,61,59,50.83,15.25,39,3,4,2,0,0,5,11,High,1,False,41.5,Complete at least 39 more credits. Complete all prerequisite courses. Retake failed courses as soon as possible.
SE1800488,Good,4,8.02,120,73,47,60.83,18.25,27,0,0,1,0,0,5,4,Low,0,False,70.5,Complete at least 27 more credits. Complete all prerequisite courses.
SE1800489,Average,3,6.55,120,55,65,45.83,18.33,45,2,4,2,0,0,6,10,Medium,0,False,41.5,Complete at least 45 more credits. Complete all prerequisite courses. Retake failed courses as soon as possible.
SE1800490,Good,2,8.34,120,41,79,34.17,20.5,59,1,2,1,0,0,5,7,Medium,0,False,47.5,Complete at least 59 more credits. Complete all prerequisite courses. Retake failed courses as soon as possible.
SE1800491,Average,3,6.46,120,58,62,48.33,19.33,42,3,2,0,0,0,6,7,Medium,0,False,56.0,Complete at least 42 more credits. Retake failed courses as soon as possible.
SE1800492,AtRisk,4,5.45,120,66,54,55.0,16.5,34,4,4,1,2,0,6,15,High,1,False,37.0,Complete at least 34 more credits. Complete all prerequisite courses. Retake failed courses as soon as possible. Improve GPA to remove academic warning.
SE1800493,AtRisk,5,5.53,120,80,40,66.67,16.0,20,3,6,3,1,1,7,18,High,1,False,28.0,Complete at least 20 more credits. Complete all prerequisite courses. Retake failed courses as soon as possible. Improve GPA to remove academic warning.
SE1800494,Average,3,6.1,120,55,65,45.83,18.33,45,1,1,0,0,0,5,6,Medium,0,False,62.5,Complete at least 45 more credits. Retake failed courses as soon as possible.
SE1800495,Good,3,7.05,120,60,60,50.0,20.0,40,1,2,1,0,0,6,7,Medium,0,False,57.0,Complete at least 40 more credits. Complete all prerequisite courses. Retake failed courses as soon as possible.
SE1800496,Good,5,7.02,120,91,29,75.83,18.2,9,1,0,1,0,0,7,4,Low,0,False,76.5,Complete at least 9 more credits. Complete all prerequisite courses. Retake failed courses as soon as possible.
SE1800497,AtRisk,6,5.06,120,90,30,75.0,15.0,10,5,3,3,1,1,6,17,High,1,False,33.0,Complete at least 10 more credits. Complete all prerequisite courses. Retake failed courses as soon as possible. Improve GPA to remove academic warning.
SE1800498,Recovery,7,5.9,120,113,7,94.17,16.14,0,1,4,1,0,0,8,8,Medium,0,False,79.5,Complete all prerequisite courses. Retake failed courses as soon as possible.
SE1800499,Average,3,6.62,120,47,73,39.17,15.67,53,3,4,2,0,0,6,11,High,1,False,34.5,Complete at least 53 more credits. Complete all prerequisite courses. Retake failed courses as soon as possible.
SE1800500,AtRisk,4,5.1,120,55,65,45.83,13.75,45,5,6,3,2,0,6,19,High,1,False,12.5,Complete at least 45 more credits. Complete all prerequisite courses. Retake failed courses as soon as possible. Improve GPA to remove academic warning.
SE1800501,Recovery,7,6.35,120,107,13,89.17,15.29,0,2,3,1,1,0,8,8,Medium,0,False,70.5,Complete all prerequisite courses. Retake failed courses as soon as possible. Improve GPA to remove academic warning.
SE1800502,Average,3,6.76,120,56,64,46.67,18.67,44,2,3,1,1,0,5,11,High,1,False,45.0,Complete at least 44 more credits. Complete all prerequisite courses. Retake failed courses as soon as possible. Improve GPA to remove academic warning.
SE1800503,AtRisk,8,5.59,120,104,16,86.67,13.0,0,4,3,2,1,0,8,12,High,1,False,57.0,Complete all prerequisite courses. Retake failed courses as soon as possible. Improve GPA to remove academic warning.
SE1800504,Critical,1,4.72,120,15,105,12.5,15.0,85,7,6,2,2,2,6,23,High,1,False,0.0,Complete at least 85 more credits. Complete all prerequisite courses. Retake failed courses as soon as possible. Improve GPA to remove academic warning.
SE1800505,Good,3,8.33,120,53,67,44.17,17.67,47,0,1,1,0,0,5,6,Medium,0,False,58.5,Complete at least 47 more credits. Complete all prerequisite courses.
SE1800506,AtRisk,5,5.78,120,73,47,60.83,14.6,27,4,3,3,2,0,7,16,High,1,False,30.5,Complete at least 27 more credits. Complete all prerequisite courses. Retake failed courses as soon as possible. Improve GPA to remove academic warning.
SE1800507,Excellent,2,9.66,120,41,79,34.17,20.5,59,0,0,0,0,0,6,3,Low,0,False,60.5,Complete at least 59 more credits.
SE1800508,Excellent,4,8.98,120,81,39,67.5,20.25,19,0,0,0,0,0,6,2,Low,0,False,80.5,Complete at least 19 more credits.
SE1800509,LateStarter,5,6.78,120,80,40,66.67,16.0,20,2,5,1,1,0,6,11,High,1,False,53.0,Complete at least 20 more credits. Complete all prerequisite courses. Retake failed courses as soon as possible. Improve GPA to remove academic warning.
SE1800510,Good,4,8.11,120,76,44,63.33,19.0,24,1,1,0,0,0,5,4,Low,0,False,73.0,Complete at least 24 more credits. Retake failed courses as soon as possible.
SE1800511,AtRisk,4,5.2,120,62,58,51.67,15.5,38,5,4,3,1,0,5,17,High,1,False,25.0,Complete at least 38 more credits. Complete all prerequisite courses. Retake failed courses as soon as possible. Improve GPA to remove academic warning.
SE1800512,Good,4,8.02,120,77,43,64.17,19.25,23,0,0,1,0,0,6,4,Low,0,False,72.5,Complete at least 23 more credits. Complete all prerequisite courses.
SE1800513,Good,4,7.98,120,80,40,66.67,20.0,20,1,0,1,0,0,6,5,Low,0,False,71.0,Complete at least 20 more credits. Complete all prerequisite courses. Retake failed courses as soon as possible.
SE1800514,Excellent,6,8.8,120,110,10,91.67,18.33,0,0,0,0,0,0,6,0,Low,0,True,95.0,You are ready for OJT.
SE1800515,Critical,6,3.52,120,87,33,72.5,14.5,13,5,7,3,3,1,7,20,High,1,False,13.5,Complete at least 13 more credits. Complete all prerequisite courses. Retake failed courses as soon as possible. Improve GPA to remove academic warning.
SE1800516,Good,4,7.3,120,76,44,63.33,19.0,24,1,2,1,0,0,6,6,Medium,0,False,65.0,Complete at least 24 more credits. Complete all prerequisite courses. Retake failed courses as soon as possible.
SE1800517,Average,5,6.04,120,85,35,70.83,17.0,15,1,3,0,1,0,7,7,Medium,0,False,68.5,Complete at least 15 more credits. Retake failed courses as soon as possible. Improve GPA to remove academic warning.
SE1800518,Average,1,6.38,120,18,102,15.0,18.0,82,3,3,0,0,0,6,8,Medium,0,False,34.0,Complete at least 82 more credits. Retake failed courses as soon as possible.
SE1800519,Good,4,8.46,120,69,51,57.5,17.25,31,1,1,0,0,0,6,5,Low,0,False,69.5,Complete at least 31 more credits. Retake failed courses as soon as possible.
SE1800520,Average,5,6.04,120,89,31,74.17,17.8,11,2,4,1,0,0,7,7,Medium,0,False,64.5,Complete at least 11 more credits. Complete all prerequisite courses. Retake failed courses as soon as possible.
SE1800521,Average,4,6.3,120,68,52,56.67,17.0,32,1,3,1,0,0,5,9,Medium,0,False,59.0,Complete at least 32 more credits. Complete all prerequisite courses. Retake failed courses as soon as possible.
SE1800522,Good,6,7.98,120,101,19,84.17,16.83,0,1,2,0,0,0,6,2,Low,0,True,83.5,Retake failed courses as soon as possible.
SE1800523,Average,3,6.6,120,52,68,43.33,17.33,48,3,2,0,0,0,5,7,Medium,0,False,53.0,Complete at least 48 more credits. Retake failed courses as soon as possible.
SE1800524,Good,5,7.78,120,90,30,75.0,18.0,10,1,0,0,0,0,6,2,Low,0,False,82.0,Complete at least 10 more credits. Retake failed courses as soon as possible.
SE1800525,Good,6,7.22,120,100,20,83.33,16.67,0,1,1,1,0,0,7,4,Low,0,False,79.0,Complete all prerequisite courses. Retake failed courses as soon as possible.
SE1800526,Good,3,7.2,120,50,70,41.67,16.67,50,1,2,0,0,0,5,5,Low,0,False,58.0,Complete at least 50 more credits. Retake failed courses as soon as possible.
SE1800527,Good,5,7.71,120,96,24,80.0,19.2,4,1,2,1,0,0,7,5,Low,0,False,75.0,Complete at least 4 more credits. Complete all prerequisite courses. Retake failed courses as soon as possible.
SE1800528,Average,3,6.22,120,51,69,42.5,17.0,49,1,3,1,0,0,5,9,Medium,0,False,50.5,Complete at least 49 more credits. Complete all prerequisite courses. Retake failed courses as soon as possible.
SE1800529,Excellent,7,9.98,120,119,1,99.17,17.0,0,0,0,0,0,0,8,0,Low,0,True,99.5,You are ready for OJT.
SE1800530,AtRisk,5,5.82,120,78,42,65.0,15.6,22,4,3,3,1,1,7,17,High,1,False,30.0,Complete at least 22 more credits. Complete all prerequisite courses. Retake failed courses as soon as possible. Improve GPA to remove academic warning.
SE1800531,AtRisk,1,5.99,120,18,102,15.0,18.0,82,5,6,3,1,1,5,20,High,1,False,0.0,Complete at least 82 more credits. Complete all prerequisite courses. Retake failed courses as soon as possible. Improve GPA to remove academic warning.
SE1800532,Good,4,8.32,120,80,40,66.67,20.0,20,1,1,0,0,0,5,4,Low,0,False,75.0,Complete at least 20 more credits. Retake failed courses as soon as possible.
SE1800533,Average,7,6.46,120,114,6,95.0,16.29,0,1,1,0,0,0,8,3,Low,0,True,92.0,Retake failed courses as soon as possible.
SE1800534,Average,4,6.18,120,66,54,55.0,16.5,34,2,1,1,1,0,5,10,Medium,0,False,54.0,Complete at least 34 more credits. Complete all prerequisite courses. Retake failed courses as soon as possible. Improve GPA to remove academic warning.
SE1800535,Excellent,5,9.45,120,92,28,76.67,18.4,8,0,0,0,0,0,6,1,Low,0,False,86.0,Complete at least 8 more credits.
SE1800536,Recovery,5,6.46,120,80,40,66.67,16.0,20,1,2,0,0,0,7,5,Low,0,False,73.0,Complete at least 20 more credits. Retake failed courses as soon as possible.
SE1800537,Good,5,7.66,120,98,22,81.67,19.6,2,0,0,0,0,0,7,1,Low,0,False,89.0,Complete at least 2 more credits.
SE1800538,Excellent,4,9.25,120,84,36,70.0,21.0,16,0,0,0,0,0,6,2,Low,0,False,82.0,Complete at least 16 more credits.
SE1800539,Average,2,6.59,120,33,87,27.5,16.5,67,3,3,2,0,0,5,11,High,1,False,29.5,Complete at least 67 more credits. Complete all prerequisite courses. Retake failed courses as soon as possible.
SE1800540,Good,5,7.05,120,88,32,73.33,17.6,12,1,1,0,0,0,7,3,Low,0,False,79.0,Complete at least 12 more credits. Retake failed courses as soon as possible.
SE1800541,LateStarter,3,6.48,120,40,80,33.33,13.33,60,3,4,0,0,0,6,8,Medium,0,False,43.0,Complete at least 60 more credits. Retake failed courses as soon as possible.
SE1800542,Good,4,7.1,120,74,46,61.67,18.5,26,0,1,1,0,0,6,5,Low,0,False,69.0,Complete at least 26 more credits. Complete all prerequisite courses.
SE1800543,Good,4,7.31,120,71,49,59.17,17.75,29,0,0,0,0,0,6,2,Low,0,False,75.5,Complete at least 29 more credits.
SE1800544,Average,3,6.52,120,54,66,45.0,18.0,46,2,2,2,1,0,6,11,High,1,False,40.0,Complete at least 46 more credits. Complete all prerequisite courses. Retake failed courses as soon as possible. Improve GPA to remove academic warning.
SE1800545,AtRisk,6,5.23,120,91,29,75.83,15.17,9,3,3,1,1,1,6,14,High,1,False,51.5,Complete at least 9 more credits. Complete all prerequisite courses. Retake failed courses as soon as possible. Improve GPA to remove academic warning.
SE1800546,AtRisk,3,5.61,120,42,78,35.0,14.0,58,4,3,2,2,0,5,16,High,1,False,21.0,Complete at least 58 more credits. Complete all prerequisite courses. Retake failed courses as soon as possible. Improve GPA to remove academic warning.
SE1800547,Average,5,6.25,120,82,38,68.33,16.4,18,2,3,2,1,0,6,11,High,1,False,52.0,Complete at least 18 more credits. Complete all prerequisite courses. Retake failed courses as soon as possible. Improve GPA to remove academic warning.
SE1800548,Average,4,6.72,120,60,60,50.0,15.0,40,1,2,1,1,0,6,10,Medium,0,False,52.0,Complete at least 40 more credits. Complete all prerequisite courses. Retake failed courses as soon as possible. Improve GPA to remove academic warning.
SE1800549,AtRisk,5,5.48,120,82,38,68.33,16.4,18,5,5,2,2,0,7,17,High,1,False,34.0,Complete at least 18 more credits. Complete all prerequisite courses. Retake failed courses as soon as possible. Improve GPA to remove academic warning.
SE1800550,Average,5,6.55,120,80,40,66.67,16.0,20,1,3,1,0,0,7,8,Medium,0,False,65.0,Complete at least 20 more credits. Complete all prerequisite courses. Retake failed courses as soon as possible.
SE1800551,AtRisk,4,5.37,120,67,53,55.83,16.75,33,3,6,1,1,1,6,17,High,1,False,33.5,Complete at least 33 more credits. Complete all prerequisite courses. Retake failed courses as soon as possible. Improve GPA to remove academic warning.
SE1800552,AtRisk,3,5.09,120,50,70,41.67,16.67,50,3,5,2,2,0,6,17,High,1,False,24.0,Complete at least 50 more credits. Complete all prerequisite courses. Retake failed courses as soon as possible. Improve GPA to remove academic warning.
SE1800553,Good,4,7.06,120,71,49,59.17,17.75,29,0,1,0,0,0,5,3,Low,0,False,73.5,Complete at least 29 more credits.
SE1800554,Good,4,8.3,120,72,48,60.0,18.0,28,1,0,0,0,0,5,3,Low,0,False,73.0,Complete at least 28 more credits. Retake failed courses as soon as possible.
SE1800555,Average,5,6.52,120,80,40,66.67,16.0,20,2,1,2,0,0,7,8,Medium,0,False,60.0,Complete at least 20 more credits. Complete all prerequisite courses. Retake failed courses as soon as possible.
SE1800556,Critical,2,4.64,120,29,91,24.17,14.5,71,7,5,4,3,1,6,22,High,1,False,0.0,Complete at least 71 more credits. Complete all prerequisite courses. Retake failed courses as soon as possible. Improve GPA to remove academic warning.
SE1800557,Good,3,7.79,120,62,58,51.67,20.67,38,1,2,0,0,0,5,5,Low,0,False,64.0,Complete at least 38 more credits. Retake failed courses as soon as possible.
SE1800558,Good,1,7.93,120,22,98,18.33,22.0,78,0,0,1,0,0,5,5,Low,0,False,45.0,Complete at least 78 more credits. Complete all prerequisite courses.
SE1800559,Recovery,6,6.37,120,92,28,76.67,15.33,8,1,3,1,1,0,6,9,Medium,0,False,66.0,Complete at least 8 more credits. Complete all prerequisite courses. Retake failed courses as soon as possible. Improve GPA to remove academic warning.
SE1800560,Excellent,7,8.58,120,118,2,98.33,16.86,0,0,0,0,0,0,8,0,Low,0,True,99.0,You are ready for OJT.
SE1800561,AtRisk,6,5.62,120,96,24,80.0,16.0,4,5,5,2,2,0,6,16,High,1,False,41.0,Complete at least 4 more credits. Complete all prerequisite courses. Retake failed courses as soon as possible. Improve GPA to remove academic warning.
SE1800562,LateStarter,5,6.67,120,82,38,68.33,16.4,18,2,5,0,1,0,7,9,Medium,0,False,60.0,Complete at least 18 more credits. Retake failed courses as soon as possible. Improve GPA to remove academic warning.
SE1800563,Average,7,6.14,120,108,12,90.0,15.43,0,2,4,0,1,0,8,6,Medium,0,True,75.0,Retake failed courses as soon as possible. Improve GPA to remove academic warning.
SE1800564,Average,1,6.47,120,18,102,15.0,18.0,82,2,4,0,1,0,5,9,Medium,0,False,30.0,Complete at least 82 more credits. Retake failed courses as soon as possible. Improve GPA to remove academic warning.
SE1800565,Average,4,6.71,120,63,57,52.5,15.75,37,2,1,1,1,0,6,10,Medium,0,False,52.5,Complete at least 37 more credits. Complete all prerequisite courses. Retake failed courses as soon as possible. Improve GPA to remove academic warning.
SE1800566,Good,3,7.24,120,57,63,47.5,19.0,43,1,0,1,0,0,6,6,Medium,0,False,59.5,Complete at least 43 more credits. Complete all prerequisite courses. Retake failed courses as soon as possible.
SE1800567,Average,4,6.69,120,65,55,54.17,16.25,35,3,1,2,1,0,6,12,High,1,False,44.5,Complete at least 35 more credits. Complete all prerequisite courses. Retake failed courses as soon as possible. Improve GPA to remove academic warning.
SE1800568,Good,2,7.66,120,38,82,31.67,19.0,62,1,0,0,0,0,6,4,Low,0,False,56.0,Complete at least 62 more credits. Retake failed courses as soon as possible.
SE1800569,Average,2,6.22,120,32,88,26.67,16.0,68,3,1,0,0,0,6,7,Medium,0,False,45.0,Complete at least 68 more credits. Retake failed courses as soon as possible.
SE1800570,Good,5,7.29,120,98,22,81.67,19.6,2,1,1,1,0,0,6,5,Low,0,False,78.0,Complete at least 2 more credits. Complete all prerequisite courses. Retake failed courses as soon as possible.
SE1800571,Average,5,6.51,120,84,36,70.0,16.8,16,2,1,1,0,0,7,7,Medium,0,False,68.0,Complete at least 16 more credits. Complete all prerequisite courses. Retake failed courses as soon as possible.
SE1800572,Good,3,7.05,120,56,64,46.67,18.67,44,1,2,1,0,0,6,7,Medium,0,False,55.0,Complete at least 44 more credits. Complete all prerequisite courses. Retake failed courses as soon as possible.
SE1800573,Average,3,6.17,120,47,73,39.17,15.67,53,1,4,1,1,0,6,11,High,1,False,41.5,Complete at least 53 more credits. Complete all prerequisite courses. Retake failed courses as soon as possible. Improve GPA to remove academic warning.
SE1800574,LateStarter,5,6.33,120,80,40,66.67,16.0,20,4,2,0,1,0,6,8,Medium,0,False,59.0,Complete at least 20 more credits. Retake failed courses as soon as possible. Improve GPA to remove academic warning.
SE1800575,Excellent,5,9.12,120,104,16,86.67,20.8,0,0,0,0,0,0,7,0,Low,0,True,92.0,You are ready for OJT.
SE1800576,Good,3,7.9,120,59,61,49.17,19.67,41,1,2,0,0,0,6,5,Low,0,False,62.5,Complete at least 41 more credits. Retake failed courses as soon as possible.
SE1800577,Excellent,1,9.22,120,20,100,16.67,20.0,80,0,0,0,0,0,6,3,Low,0,False,50.0,Complete at least 80 more credits.
SE1800578,Average,4,6.6,120,67,53,55.83,16.75,33,2,1,2,1,0,6,11,High,1,False,48.5,Complete at least 33 more credits. Complete all prerequisite courses. Retake failed courses as soon as possible. Improve GPA to remove academic warning.
SE1800579,Average,1,6.45,120,19,101,15.83,19.0,81,3,3,1,1,0,6,12,High,1,False,23.5,Complete at least 81 more credits. Complete all prerequisite courses. Retake failed courses as soon as possible. Improve GPA to remove academic warning.
SE1800580,Good,5,7.89,120,92,28,76.67,18.4,8,1,0,1,0,0,7,4,Low,0,False,77.0,Complete at least 8 more credits. Complete all prerequisite courses. Retake failed courses as soon as possible.
SE1800581,AtRisk,5,5.28,120,70,50,58.33,14.0,30,3,3,2,2,0,7,15,High,1,False,38.0,Complete at least 30 more credits. Complete all prerequisite courses. Retake failed courses as soon as possible. Improve GPA to remove academic warning.
SE1800582,Good,3,8.1,120,59,61,49.17,19.67,41,0,2,0,0,0,5,4,Low,0,False,65.5,Complete at least 41 more credits.
SE1800583,Good,5,7.72,120,100,20,83.33,20.0,0,0,1,0,0,0,7,1,Low,0,True,88.0,You are ready for OJT.
SE1800584,AtRisk,4,5.38,120,64,56,53.33,16.0,36,5,4,1,2,0,6,16,High,1,False,33.0,Complete at least 36 more credits. Complete all prerequisite courses. Retake failed courses as soon as possible. Improve GPA to remove academic warning.
SE1800585,AtRisk,2,5.17,120,30,90,25.0,15.0,70,4,5,2,1,1,6,18,High,1,False,8.0,Complete at least 70 more credits. Complete all prerequisite courses. Retake failed courses as soon as possible. Improve GPA to remove academic warning.
SE1800586,Average,2,6.86,120,30,90,25.0,15.0,70,2,4,1,1,0,5,11,High,1,False,30.0,Complete at least 70 more credits. Complete all prerequisite courses. Retake failed courses as soon as possible. Improve GPA to remove academic warning.
SE1800587,Recovery,5,6.76,120,84,36,70.0,16.8,16,2,3,1,1,0,7,10,Medium,0,False,59.0,Complete at least 16 more credits. Complete all prerequisite courses. Retake failed courses as soon as possible. Improve GPA to remove academic warning.
SE1800588,Average,4,6.77,120,67,53,55.83,16.75,33,3,2,2,1,0,6,12,High,1,False,43.5,Complete at least 33 more credits. Complete all prerequisite courses. Retake failed courses as soon as possible. Improve GPA to remove academic warning.
SE1800589,Average,5,6.82,120,80,40,66.67,16.0,20,2,1,2,0,0,7,8,Medium,0,False,60.0,Complete at least 20 more credits. Complete all prerequisite courses. Retake failed courses as soon as possible.
SE1800590,Good,3,7.29,120,50,70,41.67,16.67,50,0,0,0,0,0,5,3,Low,0,False,65.0,Complete at least 50 more credits.
SE1800591,Critical,2,4.48,120,28,92,23.33,14.0,72,6,5,4,2,2,6,24,High,1,False,0.0,Complete at least 72 more credits. Complete all prerequisite courses. Retake failed courses as soon as possible. Improve GPA to remove academic warning.
SE1800592,Average,7,6.63,120,108,12,90.0,15.43,0,2,3,1,0,0,8,6,Medium,0,False,76.0,Complete all prerequisite courses. Retake failed courses as soon as possible.
SE1800593,Good,2,7.58,120,34,86,28.33,17.0,66,1,1,0,0,0,6,5,Low,0,False,52.0,Complete at least 66 more credits. Retake failed courses as soon as possible.
SE1800594,LateStarter,3,6.59,120,50,70,41.67,16.67,50,2,3,2,1,0,5,12,High,1,False,36.0,Complete at least 50 more credits. Complete all prerequisite courses. Retake failed courses as soon as possible. Improve GPA to remove academic warning.
SE1800595,Recovery,5,5.9,120,79,41,65.83,15.8,21,1,4,1,1,0,7,12,High,1,False,57.5,Complete at least 21 more credits. Complete all prerequisite courses. Retake failed courses as soon as possible. Improve GPA to remove academic warning.
SE1800596,Good,5,8.39,120,98,22,81.67,19.6,2,1,1,0,0,0,6,3,Low,0,False,84.0,Complete at least 2 more credits. Retake failed courses as soon as possible.
SE1800597,Average,7,6.49,120,113,7,94.17,16.14,0,2,1,2,0,0,8,6,Medium,0,False,76.5,Complete all prerequisite courses. Retake failed courses as soon as possible.
SE1800598,Good,5,8.16,120,89,31,74.17,17.8,11,1,1,1,0,0,6,5,Low,0,False,73.5,Complete at least 11 more credits. Complete all prerequisite courses. Retake failed courses as soon as possible.
SE1800599,Good,6,7.51,120,107,13,89.17,17.83,0,1,2,0,0,0,7,2,Low,0,True,86.5,Retake failed courses as soon as possible.
SE1800600,Average,3,6.39,120,46,74,38.33,15.33,54,3,3,1,0,0,5,10,Medium,0,False,42.0,Complete at least 54 more credits. Complete all prerequisite courses. Retake failed courses as soon as possible.
SE1800601,Good,3,8.07,120,59,61,49.17,19.67,41,0,1,1,0,0,6,6,Medium,0,False,61.5,Complete at least 41 more credits. Complete all prerequisite courses.
SE1800602,Average,6,6.44,120,92,28,76.67,15.33,8,1,3,0,1,0,7,7,Medium,0,False,72.0,Complete at least 8 more credits. Retake failed courses as soon as possible. Improve GPA to remove academic warning.
SE1800603,Good,6,7.99,120,107,13,89.17,17.83,0,0,2,0,0,0,6,1,Low,0,True,89.5,You are ready for OJT.
SE1800604,Average,1,6.9,120,20,100,16.67,20.0,80,1,2,2,0,0,5,9,Medium,0,False,31.0,Complete at least 80 more credits. Complete all prerequisite courses. Retake failed courses as soon as possible.
SE1800605,Average,7,6.81,120,103,17,85.83,14.71,0,2,2,2,0,0,8,6,Medium,0,False,69.5,Complete all prerequisite courses. Retake failed courses as soon as possible.
SE1800606,Good,5,7.92,120,89,31,74.17,17.8,11,0,1,1,0,0,6,4,Low,0,False,76.5,Complete at least 11 more credits. Complete all prerequisite courses.
SE1800607,LateStarter,5,6.34,120,84,36,70.0,16.8,16,2,3,1,0,0,7,8,Medium,0,False,64.0,Complete at least 16 more credits. Complete all prerequisite courses. Retake failed courses as soon as possible.
SE1800608,Good,4,8.04,120,76,44,63.33,19.0,24,0,1,0,0,0,5,3,Low,0,False,76.0,Complete at least 24 more credits.
SE1800609,AtRisk,5,5.37,120,73,47,60.83,14.6,27,3,6,1,1,0,6,14,High,1,False,44.5,Complete at least 27 more credits. Complete all prerequisite courses. Retake failed courses as soon as possible. Improve GPA to remove academic warning.
SE1800610,Recovery,5,6.39,120,82,38,68.33,16.4,18,2,4,1,0,0,6,8,Medium,0,False,61.0,Complete at least 18 more credits. Complete all prerequisite courses. Retake failed courses as soon as possible.
SE1800611,Average,4,6.41,120,65,55,54.17,16.25,35,3,1,2,0,0,5,10,Medium,0,False,49.5,Complete at least 35 more credits. Complete all prerequisite courses. Retake failed courses as soon as possible.
SE1800612,Average,6,6.34,120,92,28,76.67,15.33,8,3,2,0,0,0,7,5,Low,0,False,73.0,Complete at least 8 more credits. Retake failed courses as soon as possible.
SE1800613,Critical,8,4.26,120,102,18,85.0,12.75,0,6,7,2,2,1,8,18,High,1,False,29.0,Complete all prerequisite courses. Retake failed courses as soon as possible. Improve GPA to remove academic warning.
SE1800614,AtRisk,5,5.96,120,83,37,69.17,16.6,17,4,4,1,1,0,7,13,High,1,False,50.5,Complete at least 17 more credits. Complete all prerequisite courses. Retake failed courses as soon as possible. Improve GPA to remove academic warning.
SE1800615,Good,4,7.5,120,80,40,66.67,20.0,20,1,0,0,0,0,5,3,Low,0,False,77.0,Complete at least 20 more credits. Retake failed courses as soon as possible.
SE1800616,AtRisk,4,5.11,120,57,63,47.5,14.25,43,5,6,3,2,1,5,21,High,1,False,5.5,Complete at least 43 more credits. Complete all prerequisite courses. Retake failed courses as soon as possible. Improve GPA to remove academic warning.
SE1800617,AtRisk,6,5.23,120,85,35,70.83,14.17,15,4,4,1,1,1,6,14,High,1,False,43.5,Complete at least 15 more credits. Complete all prerequisite courses. Retake failed courses as soon as possible. Improve GPA to remove academic warning.
SE1800618,Good,3,7.7,120,57,63,47.5,19.0,43,0,1,0,0,0,5,4,Low,0,False,66.5,Complete at least 43 more credits.
SE1800619,Good,2,8.07,120,44,76,36.67,22.0,56,1,1,0,0,0,5,5,Low,0,False,57.0,Complete at least 56 more credits. Retake failed courses as soon as possible.
SE1800620,Average,2,6.14,120,37,83,30.83,18.5,63,2,4,0,1,0,6,9,Medium,0,False,39.5,Complete at least 63 more credits. Retake failed courses as soon as possible. Improve GPA to remove academic warning.
SE1800621,Average,6,6.63,120,97,23,80.83,16.17,3,3,2,0,1,0,6,7,Medium,0,False,70.5,Complete at least 3 more credits. Retake failed courses as soon as possible. Improve GPA to remove academic warning.
SE1800622,Average,6,6.28,120,105,15,87.5,17.5,0,3,2,0,1,0,6,6,Medium,0,True,74.5,Retake failed courses as soon as possible. Improve GPA to remove academic warning.
SE1800623,Critical,5,3.72,120,73,47,60.83,14.6,27,5,8,2,2,2,6,22,High,1,False,7.5,Complete at least 27 more credits. Complete all prerequisite courses. Retake failed courses as soon as possible. Improve GPA to remove academic warning.
SE1800624,Average,4,6.8,120,63,57,52.5,15.75,37,2,4,0,0,0,6,7,Medium,0,False,57.5,Complete at least 37 more credits. Retake failed courses as soon as possible.
SE1800625,Recovery,2,6.1,120,38,82,31.67,19.0,62,1,2,1,1,0,6,10,Medium,0,False,41.0,Complete at least 62 more credits. Complete all prerequisite courses. Retake failed courses as soon as possible. Improve GPA to remove academic warning.
SE1800626,Critical,5,3.54,120,69,51,57.5,13.8,31,8,6,4,3,1,7,22,High,1,False,0.0,Complete at least 31 more credits. Complete all prerequisite courses. Retake failed courses as soon as possible. Improve GPA to remove academic warning.
SE1800627,Average,5,6.0,120,82,38,68.33,16.4,18,2,3,2,0,0,7,9,Medium,0,False,57.0,Complete at least 18 more credits. Complete all prerequisite courses. Retake failed courses as soon as possible.
SE1800628,AtRisk,5,5.61,120,74,46,61.67,14.8,26,5,3,3,2,0,7,17,High,1,False,28.0,Complete at least 26 more credits. Complete all prerequisite courses. Retake failed courses as soon as possible. Improve GPA to remove academic warning.
SE1800629,Critical,2,4.04,120,27,93,22.5,13.5,73,5,7,3,2,1,5,22,High,1,False,0.0,Complete at least 73 more credits. Complete all prerequisite courses. Retake failed courses as soon as possible. Improve GPA to remove academic warning.
SE1800630,Good,4,7.8,120,78,42,65.0,19.5,22,1,2,0,0,0,6,4,Low,0,False,72.0,Complete at least 22 more credits. Retake failed courses as soon as possible.
SE1800631,Critical,4,4.13,120,41,79,34.17,10.25,59,5,7,3,3,2,5,24,High,1,False,0.0,Complete at least 59 more credits. Complete all prerequisite courses. Retake failed courses as soon as possible. Improve GPA to remove academic warning.
SE1800632,Average,4,6.82,120,69,51,57.5,17.25,31,2,3,2,0,0,6,10,Medium,0,False,50.5,Complete at least 31 more credits. Complete all prerequisite courses. Retake failed courses as soon as possible.
SE1800633,Excellent,4,8.77,120,73,47,60.83,18.25,27,0,0,0,0,0,6,2,Low,0,False,76.5,Complete at least 27 more credits.
SE1800634,Good,3,8.42,120,50,70,41.67,16.67,50,1,1,0,0,0,6,5,Low,0,False,60.0,Complete at least 50 more credits. Retake failed courses as soon as possible.
SE1800635,Average,5,6.29,120,82,38,68.33,16.4,18,1,2,2,1,0,7,10,Medium,0,False,57.0,Complete at least 18 more credits. Complete all prerequisite courses. Retake failed courses as soon as possible. Improve GPA to remove academic warning.
SE1800636,Average,6,6.48,120,108,12,90.0,18.0,0,3,4,1,1,0,7,9,Medium,0,False,66.0,Complete all prerequisite courses. Retake failed courses as soon as possible. Improve GPA to remove academic warning.
SE1800637,Good,3,7.72,120,54,66,45.0,18.0,46,0,0,1,0,0,5,5,Low,0,False,61.0,Complete at least 46 more credits. Complete all prerequisite courses.
SE1800638,Average,3,6.53,120,47,73,39.17,15.67,53,1,2,0,0,0,5,6,Medium,0,False,56.5,Complete at least 53 more credits. Retake failed courses as soon as possible.
SE1800639,LateStarter,5,6.64,120,89,31,74.17,17.8,11,2,3,2,0,0,7,8,Medium,0,False,60.5,Complete at least 11 more credits. Complete all prerequisite courses. Retake failed courses as soon as possible.
SE1800640,Good,4,8.45,120,76,44,63.33,19.0,24,1,0,0,0,0,5,3,Low,0,False,75.0,Complete at least 24 more credits. Retake failed courses as soon as possible.
SE1800641,Recovery,7,5.96,120,113,7,94.17,16.14,0,2,4,1,1,0,8,10,Medium,0,False,71.5,Complete all prerequisite courses. Retake failed courses as soon as possible. Improve GPA to remove academic warning.
SE1800642,LateStarter,5,7.19,120,82,38,68.33,16.4,18,4,5,1,0,0,6,9,Medium,0,False,53.0,Complete at least 18 more credits. Complete all prerequisite courses. Retake failed courses as soon as possible.
SE1800643,Good,5,7.46,120,94,26,78.33,18.8,6,0,1,1,0,0,6,4,Low,0,False,79.0,Complete at least 6 more credits. Complete all prerequisite courses.
SE1800644,Average,3,6.52,120,57,63,47.5,19.0,43,2,2,0,0,0,5,6,Medium,0,False,58.5,Complete at least 43 more credits. Retake failed courses as soon as possible.
SE1800645,LateStarter,4,6.69,120,71,49,59.17,17.75,29,2,4,1,0,0,6,8,Medium,0,False,55.5,Complete at least 29 more credits. Complete all prerequisite courses. Retake failed courses as soon as possible.
SE1800646,Good,1,7.51,120,20,100,16.67,20.0,80,1,2,0,0,0,6,5,Low,0,False,43.0,Complete at least 80 more credits. Retake failed courses as soon as possible.
SE1800647,AtRisk,3,5.8,120,50,70,41.67,16.67,50,4,6,1,1,0,5,15,High,1,False,30.0,Complete at least 50 more credits. Complete all prerequisite courses. Retake failed courses as soon as possible. Improve GPA to remove academic warning.
SE1800648,Good,8,7.78,120,117,3,97.5,14.62,0,0,2,1,0,0,8,3,Low,0,False,88.5,Complete all prerequisite courses.
SE1800649,Average,7,6.41,120,114,6,95.0,16.29,0,3,2,0,0,0,8,4,Low,0,True,84.0,Retake failed courses as soon as possible.
SE1800650,Good,4,8.23,120,72,48,60.0,18.0,28,1,1,1,0,0,5,6,Medium,0,False,65.0,Complete at least 28 more credits. Complete all prerequisite courses. Retake failed courses as soon as possible.
SE1800651,Good,3,7.95,120,60,60,50.0,20.0,40,1,0,1,0,0,6,6,Medium,0,False,61.0,Complete at least 40 more credits. Complete all prerequisite courses. Retake failed courses as soon as possible.
SE1800652,Recovery,5,5.83,120,90,30,75.0,18.0,10,2,3,0,1,0,7,9,Medium,0,False,68.0,Complete at least 10 more credits. Retake failed courses as soon as possible. Improve GPA to remove academic warning.
SE1800653,Critical,5,4.21,120,58,62,48.33,11.6,42,7,5,3,2,1,6,22,High,1,False,2.0,Complete at least 42 more credits. Complete all prerequisite courses. Retake failed courses as soon as possible. Improve GPA to remove academic warning.
SE1800654,Good,6,7.2,120,102,18,85.0,17.0,0,0,1,1,0,0,6,3,Low,0,False,83.0,Complete all prerequisite courses.
SE1800655,Good,4,8.4,120,76,44,63.33,19.0,24,0,2,0,0,0,6,3,Low,0,False,74.0,Complete at least 24 more credits.
SE1800656,Critical,6,4.52,120,74,46,61.67,12.33,26,7,7,2,3,1,6,20,High,1,False,7.0,Complete at least 26 more credits. Complete all prerequisite courses. Retake failed courses as soon as possible. Improve GPA to remove academic warning.
SE1800657,Good,3,8.16,120,56,64,46.67,18.67,44,1,0,0,0,0,5,4,Low,0,False,65.0,Complete at least 44 more credits. Retake failed courses as soon as possible.
SE1800658,AtRisk,6,5.55,120,98,22,81.67,16.33,2,5,3,2,2,0,6,15,High,1,False,46.0,Complete at least 2 more credits. Complete all prerequisite courses. Retake failed courses as soon as possible. Improve GPA to remove academic warning.
SE1800659,AtRisk,7,5.47,120,101,19,84.17,14.43,0,5,5,1,2,1,8,16,High,1,False,41.5,Complete all prerequisite courses. Retake failed courses as soon as possible. Improve GPA to remove academic warning.
SE1800660,Good,3,8.11,120,51,69,42.5,17.0,49,0,0,0,0,0,5,3,Low,0,False,65.5,Complete at least 49 more credits.
SE1800661,Good,8,7.63,120,113,7,94.17,14.12,0,0,0,1,0,0,8,2,Low,0,False,90.5,Complete all prerequisite courses.
SE1800662,Good,1,7.98,120,22,98,18.33,22.0,78,0,1,0,0,0,5,4,Low,0,False,49.0,Complete at least 78 more credits.
SE1800663,Good,1,7.14,120,18,102,15.0,18.0,82,0,2,0,0,0,5,4,Low,0,False,45.0,Complete at least 82 more credits.
SE1800664,Excellent,6,9.91,120,114,6,95.0,19.0,0,0,0,0,0,0,6,0,Low,0,True,97.0,You are ready for OJT.
SE1800665,AtRisk,5,5.52,120,74,46,61.67,14.8,26,4,4,3,1,0,6,15,High,1,False,34.0,Complete at least 26 more credits. Complete all prerequisite courses. Retake failed courses as soon as possible. Improve GPA to remove academic warning.
SE1800666,Recovery,6,6.27,120,101,19,84.17,16.83,0,1,3,0,0,0,7,4,Low,0,True,81.5,Retake failed courses as soon as possible.
SE1800667,Average,4,6.4,120,70,50,58.33,17.5,30,1,4,0,0,0,6,6,Medium,0,False,64.0,Complete at least 30 more credits. Retake failed courses as soon as possible.
SE1800668,AtRisk,5,5.04,120,78,42,65.0,15.6,22,4,3,2,2,1,7,17,High,1,False,31.0,Complete at least 22 more credits. Complete all prerequisite courses. Retake failed courses as soon as possible. Improve GPA to remove academic warning.
SE1800669,Average,6,6.22,120,105,15,87.5,17.5,0,2,4,0,0,0,7,4,Low,0,True,78.5,Retake failed courses as soon as possible.
SE1800670,Good,8,7.73,120,113,7,94.17,14.12,0,1,1,0,0,0,8,2,Low,0,True,91.5,Retake failed courses as soon as possible.
SE1800671,Good,5,8.46,120,99,21,82.5,19.8,1,0,0,1,0,0,6,3,Low,0,False,83.5,Complete at least 1 more credits. Complete all prerequisite courses.
SE1800672,Average,8,6.12,120,114,6,95.0,14.25,0,3,4,1,1,0,8,9,Medium,0,False,69.0,Complete all prerequisite courses. Retake failed courses as soon as possible. Improve GPA to remove academic warning.
SE1800673,Good,5,8.42,120,95,25,79.17,19.0,5,1,0,1,0,0,7,4,Low,0,False,78.5,Complete at least 5 more credits. Complete all prerequisite courses. Retake failed courses as soon as possible.
SE1800674,Average,3,6.93,120,45,75,37.5,15.0,55,1,1,0,1,0,5,8,Medium,0,False,52.5,Complete at least 55 more credits. Retake failed courses as soon as possible. Improve GPA to remove academic warning.
SE1800675,Good,5,7.23,120,97,23,80.83,19.4,3,0,0,1,0,0,7,3,Low,0,False,82.5,Complete at least 3 more credits. Complete all prerequisite courses.
SE1800676,Average,4,6.26,120,70,50,58.33,17.5,30,3,1,0,1,0,6,8,Medium,0,False,59.0,Complete at least 30 more credits. Retake failed courses as soon as possible. Improve GPA to remove academic warning.
SE1800677,Average,6,6.44,120,93,27,77.5,15.5,7,1,2,2,1,0,7,9,Medium,0,False,62.5,Complete at least 7 more credits. Complete all prerequisite courses. Retake failed courses as soon as possible. Improve GPA to remove academic warning.
SE1800678,Average,3,6.39,120,57,63,47.5,19.0,43,1,4,2,1,0,5,12,High,1,False,40.5,Complete at least 43 more credits. Complete all prerequisite courses. Retake failed courses as soon as possible. Improve GPA to remove academic warning.
SE1800679,Average,4,6.49,120,72,48,60.0,18.0,28,3,3,1,1,0,5,11,High,1,False,50.0,Complete at least 28 more credits. Complete all prerequisite courses. Retake failed courses as soon as possible. Improve GPA to remove academic warning.
SE1800680,Average,2,6.36,120,42,78,35.0,21.0,58,3,1,2,1,0,5,12,High,1,False,33.0,Complete at least 58 more credits. Complete all prerequisite courses. Retake failed courses as soon as possible. Improve GPA to remove academic warning.
SE1800681,Average,8,6.41,120,108,12,90.0,13.5,0,3,2,0,0,0,8,4,Low,0,True,81.0,Retake failed courses as soon as possible.
SE1800682,Average,7,6.06,120,109,11,90.83,15.57,0,1,3,0,0,0,8,4,Low,0,True,85.5,Retake failed courses as soon as possible.
SE1800683,Excellent,5,9.13,120,103,17,85.83,20.6,0,0,0,0,0,0,7,0,Low,0,True,91.5,You are ready for OJT.
SE1800684,Average,3,6.1,120,52,68,43.33,17.33,48,1,2,1,1,0,5,10,Medium,0,False,48.0,Complete at least 48 more credits. Complete all prerequisite courses. Retake failed courses as soon as possible. Improve GPA to remove academic warning.
SE1800685,Average,4,6.43,120,75,45,62.5,18.75,25,3,1,2,0,0,6,9,Medium,0,False,54.5,Complete at least 25 more credits. Complete all prerequisite courses. Retake failed courses as soon as possible.
SE1800686,Excellent,8,9.1,120,116,4,96.67,14.5,0,0,0,0,0,0,8,0,Low,0,True,98.0,You are ready for OJT.
SE1800687,Average,4,6.42,120,71,49,59.17,17.75,29,1,3,2,1,0,6,11,High,1,False,49.5,Complete at least 29 more credits. Complete all prerequisite courses. Retake failed courses as soon as possible. Improve GPA to remove academic warning.
SE1800688,Good,4,7.93,120,75,45,62.5,18.75,25,0,0,0,0,0,6,2,Low,0,False,77.5,Complete at least 25 more credits.
SE1800689,Good,5,8.21,120,100,20,83.33,20.0,0,1,2,0,0,0,7,2,Low,0,True,83.0,Retake failed courses as soon as possible.
SE1800690,Good,3,8.02,120,54,66,45.0,18.0,46,1,1,1,0,0,6,7,Medium,0,False,56.0,Complete at least 46 more credits. Complete all prerequisite courses. Retake failed courses as soon as possible.
SE1800691,Good,3,7.24,120,60,60,50.0,20.0,40,0,1,0,0,0,5,4,Low,0,False,68.0,Complete at least 40 more credits.
SE1800692,Excellent,6,8.97,120,112,8,93.33,18.67,0,0,0,0,0,0,7,0,Low,0,True,96.0,You are ready for OJT.
SE1800693,Good,3,8.2,120,60,60,50.0,20.0,40,0,2,0,0,0,5,4,Low,0,False,66.0,Complete at least 40 more credits.
SE1800694,Critical,2,4.4,120,19,101,15.83,9.5,81,8,7,4,2,2,5,24,High,1,False,0.0,Complete at least 81 more credits. Complete all prerequisite courses. Retake failed courses as soon as possible. Improve GPA to remove academic warning.
SE1800695,Good,5,7.75,120,89,31,74.17,17.8,11,1,1,0,0,0,7,3,Low,0,False,79.5,Complete at least 11 more credits. Retake failed courses as soon as possible.
SE1800696,Good,5,7.58,120,99,21,82.5,19.8,1,0,1,0,0,0,6,2,Low,0,False,87.5,Complete at least 1 more credits.
SE1800697,Good,3,7.61,120,63,57,52.5,21.0,37,0,1,1,0,0,6,6,Medium,0,False,63.5,Complete at least 37 more credits. Complete all prerequisite courses.
SE1800698,Average,3,6.27,120,57,63,47.5,19.0,43,1,3,1,1,0,5,11,High,1,False,48.5,Complete at least 43 more credits. Complete all prerequisite courses. Retake failed courses as soon as possible. Improve GPA to remove academic warning.
SE1800699,Average,7,6.03,120,101,19,84.17,14.43,0,3,2,1,1,0,8,8,Medium,0,False,66.5,Complete all prerequisite courses. Retake failed courses as soon as possible. Improve GPA to remove academic warning.
SE1800700,Average,5,6.89,120,83,37,69.17,16.6,17,3,2,1,1,0,7,10,Medium,0,False,57.5,Complete at least 17 more credits. Complete all prerequisite courses. Retake failed courses as soon as possible. Improve GPA to remove academic warning.
SE1800701,Recovery,7,6.1,120,114,6,95.0,16.29,0,1,3,0,0,0,8,4,Low,0,True,88.0,Retake failed courses as soon as possible.
SE1800702,Average,6,6.76,120,105,15,87.5,17.5,0,1,3,0,1,0,7,6,Medium,0,True,78.5,Retake failed courses as soon as possible. Improve GPA to remove academic warning.
SE1800703,Recovery,4,6.22,120,72,48,60.0,18.0,28,1,2,1,0,0,6,7,Medium,0,False,63.0,Complete at least 28 more credits. Complete all prerequisite courses. Retake failed courses as soon as possible.
SE1800704,Average,6,6.73,120,106,14,88.33,17.67,0,3,1,0,0,0,6,4,Low,0,True,82.0,Retake failed courses as soon as possible.
SE1800705,Excellent,3,8.96,120,63,57,52.5,21.0,37,0,0,0,0,0,6,3,Low,0,False,71.5,Complete at least 37 more credits.
SE1800706,AtRisk,3,5.47,120,47,73,39.17,15.67,53,3,5,1,2,1,5,18,High,1,False,20.5,Complete at least 53 more credits. Complete all prerequisite courses. Retake failed courses as soon as possible. Improve GPA to remove academic warning.
SE1800707,Excellent,4,9.09,120,78,42,65.0,19.5,22,0,0,0,0,0,6,2,Low,0,False,79.0,Complete at least 22 more credits.
SE1800708,Good,5,7.25,120,94,26,78.33,18.8,6,1,2,1,0,0,7,5,Low,0,False,74.0,Complete at least 6 more credits. Complete all prerequisite courses. Retake failed courses as soon as possible.
SE1800709,Good,5,7.02,120,96,24,80.0,19.2,4,1,1,1,0,0,6,5,Low,0,False,77.0,Complete at least 4 more credits. Complete all prerequisite courses. Retake failed courses as soon as possible.
SE1800710,Good,6,8.17,120,104,16,86.67,17.33,0,1,1,0,0,0,6,2,Low,0,True,87.0,Retake failed courses as soon as possible.
SE1800711,LateStarter,3,6.88,120,48,72,40.0,16.0,52,2,5,0,0,0,6,8,Medium,0,False,48.0,Complete at least 52 more credits. Retake failed courses as soon as possible.
SE1800712,Good,4,7.37,120,77,43,64.17,19.25,23,1,0,0,0,0,6,3,Low,0,False,75.5,Complete at least 23 more credits. Retake failed courses as soon as possible.
SE1800713,LateStarter,4,6.41,120,67,53,55.83,16.75,33,4,5,2,1,0,5,14,High,1,False,34.5,Complete at least 33 more credits. Complete all prerequisite courses. Retake failed courses as soon as possible. Improve GPA to remove academic warning.
SE1800714,Average,2,6.92,120,37,83,30.83,18.5,63,2,1,0,1,0,6,8,Medium,0,False,45.5,Complete at least 63 more credits. Retake failed courses as soon as possible. Improve GPA to remove academic warning.
SE1800715,LateStarter,5,6.33,120,95,25,79.17,19.0,5,2,3,1,0,0,7,7,Medium,0,False,69.5,Complete at least 5 more credits. Complete all prerequisite courses. Retake failed courses as soon as possible.
SE1800716,Critical,2,3.97,120,26,94,21.67,13.0,74,8,6,3,2,2,5,24,High,1,False,0.0,Complete at least 74 more credits. Complete all prerequisite courses. Retake failed courses as soon as possible. Improve GPA to remove academic warning.
SE1800717,LateStarter,4,7.17,120,63,57,52.5,15.75,37,4,4,1,1,0,6,11,High,1,False,40.5,Complete at least 37 more credits. Complete all prerequisite courses. Retake failed courses as soon as possible. Improve GPA to remove academic warning.
SE1800718,Average,4,6.16,120,75,45,62.5,18.75,25,1,4,0,0,0,5,6,Medium,0,False,66.5,Complete at least 25 more credits. Retake failed courses as soon as possible.
SE1800719,Good,1,7.39,120,21,99,17.5,21.0,79,1,0,1,0,0,6,6,Medium,0,False,41.5,Complete at least 79 more credits. Complete all prerequisite courses. Retake failed courses as soon as possible.
SE1800720,LateStarter,5,6.66,120,81,39,67.5,16.2,19,4,3,0,1,0,6,9,Medium,0,False,57.5,Complete at least 19 more credits. Retake failed courses as soon as possible. Improve GPA to remove academic warning.
SE1800721,Critical,3,3.75,120,36,84,30.0,12.0,64,7,6,4,2,1,6,22,High,1,False,0.0,Complete at least 64 more credits. Complete all prerequisite courses. Retake failed courses as soon as possible. Improve GPA to remove academic warning.
SE1800722,Recovery,3,6.3,120,43,77,35.83,14.33,57,2,2,1,0,0,6,8,Medium,0,False,45.5,Complete at least 57 more credits. Complete all prerequisite courses. Retake failed courses as soon as possible.
SE1800723,Average,7,6.83,120,104,16,86.67,14.86,0,1,1,1,1,0,8,7,Medium,0,False,76.0,Complete all prerequisite courses. Retake failed courses as soon as possible. Improve GPA to remove academic warning.
SE1800724,Average,3,6.65,120,50,70,41.67,16.67,50,1,4,1,0,0,5,9,Medium,0,False,48.0,Complete at least 50 more credits. Complete all prerequisite courses. Retake failed courses as soon as possible.
SE1800725,AtRisk,3,5.79,120,47,73,39.17,15.67,53,3,6,1,2,1,5,18,High,1,False,18.5,Complete at least 53 more credits. Complete all prerequisite courses. Retake failed courses as soon as possible. Improve GPA to remove academic warning.
SE1800726,Good,6,7.59,120,100,20,83.33,16.67,0,0,0,1,0,0,6,2,Low,0,False,84.0,Complete all prerequisite courses.
SE1800727,Good,4,7.64,120,80,40,66.67,20.0,20,1,2,0,0,0,6,4,Low,0,False,73.0,Complete at least 20 more credits. Retake failed courses as soon as possible.
SE1800728,Average,4,6.88,120,75,45,62.5,18.75,25,2,4,0,1,0,5,8,Medium,0,False,58.5,Complete at least 25 more credits. Retake failed courses as soon as possible. Improve GPA to remove academic warning.
SE1800729,Average,4,6.04,120,70,50,58.33,17.5,30,2,2,2,0,0,5,8,Medium,0,False,53.0,Complete at least 30 more credits. Complete all prerequisite courses. Retake failed courses as soon as possible.
SE1800730,Good,4,8.35,120,75,45,62.5,18.75,25,1,0,0,0,0,6,3,Low,0,False,74.5,Complete at least 25 more credits. Retake failed courses as soon as possible.
SE1800731,Good,1,7.11,120,18,102,15.0,18.0,82,0,2,1,0,0,6,6,Medium,0,False,39.0,Complete at least 82 more credits. Complete all prerequisite courses.
SE1800732,Average,5,6.25,120,88,32,73.33,17.6,12,3,1,2,0,0,7,8,Medium,0,False,61.0,Complete at least 12 more credits. Complete all prerequisite courses. Retake failed courses as soon as possible.
SE1800733,Good,3,7.59,120,51,69,42.5,17.0,49,1,2,1,0,0,6,7,Medium,0,False,52.5,Complete at least 49 more credits. Complete all prerequisite courses. Retake failed courses as soon as possible.
SE1800734,Average,3,6.96,120,58,62,48.33,19.33,42,1,2,0,0,0,5,6,Medium,0,False,62.0,Complete at least 42 more credits. Retake failed courses as soon as possible.
SE1800735,Average,1,6.39,120,16,104,13.33,16.0,84,1,4,1,1,0,6,11,High,1,False,26.0,Complete at least 84 more credits. Complete all prerequisite courses. Retake failed courses as soon as possible. Improve GPA to remove academic warning.
SE1800736,Average,8,6.36,120,118,2,98.33,14.75,0,3,4,1,0,0,8,7,Medium,0,False,76.0,Complete all prerequisite courses. Retake failed courses as soon as possible.
SE1800737,Good,3,8.22,120,61,59,50.83,20.33,39,0,0,0,0,0,5,3,Low,0,False,70.5,Complete at least 39 more credits.
SE1800738,Average,5,6.78,120,86,34,71.67,17.2,14,1,3,1,0,0,7,7,Medium,0,False,68.0,Complete at least 14 more credits. Complete all prerequisite courses. Retake failed courses as soon as possible.
SE1800739,Excellent,3,8.73,120,65,55,54.17,21.67,35,0,0,0,0,0,5,3,Low,0,False,72.5,Complete at least 35 more credits.
SE1800740,Good,5,8.24,120,88,32,73.33,17.6,12,1,0,0,0,0,7,2,Low,0,False,81.0,Complete at least 12 more credits. Retake failed courses as soon as possible.
SE1800741,AtRisk,5,5.55,120,77,43,64.17,15.4,23,3,6,2,2,1,6,18,High,1,False,27.5,Complete at least 23 more credits. Complete all prerequisite courses. Retake failed courses as soon as possible. Improve GPA to remove academic warning.
SE1800742,AtRisk,4,5.42,120,60,60,50.0,15.0,40,5,3,2,2,1,5,19,High,1,False,19.0,Complete at least 40 more credits. Complete all prerequisite courses. Retake failed courses as soon as possible. Improve GPA to remove academic warning.
SE1800743,Average,7,6.34,120,113,7,94.17,16.14,0,1,2,1,0,0,8,5,Low,0,False,83.5,Complete all prerequisite courses. Retake failed courses as soon as possible.
SE1800744,Good,3,7.33,120,64,56,53.33,21.33,36,1,2,1,0,0,6,7,Medium,0,False,59.0,Complete at least 36 more credits. Complete all prerequisite courses. Retake failed courses as soon as possible.
SE1800745,LateStarter,6,6.87,120,103,17,85.83,17.17,0,3,3,2,0,0,6,8,Medium,0,False,64.5,Complete all prerequisite courses. Retake failed courses as soon as possible.
SE1800746,Average,2,6.2,120,39,81,32.5,19.5,61,2,1,1,1,0,5,10,Medium,0,False,40.5,Complete at least 61 more credits. Complete all prerequisite courses. Retake failed courses as soon as possible. Improve GPA to remove academic warning.
SE1800747,Good,1,7.03,120,20,100,16.67,20.0,80,1,2,0,0,0,5,5,Low,0,False,43.0,Complete at least 80 more credits. Retake failed courses as soon as possible.
SE1800748,Good,2,7.34,120,42,78,35.0,21.0,58,0,1,1,0,0,5,6,Medium,0,False,53.0,Complete at least 58 more credits. Complete all prerequisite courses.
SE1800749,AtRisk,5,5.89,120,84,36,70.0,16.8,16,5,3,3,1,1,7,18,High,1,False,30.0,Complete at least 16 more credits. Complete all prerequisite courses. Retake failed courses as soon as possible. Improve GPA to remove academic warning.
SE1800750,LateStarter,5,7.17,120,81,39,67.5,16.2,19,4,2,2,0,0,6,8,Medium,0,False,52.5,Complete at least 19 more credits. Complete all prerequisite courses. Retake failed courses as soon as possible.
SE1800751,Critical,7,3.73,120,87,33,72.5,12.43,13,8,8,4,2,1,8,20,High,1,False,1.5,Complete at least 13 more credits. Complete all prerequisite courses. Retake failed courses as soon as possible. Improve GPA to remove academic warning.
SE1800752,Average,4,6.14,120,66,54,55.0,16.5,34,2,4,0,0,0,6,7,Medium,0,False,59.0,Complete at least 34 more credits. Retake failed courses as soon as possible.
SE1800753,Good,3,7.4,120,61,59,50.83,20.33,39,1,1,0,0,0,5,5,Low,0,False,65.5,Complete at least 39 more credits. Retake failed courses as soon as possible.
SE1800754,Good,4,8.37,120,82,38,68.33,20.5,18,1,2,1,0,0,5,6,Medium,0,False,68.0,Complete at least 18 more credits. Complete all prerequisite courses. Retake failed courses as soon as possible.
SE1800755,AtRisk,5,5.51,120,70,50,58.33,14.0,30,3,5,2,2,0,7,16,High,1,False,34.0,Complete at least 30 more credits. Complete all prerequisite courses. Retake failed courses as soon as possible. Improve GPA to remove academic warning.
SE1800756,Excellent,5,9.49,120,94,26,78.33,18.8,6,0,0,0,0,0,7,1,Low,0,False,87.0,Complete at least 6 more credits.
SE1800757,Recovery,1,6.08,120,19,101,15.83,19.0,81,1,4,1,1,0,6,11,High,1,False,27.5,Complete at least 81 more credits. Complete all prerequisite courses. Retake failed courses as soon as possible. Improve GPA to remove academic warning.
SE1800758,Average,6,6.77,120,104,16,86.67,17.33,0,1,3,0,0,0,7,4,Low,0,True,83.0,Retake failed courses as soon as possible.
SE1800759,AtRisk,5,5.12,120,85,35,70.83,17.0,15,4,4,1,2,1,6,15,High,1,False,38.5,Complete at least 15 more credits. Complete all prerequisite courses. Retake failed courses as soon as possible. Improve GPA to remove academic warning.
SE1800760,Excellent,6,9.31,120,109,11,90.83,18.17,0,0,0,0,0,0,7,0,Low,0,True,94.5,You are ready for OJT.
SE1800761,Good,4,7.18,120,80,40,66.67,20.0,20,0,1,1,0,0,6,5,Low,0,False,72.0,Complete at least 20 more credits. Complete all prerequisite courses.
SE1800762,LateStarter,6,7.19,120,99,21,82.5,16.5,1,3,4,1,0,0,6,7,Medium,0,False,66.5,Complete at least 1 more credits. Complete all prerequisite courses. Retake failed courses as soon as possible.
SE1800763,Good,4,7.29,120,80,40,66.67,20.0,20,1,1,0,0,0,6,4,Low,0,False,75.0,Complete at least 20 more credits. Retake failed courses as soon as possible.
SE1800764,Excellent,2,9.83,120,43,77,35.83,21.5,57,0,0,0,0,0,6,3,Low,0,False,61.5,Complete at least 57 more credits.
SE1800765,Critical,5,4.45,120,69,51,57.5,13.8,31,8,8,2,2,1,7,21,High,1,False,4.5,Complete at least 31 more credits. Complete all prerequisite courses. Retake failed courses as soon as possible. Improve GPA to remove academic warning.
SE1800766,AtRisk,2,5.7,120,32,88,26.67,16.0,68,3,4,2,2,0,5,16,High,1,False,17.0,Complete at least 68 more credits. Complete all prerequisite courses. Retake failed courses as soon as possible. Improve GPA to remove academic warning.
SE1800767,Recovery,4,6.75,120,67,53,55.83,16.75,33,2,2,0,1,0,5,8,Medium,0,False,58.5,Complete at least 33 more credits. Retake failed courses as soon as possible. Improve GPA to remove academic warning.
SE1800768,Average,2,6.3,120,35,85,29.17,17.5,65,2,3,1,0,0,5,9,Medium,0,False,39.5,Complete at least 65 more credits. Complete all prerequisite courses. Retake failed courses as soon as possible.
SE1800769,AtRisk,4,5.93,120,59,61,49.17,14.75,41,4,4,1,2,0,5,15,High,1,False,33.5,Complete at least 41 more credits. Complete all prerequisite courses. Retake failed courses as soon as possible. Improve GPA to remove academic warning.
SE1800770,Average,2,6.04,120,37,83,30.83,18.5,63,3,3,2,1,0,6,13,High,1,False,26.5,Complete at least 63 more credits. Complete all prerequisite courses. Retake failed courses as soon as possible. Improve GPA to remove academic warning.
SE1800771,Average,5,6.6,120,84,36,70.0,16.8,16,3,4,1,1,0,7,11,High,1,False,54.0,Complete at least 16 more credits. Complete all prerequisite courses. Retake failed courses as soon as possible. Improve GPA to remove academic warning.
SE1800772,Excellent,5,9.44,120,102,18,85.0,20.4,0,0,0,0,0,0,7,0,Low,0,True,91.0,You are ready for OJT.
SE1800773,Average,6,6.7,120,101,19,84.17,16.83,0,3,1,2,0,0,6,7,Medium,0,False,67.5,Complete all prerequisite courses. Retake failed courses as soon as possible.
SE1800774,LateStarter,4,6.95,120,71,49,59.17,17.75,29,2,2,2,0,0,6,8,Medium,0,False,53.5,Complete at least 29 more credits. Complete all prerequisite courses. Retake failed courses as soon as possible.
SE1800775,AtRisk,3,5.7,120,50,70,41.67,16.67,50,5,6,1,2,1,5,19,High,1,False,14.0,Complete at least 50 more credits. Complete all prerequisite courses. Retake failed courses as soon as possible. Improve GPA to remove academic warning.
SE1800776,Average,7,6.34,120,105,15,87.5,15.0,0,2,1,2,1,0,8,8,Medium,0,False,67.5,Complete all prerequisite courses. Retake failed courses as soon as possible. Improve GPA to remove academic warning.
SE1800777,Good,2,7.15,120,36,84,30.0,18.0,64,1,0,0,0,0,5,4,Low,0,False,55.0,Complete at least 64 more credits. Retake failed courses as soon as possible.
SE1800778,Good,4,7.25,120,77,43,64.17,19.25,23,1,0,0,0,0,6,3,Low,0,False,75.5,Complete at least 23 more credits. Retake failed courses as soon as possible.
SE1800779,Excellent,2,9.84,120,40,80,33.33,20.0,60,0,0,0,0,0,5,3,Low,0,False,60.0,Complete at least 60 more credits.
SE1800780,Average,5,6.38,120,83,37,69.17,16.6,17,2,1,1,1,0,6,9,Medium,0,False,62.5,Complete at least 17 more credits. Complete all prerequisite courses. Retake failed courses as soon as possible. Improve GPA to remove academic warning.
SE1800781,Average,4,6.23,120,60,60,50.0,15.0,40,2,1,0,0,0,6,6,Medium,0,False,62.0,Complete at least 40 more credits. Retake failed courses as soon as possible.
SE1800782,Average,6,6.5,120,96,24,80.0,16.0,4,2,2,0,1,0,6,6,Medium,0,False,73.0,Complete at least 4 more credits. Retake failed courses as soon as possible. Improve GPA to remove academic warning.
SE1800783,Excellent,4,9.74,120,76,44,63.33,19.0,24,0,0,0,0,0,6,2,Low,0,False,78.0,Complete at least 24 more credits.
SE1800784,AtRisk,4,5.35,120,56,64,46.67,14.0,44,5,5,1,1,0,6,16,High,1,False,32.0,Complete at least 44 more credits. Complete all prerequisite courses. Retake failed courses as soon as possible. Improve GPA to remove academic warning.
SE1800785,Excellent,5,9.75,120,98,22,81.67,19.6,2,0,0,0,0,0,7,1,Low,0,False,89.0,Complete at least 2 more credits.
SE1800786,Good,5,7.48,120,91,29,75.83,18.2,9,1,2,1,0,0,6,5,Low,0,False,72.5,Complete at least 9 more credits. Complete all prerequisite courses. Retake failed courses as soon as possible.
SE1800787,Average,1,6.01,120,17,103,14.17,17.0,83,2,4,1,0,0,5,9,Medium,0,False,28.5,Complete at least 83 more credits. Complete all prerequisite courses. Retake failed courses as soon as possible.
SE1800788,Critical,6,4.16,120,68,52,56.67,11.33,32,7,8,4,3,2,6,24,High,1,False,0.0,Complete at least 32 more credits. Complete all prerequisite courses. Retake failed courses as soon as possible. Improve GPA to remove academic warning.
SE1800789,AtRisk,6,5.97,120,85,35,70.83,14.17,15,4,5,1,2,0,6,14,High,1,False,44.5,Complete at least 15 more credits. Complete all prerequisite courses. Retake failed courses as soon as possible. Improve GPA to remove academic warning.
SE1800790,AtRisk,5,5.67,120,79,41,65.83,15.8,21,3,3,3,2,0,6,16,High,1,False,36.5,Complete at least 21 more credits. Complete all prerequisite courses. Retake failed courses as soon as possible. Improve GPA to remove academic warning.
SE1800791,LateStarter,7,6.24,120,109,11,90.83,15.57,0,4,3,0,0,0,8,5,Low,0,True,76.5,Retake failed courses as soon as possible.
SE1800792,Good,3,7.75,120,52,68,43.33,17.33,48,0,2,0,0,0,5,4,Low,0,False,62.0,Complete at least 48 more credits.
SE1800793,Good,7,8.27,120,116,4,96.67,16.57,0,1,0,0,0,0,8,1,Low,0,True,95.0,Retake failed courses as soon as possible.
SE1800794,Excellent,4,9.51,120,82,38,68.33,20.5,18,0,0,0,0,0,5,2,Low,0,False,81.0,Complete at least 18 more credits.
SE1800795,Average,4,6.36,120,61,59,50.83,15.25,39,3,2,0,1,0,6,9,Medium,0,False,52.5,Complete at least 39 more credits. Retake failed courses as soon as possible. Improve GPA to remove academic warning.
SE1800796,Good,4,7.5,120,82,38,68.33,20.5,18,0,2,0,0,0,5,3,Low,0,False,77.0,Complete at least 18 more credits.
SE1800797,Good,3,7.09,120,60,60,50.0,20.0,40,0,0,1,0,0,6,5,Low,0,False,64.0,Complete at least 40 more credits. Complete all prerequisite courses.
SE1800798,AtRisk,3,5.47,120,41,79,34.17,13.67,59,3,5,3,1,0,6,17,High,1,False,18.5,Complete at least 59 more credits. Complete all prerequisite courses. Retake failed courses as soon as possible. Improve GPA to remove academic warning.
SE1800799,AtRisk,5,5.57,120,70,50,58.33,14.0,30,3,3,2,2,0,6,15,High,1,False,38.0,Complete at least 30 more credits. Complete all prerequisite courses. Retake failed courses as soon as possible. Improve GPA to remove academic warning.
SE1800800,Excellent,6,8.58,120,114,6,95.0,19.0,0,0,0,0,0,0,7,0,Low,0,True,97.0,You are ready for OJT.
SE1800801,AtRisk,4,5.61,120,63,57,52.5,15.75,37,3,3,2,2,1,6,18,High,1,False,26.5,Complete at least 37 more credits. Complete all prerequisite courses. Retake failed courses as soon as possible. Improve GPA to remove academic warning.
SE1800802,Critical,5,4.01,120,55,65,45.83,11.0,45,8,7,4,2,1,6,22,High,1,False,0.0,Complete at least 45 more credits. Complete all prerequisite courses. Retake failed courses as soon as possible. Improve GPA to remove academic warning.
SE1800803,Excellent,5,9.39,120,96,24,80.0,19.2,4,0,0,0,0,0,7,1,Low,0,False,88.0,Complete at least 4 more credits.
SE1800804,Good,2,7.07,120,36,84,30.0,18.0,64,1,2,1,0,0,5,7,Medium,0,False,45.0,Complete at least 64 more credits. Complete all prerequisite courses. Retake failed courses as soon as possible.
SE1800805,Good,3,7.51,120,55,65,45.83,18.33,45,0,2,0,0,0,5,4,Low,0,False,63.5,Complete at least 45 more credits.
SE1800806,Average,3,6.2,120,48,72,40.0,16.0,52,1,3,0,1,0,6,9,Medium,0,False,50.0,Complete at least 52 more credits. Retake failed courses as soon as possible. Improve GPA to remove academic warning.
SE1800807,Critical,5,4.0,120,64,56,53.33,12.8,36,8,7,2,2,2,6,23,High,1,False,0.0,Complete at least 36 more credits. Complete all prerequisite courses. Retake failed courses as soon as possible. Improve GPA to remove academic warning.
SE1800808,Average,7,6.63,120,107,13,89.17,15.29,0,2,2,0,1,0,8,5,Low,0,True,78.5,Retake failed courses as soon as possible. Improve GPA to remove academic warning.
SE1800809,AtRisk,4,5.4,120,50,70,41.67,12.5,50,4,3,1,2,0,5,15,High,1,False,31.0,Complete at least 50 more credits. Complete all prerequisite courses. Retake failed courses as soon as possible. Improve GPA to remove academic warning.
SE1800810,Good,4,7.94,120,82,38,68.33,20.5,18,1,0,0,0,0,6,3,Low,0,False,78.0,Complete at least 18 more credits. Retake failed courses as soon as possible.
SE1800811,Good,6,8.07,120,105,15,87.5,17.5,0,0,0,0,0,0,7,0,Low,0,True,92.5,You are ready for OJT.
SE1800812,Recovery,1,6.48,120,18,102,15.0,18.0,82,1,3,0,1,0,5,9,Medium,0,False,35.0,Complete at least 82 more credits. Retake failed courses as soon as possible. Improve GPA to remove academic warning.
SE1800813,Good,4,7.26,120,76,44,63.33,19.0,24,1,2,0,0,0,5,4,Low,0,False,71.0,Complete at least 24 more credits. Retake failed courses as soon as possible.
SE1800814,AtRisk,3,5.37,120,41,79,34.17,13.67,59,4,6,3,1,0,5,17,High,1,False,13.5,Complete at least 59 more credits. Complete all prerequisite courses. Retake failed courses as soon as possible. Improve GPA to remove academic warning.
SE1800815,Critical,3,3.72,120,31,89,25.83,10.33,69,5,7,2,3,1,5,21,High,1,False,0.0,Complete at least 69 more credits. Complete all prerequisite courses. Retake failed courses as soon as possible. Improve GPA to remove academic warning.
SE1800816,AtRisk,6,5.61,120,87,33,72.5,14.5,13,5,6,3,2,1,7,19,High,1,False,20.5,Complete at least 13 more credits. Complete all prerequisite courses. Retake failed courses as soon as possible. Improve GPA to remove academic warning.
SE1800817,Good,5,7.78,120,95,25,79.17,19.0,5,1,1,1,0,0,6,5,Low,0,False,76.5,Complete at least 5 more credits. Complete all prerequisite courses. Retake failed courses as soon as possible.
SE1800818,Good,3,8.29,120,56,64,46.67,18.67,44,0,1,1,0,0,6,6,Medium,0,False,60.0,Complete at least 44 more credits. Complete all prerequisite courses.
SE1800819,Good,2,8.12,120,38,82,31.67,19.0,62,1,2,1,0,0,6,7,Medium,0,False,46.0,Complete at least 62 more credits. Complete all prerequisite courses. Retake failed courses as soon as possible.
SE1800820,Average,4,6.45,120,73,47,60.83,18.25,27,2,3,1,1,0,6,10,Medium,0,False,53.5,Complete at least 27 more credits. Complete all prerequisite courses. Retake failed courses as soon as possible. Improve GPA to remove academic warning.
SE1800821,Excellent,4,8.9,120,73,47,60.83,18.25,27,0,0,0,0,0,5,2,Low,0,False,76.5,Complete at least 27 more credits.
SE1800822,Excellent,2,8.56,120,39,81,32.5,19.5,61,0,0,0,0,0,6,3,Low,0,False,59.5,Complete at least 61 more credits.
SE1800823,Good,5,7.21,120,100,20,83.33,20.0,0,1,0,1,0,0,7,3,Low,0,False,81.0,Complete all prerequisite courses. Retake failed courses as soon as possible.
SE1800824,Recovery,6,6.56,120,90,30,75.0,15.0,10,2,4,0,1,0,6,7,Medium,0,False,66.0,Complete at least 10 more credits. Retake failed courses as soon as possible. Improve GPA to remove academic warning.
SE1800825,AtRisk,3,5.23,120,45,75,37.5,15.0,55,5,6,3,2,1,5,21,High,1,False,0.0,Complete at least 55 more credits. Complete all prerequisite courses. Retake failed courses as soon as possible. Improve GPA to remove academic warning.
SE1800826,Good,3,8.15,120,61,59,50.83,20.33,39,1,0,1,0,0,6,6,Medium,0,False,61.5,Complete at least 39 more credits. Complete all prerequisite courses. Retake failed courses as soon as possible.
SE1800827,Good,6,7.46,120,111,9,92.5,18.5,0,0,1,1,0,0,7,3,Low,0,False,87.5,Complete all prerequisite courses.
SE1800828,Average,5,6.76,120,89,31,74.17,17.8,11,2,1,2,0,0,6,7,Medium,0,False,64.5,Complete at least 11 more credits. Complete all prerequisite courses. Retake failed courses as soon as possible.
SE1800829,LateStarter,8,6.77,120,120,0,100.0,15.0,0,4,5,1,0,0,8,8,Medium,0,False,72.0,Complete all prerequisite courses. Retake failed courses as soon as possible.
SE1800830,Excellent,4,9.21,120,77,43,64.17,19.25,23,0,0,0,0,0,5,2,Low,0,False,78.5,Complete at least 23 more credits.
SE1800831,Excellent,5,9.23,120,95,25,79.17,19.0,5,0,0,0,0,0,6,1,Low,0,False,87.5,Complete at least 5 more credits.
SE1800832,Good,4,7.68,120,73,47,60.83,18.25,27,0,0,1,0,0,5,4,Low,0,False,70.5,Complete at least 27 more credits. Complete all prerequisite courses.
SE1800833,LateStarter,2,6.62,120,33,87,27.5,16.5,67,2,5,0,0,0,6,8,Medium,0,False,40.5,Complete at least 67 more credits. Retake failed courses as soon as possible.
SE1800834,Average,5,6.47,120,89,31,74.17,17.8,11,3,2,2,1,0,6,10,Medium,0,False,54.5,Complete at least 11 more credits. Complete all prerequisite courses. Retake failed courses as soon as possible. Improve GPA to remove academic warning.
SE1800835,Excellent,2,8.6,120,42,78,35.0,21.0,58,0,0,0,0,0,5,3,Low,0,False,61.0,Complete at least 58 more credits.
SE1800836,AtRisk,3,5.87,120,43,77,35.83,14.33,57,4,5,2,1,1,5,18,High,1,False,14.5,Complete at least 57 more credits. Complete all prerequisite courses. Retake failed courses as soon as possible. Improve GPA to remove academic warning.
SE1800837,Good,5,7.64,120,94,26,78.33,18.8,6,0,2,0,0,0,6,2,Low,0,False,83.0,Complete at least 6 more credits.
SE1800838,Critical,3,4.82,120,36,84,30.0,12.0,64,7,5,4,2,2,6,24,High,1,False,0.0,Complete at least 64 more credits. Complete all prerequisite courses. Retake failed courses as soon as possible. Improve GPA to remove academic warning.
SE1800839,LateStarter,5,7.2,120,80,40,66.67,16.0,20,2,4,1,1,0,7,9,Medium,0,False,55.0,Complete at least 20 more credits. Complete all prerequisite courses. Retake failed courses as soon as possible. Improve GPA to remove academic warning.
SE1800840,Good,1,7.04,120,21,99,17.5,21.0,79,1,1,1,0,0,5,7,Medium,0,False,39.5,Complete at least 79 more credits. Complete all prerequisite courses. Retake failed courses as soon as possible.
SE1800841,Excellent,2,9.88,120,41,79,34.17,20.5,59,0,0,0,0,0,5,3,Low,0,False,60.5,Complete at least 59 more credits.
SE1800842,AtRisk,4,5.47,120,58,62,48.33,14.5,42,3,4,1,1,0,6,14,High,1,False,41.0,Complete at least 42 more credits. Complete all prerequisite courses. Retake failed courses as soon as possible. Improve GPA to remove academic warning.
SE1800843,Good,5,7.25,120,98,22,81.67,19.6,2,0,2,1,0,0,7,4,Low,0,False,79.0,Complete at least 2 more credits. Complete all prerequisite courses.
SE1800844,Good,5,8.33,120,96,24,80.0,19.2,4,0,1,0,0,0,7,2,Low,0,False,86.0,Complete at least 4 more credits.
SE1800845,Average,5,6.05,120,92,28,76.67,18.4,8,1,2,1,0,0,6,6,Medium,0,False,73.0,Complete at least 8 more credits. Complete all prerequisite courses. Retake failed courses as soon as possible.
SE1800846,Excellent,1,8.52,120,24,96,20.0,24.0,76,0,0,0,0,0,5,3,Low,0,False,52.0,Complete at least 76 more credits.
SE1800847,Excellent,4,9.72,120,77,43,64.17,19.25,23,0,0,0,0,0,5,2,Low,0,False,78.5,Complete at least 23 more credits.
SE1800848,Good,4,7.26,120,74,46,61.67,18.5,26,1,0,1,0,0,5,5,Low,0,False,68.0,Complete at least 26 more credits. Complete all prerequisite courses. Retake failed courses as soon as possible.
SE1800849,Excellent,6,9.47,120,110,10,91.67,18.33,0,0,0,0,0,0,7,0,Low,0,True,95.0,You are ready for OJT.
SE1800850,LateStarter,2,6.74,120,31,89,25.83,15.5,69,2,4,0,1,0,5,9,Medium,0,False,36.5,Complete at least 69 more credits. Retake failed courses as soon as possible. Improve GPA to remove academic warning.
SE1800851,Good,5,8.32,120,93,27,77.5,18.6,7,1,0,1,0,0,7,4,Low,0,False,77.5,Complete at least 7 more credits. Complete all prerequisite courses. Retake failed courses as soon as possible.
SE1800852,Average,5,6.5,120,80,40,66.67,16.0,20,1,1,2,0,0,6,8,Medium,0,False,63.0,Complete at least 20 more credits. Complete all prerequisite courses. Retake failed courses as soon as possible.
SE1800853,AtRisk,5,5.61,120,69,51,57.5,13.8,31,3,5,2,2,0,6,17,High,1,False,33.5,Complete at least 31 more credits. Complete all prerequisite courses. Retake failed courses as soon as possible. Improve GPA to remove academic warning.
SE1800854,Good,5,7.35,120,99,21,82.5,19.8,1,1,2,1,0,0,7,5,Low,0,False,76.5,Complete at least 1 more credits. Complete all prerequisite courses. Retake failed courses as soon as possible.
SE1800855,Average,5,6.52,120,93,27,77.5,18.6,7,3,3,0,0,0,7,6,Medium,0,False,71.5,Complete at least 7 more credits. Retake failed courses as soon as possible.
SE1800856,Good,4,8.35,120,78,42,65.0,19.5,22,0,2,0,0,0,5,3,Low,0,False,75.0,Complete at least 22 more credits.
SE1800857,Average,1,6.86,120,16,104,13.33,16.0,84,1,1,2,0,0,5,9,Medium,0,False,31.0,Complete at least 84 more credits. Complete all prerequisite courses. Retake failed courses as soon as possible.
SE1800858,Excellent,5,9.75,120,96,24,80.0,19.2,4,0,0,0,0,0,6,1,Low,0,False,88.0,Complete at least 4 more credits.
SE1800859,AtRisk,3,5.17,120,39,81,32.5,13.0,61,4,5,3,2,0,6,18,High,1,False,9.5,Complete at least 61 more credits. Complete all prerequisite courses. Retake failed courses as soon as possible. Improve GPA to remove academic warning.
SE1800860,Critical,4,4.92,120,51,69,42.5,12.75,49,8,8,2,3,2,6,23,High,1,False,0.0,Complete at least 49 more credits. Complete all prerequisite courses. Retake failed courses as soon as possible. Improve GPA to remove academic warning.
SE1800861,Average,5,6.75,120,95,25,79.17,19.0,5,1,4,1,0,0,6,7,Medium,0,False,70.5,Complete at least 5 more credits. Complete all prerequisite courses. Retake failed courses as soon as possible.
SE1800862,Average,3,6.38,120,49,71,40.83,16.33,51,2,3,1,1,0,6,11,High,1,False,41.5,Complete at least 51 more credits. Complete all prerequisite courses. Retake failed courses as soon as possible. Improve GPA to remove academic warning.
SE1800863,Good,4,7.23,120,71,49,59.17,17.75,29,0,0,1,0,0,6,4,Low,0,False,69.5,Complete at least 29 more credits. Complete all prerequisite courses.
SE1800864,Recovery,8,6.17,120,115,5,95.83,14.38,0,2,4,0,1,0,8,6,Medium,0,True,78.5,Retake failed courses as soon as possible. Improve GPA to remove academic warning.
SE1800865,LateStarter,2,7.13,120,24,96,20.0,12.0,76,2,5,1,1,0,6,11,High,1,False,25.0,Complete at least 76 more credits. Complete all prerequisite courses. Retake failed courses as soon as possible. Improve GPA to remove academic warning.
SE1800866,Average,5,6.92,120,87,33,72.5,17.4,13,1,4,0,1,0,6,7,Medium,0,False,67.5,Complete at least 13 more credits. Retake failed courses as soon as possible. Improve GPA to remove academic warning.
SE1800867,Good,4,8.01,120,72,48,60.0,18.0,28,0,2,0,0,0,5,3,Low,0,False,72.0,Complete at least 28 more credits.
SE1800868,Average,7,6.39,120,102,18,85.0,14.57,0,3,2,1,0,0,8,6,Medium,0,False,72.0,Complete all prerequisite courses. Retake failed courses as soon as possible.
SE1800869,Good,3,8.44,120,60,60,50.0,20.0,40,1,2,1,0,0,5,7,Medium,0,False,57.0,Complete at least 40 more credits. Complete all prerequisite courses. Retake failed courses as soon as possible.
SE1800870,Average,6,6.34,120,96,24,80.0,16.0,4,2,2,2,1,0,6,9,Medium,0,False,61.0,Complete at least 4 more credits. Complete all prerequisite courses. Retake failed courses as soon as possible. Improve GPA to remove academic warning.
SE1800871,LateStarter,6,6.2,120,94,26,78.33,15.67,6,4,5,2,1,0,7,12,High,1,False,48.0,Complete at least 6 more credits. Complete all prerequisite courses. Retake failed courses as soon as possible. Improve GPA to remove academic warning.
SE1800872,Good,4,8.05,120,71,49,59.17,17.75,29,1,0,0,0,0,5,3,Low,0,False,72.5,Complete at least 29 more credits. Retake failed courses as soon as possible.
SE1800873,Good,5,8.21,120,91,29,75.83,18.2,9,1,1,1,0,0,6,5,Low,0,False,74.5,Complete at least 9 more credits. Complete all prerequisite courses. Retake failed courses as soon as possible.
SE1800874,Good,4,7.41,120,73,47,60.83,18.25,27,0,2,0,0,0,5,3,Low,0,False,72.5,Complete at least 27 more credits.
SE1800875,Excellent,3,9.93,120,64,56,53.33,21.33,36,0,0,0,0,0,6,3,Low,0,False,72.0,Complete at least 36 more credits.
SE1800876,Recovery,4,6.14,120,64,56,53.33,16.0,36,2,3,1,1,0,6,11,High,1,False,49.0,Complete at least 36 more credits. Complete all prerequisite courses. Retake failed courses as soon as possible. Improve GPA to remove academic warning.
SE1800877,Average,4,6.06,120,71,49,59.17,17.75,29,2,1,0,1,0,5,7,Medium,0,False,62.5,Complete at least 29 more credits. Retake failed courses as soon as possible. Improve GPA to remove academic warning.
SE1800878,Excellent,2,9.3,120,47,73,39.17,23.5,53,0,0,0,0,0,5,3,Low,0,False,63.5,Complete at least 53 more credits.
SE1800879,Excellent,5,9.91,120,100,20,83.33,20.0,0,0,0,0,0,0,6,0,Low,0,True,90.0,You are ready for OJT.
SE1800880,Average,4,6.61,120,62,58,51.67,15.5,38,2,4,1,0,0,6,9,Medium,0,False,51.0,Complete at least 38 more credits. Complete all prerequisite courses. Retake failed courses as soon as possible.
SE1800881,Average,5,6.86,120,81,39,67.5,16.2,19,1,4,0,1,0,6,8,Medium,0,False,64.5,Complete at least 19 more credits. Retake failed courses as soon as possible. Improve GPA to remove academic warning.
SE1800882,Critical,7,4.22,120,95,25,79.17,13.57,5,6,6,2,2,1,8,19,High,1,False,27.5,Complete at least 5 more credits. Complete all prerequisite courses. Retake failed courses as soon as possible. Improve GPA to remove academic warning.
SE1800883,Good,8,7.04,120,117,3,97.5,14.62,0,1,1,0,0,0,8,2,Low,0,True,93.5,Retake failed courses as soon as possible.
SE1800884,LateStarter,5,6.87,120,95,25,79.17,19.0,5,4,5,0,1,0,6,9,Medium,0,False,60.5,Complete at least 5 more credits. Retake failed courses as soon as possible. Improve GPA to remove academic warning.
SE1800885,Average,4,6.71,120,72,48,60.0,18.0,28,3,4,0,0,0,5,7,Medium,0,False,59.0,Complete at least 28 more credits. Retake failed courses as soon as possible.
SE1800886,Good,2,7.51,120,43,77,35.83,21.5,57,0,2,0,0,0,6,4,Low,0,False,57.5,Complete at least 57 more credits.
SE1800887,LateStarter,5,6.2,120,79,41,65.83,15.8,21,4,3,1,1,0,7,11,High,1,False,50.5,Complete at least 21 more credits. Complete all prerequisite courses. Retake failed courses as soon as possible. Improve GPA to remove academic warning.
SE1800888,AtRisk,7,5.13,120,99,21,82.5,14.14,1,3,6,1,2,1,8,16,High,1,False,44.5,Complete at least 1 more credits. Complete all prerequisite courses. Retake failed courses as soon as possible. Improve GPA to remove academic warning.
SE1800889,Good,7,8.25,120,115,5,95.83,16.43,0,1,0,1,0,0,8,3,Low,0,False,88.5,Complete all prerequisite courses. Retake failed courses as soon as possible.
SE1800890,Average,3,6.98,120,46,74,38.33,15.33,54,2,4,2,0,0,6,10,Medium,0,False,37.0,Complete at least 54 more credits. Complete all prerequisite courses. Retake failed courses as soon as possible.
SE1800891,AtRisk,4,5.97,120,60,60,50.0,15.0,40,3,4,3,1,0,5,16,High,1,False,30.0,Complete at least 40 more credits. Complete all prerequisite courses. Retake failed courses as soon as possible. Improve GPA to remove academic warning.
SE1800892,Critical,5,3.95,120,60,60,50.0,12.0,40,5,8,3,3,2,7,24,High,1,False,0.0,Complete at least 40 more credits. Complete all prerequisite courses. Retake failed courses as soon as possible. Improve GPA to remove academic warning.
SE1800893,AtRisk,4,5.52,120,59,61,49.17,14.75,41,4,4,3,2,0,5,17,High,1,False,21.5,Complete at least 41 more credits. Complete all prerequisite courses. Retake failed courses as soon as possible. Improve GPA to remove academic warning.
SE1800894,Good,6,8.29,120,100,20,83.33,16.67,0,1,1,0,0,0,7,2,Low,0,True,85.0,Retake failed courses as soon as possible.
SE1800895,Good,2,7.33,120,45,75,37.5,22.5,55,0,2,0,0,0,5,4,Low,0,False,58.5,Complete at least 55 more credits.
SE1800896,Good,8,8.01,120,114,6,95.0,14.25,0,0,0,1,0,0,8,2,Low,0,False,91.0,Complete all prerequisite courses.
SE1800897,Recovery,2,6.32,120,33,87,27.5,16.5,67,2,2,1,0,0,5,8,Medium,0,False,40.5,Complete at least 67 more credits. Complete all prerequisite courses. Retake failed courses as soon as possible.
SE1800898,Good,4,8.03,120,70,50,58.33,17.5,30,1,2,0,0,0,6,4,Low,0,False,68.0,Complete at least 30 more credits. Retake failed courses as soon as possible.
SE1800899,Average,4,6.01,120,63,57,52.5,15.75,37,1,1,1,0,0,6,8,Medium,0,False,60.5,Complete at least 37 more credits. Complete all prerequisite courses. Retake failed courses as soon as possible.
SE1800900,Good,5,8.18,120,90,30,75.0,18.0,10,1,1,1,0,0,6,5,Low,0,False,74.0,Complete at least 10 more credits. Complete all prerequisite courses. Retake failed courses as soon as possible.
SE1800901,Good,5,8.28,120,96,24,80.0,19.2,4,0,1,0,0,0,6,2,Low,0,False,86.0,Complete at least 4 more credits.
SE1800902,Average,5,6.71,120,83,37,69.17,16.6,17,1,1,0,0,0,7,5,Low,0,False,76.5,Complete at least 17 more credits. Retake failed courses as soon as possible.
SE1800903,AtRisk,2,5.13,120,27,93,22.5,13.5,73,5,4,1,2,0,5,16,High,1,False,14.5,Complete at least 73 more credits. Complete all prerequisite courses. Retake failed courses as soon as possible. Improve GPA to remove academic warning.
SE1800904,LateStarter,4,6.56,120,72,48,60.0,18.0,28,2,5,2,0,0,6,10,Medium,0,False,48.0,Complete at least 28 more credits. Complete all prerequisite courses. Retake failed courses as soon as possible.
SE1800905,Excellent,7,9.86,120,116,4,96.67,16.57,0,0,0,0,0,0,8,0,Low,0,True,98.0,You are ready for OJT.
SE1800906,Average,4,6.68,120,61,59,50.83,15.25,39,1,1,0,0,0,5,6,Medium,0,False,65.5,Complete at least 39 more credits. Retake failed courses as soon as possible.
SE1800907,LateStarter,5,6.42,120,89,31,74.17,17.8,11,3,3,2,1,0,7,11,High,1,False,52.5,Complete at least 11 more credits. Complete all prerequisite courses. Retake failed courses as soon as possible. Improve GPA to remove academic warning.
SE1800908,Good,5,7.24,120,95,25,79.17,19.0,5,0,1,1,0,0,6,4,Low,0,False,79.5,Complete at least 5 more credits. Complete all prerequisite courses.
SE1800909,Average,3,6.63,120,55,65,45.83,18.33,45,1,3,2,0,0,5,10,Medium,0,False,46.5,Complete at least 45 more credits. Complete all prerequisite courses. Retake failed courses as soon as possible.
SE1800910,Good,6,7.56,120,109,11,90.83,18.17,0,0,0,1,0,0,7,2,Low,0,False,88.5,Complete all prerequisite courses.
SE1800911,Excellent,5,9.04,120,100,20,83.33,20.0,0,0,0,0,0,0,6,0,Low,0,True,90.0,You are ready for OJT.
SE1800912,Good,7,7.56,120,109,11,90.83,15.57,0,0,0,1,0,0,8,2,Low,0,False,88.5,Complete all prerequisite courses.
SE1800913,Average,5,6.86,120,88,32,73.33,17.6,12,3,1,0,0,0,7,5,Low,0,False,73.0,Complete at least 12 more credits. Retake failed courses as soon as possible.
SE1800914,Good,6,8.01,120,112,8,93.33,18.67,0,1,1,0,0,0,6,2,Low,0,True,91.0,Retake failed courses as soon as possible.
SE1800915,Average,2,6.56,120,34,86,28.33,17.0,66,1,3,2,0,0,6,10,Medium,0,False,36.0,Complete at least 66 more credits. Complete all prerequisite courses. Retake failed courses as soon as possible.
SE1800916,Good,8,8.19,120,120,0,100.0,15.0,0,1,1,1,0,0,8,4,Low,0,False,89.0,Complete all prerequisite courses. Retake failed courses as soon as possible.
SE1800917,Average,2,6.3,120,42,78,35.0,21.0,58,2,1,2,0,0,5,9,Medium,0,False,41.0,Complete at least 58 more credits. Complete all prerequisite courses. Retake failed courses as soon as possible.
SE1800918,Recovery,3,5.86,120,53,67,44.17,17.67,47,2,4,1,0,0,5,11,High,1,False,46.5,Complete at least 47 more credits. Complete all prerequisite courses. Retake failed courses as soon as possible.
SE1800919,Average,4,6.99,120,63,57,52.5,15.75,37,2,1,2,0,0,6,9,Medium,0,False,51.5,Complete at least 37 more credits. Complete all prerequisite courses. Retake failed courses as soon as possible.
SE1800920,AtRisk,5,5.24,120,84,36,70.0,16.8,16,5,3,3,2,0,6,17,High,1,False,33.0,Complete at least 16 more credits. Complete all prerequisite courses. Retake failed courses as soon as possible. Improve GPA to remove academic warning.
SE1800921,Good,4,7.2,120,73,47,60.83,18.25,27,0,1,1,0,0,6,5,Low,0,False,68.5,Complete at least 27 more credits. Complete all prerequisite courses.
SE1800922,LateStarter,4,6.88,120,72,48,60.0,18.0,28,2,4,1,1,0,6,10,Medium,0,False,51.0,Complete at least 28 more credits. Complete all prerequisite courses. Retake failed courses as soon as possible. Improve GPA to remove academic warning.
SE1800923,Good,5,7.85,120,91,29,75.83,18.2,9,1,2,0,0,0,6,3,Low,0,False,78.5,Complete at least 9 more credits. Retake failed courses as soon as possible.
SE1800924,Good,5,7.49,120,93,27,77.5,18.6,7,0,0,1,0,0,7,3,Low,0,False,80.5,Complete at least 7 more credits. Complete all prerequisite courses.
SE1800925,Excellent,4,8.8,120,80,40,66.67,20.0,20,0,0,0,0,0,5,2,Low,0,False,80.0,Complete at least 20 more credits.
SE1800926,AtRisk,3,5.47,120,41,79,34.17,13.67,59,4,5,2,1,1,5,18,High,1,False,13.5,Complete at least 59 more credits. Complete all prerequisite courses. Retake failed courses as soon as possible. Improve GPA to remove academic warning.
SE1800927,LateStarter,5,6.64,120,82,38,68.33,16.4,18,3,5,0,1,0,6,10,Medium,0,False,57.0,Complete at least 18 more credits. Retake failed courses as soon as possible. Improve GPA to remove academic warning.
SE1800928,Good,1,7.59,120,20,100,16.67,20.0,80,0,0,0,0,0,5,3,Low,0,False,50.0,Complete at least 80 more credits.
SE1800929,Average,5,6.79,120,84,36,70.0,16.8,16,2,4,2,1,0,6,11,High,1,False,51.0,Complete at least 16 more credits. Complete all prerequisite courses. Retake failed courses as soon as possible. Improve GPA to remove academic warning.
SE1800930,LateStarter,6,6.33,120,103,17,85.83,17.17,0,4,2,2,0,0,7,7,Medium,0,False,63.5,Complete all prerequisite courses. Retake failed courses as soon as possible.
SE1800931,Average,5,6.01,120,95,25,79.17,19.0,5,2,3,1,0,0,6,7,Medium,0,False,69.5,Complete at least 5 more credits. Complete all prerequisite courses. Retake failed courses as soon as possible.
SE1800932,Average,5,6.18,120,88,32,73.33,17.6,12,1,3,2,0,0,6,8,Medium,0,False,63.0,Complete at least 12 more credits. Complete all prerequisite courses. Retake failed courses as soon as possible.
SE1800933,Average,6,6.1,120,108,12,90.0,18.0,0,3,2,0,0,0,6,4,Low,0,True,81.0,Retake failed courses as soon as possible.
SE1800934,Good,1,8.48,120,19,101,15.83,19.0,81,1,0,0,0,0,6,4,Low,0,False,46.5,Complete at least 81 more credits. Retake failed courses as soon as possible.
SE1800935,Average,3,6.63,120,48,72,40.0,16.0,52,1,3,1,1,0,6,11,High,1,False,44.0,Complete at least 52 more credits. Complete all prerequisite courses. Retake failed courses as soon as possible. Improve GPA to remove academic warning.
SE1800936,Average,3,6.27,120,49,71,40.83,16.33,51,2,4,0,1,0,5,9,Medium,0,False,45.5,Complete at least 51 more credits. Retake failed courses as soon as possible. Improve GPA to remove academic warning.
SE1800937,Excellent,2,9.62,120,39,81,32.5,19.5,61,0,0,0,0,0,5,3,Low,0,False,59.5,Complete at least 61 more credits.
SE1800938,Good,4,7.5,120,69,51,57.5,17.25,31,0,2,0,0,0,6,4,Low,0,False,70.5,Complete at least 31 more credits.
SE1800939,AtRisk,4,5.77,120,66,54,55.0,16.5,34,5,5,1,2,0,6,17,High,1,False,32.0,Complete at least 34 more credits. Complete all prerequisite courses. Retake failed courses as soon as possible. Improve GPA to remove academic warning.
SE1800940,Excellent,2,9.44,120,45,75,37.5,22.5,55,0,0,0,0,0,5,3,Low,0,False,62.5,Complete at least 55 more credits.
SE1800941,Excellent,4,9.01,120,83,37,69.17,20.75,17,0,0,0,0,0,5,2,Low,0,False,81.5,Complete at least 17 more credits.
SE1800942,Average,5,6.88,120,91,29,75.83,18.2,9,2,4,2,0,0,6,8,Medium,0,False,59.5,Complete at least 9 more credits. Complete all prerequisite courses. Retake failed courses as soon as possible.
SE1800943,Average,4,6.94,120,60,60,50.0,15.0,40,1,3,2,0,0,5,10,Medium,0,False,49.0,Complete at least 40 more credits. Complete all prerequisite courses. Retake failed courses as soon as possible.
SE1800944,LateStarter,2,7.17,120,25,95,20.83,12.5,75,4,5,1,0,0,6,10,Medium,0,False,24.5,Complete at least 75 more credits. Complete all prerequisite courses. Retake failed courses as soon as possible.
SE1800945,AtRisk,4,5.77,120,62,58,51.67,15.5,38,5,5,1,1,0,5,16,High,1,False,35.0,Complete at least 38 more credits. Complete all prerequisite courses. Retake failed courses as soon as possible. Improve GPA to remove academic warning.
SE1800946,Average,5,6.01,120,94,26,78.33,18.8,6,3,3,1,0,0,7,8,Medium,0,False,66.0,Complete at least 6 more credits. Complete all prerequisite courses. Retake failed courses as soon as possible.
SE1800947,Average,3,6.05,120,48,72,40.0,16.0,52,2,1,2,0,0,5,9,Medium,0,False,44.0,Complete at least 52 more credits. Complete all prerequisite courses. Retake failed courses as soon as possible.
SE1800948,Good,6,7.96,120,103,17,85.83,17.17,0,0,2,0,0,0,7,1,Low,0,True,87.5,You are ready for OJT.
SE1800949,Good,7,8.32,120,112,8,93.33,16.0,0,0,1,1,0,0,8,3,Low,0,False,88.0,Complete all prerequisite courses.
SE1800950,Average,1,6.35,120,18,102,15.0,18.0,82,1,3,0,0,0,6,7,Medium,0,False,40.0,Complete at least 82 more credits. Retake failed courses as soon as possible.
SE1800951,Critical,5,4.32,120,69,51,57.5,13.8,31,6,7,3,2,2,6,24,High,1,False,0.0,Complete at least 31 more credits. Complete all prerequisite courses. Retake failed courses as soon as possible. Improve GPA to remove academic warning.
SE1800952,Average,5,6.43,120,84,36,70.0,16.8,16,2,1,1,0,0,6,7,Medium,0,False,68.0,Complete at least 16 more credits. Complete all prerequisite courses. Retake failed courses as soon as possible.
SE1800953,AtRisk,3,5.56,120,47,73,39.17,15.67,53,3,5,1,2,0,5,16,High,1,False,28.5,Complete at least 53 more credits. Complete all prerequisite courses. Retake failed courses as soon as possible. Improve GPA to remove academic warning.
SE1800954,AtRisk,5,5.19,120,72,48,60.0,14.4,28,3,6,1,2,1,6,17,High,1,False,31.0,Complete at least 28 more credits. Complete all prerequisite courses. Retake failed courses as soon as possible. Improve GPA to remove academic warning.
SE1800955,AtRisk,2,5.74,120,24,96,20.0,12.0,76,5,3,2,2,0,5,17,High,1,False,9.0,Complete at least 76 more credits. Complete all prerequisite courses. Retake failed courses as soon as possible. Improve GPA to remove academic warning.
SE1800956,AtRisk,5,5.64,120,69,51,57.5,13.8,31,3,4,1,2,0,6,15,High,1,False,41.5,Complete at least 31 more credits. Complete all prerequisite courses. Retake failed courses as soon as possible. Improve GPA to remove academic warning.
SE1800957,AtRisk,1,5.78,120,18,102,15.0,18.0,82,5,5,3,1,0,5,18,High,1,False,1.0,Complete at least 82 more credits. Complete all prerequisite courses. Retake failed courses as soon as possible. Improve GPA to remove academic warning.
SE1800958,Average,5,6.44,120,85,35,70.83,17.0,15,2,3,1,0,0,6,7,Medium,0,False,64.5,Complete at least 15 more credits. Complete all prerequisite courses. Retake failed courses as soon as possible.
SE1800959,Average,3,6.54,120,45,75,37.5,15.0,55,1,1,2,1,0,6,11,High,1,False,40.5,Complete at least 55 more credits. Complete all prerequisite courses. Retake failed courses as soon as possible. Improve GPA to remove academic warning.
SE1800960,Good,7,7.04,120,114,6,95.0,16.29,0,1,0,1,0,0,8,3,Low,0,False,88.0,Complete all prerequisite courses. Retake failed courses as soon as possible.
SE1800961,Recovery,5,6.49,120,89,31,74.17,17.8,11,1,3,0,0,0,6,5,Low,0,False,75.5,Complete at least 11 more credits. Retake failed courses as soon as possible.
SE1800962,LateStarter,3,6.28,120,45,75,37.5,15.0,55,2,4,0,0,0,5,7,Medium,0,False,48.5,Complete at least 55 more credits. Retake failed courses as soon as possible.
SE1800963,Average,4,6.18,120,73,47,60.83,18.25,27,1,3,2,1,0,5,11,High,1,False,50.5,Complete at least 27 more credits. Complete all prerequisite courses. Retake failed courses as soon as possible. Improve GPA to remove academic warning.
SE1800964,Good,4,7.55,120,72,48,60.0,18.0,28,0,0,0,0,0,5,2,Low,0,False,76.0,Complete at least 28 more credits.
SE1800965,Good,5,8.17,120,95,25,79.17,19.0,5,0,0,1,0,0,6,3,Low,0,False,81.5,Complete at least 5 more credits. Complete all prerequisite courses.
SE1800966,Good,2,8.14,120,39,81,32.5,19.5,61,1,1,1,0,0,6,7,Medium,0,False,48.5,Complete at least 61 more credits. Complete all prerequisite courses. Retake failed courses as soon as possible.
SE1800967,Good,7,8.37,120,114,6,95.0,16.29,0,1,2,1,0,0,8,4,Low,0,False,84.0,Complete all prerequisite courses. Retake failed courses as soon as possible.
SE1800968,Good,5,7.63,120,97,23,80.83,19.4,3,0,2,0,0,0,6,2,Low,0,False,84.5,Complete at least 3 more credits.
SE1800969,Good,6,7.54,120,107,13,89.17,17.83,0,0,0,0,0,0,6,0,Low,0,True,93.5,You are ready for OJT.
SE1800970,Good,2,8.27,120,40,80,33.33,20.0,60,0,0,0,0,0,5,3,Low,0,False,60.0,Complete at least 60 more credits.
SE1800971,LateStarter,5,6.58,120,78,42,65.0,15.6,22,4,5,1,0,0,6,10,Medium,0,False,51.0,Complete at least 22 more credits. Complete all prerequisite courses. Retake failed courses as soon as possible.
SE1800972,Average,5,6.16,120,84,36,70.0,16.8,16,2,2,0,0,0,6,5,Low,0,False,72.0,Complete at least 16 more credits. Retake failed courses as soon as possible.
SE1800973,Average,6,6.15,120,97,23,80.83,16.17,3,2,2,2,1,0,7,9,Medium,0,False,61.5,Complete at least 3 more credits. Complete all prerequisite courses. Retake failed courses as soon as possible. Improve GPA to remove academic warning.
SE1800974,AtRisk,4,5.64,120,50,70,41.67,12.5,50,4,3,1,1,0,5,14,High,1,False,36.0,Complete at least 50 more credits. Complete all prerequisite courses. Retake failed courses as soon as possible. Improve GPA to remove academic warning.
SE1800975,Average,1,6.82,120,19,101,15.83,19.0,81,3,3,2,1,0,6,13,High,1,False,17.5,Complete at least 81 more credits. Complete all prerequisite courses. Retake failed courses as soon as possible. Improve GPA to remove academic warning.
SE1800976,Recovery,3,5.89,120,48,72,40.0,16.0,52,1,4,0,1,0,5,11,High,1,False,48.0,Complete at least 52 more credits. Retake failed courses as soon as possible. Improve GPA to remove academic warning.
SE1800977,Good,6,8.45,120,109,11,90.83,18.17,0,0,2,1,0,0,7,3,Low,0,False,84.5,Complete all prerequisite courses.
SE1800978,AtRisk,3,5.8,120,46,74,38.33,15.33,54,4,4,2,1,0,5,15,High,1,False,26.0,Complete at least 54 more credits. Complete all prerequisite courses. Retake failed courses as soon as possible. Improve GPA to remove academic warning.
SE1800979,Good,6,7.5,120,103,17,85.83,17.17,0,1,0,0,0,0,6,1,Low,0,True,88.5,Retake failed courses as soon as possible.
SE1800980,AtRisk,3,5.55,120,46,74,38.33,15.33,54,3,4,2,1,0,6,15,High,1,False,29.0,Complete at least 54 more credits. Complete all prerequisite courses. Retake failed courses as soon as possible. Improve GPA to remove academic warning.
SE1800981,Excellent,3,9.92,120,54,66,45.0,18.0,46,0,0,0,0,0,6,3,Low,0,False,67.0,Complete at least 46 more credits.
SE1800982,AtRisk,8,5.7,120,103,17,85.83,12.88,0,4,6,3,1,0,8,14,High,1,False,44.5,Complete all prerequisite courses. Retake failed courses as soon as possible. Improve GPA to remove academic warning.
SE1800983,Excellent,6,9.22,120,105,15,87.5,17.5,0,0,0,0,0,0,6,0,Low,0,True,92.5,You are ready for OJT.
SE1800984,LateStarter,3,6.42,120,39,81,32.5,13.0,61,4,3,2,1,0,5,13,High,1,False,24.5,Complete at least 61 more credits. Complete all prerequisite courses. Retake failed courses as soon as possible. Improve GPA to remove academic warning.
SE1800985,Good,4,8.28,120,74,46,61.67,18.5,26,0,2,1,0,0,5,5,Low,0,False,67.0,Complete at least 26 more credits. Complete all prerequisite courses.
SE1800986,LateStarter,5,7.19,120,81,39,67.5,16.2,19,2,3,1,0,0,6,7,Medium,0,False,62.5,Complete at least 19 more credits. Complete all prerequisite courses. Retake failed courses as soon as possible.
SE1800987,Average,3,6.29,120,46,74,38.33,15.33,54,2,3,1,0,0,5,9,Medium,0,False,45.0,Complete at least 54 more credits. Complete all prerequisite courses. Retake failed courses as soon as possible.
SE1800988,AtRisk,4,5.98,120,58,62,48.33,14.5,42,4,4,1,2,0,6,15,High,1,False,33.0,Complete at least 42 more credits. Complete all prerequisite courses. Retake failed courses as soon as possible. Improve GPA to remove academic warning.
SE1800989,Critical,4,4.78,120,44,76,36.67,11.0,56,8,7,4,3,2,5,24,High,1,False,0.0,Complete at least 56 more credits. Complete all prerequisite courses. Retake failed courses as soon as possible. Improve GPA to remove academic warning.
SE1800990,Average,4,6.26,120,61,59,50.83,15.25,39,3,1,2,0,0,5,10,Medium,0,False,47.5,Complete at least 39 more credits. Complete all prerequisite courses. Retake failed courses as soon as possible.
SE1800991,Critical,3,3.74,120,34,86,28.33,11.33,66,5,6,3,3,1,6,22,High,1,False,0.0,Complete at least 66 more credits. Complete all prerequisite courses. Retake failed courses as soon as possible. Improve GPA to remove academic warning.
SE1800992,Average,5,6.89,120,94,26,78.33,18.8,6,1,1,0,0,0,7,4,Low,0,False,82.0,Complete at least 6 more credits. Retake failed courses as soon as possible.
SE1800993,Good,3,7.47,120,59,61,49.17,19.67,41,1,0,1,0,0,6,6,Medium,0,False,60.5,Complete at least 41 more credits. Complete all prerequisite courses. Retake failed courses as soon as possible.
SE1800994,Excellent,3,9.2,120,64,56,53.33,21.33,36,0,0,0,0,0,6,3,Low,0,False,72.0,Complete at least 36 more credits.
SE1800995,AtRisk,8,5.21,120,106,14,88.33,13.25,0,3,6,2,2,0,8,14,High,1,False,50.0,Complete all prerequisite courses. Retake failed courses as soon as possible. Improve GPA to remove academic warning.
SE1800996,Excellent,2,9.11,120,40,80,33.33,20.0,60,0,0,0,0,0,5,3,Low,0,False,60.0,Complete at least 60 more credits.
SE1800997,Excellent,7,9.01,120,116,4,96.67,16.57,0,0,0,0,0,0,8,0,Low,0,True,98.0,You are ready for OJT.
SE1800998,Average,5,6.16,120,93,27,77.5,18.6,7,2,4,0,0,0,6,5,Low,0,False,72.5,Complete at least 7 more credits. Retake failed courses as soon as possible.
SE1800999,Good,8,8.4,120,117,3,97.5,14.62,0,0,0,1,0,0,8,2,Low,0,False,92.5,Complete all prerequisite courses.
SE1801000,Critical,2,4.95,120,24,96,20.0,12.0,76,7,5,3,2,2,5,24,High,1,False,0.0,Complete at least 76 more credits. Complete all prerequisite courses. Retake failed courses as soon as possible. Improve GPA to remove academic warning.
SE1801001,Excellent,5,8.78,120,95,25,79.17,19.0,5,0,0,0,0,0,6,1,Low,0,False,87.5,Complete at least 5 more credits.
SE1801002,Good,4,7.45,120,72,48,60.0,18.0,28,0,2,1,0,0,6,5,Low,0,False,66.0,Complete at least 28 more credits. Complete all prerequisite courses.
SE1801003,Good,6,7.63,120,112,8,93.33,18.67,0,1,0,0,0,0,7,1,Low,0,True,93.0,Retake failed courses as soon as possible.
SE1801004,Good,5,7.81,120,94,26,78.33,18.8,6,1,2,1,0,0,6,5,Low,0,False,74.0,Complete at least 6 more credits. Complete all prerequisite courses. Retake failed courses as soon as possible.
SE1801005,AtRisk,2,5.64,120,33,87,27.5,16.5,67,4,3,2,1,1,5,17,High,1,False,13.5,Complete at least 67 more credits. Complete all prerequisite courses. Retake failed courses as soon as possible. Improve GPA to remove academic warning.
SE1801006,Average,6,6.21,120,106,14,88.33,17.67,0,3,4,0,0,0,6,5,Low,0,True,76.0,Retake failed courses as soon as possible.
SE1801007,Good,6,7.69,120,110,10,91.67,18.33,0,1,0,1,0,0,7,3,Low,0,False,86.0,Complete all prerequisite courses. Retake failed courses as soon as possible.
SE1801008,Critical,3,4.75,120,40,80,33.33,13.33,60,8,6,2,3,1,5,21,High,1,False,0.0,Complete at least 60 more credits. Complete all prerequisite courses. Retake failed courses as soon as possible. Improve GPA to remove academic warning.
SE1801009,Excellent,6,9.76,120,113,7,94.17,18.83,0,0,0,0,0,0,7,0,Low,0,True,96.5,You are ready for OJT.
SE1801010,Good,5,8.23,120,100,20,83.33,20.0,0,1,0,1,0,0,7,3,Low,0,False,81.0,Complete all prerequisite courses. Retake failed courses as soon as possible.
SE1801011,Average,4,6.1,120,64,56,53.33,16.0,36,3,1,2,1,0,5,12,High,1,False,44.0,Complete at least 36 more credits. Complete all prerequisite courses. Retake failed courses as soon as possible. Improve GPA to remove academic warning.
SE1801012,Recovery,3,5.89,120,48,72,40.0,16.0,52,1,4,0,0,0,6,9,Medium,0,False,53.0,Complete at least 52 more credits. Retake failed courses as soon as possible.
SE1801013,Excellent,5,9.98,120,101,19,84.17,20.2,0,0,0,0,0,0,6,0,Low,0,True,90.5,You are ready for OJT.
SE1801014,AtRisk,6,5.37,120,90,30,75.0,15.0,10,5,3,2,1,0,6,14,High,1,False,47.0,Complete at least 10 more credits. Complete all prerequisite courses. Retake failed courses as soon as possible. Improve GPA to remove academic warning.
SE1801015,Average,5,6.1,120,94,26,78.33,18.8,6,3,1,0,0,0,7,5,Low,0,False,76.0,Complete at least 6 more credits. Retake failed courses as soon as possible.
SE1801016,Critical,2,4.24,120,23,97,19.17,11.5,77,6,8,2,3,1,6,21,High,1,False,0.0,Complete at least 77 more credits. Complete all prerequisite courses. Retake failed courses as soon as possible. Improve GPA to remove academic warning.
SE1801017,Excellent,7,8.61,120,118,2,98.33,16.86,0,0,0,0,0,0,8,0,Low,0,True,99.0,You are ready for OJT.
SE1801018,Good,7,7.98,120,118,2,98.33,16.86,0,0,0,1,0,0,8,2,Low,0,False,93.0,Complete all prerequisite courses.
SE1801019,LateStarter,5,6.21,120,94,26,78.33,18.8,6,4,4,0,0,0,6,6,Medium,0,False,67.0,Complete at least 6 more credits. Retake failed courses as soon as possible.
SE1801020,Average,5,6.21,120,91,29,75.83,18.2,9,1,2,0,1,0,6,6,Medium,0,False,73.5,Complete at least 9 more credits. Retake failed courses as soon as possible. Improve GPA to remove academic warning.
SE1801021,Excellent,5,8.69,120,98,22,81.67,19.6,2,0,0,0,0,0,7,1,Low,0,False,89.0,Complete at least 2 more credits.
SE1801022,AtRisk,4,5.51,120,62,58,51.67,15.5,38,3,5,1,1,1,6,17,High,1,False,33.0,Complete at least 38 more credits. Complete all prerequisite courses. Retake failed courses as soon as possible. Improve GPA to remove academic warning.
SE1801023,Good,6,7.88,120,102,18,85.0,17.0,0,0,2,1,0,0,7,3,Low,0,False,81.0,Complete all prerequisite courses.
SE1801024,Average,3,6.32,120,46,74,38.33,15.33,54,3,4,1,0,0,6,10,Medium,0,False,40.0,Complete at least 54 more credits. Complete all prerequisite courses. Retake failed courses as soon as possible.
SE1801025,Critical,6,4.17,120,66,54,55.0,11.0,34,7,8,3,3,2,6,24,High,1,False,0.0,Complete at least 34 more credits. Complete all prerequisite courses. Retake failed courses as soon as possible. Improve GPA to remove academic warning.
SE1801026,Good,6,7.64,120,102,18,85.0,17.0,0,1,0,0,0,0,7,1,Low,0,True,88.0,Retake failed courses as soon as possible.
SE1801027,Good,3,7.01,120,61,59,50.83,20.33,39,0,2,1,0,0,6,6,Medium,0,False,60.5,Complete at least 39 more credits. Complete all prerequisite courses.
SE1801028,Critical,5,4.07,120,74,46,61.67,14.8,26,6,6,2,3,1,7,20,High,1,False,12.0,Complete at least 26 more credits. Complete all prerequisite courses. Retake failed courses as soon as possible. Improve GPA to remove academic warning.
SE1801029,Average,4,6.81,120,66,54,55.0,16.5,34,1,1,1,1,0,6,10,Medium,0,False,57.0,Complete at least 34 more credits. Complete all prerequisite courses. Retake failed courses as soon as possible. Improve GPA to remove academic warning.
SE1801030,Average,2,6.17,120,35,85,29.17,17.5,65,3,4,0,0,0,5,8,Medium,0,False,40.5,Complete at least 65 more credits. Retake failed courses as soon as possible.
SE1801031,Average,6,6.98,120,106,14,88.33,17.67,0,2,2,1,0,0,7,5,Low,0,False,77.0,Complete all prerequisite courses. Retake failed courses as soon as possible.
SE1801032,Average,2,6.09,120,42,78,35.0,21.0,58,2,3,1,1,0,6,11,High,1,False,38.0,Complete at least 58 more credits. Complete all prerequisite courses. Retake failed courses as soon as possible. Improve GPA to remove academic warning.
SE1801033,Excellent,6,9.24,120,105,15,87.5,17.5,0,0,0,0,0,0,7,0,Low,0,True,92.5,You are ready for OJT.
SE1801034,Recovery,2,6.02,120,28,92,23.33,14.0,72,1,2,1,1,0,5,10,Medium,0,False,36.0,Complete at least 72 more credits. Complete all prerequisite courses. Retake failed courses as soon as possible. Improve GPA to remove academic warning.
SE1801035,Excellent,5,9.72,120,90,30,75.0,18.0,10,0,0,0,0,0,7,1,Low,0,False,85.0,Complete at least 10 more credits.
SE1801036,Excellent,3,9.42,120,66,54,55.0,22.0,34,0,0,0,0,0,5,3,Low,0,False,73.0,Complete at least 34 more credits.
SE1801037,Good,6,8.12,120,106,14,88.33,17.67,0,1,2,0,0,0,7,2,Low,0,True,86.0,Retake failed courses as soon as possible.
SE1801038,LateStarter,3,6.93,120,42,78,35.0,14.0,58,2,4,1,0,0,5,9,Medium,0,False,41.0,Complete at least 58 more credits. Complete all prerequisite courses. Retake failed courses as soon as possible.
SE1801039,Average,5,6.2,120,82,38,68.33,16.4,18,1,4,0,0,0,6,6,Medium,0,False,70.0,Complete at least 18 more credits. Retake failed courses as soon as possible.
SE1801040,Average,4,6.48,120,70,50,58.33,17.5,30,1,3,1,1,0,5,10,Medium,0,False,55.0,Complete at least 30 more credits. Complete all prerequisite courses. Retake failed courses as soon as possible. Improve GPA to remove academic warning.
SE1801041,Recovery,3,6.16,120,49,71,40.83,16.33,51,1,3,0,0,0,6,7,Medium,0,False,55.5,Complete at least 51 more credits. Retake failed courses as soon as possible.
SE1801042,Good,3,8.3,120,60,60,50.0,20.0,40,0,0,1,0,0,5,5,Low,0,False,64.0,Complete at least 40 more credits. Complete all prerequisite courses.
SE1801043,Excellent,4,8.9,120,79,41,65.83,19.75,21,0,0,0,0,0,6,2,Low,0,False,79.5,Complete at least 21 more credits.
SE1801044,Average,3,6.5,120,53,67,44.17,17.67,47,2,1,1,1,0,5,10,Medium,0,False,47.5,Complete at least 47 more credits. Complete all prerequisite courses. Retake failed courses as soon as possible. Improve GPA to remove academic warning.
SE1801045,Excellent,4,9.89,120,75,45,62.5,18.75,25,0,0,0,0,0,6,2,Low,0,False,77.5,Complete at least 25 more credits.
SE1801046,Average,2,6.05,120,33,87,27.5,16.5,67,1,2,0,0,0,6,6,Medium,0,False,49.5,Complete at least 67 more credits. Retake failed courses as soon as possible.
SE1801047,Good,4,7.41,120,82,38,68.33,20.5,18,1,1,1,0,0,6,6,Medium,0,False,70.0,Complete at least 18 more credits. Complete all prerequisite courses. Retake failed courses as soon as possible.
SE1801048,Average,3,6.2,120,55,65,45.83,18.33,45,2,3,2,0,0,5,10,Medium,0,False,43.5,Complete at least 45 more credits. Complete all prerequisite courses. Retake failed courses as soon as possible.
SE1801049,Average,5,6.47,120,89,31,74.17,17.8,11,3,2,0,1,0,6,7,Medium,0,False,66.5,Complete at least 11 more credits. Retake failed courses as soon as possible. Improve GPA to remove academic warning.
SE1801050,Good,6,7.21,120,100,20,83.33,16.67,0,1,1,1,0,0,7,4,Low,0,False,79.0,Complete all prerequisite courses. Retake failed courses as soon as possible.
SE1801051,Critical,3,4.63,120,28,92,23.33,9.33,72,7,8,4,2,2,5,24,High,1,False,0.0,Complete at least 72 more credits. Complete all prerequisite courses. Retake failed courses as soon as possible. Improve GPA to remove academic warning.
SE1801052,Average,1,6.02,120,18,102,15.0,18.0,82,1,2,0,0,0,6,6,Medium,0,False,42.0,Complete at least 82 more credits. Retake failed courses as soon as possible.
SE1801053,AtRisk,4,5.49,120,61,59,50.83,15.25,39,5,5,3,2,1,6,21,High,1,False,9.5,Complete at least 39 more credits. Complete all prerequisite courses. Retake failed courses as soon as possible. Improve GPA to remove academic warning.
SE1801054,Average,6,6.3,120,102,18,85.0,17.0,0,3,4,0,1,0,6,7,Medium,0,True,69.0,Retake failed courses as soon as possible. Improve GPA to remove academic warning.
SE1801055,LateStarter,6,6.86,120,96,24,80.0,16.0,4,3,5,0,0,0,7,7,Medium,0,False,69.0,Complete at least 4 more credits. Retake failed courses as soon as possible.
SE1801056,Good,2,8.37,120,40,80,33.33,20.0,60,0,1,1,0,0,6,6,Medium,0,False,52.0,Complete at least 60 more credits. Complete all prerequisite courses.
SE1801057,Critical,4,4.12,120,48,72,40.0,12.0,52,7,6,2,3,1,6,21,High,1,False,0.0,Complete at least 52 more credits. Complete all prerequisite courses. Retake failed courses as soon as possible. Improve GPA to remove academic warning.
SE1801058,AtRisk,5,5.78,120,79,41,65.83,15.8,21,4,3,1,2,0,7,14,High,1,False,45.5,Complete at least 21 more credits. Complete all prerequisite courses. Retake failed courses as soon as possible. Improve GPA to remove academic warning.
SE1801059,Average,4,6.29,120,65,55,54.17,16.25,35,2,4,1,0,0,5,9,Medium,0,False,52.5,Complete at least 35 more credits. Complete all prerequisite courses. Retake failed courses as soon as possible.
SE1801060,Average,3,6.82,120,46,74,38.33,15.33,54,1,4,1,0,0,6,9,Medium,0,False,46.0,Complete at least 54 more credits. Complete all prerequisite courses. Retake failed courses as soon as possible.
SE1801061,Average,1,6.25,120,18,102,15.0,18.0,82,2,2,0,1,0,5,8,Medium,0,False,34.0,Complete at least 82 more credits. Retake failed courses as soon as possible. Improve GPA to remove academic warning.
SE1801062,Average,7,6.29,120,101,19,84.17,14.43,0,2,3,0,1,0,8,6,Medium,0,True,73.5,Retake failed courses as soon as possible. Improve GPA to remove academic warning.
SE1801063,Good,7,8.33,120,112,8,93.33,16.0,0,1,0,1,0,0,8,3,Low,0,False,87.0,Complete all prerequisite courses. Retake failed courses as soon as possible.
SE1801064,Average,3,6.13,120,53,67,44.17,17.67,47,1,3,1,0,0,6,9,Medium,0,False,51.5,Complete at least 47 more credits. Complete all prerequisite courses. Retake failed courses as soon as possible.
SE1801065,Average,4,6.87,120,73,47,60.83,18.25,27,1,2,2,1,0,6,10,Medium,0,False,52.5,Complete at least 27 more credits. Complete all prerequisite courses. Retake failed courses as soon as possible. Improve GPA to remove academic warning.
SE1801066,Average,4,6.42,120,73,47,60.83,18.25,27,2,1,2,0,0,5,8,Medium,0,False,56.5,Complete at least 27 more credits. Complete all prerequisite courses. Retake failed courses as soon as possible.
SE1801067,AtRisk,5,5.3,120,75,45,62.5,15.0,25,5,5,1,2,0,7,16,High,1,False,36.5,Complete at least 25 more credits. Complete all prerequisite courses. Retake failed courses as soon as possible. Improve GPA to remove academic warning.
SE1801068,Good,5,7.69,120,100,20,83.33,20.0,0,1,0,0,0,0,6,1,Low,0,True,87.0,Retake failed courses as soon as possible.
SE1801069,Good,2,7.43,120,41,79,34.17,20.5,59,1,0,0,0,0,5,4,Low,0,False,57.5,Complete at least 59 more credits. Retake failed courses as soon as possible.
SE1801070,Average,7,6.14,120,104,16,86.67,14.86,0,2,3,2,0,0,8,7,Medium,0,False,68.0,Complete all prerequisite courses. Retake failed courses as soon as possible.
SE1801071,Average,3,6.07,120,47,73,39.17,15.67,53,3,1,2,0,0,5,10,Medium,0,False,40.5,Complete at least 53 more credits. Complete all prerequisite courses. Retake failed courses as soon as possible.
SE1801072,Good,1,7.75,120,21,99,17.5,21.0,79,0,0,1,0,0,5,5,Low,0,False,44.5,Complete at least 79 more credits. Complete all prerequisite courses.
SE1801073,AtRisk,6,5.54,120,96,24,80.0,16.0,4,5,3,2,1,0,6,14,High,1,False,50.0,Complete at least 4 more credits. Complete all prerequisite courses. Retake failed courses as soon as possible. Improve GPA to remove academic warning.
SE1801074,Good,5,7.36,120,96,24,80.0,19.2,4,0,1,1,0,0,6,4,Low,0,False,80.0,Complete at least 4 more credits. Complete all prerequisite courses.
SE1801075,LateStarter,4,6.87,120,67,53,55.83,16.75,33,3,2,1,1,0,5,11,High,1,False,49.5,Complete at least 33 more credits. Complete all prerequisite courses. Retake failed courses as soon as possible. Improve GPA to remove academic warning.
SE1801076,Excellent,4,9.35,120,72,48,60.0,18.0,28,0,0,0,0,0,5,2,Low,0,False,76.0,Complete at least 28 more credits.
SE1801077,Average,5,6.27,120,85,35,70.83,17.0,15,2,2,1,1,0,6,8,Medium,0,False,61.5,Complete at least 15 more credits. Complete all prerequisite courses. Retake failed courses as soon as possible. Improve GPA to remove academic warning.
SE1801078,Average,4,6.71,120,70,50,58.33,17.5,30,2,2,1,1,0,5,9,Medium,0,False,54.0,Complete at least 30 more credits. Complete all prerequisite courses. Retake failed courses as soon as possible. Improve GPA to remove academic warning.
SE1801079,Recovery,5,6.18,120,85,35,70.83,17.0,15,1,4,1,0,0,7,7,Medium,0,False,65.5,Complete at least 15 more credits. Complete all prerequisite courses. Retake failed courses as soon as possible.
SE1801080,Average,6,6.07,120,92,28,76.67,15.33,8,3,2,0,0,0,7,5,Low,0,False,73.0,Complete at least 8 more credits. Retake failed courses as soon as possible.
SE1801081,Recovery,4,6.56,120,70,50,58.33,17.5,30,1,2,0,1,0,5,7,Medium,0,False,63.0,Complete at least 30 more credits. Retake failed courses as soon as possible. Improve GPA to remove academic warning.
SE1801082,Excellent,3,8.56,120,65,55,54.17,21.67,35,0,0,0,0,0,6,3,Low,0,False,72.5,Complete at least 35 more credits.
SE1801083,Good,4,7.2,120,78,42,65.0,19.5,22,0,0,1,0,0,6,4,Low,0,False,73.0,Complete at least 22 more credits. Complete all prerequisite courses.
SE1801084,Good,5,7.65,120,96,24,80.0,19.2,4,0,0,0,0,0,6,1,Low,0,False,88.0,Complete at least 4 more credits.
SE1801085,AtRisk,6,5.36,120,95,25,79.17,15.83,5,5,3,2,1,1,6,16,High,1,False,41.5,Complete at least 5 more credits. Complete all prerequisite courses. Retake failed courses as soon as possible. Improve GPA to remove academic warning.
SE1801086,AtRisk,5,5.47,120,79,41,65.83,15.8,21,4,4,1,2,1,7,16,High,1,False,35.5,Complete at least 21 more credits. Complete all prerequisite courses. Retake failed courses as soon as possible. Improve GPA to remove academic warning.
SE1801087,Critical,5,3.69,120,71,49,59.17,14.2,29,7,5,2,3,1,6,20,High,1,False,9.5,Complete at least 29 more credits. Complete all prerequisite courses. Retake failed courses as soon as possible. Improve GPA to remove academic warning.
SE1801088,Average,4,6.22,120,69,51,57.5,17.25,31,2,4,2,1,0,5,12,High,1,False,43.5,Complete at least 31 more credits. Complete all prerequisite courses. Retake failed courses as soon as possible. Improve GPA to remove academic warning.
SE1801089,LateStarter,2,6.78,120,30,90,25.0,15.0,70,4,4,1,0,0,6,10,Medium,0,False,29.0,Complete at least 70 more credits. Complete all prerequisite courses. Retake failed courses as soon as possible.
SE1801090,Recovery,8,6.45,120,108,12,90.0,13.5,0,2,3,1,0,0,8,6,Medium,0,False,76.0,Complete all prerequisite courses. Retake failed courses as soon as possible.
SE1801091,Critical,2,3.8,120,29,91,24.17,14.5,71,7,5,2,3,1,5,21,High,1,False,0.0,Complete at least 71 more credits. Complete all prerequisite courses. Retake failed courses as soon as possible. Improve GPA to remove academic warning.
SE1801092,Good,2,7.62,120,45,75,37.5,22.5,55,0,2,1,0,0,5,6,Medium,0,False,52.5,Complete at least 55 more credits. Complete all prerequisite courses.
SE1801093,Good,4,7.34,120,73,47,60.83,18.25,27,1,1,1,0,0,5,6,Medium,0,False,65.5,Complete at least 27 more credits. Complete all prerequisite courses. Retake failed courses as soon as possible.
SE1801094,Excellent,6,8.79,120,114,6,95.0,19.0,0,0,0,0,0,0,7,0,Low,0,True,97.0,You are ready for OJT.
SE1801095,Average,4,6.42,120,64,56,53.33,16.0,36,1,4,0,1,0,5,9,Medium,0,False,56.0,Complete at least 36 more credits. Retake failed courses as soon as possible. Improve GPA to remove academic warning.
SE1801096,Good,7,7.35,120,109,11,90.83,15.57,0,0,0,1,0,0,8,2,Low,0,False,88.5,Complete all prerequisite courses.
SE1801097,Critical,3,3.58,120,28,92,23.33,9.33,72,6,8,2,3,1,6,21,High,1,False,0.0,Complete at least 72 more credits. Complete all prerequisite courses. Retake failed courses as soon as possible. Improve GPA to remove academic warning.
SE1801098,Good,5,7.36,120,92,28,76.67,18.4,8,0,2,1,0,0,6,4,Low,0,False,76.0,Complete at least 8 more credits. Complete all prerequisite courses.
SE1801099,Excellent,7,8.81,120,117,3,97.5,16.71,0,0,0,0,0,0,8,0,Low,0,True,98.5,You are ready for OJT.
SE1801100,Critical,3,4.83,120,33,87,27.5,11.0,67,5,5,3,3,2,6,24,High,1,False,0.0,Complete at least 67 more credits. Complete all prerequisite courses. Retake failed courses as soon as possible. Improve GPA to remove academic warning.
SE1801101,Excellent,7,9.76,120,120,0,100.0,17.14,0,0,0,0,0,0,8,0,Low,0,True,100.0,You are ready for OJT.
SE1801102,AtRisk,6,5.04,120,89,31,74.17,14.83,11,5,6,3,2,0,6,17,High,1,False,29.5,Complete at least 11 more credits. Complete all prerequisite courses. Retake failed courses as soon as possible. Improve GPA to remove academic warning.
SE1801103,Average,1,6.28,120,19,101,15.83,19.0,81,2,1,0,1,0,6,8,Medium,0,False,36.5,Complete at least 81 more credits. Retake failed courses as soon as possible. Improve GPA to remove academic warning.
SE1801104,Excellent,4,9.17,120,75,45,62.5,18.75,25,0,0,0,0,0,6,2,Low,0,False,77.5,Complete at least 25 more credits.
SE1801105,Excellent,5,9.91,120,100,20,83.33,20.0,0,0,0,0,0,0,7,0,Low,0,True,90.0,You are ready for OJT.
SE1801106,AtRisk,7,5.74,120,95,25,79.17,13.57,5,5,6,3,2,1,8,19,High,1,False,24.5,Complete at least 5 more credits. Complete all prerequisite courses. Retake failed courses as soon as possible. Improve GPA to remove academic warning.
SE1801107,Average,5,6.76,120,88,32,73.33,17.6,12,1,4,1,0,0,6,7,Medium,0,False,67.0,Complete at least 12 more credits. Complete all prerequisite courses. Retake failed courses as soon as possible.
SE1801108,Good,5,7.41,120,91,29,75.83,18.2,9,1,1,1,0,0,7,5,Low,0,False,74.5,Complete at least 9 more credits. Complete all prerequisite courses. Retake failed courses as soon as possible.
SE1801109,Good,3,7.97,120,62,58,51.67,20.67,38,0,0,1,0,0,5,5,Low,0,False,65.0,Complete at least 38 more credits. Complete all prerequisite courses.
SE1801110,Average,1,6.01,120,16,104,13.33,16.0,84,2,4,2,0,0,5,10,Medium,0,False,22.0,Complete at least 84 more credits. Complete all prerequisite courses. Retake failed courses as soon as possible.
SE1801111,Average,2,6.89,120,38,82,31.67,19.0,62,2,1,1,0,0,6,8,Medium,0,False,45.0,Complete at least 62 more credits. Complete all prerequisite courses. Retake failed courses as soon as possible.
SE1801112,Good,4,7.34,120,70,50,58.33,17.5,30,0,2,0,0,0,5,3,Low,0,False,71.0,Complete at least 30 more credits.
SE1801113,Good,4,7.66,120,73,47,60.83,18.25,27,0,2,0,0,0,6,3,Low,0,False,72.5,Complete at least 27 more credits.
SE1801114,Excellent,6,9.77,120,113,7,94.17,18.83,0,0,0,0,0,0,7,0,Low,0,True,96.5,You are ready for OJT.
SE1801115,Good,2,7.3,120,43,77,35.83,21.5,57,1,2,1,0,0,6,7,Medium,0,False,48.5,Complete at least 57 more credits. Complete all prerequisite courses. Retake failed courses as soon as possible.
SE1801116,Good,3,8.17,120,55,65,45.83,18.33,45,1,2,1,0,0,5,7,Medium,0,False,54.5,Complete at least 45 more credits. Complete all prerequisite courses. Retake failed courses as soon as possible.
SE1801117,Good,1,8.39,120,22,98,18.33,22.0,78,0,0,0,0,0,5,3,Low,0,False,51.0,Complete at least 78 more credits.
SE1801118,Good,5,7.98,120,90,30,75.0,18.0,10,1,2,0,0,0,7,3,Low,0,False,78.0,Complete at least 10 more credits. Retake failed courses as soon as possible.
SE1801119,Average,2,6.87,120,42,78,35.0,21.0,58,1,4,2,1,0,6,12,High,1,False,33.0,Complete at least 58 more credits. Complete all prerequisite courses. Retake failed courses as soon as possible. Improve GPA to remove academic warning.
SE1801120,Good,5,8.36,120,93,27,77.5,18.6,7,0,1,0,0,0,6,2,Low,0,False,84.5,Complete at least 7 more credits.
SE1801121,Average,4,6.95,120,73,47,60.83,18.25,27,2,1,1,0,0,6,7,Medium,0,False,62.5,Complete at least 27 more credits. Complete all prerequisite courses. Retake failed courses as soon as possible.
SE1801122,Average,4,6.41,120,64,56,53.33,16.0,36,3,2,1,0,0,6,9,Medium,0,False,53.0,Complete at least 36 more credits. Complete all prerequisite courses. Retake failed courses as soon as possible.
SE1801123,Good,2,7.61,120,42,78,35.0,21.0,58,0,2,1,0,0,6,6,Medium,0,False,51.0,Complete at least 58 more credits. Complete all prerequisite courses.
SE1801124,Excellent,2,8.9,120,44,76,36.67,22.0,56,0,0,0,0,0,5,3,Low,0,False,62.0,Complete at least 56 more credits.
SE1801125,Average,8,6.13,120,116,4,96.67,14.5,0,2,4,1,0,0,8,6,Medium,0,False,78.0,Complete all prerequisite courses. Retake failed courses as soon as possible.
SE1801126,Average,3,6.29,120,50,70,41.67,16.67,50,2,1,2,0,0,6,9,Medium,0,False,45.0,Complete at least 50 more credits. Complete all prerequisite courses. Retake failed courses as soon as possible.
SE1801127,Recovery,7,6.43,120,113,7,94.17,16.14,0,2,3,1,0,0,8,6,Medium,0,False,78.5,Complete all prerequisite courses. Retake failed courses as soon as possible.
SE1801128,AtRisk,5,5.81,120,84,36,70.0,16.8,16,3,4,1,2,1,7,16,High,1,False,41.0,Complete at least 16 more credits. Complete all prerequisite courses. Retake failed courses as soon as possible. Improve GPA to remove academic warning.
SE1801129,Good,3,8.08,120,54,66,45.0,18.0,46,0,0,1,0,0,5,5,Low,0,False,61.0,Complete at least 46 more credits. Complete all prerequisite courses.
SE1801130,Average,6,6.57,120,105,15,87.5,17.5,0,2,3,1,1,0,6,8,Medium,0,False,69.5,Complete all prerequisite courses. Retake failed courses as soon as possible. Improve GPA to remove academic warning.
SE1801131,Excellent,7,9.82,120,115,5,95.83,16.43,0,0,0,0,0,0,8,0,Low,0,True,97.5,You are ready for OJT.
SE1801132,Good,2,7.41,120,41,79,34.17,20.5,59,0,0,1,0,0,5,5,Low,0,False,54.5,Complete at least 59 more credits. Complete all prerequisite courses.
SE1801133,Average,2,6.2,120,38,82,31.67,19.0,62,1,1,2,0,0,5,9,Medium,0,False,42.0,Complete at least 62 more credits. Complete all prerequisite courses. Retake failed courses as soon as possible.
SE1801134,Average,6,6.37,120,101,19,84.17,16.83,0,3,4,2,1,0,7,10,Medium,0,False,56.5,Complete all prerequisite courses. Retake failed courses as soon as possible. Improve GPA to remove academic warning.
SE1801135,Good,2,8.05,120,35,85,29.17,17.5,65,1,1,1,0,0,5,7,Medium,0,False,46.5,Complete at least 65 more credits. Complete all prerequisite courses. Retake failed courses as soon as possible.
SE1801136,LateStarter,5,6.32,120,89,31,74.17,17.8,11,2,3,2,0,0,6,8,Medium,0,False,60.5,Complete at least 11 more credits. Complete all prerequisite courses. Retake failed courses as soon as possible.
SE1801137,Average,3,6.62,120,53,67,44.17,17.67,47,3,1,2,1,0,6,12,High,1,False,38.5,Complete at least 47 more credits. Complete all prerequisite courses. Retake failed courses as soon as possible. Improve GPA to remove academic warning.
SE1801138,Good,5,7.78,120,91,29,75.83,18.2,9,0,2,0,0,0,7,2,Low,0,False,81.5,Complete at least 9 more credits.
SE1801139,Critical,3,3.79,120,35,85,29.17,11.67,65,6,8,2,3,2,5,23,High,1,False,0.0,Complete at least 65 more credits. Complete all prerequisite courses. Retake failed courses as soon as possible. Improve GPA to remove academic warning.
SE1801140,Good,6,8.42,120,111,9,92.5,18.5,0,0,0,1,0,0,6,2,Low,0,False,89.5,Complete all prerequisite courses.
SE1801141,AtRisk,1,5.68,120,18,102,15.0,18.0,82,4,4,3,2,1,5,19,High,1,False,0.0,Complete at least 82 more credits. Complete all prerequisite courses. Retake failed courses as soon as possible. Improve GPA to remove academic warning.
SE1801142,Critical,6,4.8,120,86,34,71.67,14.33,14,8,8,4,3,2,7,22,High,1,False,0.0,Complete at least 14 more credits. Complete all prerequisite courses. Retake failed courses as soon as possible. Improve GPA to remove academic warning.
SE1801143,Good,3,8.43,120,64,56,53.33,21.33,36,1,1,1,0,0,6,7,Medium,0,False,61.0,Complete at least 36 more credits. Complete all prerequisite courses. Retake failed courses as soon as possible.
SE1801144,Good,4,7.48,120,69,51,57.5,17.25,31,1,2,1,0,0,6,7,Medium,0,False,61.5,Complete at least 31 more credits. Complete all prerequisite courses. Retake failed courses as soon as possible.
SE1801145,Average,5,6.03,120,88,32,73.33,17.6,12,3,2,1,0,0,7,7,Medium,0,False,65.0,Complete at least 12 more credits. Complete all prerequisite courses. Retake failed courses as soon as possible.
SE1801146,Average,4,6.8,120,73,47,60.83,18.25,27,2,3,0,1,0,5,8,Medium,0,False,59.5,Complete at least 27 more credits. Retake failed courses as soon as possible. Improve GPA to remove academic warning.
SE1801147,Good,6,7.46,120,106,14,88.33,17.67,0,0,2,0,0,0,7,1,Low,0,True,89.0,You are ready for OJT.
SE1801148,Good,4,8.42,120,68,52,56.67,17.0,32,1,0,1,0,0,5,6,Medium,0,False,65.0,Complete at least 32 more credits. Complete all prerequisite courses. Retake failed courses as soon as possible.
SE1801149,Average,4,6.2,120,65,55,54.17,16.25,35,3,4,2,0,0,5,11,High,1,False,43.5,Complete at least 35 more credits. Complete all prerequisite courses. Retake failed courses as soon as possible.
SE1801150,Recovery,4,6.02,120,69,51,57.5,17.25,31,1,2,0,0,0,6,6,Medium,0,False,67.5,Complete at least 31 more credits. Retake failed courses as soon as possible.
SE1801151,AtRisk,1,5.28,120,14,106,11.67,14.0,86,3,4,1,2,0,6,15,High,1,False,14.0,Complete at least 86 more credits. Complete all prerequisite courses. Retake failed courses as soon as possible. Improve GPA to remove academic warning.
SE1801152,Average,2,6.73,120,34,86,28.33,17.0,66,1,1,0,1,0,5,8,Medium,0,False,47.0,Complete at least 66 more credits. Retake failed courses as soon as possible. Improve GPA to remove academic warning.
SE1801153,AtRisk,4,5.91,120,53,67,44.17,13.25,47,5,6,1,2,1,6,19,High,1,False,15.5,Complete at least 47 more credits. Complete all prerequisite courses. Retake failed courses as soon as possible. Improve GPA to remove academic warning.
SE1801154,Average,1,6.27,120,17,103,14.17,17.0,83,1,3,2,1,0,6,12,High,1,False,22.5,Complete at least 83 more credits. Complete all prerequisite courses. Retake failed courses as soon as possible. Improve GPA to remove academic warning.
SE1801155,Average,3,6.4,120,49,71,40.83,16.33,51,2,3,2,0,0,5,10,Medium,0,False,40.5,Complete at least 51 more credits. Complete all prerequisite courses. Retake failed courses as soon as possible.
SE1801156,LateStarter,5,7.15,120,95,25,79.17,19.0,5,4,2,1,0,0,7,6,Medium,0,False,65.5,Complete at least 5 more credits. Complete all prerequisite courses. Retake failed courses as soon as possible.
SE1801157,AtRisk,4,5.47,120,53,67,44.17,13.25,47,5,5,2,1,0,5,17,High,1,False,24.5,Complete at least 47 more credits. Complete all prerequisite courses. Retake failed courses as soon as possible. Improve GPA to remove academic warning.
SE1801158,Average,3,6.93,120,54,66,45.0,18.0,46,1,1,0,1,0,5,8,Medium,0,False,57.0,Complete at least 46 more credits. Retake failed courses as soon as possible. Improve GPA to remove academic warning.
SE1801159,Excellent,4,9.12,120,83,37,69.17,20.75,17,0,0,0,0,0,5,2,Low,0,False,81.5,Complete at least 17 more credits.
SE1801160,Good,3,7.84,120,57,63,47.5,19.0,43,1,1,0,0,0,6,5,Low,0,False,63.5,Complete at least 43 more credits. Retake failed courses as soon as possible.
SE1801161,Average,6,6.98,120,94,26,78.33,15.67,6,1,4,2,0,0,6,8,Medium,0,False,64.0,Complete at least 6 more credits. Complete all prerequisite courses. Retake failed courses as soon as possible.
SE1801162,AtRisk,3,5.74,120,38,82,31.67,12.67,62,3,6,1,1,1,6,17,High,1,False,19.0,Complete at least 62 more credits. Complete all prerequisite courses. Retake failed courses as soon as possible. Improve GPA to remove academic warning.
SE1801163,Good,6,7.73,120,111,9,92.5,18.5,0,1,1,0,0,0,7,2,Low,0,True,90.5,Retake failed courses as soon as possible.
SE1801164,LateStarter,5,7.08,120,86,34,71.67,17.2,14,4,4,2,1,0,6,10,Medium,0,False,46.0,Complete at least 14 more credits. Complete all prerequisite courses. Retake failed courses as soon as possible. Improve GPA to remove academic warning.
SE1801165,Good,5,8.2,120,99,21,82.5,19.8,1,1,2,1,0,0,6,5,Low,0,False,76.5,Complete at least 1 more credits. Complete all prerequisite courses. Retake failed courses as soon as possible.
SE1801166,Recovery,7,6.52,120,104,16,86.67,14.86,0,1,4,1,0,0,8,6,Medium,0,False,75.0,Complete all prerequisite courses. Retake failed courses as soon as possible.
SE1801167,Average,3,6.07,120,45,75,37.5,15.0,55,2,2,0,0,0,6,6,Medium,0,False,52.5,Complete at least 55 more credits. Retake failed courses as soon as possible.
SE1801168,Excellent,5,9.39,120,92,28,76.67,18.4,8,0,0,0,0,0,7,1,Low,0,False,86.0,Complete at least 8 more credits.
SE1801169,Good,7,7.63,120,112,8,93.33,16.0,0,1,2,1,0,0,8,4,Low,0,False,83.0,Complete all prerequisite courses. Retake failed courses as soon as possible.
SE1801170,Excellent,3,9.6,120,58,62,48.33,19.33,42,0,0,0,0,0,6,3,Low,0,False,69.0,Complete at least 42 more credits.
SE1801171,Average,6,6.6,120,107,13,89.17,17.83,0,1,2,0,0,0,6,3,Low,0,True,86.5,Retake failed courses as soon as possible.
SE1801172,Recovery,5,5.94,120,85,35,70.83,17.0,15,1,3,0,0,0,7,7,Medium,0,False,73.5,Complete at least 15 more credits. Retake failed courses as soon as possible.
SE1801173,Average,4,6.3,120,63,57,52.5,15.75,37,1,4,1,1,0,6,11,High,1,False,49.5,Complete at least 37 more credits. Complete all prerequisite courses. Retake failed courses as soon as possible. Improve GPA to remove academic warning.
SE1801174,Good,4,7.79,120,82,38,68.33,20.5,18,0,0,1,0,0,6,4,Low,0,False,75.0,Complete at least 18 more credits. Complete all prerequisite courses.
SE1801175,Average,6,6.68,120,105,15,87.5,17.5,0,3,3,0,0,0,7,5,Low,0,True,77.5,Retake failed courses as soon as possible.
SE1801176,AtRisk,4,5.42,120,67,53,55.83,16.75,33,3,6,2,1,0,5,16,High,1,False,35.5,Complete at least 33 more credits. Complete all prerequisite courses. Retake failed courses as soon as possible. Improve GPA to remove academic warning.
SE1801177,Average,4,6.01,120,69,51,57.5,17.25,31,2,1,1,1,0,6,10,Medium,0,False,55.5,Complete at least 31 more credits. Complete all prerequisite courses. Retake failed courses as soon as possible. Improve GPA to remove academic warning.
SE1801178,Excellent,3,9.22,120,54,66,45.0,18.0,46,0,0,0,0,0,6,3,Low,0,False,67.0,Complete at least 46 more credits.
SE1801179,Average,4,6.87,120,63,57,52.5,15.75,37,1,3,0,0,0,5,7,Medium,0,False,62.5,Complete at least 37 more credits. Retake failed courses as soon as possible.
SE1801180,Excellent,6,8.68,120,112,8,93.33,18.67,0,0,0,0,0,0,6,0,Low,0,True,96.0,You are ready for OJT.
SE1801181,Good,5,8.34,120,99,21,82.5,19.8,1,0,2,1,0,0,7,4,Low,0,False,79.5,Complete at least 1 more credits. Complete all prerequisite courses.
SE1801182,AtRisk,5,5.06,120,84,36,70.0,16.8,16,3,5,1,1,1,6,16,High,1,False,44.0,Complete at least 16 more credits. Complete all prerequisite courses. Retake failed courses as soon as possible. Improve GPA to remove academic warning.
SE1801183,Good,3,7.75,120,52,68,43.33,17.33,48,0,1,1,0,0,6,6,Medium,0,False,58.0,Complete at least 48 more credits. Complete all prerequisite courses.
SE1801184,Average,6,6.09,120,106,14,88.33,17.67,0,1,1,0,0,0,6,3,Low,0,True,88.0,Retake failed courses as soon as possible.
SE1801185,Good,5,7.03,120,90,30,75.0,18.0,10,0,0,1,0,0,6,3,Low,0,False,79.0,Complete at least 10 more credits. Complete all prerequisite courses.
SE1801186,Good,5,8.4,120,91,29,75.83,18.2,9,0,1,0,0,0,6,2,Low,0,False,83.5,Complete at least 9 more credits.
SE1801187,Good,5,7.62,120,91,29,75.83,18.2,9,1,0,0,0,0,7,2,Low,0,False,82.5,Complete at least 9 more credits. Retake failed courses as soon as possible.
SE1801188,Good,4,7.86,120,73,47,60.83,18.25,27,1,2,0,0,0,5,4,Low,0,False,69.5,Complete at least 27 more credits. Retake failed courses as soon as possible.
SE1801189,Average,3,6.7,120,50,70,41.67,16.67,50,3,3,0,1,0,5,10,Medium,0,False,45.0,Complete at least 50 more credits. Retake failed courses as soon as possible. Improve GPA to remove academic warning.
SE1801190,Average,3,6.22,120,49,71,40.83,16.33,51,1,1,2,0,0,5,9,Medium,0,False,47.5,Complete at least 51 more credits. Complete all prerequisite courses. Retake failed courses as soon as possible.
SE1801191,Average,3,6.56,120,55,65,45.83,18.33,45,3,1,1,0,0,5,9,Medium,0,False,50.5,Complete at least 45 more credits. Complete all prerequisite courses. Retake failed courses as soon as possible.
SE1801192,Good,4,7.5,120,82,38,68.33,20.5,18,0,0,1,0,0,6,4,Low,0,False,75.0,Complete at least 18 more credits. Complete all prerequisite courses.
SE1801193,Average,5,6.43,120,94,26,78.33,18.8,6,3,4,2,1,0,6,11,High,1,False,53.0,Complete at least 6 more credits. Complete all prerequisite courses. Retake failed courses as soon as possible. Improve GPA to remove academic warning.
SE1801194,Good,4,7.5,120,78,42,65.0,19.5,22,1,1,0,0,0,6,4,Low,0,False,74.0,Complete at least 22 more credits. Retake failed courses as soon as possible.
SE1801195,Average,3,6.57,120,54,66,45.0,18.0,46,1,2,2,0,0,5,9,Medium,0,False,48.0,Complete at least 46 more credits. Complete all prerequisite courses. Retake failed courses as soon as possible.
SE1801196,LateStarter,5,6.34,120,88,32,73.33,17.6,12,2,2,1,0,0,7,6,Medium,0,False,68.0,Complete at least 12 more credits. Complete all prerequisite courses. Retake failed courses as soon as possible.
SE1801197,Good,4,7.98,120,71,49,59.17,17.75,29,0,1,1,0,0,5,5,Low,0,False,67.5,Complete at least 29 more credits. Complete all prerequisite courses.
SE1801198,Critical,4,4.58,120,44,76,36.67,11.0,56,7,5,3,2,2,5,24,High,1,False,0.0,Complete at least 56 more credits. Complete all prerequisite courses. Retake failed courses as soon as possible. Improve GPA to remove academic warning.
SE1801199,Average,5,6.69,120,95,25,79.17,19.0,5,3,4,1,0,0,7,8,Medium,0,False,64.5,Complete at least 5 more credits. Complete all prerequisite courses. Retake failed courses as soon as possible.
SE1801200,Good,5,7.2,120,100,20,83.33,20.0,0,1,1,1,0,0,7,4,Low,0,False,79.0,Complete all prerequisite courses. Retake failed courses as soon as possible.
SE1801201,Average,5,6.58,120,87,33,72.5,17.4,13,3,2,0,1,0,7,7,Medium,0,False,65.5,Complete at least 13 more credits. Retake failed courses as soon as possible. Improve GPA to remove academic warning.
SE1801202,Average,1,6.59,120,19,101,15.83,19.0,81,1,2,0,1,0,5,8,Medium,0,False,37.5,Complete at least 81 more credits. Retake failed courses as soon as possible. Improve GPA to remove academic warning.
SE1801203,Good,4,7.51,120,78,42,65.0,19.5,22,0,1,0,0,0,6,3,Low,0,False,77.0,Complete at least 22 more credits.
SE1801204,Average,4,6.26,120,73,47,60.83,18.25,27,1,2,1,0,0,5,7,Medium,0,False,63.5,Complete at least 27 more credits. Complete all prerequisite courses. Retake failed courses as soon as possible.
SE1801205,Good,5,7.98,120,94,26,78.33,18.8,6,0,0,1,0,0,7,3,Low,0,False,81.0,Complete at least 6 more credits. Complete all prerequisite courses.
SE1801206,Excellent,5,9.51,120,103,17,85.83,20.6,0,0,0,0,0,0,7,0,Low,0,True,91.5,You are ready for OJT.
SE1801207,Average,6,6.7,120,103,17,85.83,17.17,0,1,2,1,1,0,6,7,Medium,0,False,73.5,Complete all prerequisite courses. Retake failed courses as soon as possible. Improve GPA to remove academic warning.
SE1801208,Excellent,7,9.56,120,116,4,96.67,16.57,0,0,0,0,0,0,8,0,Low,0,True,98.0,You are ready for OJT.
SE1801209,Good,2,7.73,120,39,81,32.5,19.5,61,0,2,1,0,0,6,6,Medium,0,False,49.5,Complete at least 61 more credits. Complete all prerequisite courses.
SE1801210,Average,5,6.02,120,88,32,73.33,17.6,12,1,3,1,1,0,7,9,Medium,0,False,64.0,Complete at least 12 more credits. Complete all prerequisite courses. Retake failed courses as soon as possible. Improve GPA to remove academic warning.
SE1801211,Good,5,7.89,120,93,27,77.5,18.6,7,0,2,1,0,0,6,4,Low,0,False,76.5,Complete at least 7 more credits. Complete all prerequisite courses.
SE1801212,Average,2,6.14,120,37,83,30.83,18.5,63,2,3,1,1,0,6,11,High,1,False,35.5,Complete at least 63 more credits. Complete all prerequisite courses. Retake failed courses as soon as possible. Improve GPA to remove academic warning.
SE1801213,Excellent,3,8.56,120,63,57,52.5,21.0,37,0,0,0,0,0,6,3,Low,0,False,71.5,Complete at least 37 more credits.
SE1801214,Average,3,6.74,120,56,64,46.67,18.67,44,3,1,1,0,0,6,9,Medium,0,False,51.0,Complete at least 44 more credits. Complete all prerequisite courses. Retake failed courses as soon as possible.
SE1801215,LateStarter,5,6.74,120,85,35,70.83,17.0,15,4,2,1,1,0,7,9,Medium,0,False,55.5,Complete at least 15 more credits. Complete all prerequisite courses. Retake failed courses as soon as possible. Improve GPA to remove academic warning.
SE1801216,Good,5,7.28,120,96,24,80.0,19.2,4,0,2,1,0,0,7,4,Low,0,False,78.0,Complete at least 4 more credits. Complete all prerequisite courses.
SE1801217,Excellent,3,9.67,120,64,56,53.33,21.33,36,0,0,0,0,0,5,3,Low,0,False,72.0,Complete at least 36 more credits.
SE1801218,Good,1,7.48,120,18,102,15.0,18.0,82,1,2,1,0,0,6,7,Medium,0,False,36.0,Complete at least 82 more credits. Complete all prerequisite courses. Retake failed courses as soon as possible.
SE1801219,Average,5,6.34,120,90,30,75.0,18.0,10,2,4,0,1,0,6,7,Medium,0,False,66.0,Complete at least 10 more credits. Retake failed courses as soon as possible. Improve GPA to remove academic warning.
SE1801220,Average,3,6.39,120,51,69,42.5,17.0,49,1,1,2,1,0,5,11,High,1,False,43.5,Complete at least 49 more credits. Complete all prerequisite courses. Retake failed courses as soon as possible. Improve GPA to remove academic warning.
SE1801221,Good,8,7.55,120,116,4,96.67,14.5,0,1,1,1,0,0,8,4,Low,0,False,87.0,Complete all prerequisite courses. Retake failed courses as soon as possible.
SE1801222,Average,3,6.35,120,51,69,42.5,17.0,49,2,1,1,1,0,6,10,Medium,0,False,46.5,Complete at least 49 more credits. Complete all prerequisite courses. Retake failed courses as soon as possible. Improve GPA to remove academic warning.
SE1801223,Recovery,2,6.41,120,29,91,24.17,14.5,71,1,3,0,0,0,6,7,Medium,0,False,45.5,Complete at least 71 more credits. Retake failed courses as soon as possible.
SE1801224,Good,3,8.16,120,61,59,50.83,20.33,39,1,2,1,0,0,6,7,Medium,0,False,57.5,Complete at least 39 more credits. Complete all prerequisite courses. Retake failed courses as soon as possible.
SE1801225,Recovery,3,6.57,120,52,68,43.33,17.33,48,1,4,1,1,0,6,11,High,1,False,44.0,Complete at least 48 more credits. Complete all prerequisite courses. Retake failed courses as soon as possible. Improve GPA to remove academic warning.
SE1801226,Average,4,6.82,120,74,46,61.67,18.5,26,1,2,1,1,0,6,9,Medium,0,False,59.0,Complete at least 26 more credits. Complete all prerequisite courses. Retake failed courses as soon as possible. Improve GPA to remove academic warning.
SE1801227,AtRisk,5,5.68,120,71,49,59.17,14.2,29,4,6,2,2,0,6,16,High,1,False,29.5,Complete at least 29 more credits. Complete all prerequisite courses. Retake failed courses as soon as possible. Improve GPA to remove academic warning.
SE1801228,Average,2,6.61,120,31,89,25.83,15.5,69,3,4,0,1,0,5,10,Medium,0,False,33.5,Complete at least 69 more credits. Retake failed courses as soon as possible. Improve GPA to remove academic warning.
SE1801229,Average,4,6.09,120,71,49,59.17,17.75,29,1,4,2,0,0,6,9,Medium,0,False,52.5,Complete at least 29 more credits. Complete all prerequisite courses. Retake failed courses as soon as possible.
SE1801230,Good,6,7.26,120,111,9,92.5,18.5,0,0,1,0,0,0,6,1,Low,0,True,93.5,You are ready for OJT.
SE1801231,Good,4,7.37,120,77,43,64.17,19.25,23,1,0,0,0,0,6,3,Low,0,False,75.5,Complete at least 23 more credits. Retake failed courses as soon as possible.
SE1801232,Critical,7,3.86,120,80,40,66.67,11.43,20,5,5,4,3,2,8,23,High,1,False,0.0,Complete at least 20 more credits. Complete all prerequisite courses. Retake failed courses as soon as possible. Improve GPA to remove academic warning.
SE1801233,Critical,2,4.12,120,22,98,18.33,11.0,78,5,5,3,3,1,6,22,High,1,False,0.0,Complete at least 78 more credits. Complete all prerequisite courses. Retake failed courses as soon as possible. Improve GPA to remove academic warning.
SE1801234,AtRisk,6,5.72,120,83,37,69.17,13.83,17,4,6,3,2,1,6,19,High,1,False,21.5,Complete at least 17 more credits. Complete all prerequisite courses. Retake failed courses as soon as possible. Improve GPA to remove academic warning.
SE1801235,Good,6,8.13,120,109,11,90.83,18.17,0,0,2,0,0,0,7,1,Low,0,True,90.5,You are ready for OJT.
SE1801236,Good,3,7.72,120,54,66,45.0,18.0,46,0,1,0,0,0,5,4,Low,0,False,65.0,Complete at least 46 more credits.
SE1801237,AtRisk,4,5.68,120,60,60,50.0,15.0,40,4,5,3,2,0,5,18,High,1,False,20.0,Complete at least 40 more credits. Complete all prerequisite courses. Retake failed courses as soon as possible. Improve GPA to remove academic warning.
SE1801238,Good,3,7.33,120,55,65,45.83,18.33,45,1,2,1,0,0,6,7,Medium,0,False,54.5,Complete at least 45 more credits. Complete all prerequisite courses. Retake failed courses as soon as possible.
SE1801239,Average,4,6.29,120,64,56,53.33,16.0,36,1,3,1,1,0,5,11,High,1,False,52.0,Complete at least 36 more credits. Complete all prerequisite courses. Retake failed courses as soon as possible. Improve GPA to remove academic warning.
SE1801240,Critical,5,3.72,120,55,65,45.83,11.0,45,7,7,4,3,2,6,24,High,1,False,0.0,Complete at least 45 more credits. Complete all prerequisite courses. Retake failed courses as soon as possible. Improve GPA to remove academic warning.
SE1801241,LateStarter,5,6.79,120,94,26,78.33,18.8,6,3,4,1,1,0,7,10,Medium,0,False,59.0,Complete at least 6 more credits. Complete all prerequisite courses. Retake failed courses as soon as possible. Improve GPA to remove academic warning.
SE1801242,Good,6,7.02,120,101,19,84.17,16.83,0,1,0,1,0,0,6,3,Low,0,False,81.5,Complete all prerequisite courses. Retake failed courses as soon as possible.
SE1801243,Good,6,8.18,120,110,10,91.67,18.33,0,0,1,1,0,0,6,3,Low,0,False,87.0,Complete all prerequisite courses.
SE1801244,AtRisk,4,5.03,120,53,67,44.17,13.25,47,4,3,2,1,0,6,15,High,1,False,31.5,Complete at least 47 more credits. Complete all prerequisite courses. Retake failed courses as soon as possible. Improve GPA to remove academic warning.
SE1801245,Average,3,6.25,120,56,64,46.67,18.67,44,1,2,0,1,0,5,8,Medium,0,False,56.0,Complete at least 44 more credits. Retake failed courses as soon as possible. Improve GPA to remove academic warning.
SE1801246,LateStarter,3,6.48,120,41,79,34.17,13.67,59,4,2,0,1,0,5,9,Medium,0,False,39.5,Complete at least 59 more credits. Retake failed courses as soon as possible. Improve GPA to remove academic warning.
SE1801247,Good,5,7.87,120,95,25,79.17,19.0,5,0,2,0,0,0,6,2,Low,0,False,83.5,Complete at least 5 more credits.
SE1801248,Average,4,6.47,120,63,57,52.5,15.75,37,3,2,2,1,0,5,12,High,1,False,41.5,Complete at least 37 more credits. Complete all prerequisite courses. Retake failed courses as soon as possible. Improve GPA to remove academic warning.
SE1801249,Average,6,6.11,120,106,14,88.33,17.67,0,3,2,2,1,0,7,9,Medium,0,False,63.0,Complete all prerequisite courses. Retake failed courses as soon as possible. Improve GPA to remove academic warning.
SE1801250,AtRisk,5,5.49,120,73,47,60.83,14.6,27,4,6,3,2,1,7,19,High,1,False,16.5,Complete at least 27 more credits. Complete all prerequisite courses. Retake failed courses as soon as possible. Improve GPA to remove academic warning.
SE1801251,Critical,3,3.91,120,36,84,30.0,12.0,64,7,8,2,2,2,5,23,High,1,False,0.0,Complete at least 64 more credits. Complete all prerequisite courses. Retake failed courses as soon as possible. Improve GPA to remove academic warning.
SE1801252,Good,8,7.7,120,114,6,95.0,14.25,0,0,0,1,0,0,8,2,Low,0,False,91.0,Complete all prerequisite courses.
SE1801253,Recovery,4,6.44,120,66,54,55.0,16.5,34,1,2,0,0,0,6,6,Medium,0,False,66.0,Complete at least 34 more credits. Retake failed courses as soon as possible.
SE1801254,Average,3,6.53,120,46,74,38.33,15.33,54,3,3,2,0,0,6,11,High,1,False,36.0,Complete at least 54 more credits. Complete all prerequisite courses. Retake failed courses as soon as possible.
SE1801255,Good,5,8.17,120,90,30,75.0,18.0,10,0,1,1,0,0,6,4,Low,0,False,77.0,Complete at least 10 more credits. Complete all prerequisite courses.
SE1801256,Recovery,4,6.66,120,62,58,51.67,15.5,38,2,2,1,1,0,6,10,Medium,0,False,50.0,Complete at least 38 more credits. Complete all prerequisite courses. Retake failed courses as soon as possible. Improve GPA to remove academic warning.
SE1801257,Average,4,6.39,120,73,47,60.83,18.25,27,1,4,0,1,0,5,8,Medium,0,False,60.5,Complete at least 27 more credits. Retake failed courses as soon as possible. Improve GPA to remove academic warning.
SE1801258,LateStarter,5,6.22,120,84,36,70.0,16.8,16,2,4,1,1,0,7,10,Medium,0,False,57.0,Complete at least 16 more credits. Complete all prerequisite courses. Retake failed courses as soon as possible. Improve GPA to remove academic warning.
SE1801259,Average,4,6.55,120,66,54,55.0,16.5,34,1,4,1,0,0,5,9,Medium,0,False,56.0,Complete at least 34 more credits. Complete all prerequisite courses. Retake failed courses as soon as possible.
SE1801260,Good,5,8.4,120,97,23,80.83,19.4,3,1,0,1,0,0,7,4,Low,0,False,79.5,Complete at least 3 more credits. Complete all prerequisite courses. Retake failed courses as soon as possible.
SE1801261,LateStarter,5,6.26,120,79,41,65.83,15.8,21,4,4,1,1,0,7,11,High,1,False,48.5,Complete at least 21 more credits. Complete all prerequisite courses. Retake failed courses as soon as possible. Improve GPA to remove academic warning.
SE1801262,Good,2,8.12,120,39,81,32.5,19.5,61,1,0,0,0,0,5,4,Low,0,False,56.5,Complete at least 61 more credits. Retake failed courses as soon as possible.
SE1801263,Average,3,6.54,120,55,65,45.83,18.33,45,2,3,2,0,0,5,10,Medium,0,False,43.5,Complete at least 45 more credits. Complete all prerequisite courses. Retake failed courses as soon as possible.
SE1801264,Critical,5,4.6,120,66,54,55.0,13.2,34,8,6,2,3,2,6,23,High,1,False,0.0,Complete at least 34 more credits. Complete all prerequisite courses. Retake failed courses as soon as possible. Improve GPA to remove academic warning.
SE1801265,Average,4,6.67,120,68,52,56.67,17.0,32,2,1,0,0,0,6,6,Medium,0,False,66.0,Complete at least 32 more credits. Retake failed courses as soon as possible.
SE1801266,Good,4,7.07,120,76,44,63.33,19.0,24,0,2,1,0,0,5,5,Low,0,False,68.0,Complete at least 24 more credits. Complete all prerequisite courses.
SE1801267,LateStarter,6,6.53,120,107,13,89.17,17.83,0,3,4,2,0,0,6,8,Medium,0,False,64.5,Complete all prerequisite courses. Retake failed courses as soon as possible.
SE1801268,LateStarter,6,6.73,120,108,12,90.0,18.0,0,2,5,2,0,0,7,8,Medium,0,False,66.0,Complete all prerequisite courses. Retake failed courses as soon as possible.
SE1801269,AtRisk,4,5.88,120,54,66,45.0,13.5,46,5,5,1,1,1,6,18,High,1,False,23.0,Complete at least 46 more credits. Complete all prerequisite courses. Retake failed courses as soon as possible. Improve GPA to remove academic warning.
SE1801270,Average,5,6.81,120,93,27,77.5,18.6,7,1,4,2,1,0,7,10,Medium,0,False,58.5,Complete at least 7 more credits. Complete all prerequisite courses. Retake failed courses as soon as possible. Improve GPA to remove academic warning.
SE1801271,Excellent,3,9.14,120,58,62,48.33,19.33,42,0,0,0,0,0,5,3,Low,0,False,69.0,Complete at least 42 more credits.
SE1801272,Good,2,7.46,120,35,85,29.17,17.5,65,0,2,0,0,0,5,4,Low,0,False,53.5,Complete at least 65 more credits.
SE1801273,Good,3,7.34,120,53,67,44.17,17.67,47,0,1,0,0,0,5,4,Low,0,False,64.5,Complete at least 47 more credits.
SE1801274,Recovery,3,6.16,120,44,76,36.67,14.67,56,2,2,1,0,0,5,8,Medium,0,False,46.0,Complete at least 56 more credits. Complete all prerequisite courses. Retake failed courses as soon as possible.
SE1801275,Good,4,7.59,120,71,49,59.17,17.75,29,1,2,0,0,0,5,4,Low,0,False,68.5,Complete at least 29 more credits. Retake failed courses as soon as possible.
SE1801276,Good,3,8.4,120,61,59,50.83,20.33,39,1,2,1,0,0,5,7,Medium,0,False,57.5,Complete at least 39 more credits. Complete all prerequisite courses. Retake failed courses as soon as possible.
SE1801277,LateStarter,6,6.56,120,100,20,83.33,16.67,0,4,2,1,0,0,7,6,Medium,0,False,68.0,Complete all prerequisite courses. Retake failed courses as soon as possible.
SE1801278,AtRisk,4,5.85,120,61,59,50.83,15.25,39,4,5,1,2,1,5,18,High,1,False,24.5,Complete at least 39 more credits. Complete all prerequisite courses. Retake failed courses as soon as possible. Improve GPA to remove academic warning.
SE1801279,LateStarter,2,6.84,120,28,92,23.33,14.0,72,3,2,1,1,0,5,11,High,1,False,30.0,Complete at least 72 more credits. Complete all prerequisite courses. Retake failed courses as soon as possible. Improve GPA to remove academic warning.
SE1801280,AtRisk,3,5.01,120,44,76,36.67,14.67,56,3,4,3,2,0,5,17,High,1,False,17.0,Complete at least 56 more credits. Complete all prerequisite courses. Retake failed courses as soon as possible. Improve GPA to remove academic warning.
SE1801281,Average,3,6.73,120,49,71,40.83,16.33,51,2,4,0,1,0,5,9,Medium,0,False,45.5,Complete at least 51 more credits. Retake failed courses as soon as possible. Improve GPA to remove academic warning.
SE1801282,Recovery,7,6.54,120,114,6,95.0,16.29,0,1,3,0,0,0,8,4,Low,0,True,88.0,Retake failed courses as soon as possible.
SE1801283,Average,3,6.62,120,58,62,48.33,19.33,42,2,3,0,0,0,5,7,Medium,0,False,57.0,Complete at least 42 more credits. Retake failed courses as soon as possible.
SE1801284,Critical,1,4.8,120,13,107,10.83,13.0,87,5,8,4,2,1,5,22,High,1,False,0.0,Complete at least 87 more credits. Complete all prerequisite courses. Retake failed courses as soon as possible. Improve GPA to remove academic warning.
SE1801285,Excellent,6,8.64,120,106,14,88.33,17.67,0,0,0,0,0,0,6,0,Low,0,True,93.0,You are ready for OJT.
SE1801286,Critical,6,3.5,120,80,40,66.67,13.33,20,8,7,2,3,2,6,22,High,1,False,0.0,Complete at least 20 more credits. Complete all prerequisite courses. Retake failed courses as soon as possible. Improve GPA to remove academic warning.
SE1801287,Average,5,6.84,120,86,34,71.67,17.2,14,1,2,2,0,0,6,7,Medium,0,False,64.0,Complete at least 14 more credits. Complete all prerequisite courses. Retake failed courses as soon as possible.
SE1801288,Average,5,6.71,120,89,31,74.17,17.8,11,3,1,0,0,0,6,5,Low,0,False,73.5,Complete at least 11 more credits. Retake failed courses as soon as possible.
SE1801289,AtRisk,3,5.7,120,43,77,35.83,14.33,57,5,5,1,2,1,6,19,High,1,False,12.5,Complete at least 57 more credits. Complete all prerequisite courses. Retake failed courses as soon as possible. Improve GPA to remove academic warning.
SE1801290,Average,5,6.93,120,81,39,67.5,16.2,19,3,4,2,0,0,6,10,Medium,0,False,51.5,Complete at least 19 more credits. Complete all prerequisite courses. Retake failed courses as soon as possible.
SE1801291,Excellent,5,9.75,120,97,23,80.83,19.4,3,0,0,0,0,0,7,1,Low,0,False,88.5,Complete at least 3 more credits.
SE1801292,Critical,3,4.8,120,37,83,30.83,12.33,63,8,8,2,3,2,6,23,High,1,False,0.0,Complete at least 63 more credits. Complete all prerequisite courses. Retake failed courses as soon as possible. Improve GPA to remove academic warning.
SE1801293,Good,3,8.15,120,64,56,53.33,21.33,36,1,1,0,0,0,6,5,Low,0,False,67.0,Complete at least 36 more credits. Retake failed courses as soon as possible.
SE1801294,AtRisk,4,5.1,120,60,60,50.0,15.0,40,5,5,1,2,1,5,19,High,1,False,21.0,Complete at least 40 more credits. Complete all prerequisite courses. Retake failed courses as soon as possible. Improve GPA to remove academic warning.
SE1801295,LateStarter,2,6.43,120,29,91,24.17,14.5,71,2,2,2,1,0,6,11,High,1,False,27.5,Complete at least 71 more credits. Complete all prerequisite courses. Retake failed courses as soon as possible. Improve GPA to remove academic warning.
SE1801296,Good,4,8.47,120,69,51,57.5,17.25,31,0,1,0,0,0,5,4,Low,0,False,72.5,Complete at least 31 more credits.
SE1801297,Good,5,7.78,120,100,20,83.33,20.0,0,0,2,0,0,0,6,1,Low,0,True,86.0,You are ready for OJT.
SE1801298,Good,2,7.25,120,44,76,36.67,22.0,56,0,2,0,0,0,6,4,Low,0,False,58.0,Complete at least 56 more credits.
SE1801299,Excellent,7,9.1,120,118,2,98.33,16.86,0,0,0,0,0,0,8,0,Low,0,True,99.0,You are ready for OJT.
SE1801300,AtRisk,3,5.07,120,47,73,39.17,15.67,53,5,5,1,1,0,6,16,High,1,False,27.5,Complete at least 53 more credits. Complete all prerequisite courses. Retake failed courses as soon as possible. Improve GPA to remove academic warning.
SE1801301,Good,4,7.24,120,80,40,66.67,20.0,20,0,1,0,0,0,5,3,Low,0,False,78.0,Complete at least 20 more credits.
SE1801302,Good,4,7.34,120,72,48,60.0,18.0,28,0,1,0,0,0,6,3,Low,0,False,74.0,Complete at least 28 more credits.
SE1801303,Good,3,7.49,120,60,60,50.0,20.0,40,0,2,1,0,0,5,6,Medium,0,False,60.0,Complete at least 40 more credits. Complete all prerequisite courses.
SE1801304,Average,3,6.12,120,56,64,46.67,18.67,44,3,4,0,0,0,6,8,Medium,0,False,51.0,Complete at least 44 more credits. Retake failed courses as soon as possible.
SE1801305,Recovery,1,6.64,120,17,103,14.17,17.0,83,1,4,1,1,0,6,11,High,1,False,26.5,Complete at least 83 more credits. Complete all prerequisite courses. Retake failed courses as soon as possible. Improve GPA to remove academic warning.
SE1801306,AtRisk,3,5.1,120,47,73,39.17,15.67,53,5,5,1,2,1,6,19,High,1,False,14.5,Complete at least 53 more credits. Complete all prerequisite courses. Retake failed courses as soon as possible. Improve GPA to remove academic warning.
SE1801307,Excellent,2,9.65,120,47,73,39.17,23.5,53,0,0,0,0,0,6,3,Low,0,False,63.5,Complete at least 53 more credits.
SE1801308,Excellent,2,9.71,120,39,81,32.5,19.5,61,0,0,0,0,0,6,3,Low,0,False,59.5,Complete at least 61 more credits.
SE1801309,Average,6,6.37,120,108,12,90.0,18.0,0,3,4,0,0,0,6,5,Low,0,True,77.0,Retake failed courses as soon as possible.
SE1801310,Good,5,7.54,120,98,22,81.67,19.6,2,1,1,0,0,0,7,3,Low,0,False,84.0,Complete at least 2 more credits. Retake failed courses as soon as possible.
SE1801311,Average,4,6.93,120,73,47,60.83,18.25,27,3,1,0,0,0,6,6,Medium,0,False,65.5,Complete at least 27 more credits. Retake failed courses as soon as possible.
SE1801312,Excellent,7,9.7,120,119,1,99.17,17.0,0,0,0,0,0,0,8,0,Low,0,True,99.5,You are ready for OJT.
SE1801313,Good,6,7.48,120,111,9,92.5,18.5,0,1,0,0,0,0,7,1,Low,0,True,92.5,Retake failed courses as soon as possible.
SE1801314,AtRisk,3,5.49,120,37,83,30.83,12.33,63,4,5,3,1,1,6,19,High,1,False,5.5,Complete at least 63 more credits. Complete all prerequisite courses. Retake failed courses as soon as possible. Improve GPA to remove academic warning.
SE1801315,Good,5,7.95,120,93,27,77.5,18.6,7,1,2,0,0,0,7,3,Low,0,False,79.5,Complete at least 7 more credits. Retake failed courses as soon as possible.
SE1801316,Critical,4,4.0,120,54,66,45.0,13.5,46,7,6,2,3,1,5,21,High,1,False,0.0,Complete at least 46 more credits. Complete all prerequisite courses. Retake failed courses as soon as possible. Improve GPA to remove academic warning.
SE1801317,Good,3,7.75,120,60,60,50.0,20.0,40,1,2,0,0,0,5,5,Low,0,False,63.0,Complete at least 40 more credits. Retake failed courses as soon as possible.
SE1801318,Excellent,5,9.87,120,102,18,85.0,20.4,0,0,0,0,0,0,6,0,Low,0,True,91.0,You are ready for OJT.
SE1801319,Recovery,2,6.76,120,40,80,33.33,20.0,60,2,4,0,1,0,6,9,Medium,0,False,41.0,Complete at least 60 more credits. Retake failed courses as soon as possible. Improve GPA to remove academic warning.
SE1801320,AtRisk,3,5.15,120,40,80,33.33,13.33,60,3,6,1,1,0,5,15,High,1,False,28.0,Complete at least 60 more credits. Complete all prerequisite courses. Retake failed courses as soon as possible. Improve GPA to remove academic warning.
SE1801321,Average,6,6.14,120,101,19,84.17,16.83,0,1,1,2,1,0,7,8,Medium,0,False,68.5,Complete all prerequisite courses. Retake failed courses as soon as possible. Improve GPA to remove academic warning.
SE1801322,Average,8,6.19,120,110,10,91.67,13.75,0,3,4,2,1,0,8,10,Medium,0,False,61.0,Complete all prerequisite courses. Retake failed courses as soon as possible. Improve GPA to remove academic warning.
SE1801323,AtRisk,8,5.8,120,108,12,90.0,13.5,0,4,5,2,1,1,8,15,High,1,False,47.0,Complete all prerequisite courses. Retake failed courses as soon as possible. Improve GPA to remove academic warning.
SE1801324,Average,2,6.69,120,35,85,29.17,17.5,65,3,2,2,0,0,6,10,Medium,0,False,32.5,Complete at least 65 more credits. Complete all prerequisite courses. Retake failed courses as soon as possible.
SE1801325,Average,2,6.82,120,33,87,27.5,16.5,67,3,3,2,0,0,6,11,High,1,False,29.5,Complete at least 67 more credits. Complete all prerequisite courses. Retake failed courses as soon as possible.
SE1801326,Average,2,6.61,120,37,83,30.83,18.5,63,3,4,0,0,0,6,8,Medium,0,False,41.5,Complete at least 63 more credits. Retake failed courses as soon as possible.
SE1801327,Average,2,6.34,120,41,79,34.17,20.5,59,1,1,2,1,0,6,11,High,1,False,38.5,Complete at least 59 more credits. Complete all prerequisite courses. Retake failed courses as soon as possible. Improve GPA to remove academic warning.
SE1801328,Average,7,6.72,120,115,5,95.83,16.43,0,2,2,1,0,0,8,5,Low,0,False,81.5,Complete all prerequisite courses. Retake failed courses as soon as possible.
SE1801329,Good,5,7.45,120,91,29,75.83,18.2,9,1,0,1,0,0,7,4,Low,0,False,76.5,Complete at least 9 more credits. Complete all prerequisite courses. Retake failed courses as soon as possible.
SE1801330,Average,6,6.07,120,94,26,78.33,15.67,6,3,4,2,0,0,6,9,Medium,0,False,58.0,Complete at least 6 more credits. Complete all prerequisite courses. Retake failed courses as soon as possible.
SE1801331,LateStarter,6,7.19,120,97,23,80.83,16.17,3,2,5,2,0,0,6,8,Medium,0,False,60.5,Complete at least 3 more credits. Complete all prerequisite courses. Retake failed courses as soon as possible.
SE1801332,Excellent,4,9.55,120,82,38,68.33,20.5,18,0,0,0,0,0,6,2,Low,0,False,81.0,Complete at least 18 more credits.
SE1801333,Good,3,7.26,120,56,64,46.67,18.67,44,1,1,0,0,0,6,5,Low,0,False,63.0,Complete at least 44 more credits. Retake failed courses as soon as possible.
SE1801334,Good,4,7.96,120,69,51,57.5,17.25,31,1,1,0,0,0,5,5,Low,0,False,69.5,Complete at least 31 more credits. Retake failed courses as soon as possible.
SE1801335,LateStarter,2,6.57,120,24,96,20.0,12.0,76,2,2,0,1,0,6,8,Medium,0,False,37.0,Complete at least 76 more credits. Retake failed courses as soon as possible. Improve GPA to remove academic warning.
SE1801336,Excellent,7,9.35,120,113,7,94.17,16.14,0,0,0,0,0,0,8,0,Low,0,True,96.5,You are ready for OJT.
SE1801337,LateStarter,2,6.88,120,24,96,20.0,12.0,76,4,4,2,0,0,5,11,High,1,False,20.0,Complete at least 76 more credits. Complete all prerequisite courses. Retake failed courses as soon as possible.
SE1801338,Average,6,6.44,120,93,27,77.5,15.5,7,3,1,1,1,0,7,9,Medium,0,False,64.5,Complete at least 7 more credits. Complete all prerequisite courses. Retake failed courses as soon as possible. Improve GPA to remove academic warning.
SE1801339,Average,5,6.17,120,83,37,69.17,16.6,17,2,2,2,0,0,7,8,Medium,0,False,59.5,Complete at least 17 more credits. Complete all prerequisite courses. Retake failed courses as soon as possible.
SE1801340,Recovery,4,6.19,120,65,55,54.17,16.25,35,1,4,0,1,0,6,9,Medium,0,False,56.5,Complete at least 35 more credits. Retake failed courses as soon as possible. Improve GPA to remove academic warning.
SE1801341,Good,7,7.73,120,114,6,95.0,16.29,0,0,1,0,0,0,8,1,Low,0,True,95.0,You are ready for OJT.
SE1801342,AtRisk,2,5.65,120,32,88,26.67,16.0,68,5,6,3,1,1,6,20,High,1,False,0.0,Complete at least 68 more credits. Complete all prerequisite courses. Retake failed courses as soon as possible. Improve GPA to remove academic warning.
SE1801343,Good,5,7.44,120,98,22,81.67,19.6,2,1,1,1,0,0,7,5,Low,0,False,78.0,Complete at least 2 more credits. Complete all prerequisite courses. Retake failed courses as soon as possible.
SE1801344,Excellent,2,9.34,120,45,75,37.5,22.5,55,0,0,0,0,0,5,3,Low,0,False,62.5,Complete at least 55 more credits.
SE1801345,Good,2,8.33,120,45,75,37.5,22.5,55,0,2,1,0,0,5,6,Medium,0,False,52.5,Complete at least 55 more credits. Complete all prerequisite courses.
SE1801346,LateStarter,4,6.55,120,72,48,60.0,18.0,28,2,5,2,0,0,5,10,Medium,0,False,48.0,Complete at least 28 more credits. Complete all prerequisite courses. Retake failed courses as soon as possible.
SE1801347,Recovery,2,6.75,120,31,89,25.83,15.5,69,2,2,0,1,0,5,8,Medium,0,False,40.5,Complete at least 69 more credits. Retake failed courses as soon as possible. Improve GPA to remove academic warning.
SE1801348,Excellent,4,9.85,120,73,47,60.83,18.25,27,0,0,0,0,0,6,2,Low,0,False,76.5,Complete at least 27 more credits.
SE1801349,AtRisk,4,5.83,120,51,69,42.5,12.75,49,3,4,3,1,1,6,18,High,1,False,17.5,Complete at least 49 more credits. Complete all prerequisite courses. Retake failed courses as soon as possible. Improve GPA to remove academic warning.
SE1801350,Average,5,6.89,120,89,31,74.17,17.8,11,1,3,1,0,0,7,7,Medium,0,False,69.5,Complete at least 11 more credits. Complete all prerequisite courses. Retake failed courses as soon as possible.
SE1801351,Good,6,7.28,120,112,8,93.33,18.67,0,1,1,0,0,0,7,2,Low,0,True,91.0,Retake failed courses as soon as possible.
SE1801352,Good,5,7.11,120,89,31,74.17,17.8,11,0,0,1,0,0,7,3,Low,0,False,78.5,Complete at least 11 more credits. Complete all prerequisite courses.
SE1801353,Good,5,8.42,120,99,21,82.5,19.8,1,1,1,1,0,0,6,5,Low,0,False,78.5,Complete at least 1 more credits. Complete all prerequisite courses. Retake failed courses as soon as possible.
SE1801354,AtRisk,4,5.88,120,56,64,46.67,14.0,44,3,6,1,1,0,6,15,High,1,False,36.0,Complete at least 44 more credits. Complete all prerequisite courses. Retake failed courses as soon as possible. Improve GPA to remove academic warning.
SE1801355,Average,2,6.04,120,36,84,30.0,18.0,64,1,1,2,0,0,6,9,Medium,0,False,41.0,Complete at least 64 more credits. Complete all prerequisite courses. Retake failed courses as soon as possible.
SE1801356,Average,4,6.14,120,61,59,50.83,15.25,39,3,2,0,1,0,5,9,Medium,0,False,52.5,Complete at least 39 more credits. Retake failed courses as soon as possible. Improve GPA to remove academic warning.
SE1801357,Recovery,4,6.75,120,72,48,60.0,18.0,28,1,3,1,0,0,6,8,Medium,0,False,61.0,Complete at least 28 more credits. Complete all prerequisite courses. Retake failed courses as soon as possible.
SE1801358,Good,7,7.75,120,111,9,92.5,15.86,0,0,2,0,0,0,8,1,Low,0,True,91.5,You are ready for OJT.
SE1801359,Excellent,4,9.77,120,81,39,67.5,20.25,19,0,0,0,0,0,5,2,Low,0,False,80.5,Complete at least 19 more credits.
SE1801360,Average,4,6.53,120,65,55,54.17,16.25,35,3,3,1,0,0,5,10,Medium,0,False,51.5,Complete at least 35 more credits. Complete all prerequisite courses. Retake failed courses as soon as possible.
SE1801361,Average,1,6.0,120,16,104,13.33,16.0,84,2,1,0,0,0,5,6,Medium,0,False,40.0,Complete at least 84 more credits. Retake failed courses as soon as possible.
SE1801362,Average,7,6.93,120,112,8,93.33,16.0,0,2,4,1,0,0,8,6,Medium,0,False,76.0,Complete all prerequisite courses. Retake failed courses as soon as possible.
SE1801363,Average,4,6.98,120,74,46,61.67,18.5,26,2,2,1,1,0,5,9,Medium,0,False,56.0,Complete at least 26 more credits. Complete all prerequisite courses. Retake failed courses as soon as possible. Improve GPA to remove academic warning.
SE1801364,Good,5,8.43,120,94,26,78.33,18.8,6,1,0,1,0,0,7,4,Low,0,False,78.0,Complete at least 6 more credits. Complete all prerequisite courses. Retake failed courses as soon as possible.
SE1801365,Good,4,8.06,120,76,44,63.33,19.0,24,0,1,0,0,0,6,3,Low,0,False,76.0,Complete at least 24 more credits.
SE1801366,Average,4,6.73,120,74,46,61.67,18.5,26,2,4,1,1,0,6,10,Medium,0,False,52.0,Complete at least 26 more credits. Complete all prerequisite courses. Retake failed courses as soon as possible. Improve GPA to remove academic warning.
SE1801367,Good,4,7.37,120,79,41,65.83,19.75,21,0,2,0,0,0,6,3,Low,0,False,75.5,Complete at least 21 more credits.
SE1801368,Good,3,7.59,120,57,63,47.5,19.0,43,0,2,1,0,0,5,6,Medium,0,False,58.5,Complete at least 43 more credits. Complete all prerequisite courses.
SE1801369,Good,4,8.33,120,78,42,65.0,19.5,22,1,2,1,0,0,5,6,Medium,0,False,66.0,Complete at least 22 more credits. Complete all prerequisite courses. Retake failed courses as soon as possible.
SE1801370,Average,4,6.66,120,68,52,56.67,17.0,32,3,2,2,1,0,5,12,High,1,False,44.0,Complete at least 32 more credits. Complete all prerequisite courses. Retake failed courses as soon as possible. Improve GPA to remove academic warning.
SE1801371,Average,4,6.86,120,64,56,53.33,16.0,36,2,3,2,0,0,5,10,Medium,0,False,48.0,Complete at least 36 more credits. Complete all prerequisite courses. Retake failed courses as soon as possible.
SE1801372,Excellent,1,9.79,120,18,102,15.0,18.0,82,0,0,0,0,0,5,3,Low,0,False,49.0,Complete at least 82 more credits.
SE1801373,LateStarter,3,6.27,120,45,75,37.5,15.0,55,4,5,1,1,0,6,13,High,1,False,29.5,Complete at least 55 more credits. Complete all prerequisite courses. Retake failed courses as soon as possible. Improve GPA to remove academic warning.
SE1801374,Good,6,7.24,120,102,18,85.0,17.0,0,0,1,0,0,0,7,1,Low,0,True,89.0,You are ready for OJT.
SE1801375,Average,3,6.84,120,48,72,40.0,16.0,52,1,2,1,0,0,5,8,Medium,0,False,51.0,Complete at least 52 more credits. Complete all prerequisite courses. Retake failed courses as soon as possible.
SE1801376,Critical,4,4.21,120,40,80,33.33,10.0,60,7,8,4,2,2,5,24,High,1,False,0.0,Complete at least 60 more credits. Complete all prerequisite courses. Retake failed courses as soon as possible. Improve GPA to remove academic warning.
SE1801377,LateStarter,7,6.77,120,107,13,89.17,15.29,0,2,4,0,0,0,8,4,Low,0,True,79.5,Retake failed courses as soon as possible.
SE1801378,Average,5,6.91,120,83,37,69.17,16.6,17,3,2,2,1,0,6,11,High,1,False,51.5,Complete at least 17 more credits. Complete all prerequisite courses. Retake failed courses as soon as possible. Improve GPA to remove academic warning.
SE1801379,Good,8,7.74,120,118,2,98.33,14.75,0,0,1,1,0,0,8,3,Low,0,False,91.0,Complete all prerequisite courses.
SE1801380,LateStarter,7,6.22,120,107,13,89.17,15.29,0,2,2,2,0,0,8,6,Medium,0,False,71.5,Complete all prerequisite courses. Retake failed courses as soon as possible.
SE1801381,Good,8,7.5,120,116,4,96.67,14.5,0,1,2,0,0,0,8,2,Low,0,True,91.0,Retake failed courses as soon as possible.
SE1801382,Good,8,7.93,120,112,8,93.33,14.0,0,1,1,0,0,0,8,2,Low,0,True,91.0,Retake failed courses as soon as possible.
SE1801383,Good,5,7.4,120,94,26,78.33,18.8,6,1,1,1,0,0,6,5,Low,0,False,76.0,Complete at least 6 more credits. Complete all prerequisite courses. Retake failed courses as soon as possible.
SE1801384,Recovery,5,6.35,120,85,35,70.83,17.0,15,2,3,0,1,0,7,7,Medium,0,False,65.5,Complete at least 15 more credits. Retake failed courses as soon as possible. Improve GPA to remove academic warning.
SE1801385,Critical,6,3.53,120,69,51,57.5,11.5,31,5,6,2,2,2,6,23,High,1,False,9.5,Complete at least 31 more credits. Complete all prerequisite courses. Retake failed courses as soon as possible. Improve GPA to remove academic warning.
SE1801386,Good,6,8.16,120,101,19,84.17,16.83,0,0,2,0,0,0,6,1,Low,0,True,86.5,You are ready for OJT.
SE1801387,Average,7,6.96,120,110,10,91.67,15.71,0,3,1,2,0,0,8,7,Medium,0,False,72.0,Complete all prerequisite courses. Retake failed courses as soon as possible.
SE1801388,AtRisk,3,5.74,120,37,83,30.83,12.33,63,3,3,3,1,0,6,16,High,1,False,20.5,Complete at least 63 more credits. Complete all prerequisite courses. Retake failed courses as soon as possible. Improve GPA to remove academic warning.
SE1801389,AtRisk,3,5.05,120,37,83,30.83,12.33,63,4,5,3,1,1,5,19,High,1,False,5.5,Complete at least 63 more credits. Complete all prerequisite courses. Retake failed courses as soon as possible. Improve GPA to remove academic warning.
SE1801390,AtRisk,4,5.7,120,65,55,54.17,16.25,35,4,3,2,1,0,5,15,High,1,False,37.5,Complete at least 35 more credits. Complete all prerequisite courses. Retake failed courses as soon as possible. Improve GPA to remove academic warning.
SE1801391,Good,3,7.21,120,58,62,48.33,19.33,42,0,2,0,0,0,5,4,Low,0,False,65.0,Complete at least 42 more credits.
SE1801392,AtRisk,5,5.23,120,80,40,66.67,16.0,20,5,5,3,2,1,6,20,High,1,False,19.0,Complete at least 20 more credits. Complete all prerequisite courses. Retake failed courses as soon as possible. Improve GPA to remove academic warning.
SE1801393,Average,6,6.73,120,108,12,90.0,18.0,0,1,3,1,0,0,6,6,Medium,0,False,79.0,Complete all prerequisite courses. Retake failed courses as soon as possible.
SE1801394,Excellent,4,9.6,120,81,39,67.5,20.25,19,0,0,0,0,0,6,2,Low,0,False,80.5,Complete at least 19 more credits.
SE1801395,Average,7,6.36,120,102,18,85.0,14.57,0,3,3,2,1,0,8,10,Medium,0,False,59.0,Complete all prerequisite courses. Retake failed courses as soon as possible. Improve GPA to remove academic warning.
SE1801396,Good,6,7.55,120,104,16,86.67,17.33,0,1,1,0,0,0,6,2,Low,0,True,87.0,Retake failed courses as soon as possible.
SE1801397,Average,4,6.87,120,70,50,58.33,17.5,30,2,4,1,1,0,5,10,Medium,0,False,50.0,Complete at least 30 more credits. Complete all prerequisite courses. Retake failed courses as soon as possible. Improve GPA to remove academic warning.
SE1801398,AtRisk,4,5.94,120,54,66,45.0,13.5,46,4,6,3,1,1,6,19,High,1,False,12.0,Complete at least 46 more credits. Complete all prerequisite courses. Retake failed courses as soon as possible. Improve GPA to remove academic warning.
SE1801399,Excellent,6,9.49,120,107,13,89.17,17.83,0,0,0,0,0,0,7,0,Low,0,True,93.5,You are ready for OJT.
SE1801400,Average,3,6.2,120,52,68,43.33,17.33,48,2,2,1,1,0,5,10,Medium,0,False,45.0,Complete at least 48 more credits. Complete all prerequisite courses. Retake failed courses as soon as possible. Improve GPA to remove academic warning.
SE1801401,Average,5,6.43,120,85,35,70.83,17.0,15,2,1,1,0,0,7,6,Medium,0,False,68.5,Complete at least 15 more credits. Complete all prerequisite courses. Retake failed courses as soon as possible.
SE1801402,AtRisk,5,5.14,120,84,36,70.0,16.8,16,4,4,2,2,0,7,15,High,1,False,40.0,Complete at least 16 more credits. Complete all prerequisite courses. Retake failed courses as soon as possible. Improve GPA to remove academic warning.
SE1801403,Average,4,6.31,120,73,47,60.83,18.25,27,3,1,2,0,0,6,9,Medium,0,False,53.5,Complete at least 27 more credits. Complete all prerequisite courses. Retake failed courses as soon as possible.
SE1801404,AtRisk,6,5.86,120,93,27,77.5,15.5,7,5,6,1,1,1,7,16,High,1,False,40.5,Complete at least 7 more credits. Complete all prerequisite courses. Retake failed courses as soon as possible. Improve GPA to remove academic warning.
SE1801405,Average,3,6.32,120,48,72,40.0,16.0,52,2,4,1,1,0,5,11,High,1,False,39.0,Complete at least 52 more credits. Complete all prerequisite courses. Retake failed courses as soon as possible. Improve GPA to remove academic warning.
SE1801406,Recovery,7,6.58,120,111,9,92.5,15.86,0,1,4,0,0,0,8,4,Low,0,True,84.5,Retake failed courses as soon as possible.
SE1801407,Average,6,6.31,120,95,25,79.17,15.83,5,2,2,2,1,0,7,9,Medium,0,False,60.5,Complete at least 5 more credits. Complete all prerequisite courses. Retake failed courses as soon as possible. Improve GPA to remove academic warning.
SE1801408,Average,7,6.94,120,108,12,90.0,15.43,0,1,4,1,0,0,8,6,Medium,0,False,77.0,Complete all prerequisite courses. Retake failed courses as soon as possible.
SE1801409,AtRisk,4,5.77,120,65,55,54.17,16.25,35,3,4,3,1,1,6,18,High,1,False,24.5,Complete at least 35 more credits. Complete all prerequisite courses. Retake failed courses as soon as possible. Improve GPA to remove academic warning.
SE1801410,AtRisk,4,5.14,120,58,62,48.33,14.5,42,4,6,2,1,0,5,16,High,1,False,28.0,Complete at least 42 more credits. Complete all prerequisite courses. Retake failed courses as soon as possible. Improve GPA to remove academic warning.
SE1801411,Good,2,8.32,120,42,78,35.0,21.0,58,1,0,1,0,0,6,6,Medium,0,False,52.0,Complete at least 58 more credits. Complete all prerequisite courses. Retake failed courses as soon as possible.
SE1801412,Good,2,7.04,120,44,76,36.67,22.0,56,1,0,1,0,0,6,6,Medium,0,False,53.0,Complete at least 56 more credits. Complete all prerequisite courses. Retake failed courses as soon as possible.
SE1801413,Average,5,6.59,120,90,30,75.0,18.0,10,1,3,1,1,0,7,9,Medium,0,False,65.0,Complete at least 10 more credits. Complete all prerequisite courses. Retake failed courses as soon as possible. Improve GPA to remove academic warning.
SE1801414,Good,5,7.48,120,88,32,73.33,17.6,12,0,0,1,0,0,6,3,Low,0,False,78.0,Complete at least 12 more credits. Complete all prerequisite courses.
SE1801415,Good,5,7.82,120,98,22,81.67,19.6,2,1,2,1,0,0,7,5,Low,0,False,76.0,Complete at least 2 more credits. Complete all prerequisite courses. Retake failed courses as soon as possible.
SE1801416,Average,5,6.64,120,90,30,75.0,18.0,10,3,1,2,0,0,7,8,Medium,0,False,62.0,Complete at least 10 more credits. Complete all prerequisite courses. Retake failed courses as soon as possible.
SE1801417,Excellent,2,8.73,120,44,76,36.67,22.0,56,0,0,0,0,0,6,3,Low,0,False,62.0,Complete at least 56 more credits.
SE1801418,Excellent,4,8.6,120,78,42,65.0,19.5,22,0,0,0,0,0,5,2,Low,0,False,79.0,Complete at least 22 more credits.
SE1801419,Average,2,6.9,120,34,86,28.33,17.0,66,1,2,0,0,0,5,6,Medium,0,False,50.0,Complete at least 66 more credits. Retake failed courses as soon as possible.
SE1801420,Average,1,6.75,120,17,103,14.17,17.0,83,1,3,1,1,0,5,11,High,1,False,28.5,Complete at least 83 more credits. Complete all prerequisite courses. Retake failed courses as soon as possible. Improve GPA to remove academic warning.
SE1801421,Average,3,6.02,120,56,64,46.67,18.67,44,3,4,2,0,0,5,11,High,1,False,39.0,Complete at least 44 more credits. Complete all prerequisite courses. Retake failed courses as soon as possible.
SE1801422,Average,3,6.58,120,45,75,37.5,15.0,55,2,1,2,1,0,6,11,High,1,False,37.5,Complete at least 55 more credits. Complete all prerequisite courses. Retake failed courses as soon as possible. Improve GPA to remove academic warning.
SE1801423,Good,4,8.36,120,79,41,65.83,19.75,21,1,1,1,0,0,5,6,Medium,0,False,68.5,Complete at least 21 more credits. Complete all prerequisite courses. Retake failed courses as soon as possible.
SE1801424,AtRisk,3,5.19,120,50,70,41.67,16.67,50,4,6,1,2,1,5,18,High,1,False,17.0,Complete at least 50 more credits. Complete all prerequisite courses. Retake failed courses as soon as possible. Improve GPA to remove academic warning.
SE1801425,Average,7,6.67,120,112,8,93.33,16.0,0,1,2,0,0,0,8,3,Low,0,True,89.0,Retake failed courses as soon as possible.
SE1801426,AtRisk,5,5.87,120,74,46,61.67,14.8,26,5,5,3,1,1,7,19,High,1,False,21.0,Complete at least 26 more credits. Complete all prerequisite courses. Retake failed courses as soon as possible. Improve GPA to remove academic warning.
SE1801427,Average,5,6.23,120,88,32,73.33,17.6,12,1,1,1,0,0,6,6,Medium,0,False,73.0,Complete at least 12 more credits. Complete all prerequisite courses. Retake failed courses as soon as possible.
SE1801428,Critical,3,4.91,120,34,86,28.33,11.33,66,7,8,3,2,2,6,24,High,1,False,0.0,Complete at least 66 more credits. Complete all prerequisite courses. Retake failed courses as soon as possible. Improve GPA to remove academic warning.
SE1801429,Average,3,6.98,120,58,62,48.33,19.33,42,1,1,2,0,0,5,9,Medium,0,False,52.0,Complete at least 42 more credits. Complete all prerequisite courses. Retake failed courses as soon as possible.
SE1801430,Average,6,6.94,120,92,28,76.67,15.33,8,2,4,1,0,0,6,7,Medium,0,False,66.0,Complete at least 8 more credits. Complete all prerequisite courses. Retake failed courses as soon as possible.
SE1801431,Good,5,8.45,120,99,21,82.5,19.8,1,1,0,1,0,0,7,4,Low,0,False,80.5,Complete at least 1 more credits. Complete all prerequisite courses. Retake failed courses as soon as possible.
SE1801432,AtRisk,6,5.3,120,90,30,75.0,15.0,10,4,4,1,1,1,6,14,High,1,False,46.0,Complete at least 10 more credits. Complete all prerequisite courses. Retake failed courses as soon as possible. Improve GPA to remove academic warning.
SE1801433,Excellent,2,8.85,120,45,75,37.5,22.5,55,0,0,0,0,0,5,3,Low,0,False,62.5,Complete at least 55 more credits.
SE1801434,Good,4,7.56,120,68,52,56.67,17.0,32,1,1,1,0,0,5,7,Medium,0,False,63.0,Complete at least 32 more credits. Complete all prerequisite courses. Retake failed courses as soon as possible.
SE1801435,Average,1,6.06,120,18,102,15.0,18.0,82,3,3,2,1,0,6,13,High,1,False,17.0,Complete at least 82 more credits. Complete all prerequisite courses. Retake failed courses as soon as possible. Improve GPA to remove academic warning.
SE1801436,Excellent,3,9.81,120,57,63,47.5,19.0,43,0,0,0,0,0,5,3,Low,0,False,68.5,Complete at least 43 more credits.
SE1801437,AtRisk,5,5.28,120,70,50,58.33,14.0,30,5,5,2,2,0,7,17,High,1,False,28.0,Complete at least 30 more credits. Complete all prerequisite courses. Retake failed courses as soon as possible. Improve GPA to remove academic warning.
SE1801438,Average,4,6.55,120,64,56,53.33,16.0,36,2,3,1,0,0,6,9,Medium,0,False,54.0,Complete at least 36 more credits. Complete all prerequisite courses. Retake failed courses as soon as possible.
SE1801439,Average,4,6.29,120,75,45,62.5,18.75,25,3,4,1,1,0,6,11,High,1,False,49.5,Complete at least 25 more credits. Complete all prerequisite courses. Retake failed courses as soon as possible. Improve GPA to remove academic warning.
SE1801440,Critical,4,4.03,120,54,66,45.0,13.5,46,8,6,2,3,1,6,21,High,1,False,0.0,Complete at least 46 more credits. Complete all prerequisite courses. Retake failed courses as soon as possible. Improve GPA to remove academic warning.
SE1801441,Average,6,6.16,120,96,24,80.0,16.0,4,1,4,0,1,0,6,7,Medium,0,False,72.0,Complete at least 4 more credits. Retake failed courses as soon as possible. Improve GPA to remove academic warning.
SE1801442,Average,5,6.25,120,85,35,70.83,17.0,15,3,2,2,1,0,6,10,Medium,0,False,52.5,Complete at least 15 more credits. Complete all prerequisite courses. Retake failed courses as soon as possible. Improve GPA to remove academic warning.
SE1801443,Good,6,7.56,120,106,14,88.33,17.67,0,1,0,1,0,0,6,3,Low,0,False,84.0,Complete all prerequisite courses. Retake failed courses as soon as possible.
SE1801444,Average,4,6.83,120,66,54,55.0,16.5,34,3,1,2,0,0,5,10,Medium,0,False,50.0,Complete at least 34 more credits. Complete all prerequisite courses. Retake failed courses as soon as possible.
SE1801445,Recovery,5,6.11,120,90,30,75.0,18.0,10,2,3,0,0,0,6,5,Low,0,False,73.0,Complete at least 10 more credits. Retake failed courses as soon as possible.
SE1801446,Excellent,3,8.81,120,66,54,55.0,22.0,34,0,0,0,0,0,6,3,Low,0,False,73.0,Complete at least 34 more credits.
SE1801447,Recovery,5,5.81,120,87,33,72.5,17.4,13,2,3,1,1,0,7,11,High,1,False,60.5,Complete at least 13 more credits. Complete all prerequisite courses. Retake failed courses as soon as possible. Improve GPA to remove academic warning.
SE1801448,Average,5,6.47,120,81,39,67.5,16.2,19,3,4,0,1,0,7,9,Medium,0,False,58.5,Complete at least 19 more credits. Retake failed courses as soon as possible. Improve GPA to remove academic warning.
SE1801449,Excellent,5,9.79,120,102,18,85.0,20.4,0,0,0,0,0,0,7,0,Low,0,True,91.0,You are ready for OJT.
SE1801450,Excellent,4,9.86,120,79,41,65.83,19.75,21,0,0,0,0,0,6,2,Low,0,False,79.5,Complete at least 21 more credits.
SE1801451,Good,4,7.9,120,75,45,62.5,18.75,25,0,1,1,0,0,6,5,Low,0,False,69.5,Complete at least 25 more credits. Complete all prerequisite courses.
SE1801452,Excellent,5,9.39,120,90,30,75.0,18.0,10,0,0,0,0,0,7,1,Low,0,False,85.0,Complete at least 10 more credits.
SE1801453,AtRisk,4,5.72,120,58,62,48.33,14.5,42,5,3,3,2,0,6,18,High,1,False,20.0,Complete at least 42 more credits. Complete all prerequisite courses. Retake failed courses as soon as possible. Improve GPA to remove academic warning.
SE1801454,Good,3,7.43,120,55,65,45.83,18.33,45,1,0,0,0,0,6,4,Low,0,False,64.5,Complete at least 45 more credits. Retake failed courses as soon as possible.
SE1801455,Average,1,6.77,120,17,103,14.17,17.0,83,2,1,1,0,0,6,8,Medium,0,False,34.5,Complete at least 83 more credits. Complete all prerequisite courses. Retake failed courses as soon as possible.
SE1801456,Critical,5,4.24,120,69,51,57.5,13.8,31,5,5,2,2,1,6,21,High,1,False,19.5,Complete at least 31 more credits. Complete all prerequisite courses. Retake failed courses as soon as possible. Improve GPA to remove academic warning.
SE1801457,Average,4,6.69,120,60,60,50.0,15.0,40,3,3,2,0,0,6,11,High,1,False,43.0,Complete at least 40 more credits. Complete all prerequisite courses. Retake failed courses as soon as possible.
SE1801458,Excellent,4,9.55,120,73,47,60.83,18.25,27,0,0,0,0,0,6,2,Low,0,False,76.5,Complete at least 27 more credits.
SE1801459,Average,3,6.92,120,47,73,39.17,15.67,53,1,1,0,0,0,5,6,Medium,0,False,58.5,Complete at least 53 more credits. Retake failed courses as soon as possible.
SE1801460,Average,8,6.37,120,112,8,93.33,14.0,0,2,1,2,0,0,8,6,Medium,0,False,76.0,Complete all prerequisite courses. Retake failed courses as soon as possible.
SE1801461,Good,1,7.3,120,20,100,16.67,20.0,80,0,2,1,0,0,5,6,Medium,0,False,40.0,Complete at least 80 more credits. Complete all prerequisite courses.
SE1801462,Average,1,6.52,120,18,102,15.0,18.0,82,3,1,1,0,0,5,9,Medium,0,False,32.0,Complete at least 82 more credits. Complete all prerequisite courses. Retake failed courses as soon as possible.
SE1801463,Critical,6,3.78,120,80,40,66.67,13.33,20,8,8,2,2,1,7,20,High,1,False,10.0,Complete at least 20 more credits. Complete all prerequisite courses. Retake failed courses as soon as possible. Improve GPA to remove academic warning.
SE1801464,Average,5,6.85,120,82,38,68.33,16.4,18,1,2,2,0,0,7,8,Medium,0,False,62.0,Complete at least 18 more credits. Complete all prerequisite courses. Retake failed courses as soon as possible.
SE1801465,Average,8,6.56,120,111,9,92.5,13.88,0,3,4,2,1,0,8,10,Medium,0,False,61.5,Complete all prerequisite courses. Retake failed courses as soon as possible. Improve GPA to remove academic warning.
SE1801466,AtRisk,4,5.74,120,51,69,42.5,12.75,49,4,6,1,1,1,6,17,High,1,False,22.5,Complete at least 49 more credits. Complete all prerequisite courses. Retake failed courses as soon as possible. Improve GPA to remove academic warning.
SE1801467,Average,6,6.22,120,96,24,80.0,16.0,4,2,4,2,0,0,7,8,Medium,0,False,62.0,Complete at least 4 more credits. Complete all prerequisite courses. Retake failed courses as soon as possible.
SE1801468,Average,2,6.59,120,36,84,30.0,18.0,64,1,1,2,0,0,6,9,Medium,0,False,41.0,Complete at least 64 more credits. Complete all prerequisite courses. Retake failed courses as soon as possible.
SE1801469,Good,3,7.97,120,64,56,53.33,21.33,36,1,1,1,0,0,6,7,Medium,0,False,61.0,Complete at least 36 more credits. Complete all prerequisite courses. Retake failed courses as soon as possible.
SE1801470,Good,6,8.03,120,111,9,92.5,18.5,0,0,1,1,0,0,7,3,Low,0,False,87.5,Complete all prerequisite courses.
SE1801471,Average,5,6.06,120,88,32,73.33,17.6,12,2,3,2,0,0,7,8,Medium,0,False,60.0,Complete at least 12 more credits. Complete all prerequisite courses. Retake failed courses as soon as possible.
SE1801472,Recovery,5,6.15,120,82,38,68.33,16.4,18,1,3,1,1,0,7,10,Medium,0,False,61.0,Complete at least 18 more credits. Complete all prerequisite courses. Retake failed courses as soon as possible. Improve GPA to remove academic warning.
SE1801473,Average,3,6.61,120,57,63,47.5,19.0,43,1,3,0,1,0,5,9,Medium,0,False,54.5,Complete at least 43 more credits. Retake failed courses as soon as possible. Improve GPA to remove academic warning.
SE1801474,AtRisk,5,5.17,120,77,43,64.17,15.4,23,5,4,1,2,0,7,15,High,1,False,39.5,Complete at least 23 more credits. Complete all prerequisite courses. Retake failed courses as soon as possible. Improve GPA to remove academic warning.
SE1801475,Good,4,8.07,120,82,38,68.33,20.5,18,1,2,1,0,0,5,6,Medium,0,False,68.0,Complete at least 18 more credits. Complete all prerequisite courses. Retake failed courses as soon as possible.
SE1801476,Good,7,8.21,120,114,6,95.0,16.29,0,0,0,0,0,0,8,0,Low,0,True,97.0,You are ready for OJT.
SE1801477,Average,8,6.58,120,112,8,93.33,14.0,0,3,4,0,1,0,8,7,Medium,0,True,74.0,Retake failed courses as soon as possible. Improve GPA to remove academic warning.
SE1801478,LateStarter,5,6.69,120,81,39,67.5,16.2,19,3,5,1,1,0,6,12,High,1,False,50.5,Complete at least 19 more credits. Complete all prerequisite courses. Retake failed courses as soon as possible. Improve GPA to remove academic warning.
SE1801479,Good,4,8.19,120,68,52,56.67,17.0,32,0,0,1,0,0,5,5,Low,0,False,68.0,Complete at least 32 more credits. Complete all prerequisite courses.
SE1801480,AtRisk,7,5.68,120,98,22,81.67,14.0,2,3,3,1,1,1,8,14,High,1,False,55.0,Complete at least 2 more credits. Complete all prerequisite courses. Retake failed courses as soon as possible. Improve GPA to remove academic warning.
SE1801481,LateStarter,5,6.48,120,85,35,70.83,17.0,15,2,3,2,1,0,6,10,Medium,0,False,53.5,Complete at least 15 more credits. Complete all prerequisite courses. Retake failed courses as soon as possible. Improve GPA to remove academic warning.
SE1801482,Good,5,7.47,120,91,29,75.83,18.2,9,0,1,0,0,0,6,2,Low,0,False,83.5,Complete at least 9 more credits.
SE1801483,Average,5,6.96,120,95,25,79.17,19.0,5,1,1,0,1,0,6,6,Medium,0,False,77.5,Complete at least 5 more credits. Retake failed courses as soon as possible. Improve GPA to remove academic warning.
SE1801484,Average,3,6.17,120,48,72,40.0,16.0,52,2,1,0,0,0,6,6,Medium,0,False,56.0,Complete at least 52 more credits. Retake failed courses as soon as possible.
SE1801485,Average,5,6.38,120,86,34,71.67,17.2,14,1,1,0,1,0,7,6,Medium,0,False,73.0,Complete at least 14 more credits. Retake failed courses as soon as possible. Improve GPA to remove academic warning.
SE1801486,Good,6,8.27,120,112,8,93.33,18.67,0,1,0,1,0,0,7,3,Low,0,False,87.0,Complete all prerequisite courses. Retake failed courses as soon as possible.
SE1801487,AtRisk,4,5.32,120,65,55,54.17,16.25,35,5,6,2,1,1,5,19,High,1,False,20.5,Complete at least 35 more credits. Complete all prerequisite courses. Retake failed courses as soon as possible. Improve GPA to remove academic warning.
SE1801488,AtRisk,5,5.69,120,80,40,66.67,16.0,20,3,6,1,1,1,7,16,High,1,False,40.0,Complete at least 20 more credits. Complete all prerequisite courses. Retake failed courses as soon as possible. Improve GPA to remove academic warning.
SE1801489,Average,3,6.29,120,48,72,40.0,16.0,52,2,4,0,0,0,6,7,Medium,0,False,50.0,Complete at least 52 more credits. Retake failed courses as soon as possible.
SE1801490,AtRisk,1,5.57,120,16,104,13.33,16.0,84,4,3,2,2,1,6,18,High,1,False,0.0,Complete at least 84 more credits. Complete all prerequisite courses. Retake failed courses as soon as possible. Improve GPA to remove academic warning.
SE1801491,Excellent,3,8.84,120,59,61,49.17,19.67,41,0,0,0,0,0,5,3,Low,0,False,69.5,Complete at least 41 more credits.
SE1801492,AtRisk,8,5.36,120,107,13,89.17,13.38,0,3,4,1,1,1,8,13,High,1,False,57.5,Complete all prerequisite courses. Retake failed courses as soon as possible. Improve GPA to remove academic warning.
SE1801493,Excellent,7,9.18,120,116,4,96.67,16.57,0,0,0,0,0,0,8,0,Low,0,True,98.0,You are ready for OJT.
SE1801494,Average,3,6.07,120,58,62,48.33,19.33,42,1,1,2,0,0,6,9,Medium,0,False,52.0,Complete at least 42 more credits. Complete all prerequisite courses. Retake failed courses as soon as possible.
SE1801495,Recovery,6,6.04,120,102,18,85.0,17.0,0,1,4,0,0,0,7,4,Low,0,True,80.0,Retake failed courses as soon as possible.
SE1801496,AtRisk,3,5.12,120,43,77,35.83,14.33,57,5,5,3,1,0,5,18,High,1,False,13.5,Complete at least 57 more credits. Complete all prerequisite courses. Retake failed courses as soon as possible. Improve GPA to remove academic warning.
SE1801497,Good,1,8.27,120,20,100,16.67,20.0,80,0,2,0,0,0,5,4,Low,0,False,46.0,Complete at least 80 more credits.
SE1801498,Excellent,3,8.7,120,63,57,52.5,21.0,37,0,0,0,0,0,5,3,Low,0,False,71.5,Complete at least 37 more credits.
SE1801499,AtRisk,5,5.16,120,69,51,57.5,13.8,31,3,6,1,1,1,7,17,High,1,False,34.5,Complete at least 31 more credits. Complete all prerequisite courses. Retake failed courses as soon as possible. Improve GPA to remove academic warning.
SE1801500,Average,4,6.75,120,72,48,60.0,18.0,28,3,4,2,1,0,6,12,High,1,False,42.0,Complete at least 28 more credits. Complete all prerequisite courses. Retake failed courses as soon as possible. Improve GPA to remove academic warning.
SE1801501,Average,4,6.5,120,75,45,62.5,18.75,25,1,1,0,0,0,6,5,Low,0,False,72.5,Complete at least 25 more credits. Retake failed courses as soon as possible.
SE1801502,Good,7,7.57,120,112,8,93.33,16.0,0,1,0,1,0,0,8,3,Low,0,False,87.0,Complete all prerequisite courses. Retake failed courses as soon as possible.
SE1801503,AtRisk,3,5.77,120,48,72,40.0,16.0,52,3,6,3,1,1,6,19,High,1,False,12.0,Complete at least 52 more credits. Complete all prerequisite courses. Retake failed courses as soon as possible. Improve GPA to remove academic warning.
SE1801504,Good,1,7.34,120,21,99,17.5,21.0,79,1,1,1,0,0,6,7,Medium,0,False,39.5,Complete at least 79 more credits. Complete all prerequisite courses. Retake failed courses as soon as possible.
SE1801505,Critical,4,4.12,120,41,79,34.17,10.25,59,6,6,4,2,2,6,24,High,1,False,0.0,Complete at least 59 more credits. Complete all prerequisite courses. Retake failed courses as soon as possible. Improve GPA to remove academic warning.
SE1801506,Excellent,4,9.08,120,82,38,68.33,20.5,18,0,0,0,0,0,5,2,Low,0,False,81.0,Complete at least 18 more credits.
SE1801507,Recovery,6,6.28,120,95,25,79.17,15.83,5,2,2,1,0,0,6,6,Medium,0,False,71.5,Complete at least 5 more credits. Complete all prerequisite courses. Retake failed courses as soon as possible.
SE1801508,Good,5,7.4,120,88,32,73.33,17.6,12,0,2,1,0,0,7,4,Low,0,False,74.0,Complete at least 12 more credits. Complete all prerequisite courses.
SE1801509,Good,5,7.52,120,93,27,77.5,18.6,7,1,1,0,0,0,7,3,Low,0,False,81.5,Complete at least 7 more credits. Retake failed courses as soon as possible.
SE1801510,Average,4,6.66,120,62,58,51.67,15.5,38,1,4,1,1,0,5,11,High,1,False,49.0,Complete at least 38 more credits. Complete all prerequisite courses. Retake failed courses as soon as possible. Improve GPA to remove academic warning.
SE1801511,Good,7,7.14,120,114,6,95.0,16.29,0,1,1,0,0,0,8,2,Low,0,True,92.0,Retake failed courses as soon as possible.
SE1801512,Good,7,7.29,120,117,3,97.5,16.71,0,0,1,0,0,0,8,1,Low,0,True,96.5,You are ready for OJT.
SE1801513,LateStarter,3,7.19,120,40,80,33.33,13.33,60,2,4,2,1,0,5,11,High,1,False,29.0,Complete at least 60 more credits. Complete all prerequisite courses. Retake failed courses as soon as possible. Improve GPA to remove academic warning.
SE1801514,Average,8,6.92,120,115,5,95.83,14.38,0,1,1,2,1,0,8,8,Medium,0,False,75.5,Complete all prerequisite courses. Retake failed courses as soon as possible. Improve GPA to remove academic warning.
SE1801515,Average,8,6.84,120,112,8,93.33,14.0,0,3,3,2,1,0,8,10,Medium,0,False,64.0,Complete all prerequisite courses. Retake failed courses as soon as possible. Improve GPA to remove academic warning.
SE1801516,Average,6,6.58,120,100,20,83.33,16.67,0,3,2,0,0,0,7,4,Low,0,True,77.0,Retake failed courses as soon as possible.
SE1801517,Good,7,7.45,120,114,6,95.0,16.29,0,0,2,1,0,0,8,3,Low,0,False,87.0,Complete all prerequisite courses.
SE1801518,AtRisk,5,5.84,120,75,45,62.5,15.0,25,3,6,1,1,1,7,16,High,1,False,37.5,Complete at least 25 more credits. Complete all prerequisite courses. Retake failed courses as soon as possible. Improve GPA to remove academic warning.
SE1801519,AtRisk,4,5.33,120,52,68,43.33,13.0,48,3,4,3,2,0,6,17,High,1,False,21.0,Complete at least 48 more credits. Complete all prerequisite courses. Retake failed courses as soon as possible. Improve GPA to remove academic warning.
SE1801520,Recovery,2,6.21,120,34,86,28.33,17.0,66,1,3,1,0,0,6,9,Medium,0,False,42.0,Complete at least 66 more credits. Complete all prerequisite courses. Retake failed courses as soon as possible.
SE1801521,Good,3,8.31,120,57,63,47.5,19.0,43,1,2,0,0,0,5,5,Low,0,False,61.5,Complete at least 43 more credits. Retake failed courses as soon as possible.
SE1801522,Good,5,7.25,120,90,30,75.0,18.0,10,1,2,1,0,0,6,5,Low,0,False,72.0,Complete at least 10 more credits. Complete all prerequisite courses. Retake failed courses as soon as possible.
SE1801523,Excellent,5,8.73,120,103,17,85.83,20.6,0,0,0,0,0,0,7,0,Low,0,True,91.5,You are ready for OJT.
SE1801524,Good,2,8.47,120,39,81,32.5,19.5,61,1,2,0,0,0,6,5,Low,0,False,52.5,Complete at least 61 more credits. Retake failed courses as soon as possible.
SE1801525,Good,1,7.87,120,18,102,15.0,18.0,82,0,0,0,0,0,5,3,Low,0,False,49.0,Complete at least 82 more credits.
SE1801526,Good,3,8.25,120,51,69,42.5,17.0,49,1,0,0,0,0,5,4,Low,0,False,62.5,Complete at least 49 more credits. Retake failed courses as soon as possible.
SE1801527,Average,5,6.1,120,87,33,72.5,17.4,13,3,3,0,1,0,6,8,Medium,0,False,63.5,Complete at least 13 more credits. Retake failed courses as soon as possible. Improve GPA to remove academic warning.
SE1801528,Average,6,6.36,120,108,12,90.0,18.0,0,2,3,2,1,0,6,9,Medium,0,False,65.0,Complete all prerequisite courses. Retake failed courses as soon as possible. Improve GPA to remove academic warning.
SE1801529,AtRisk,6,5.66,120,88,32,73.33,14.67,12,3,6,1,1,0,6,13,High,1,False,52.0,Complete at least 12 more credits. Complete all prerequisite courses. Retake failed courses as soon as possible. Improve GPA to remove academic warning.
SE1801530,Excellent,6,8.72,120,112,8,93.33,18.67,0,0,0,0,0,0,7,0,Low,0,True,96.0,You are ready for OJT.
SE1801531,Average,5,6.43,120,83,37,69.17,16.6,17,3,3,2,0,0,6,10,Medium,0,False,54.5,Complete at least 17 more credits. Complete all prerequisite courses. Retake failed courses as soon as possible.
SE1801532,Good,4,7.51,120,68,52,56.67,17.0,32,0,1,1,0,0,6,6,Medium,0,False,66.0,Complete at least 32 more credits. Complete all prerequisite courses.
SE1801533,Average,4,6.7,120,70,50,58.33,17.5,30,2,2,1,1,0,5,9,Medium,0,False,54.0,Complete at least 30 more credits. Complete all prerequisite courses. Retake failed courses as soon as possible. Improve GPA to remove academic warning.
SE1801534,Excellent,6,9.93,120,111,9,92.5,18.5,0,0,0,0,0,0,6,0,Low,0,True,95.5,You are ready for OJT.
SE1801535,Good,5,8.43,120,91,29,75.83,18.2,9,0,1,0,0,0,7,2,Low,0,False,83.5,Complete at least 9 more credits.
SE1801536,AtRisk,4,5.0,120,65,55,54.17,16.25,35,5,4,1,1,1,6,17,High,1,False,30.5,Complete at least 35 more credits. Complete all prerequisite courses. Retake failed courses as soon as possible. Improve GPA to remove academic warning.
SE1801537,Average,6,6.98,120,98,22,81.67,16.33,2,2,1,1,1,0,6,8,Medium,0,False,70.0,Complete at least 2 more credits. Complete all prerequisite courses. Retake failed courses as soon as possible. Improve GPA to remove academic warning.
SE1801538,Good,1,7.88,120,18,102,15.0,18.0,82,1,1,1,0,0,5,7,Medium,0,False,38.0,Complete at least 82 more credits. Complete all prerequisite courses. Retake failed courses as soon as possible.
SE1801539,Average,3,6.65,120,45,75,37.5,15.0,55,1,3,1,1,0,5,11,High,1,False,42.5,Complete at least 55 more credits. Complete all prerequisite courses. Retake failed courses as soon as possible. Improve GPA to remove academic warning.
SE1801540,Excellent,7,9.17,120,118,2,98.33,16.86,0,0,0,0,0,0,8,0,Low,0,True,99.0,You are ready for OJT.
SE1801541,Average,6,6.93,120,92,28,76.67,15.33,8,3,3,2,0,0,6,9,Medium,0,False,59.0,Complete at least 8 more credits. Complete all prerequisite courses. Retake failed courses as soon as possible.
SE1801542,Average,5,6.77,120,87,33,72.5,17.4,13,2,3,0,0,0,7,5,Low,0,False,71.5,Complete at least 13 more credits. Retake failed courses as soon as possible.
SE1801543,Excellent,5,9.92,120,90,30,75.0,18.0,10,0,0,0,0,0,7,1,Low,0,False,85.0,Complete at least 10 more credits.
SE1801544,Average,7,6.2,120,105,15,87.5,15.0,0,2,1,1,1,0,8,7,Medium,0,False,73.5,Complete all prerequisite courses. Retake failed courses as soon as possible. Improve GPA to remove academic warning.
SE1801545,Excellent,3,8.68,120,54,66,45.0,18.0,46,0,0,0,0,0,6,3,Low,0,False,67.0,Complete at least 46 more credits.
SE1801546,Good,4,8.24,120,76,44,63.33,19.0,24,1,2,0,0,0,5,4,Low,0,False,71.0,Complete at least 24 more credits. Retake failed courses as soon as possible.
SE1801547,Good,2,7.26,120,46,74,38.33,23.0,54,0,2,1,0,0,5,6,Medium,0,False,53.0,Complete at least 54 more credits. Complete all prerequisite courses.
SE1801548,Good,4,7.78,120,79,41,65.83,19.75,21,0,1,1,0,0,6,5,Low,0,False,71.5,Complete at least 21 more credits. Complete all prerequisite courses.
SE1801549,AtRisk,4,5.8,120,62,58,51.67,15.5,38,3,4,1,2,0,5,15,High,1,False,38.0,Complete at least 38 more credits. Complete all prerequisite courses. Retake failed courses as soon as possible. Improve GPA to remove academic warning.
SE1801550,AtRisk,7,5.77,120,106,14,88.33,15.14,0,4,5,3,2,0,8,15,High,1,False,43.0,Complete all prerequisite courses. Retake failed courses as soon as possible. Improve GPA to remove academic warning.
SE1801551,Critical,1,3.78,120,14,106,11.67,14.0,86,7,5,4,3,2,6,24,High,1,False,0.0,Complete at least 86 more credits. Complete all prerequisite courses. Retake failed courses as soon as possible. Improve GPA to remove academic warning.
SE1801552,AtRisk,1,5.31,120,17,103,14.17,17.0,83,3,4,1,1,0,6,14,High,1,False,20.5,Complete at least 83 more credits. Complete all prerequisite courses. Retake failed courses as soon as possible. Improve GPA to remove academic warning.
SE1801553,Average,8,6.72,120,113,7,94.17,14.12,0,1,1,2,1,0,8,8,Medium,0,False,74.5,Complete all prerequisite courses. Retake failed courses as soon as possible. Improve GPA to remove academic warning.
SE1801554,Good,6,7.44,120,101,19,84.17,16.83,0,0,1,0,0,0,6,1,Low,0,True,88.5,You are ready for OJT.
SE1801555,Good,6,8.46,120,108,12,90.0,18.0,0,1,0,1,0,0,7,3,Low,0,False,85.0,Complete all prerequisite courses. Retake failed courses as soon as possible.
SE1801556,Excellent,8,8.99,120,120,0,100.0,15.0,0,0,0,0,0,0,8,0,Low,0,True,100.0,You are ready for OJT.
SE1801557,Excellent,3,9.0,120,55,65,45.83,18.33,45,0,0,0,0,0,6,3,Low,0,False,67.5,Complete at least 45 more credits.
SE1801558,Good,5,8.12,120,89,31,74.17,17.8,11,1,2,1,0,0,6,5,Low,0,False,71.5,Complete at least 11 more credits. Complete all prerequisite courses. Retake failed courses as soon as possible.
SE1801559,Good,6,7.14,120,105,15,87.5,17.5,0,1,2,0,0,0,6,2,Low,0,True,85.5,Retake failed courses as soon as possible.
SE1801560,Recovery,5,5.91,120,85,35,70.83,17.0,15,1,3,1,1,0,7,11,High,1,False,62.5,Complete at least 15 more credits. Complete all prerequisite courses. Retake failed courses as soon as possible. Improve GPA to remove academic warning.
SE1801561,Good,7,8.33,120,111,9,92.5,15.86,0,0,1,0,0,0,8,1,Low,0,True,93.5,You are ready for OJT.
SE1801562,Average,1,6.22,120,17,103,14.17,17.0,83,1,2,1,0,0,5,8,Medium,0,False,35.5,Complete at least 83 more credits. Complete all prerequisite courses. Retake failed courses as soon as possible.
SE1801563,Average,3,6.43,120,54,66,45.0,18.0,46,3,4,0,1,0,5,10,Medium,0,False,45.0,Complete at least 46 more credits. Retake failed courses as soon as possible. Improve GPA to remove academic warning.
SE1801564,Average,5,6.9,120,89,31,74.17,17.8,11,2,2,2,0,0,7,7,Medium,0,False,62.5,Complete at least 11 more credits. Complete all prerequisite courses. Retake failed courses as soon as possible.
SE1801565,Average,4,6.97,120,72,48,60.0,18.0,28,3,2,2,1,0,5,11,High,1,False,46.0,Complete at least 28 more credits. Complete all prerequisite courses. Retake failed courses as soon as possible. Improve GPA to remove academic warning.
SE1801566,AtRisk,5,5.96,120,75,45,62.5,15.0,25,3,3,1,1,0,6,13,High,1,False,51.5,Complete at least 25 more credits. Complete all prerequisite courses. Retake failed courses as soon as possible. Improve GPA to remove academic warning.
SE1801567,Average,2,6.22,120,31,89,25.83,15.5,69,3,1,2,0,0,5,10,Medium,0,False,32.5,Complete at least 69 more credits. Complete all prerequisite courses. Retake failed courses as soon as possible.
SE1801568,Average,4,6.44,120,64,56,53.33,16.0,36,3,1,1,1,0,6,11,High,1,False,50.0,Complete at least 36 more credits. Complete all prerequisite courses. Retake failed courses as soon as possible. Improve GPA to remove academic warning.
SE1801569,Average,5,6.44,120,86,34,71.67,17.2,14,3,2,0,1,0,6,7,Medium,0,False,65.0,Complete at least 14 more credits. Retake failed courses as soon as possible. Improve GPA to remove academic warning.
SE1801570,Critical,6,4.49,120,80,40,66.67,13.33,20,8,7,3,2,2,6,23,High,1,False,0.0,Complete at least 20 more credits. Complete all prerequisite courses. Retake failed courses as soon as possible. Improve GPA to remove academic warning.
SE1801571,Average,3,6.77,120,58,62,48.33,19.33,42,1,4,2,1,0,6,12,High,1,False,41.0,Complete at least 42 more credits. Complete all prerequisite courses. Retake failed courses as soon as possible. Improve GPA to remove academic warning.
SE1801572,Good,3,7.42,120,52,68,43.33,17.33,48,1,0,1,0,0,6,6,Medium,0,False,57.0,Complete at least 48 more credits. Complete all prerequisite courses. Retake failed courses as soon as possible.
SE1801573,Good,3,7.3,120,63,57,52.5,21.0,37,1,1,1,0,0,6,7,Medium,0,False,60.5,Complete at least 37 more credits. Complete all prerequisite courses. Retake failed courses as soon as possible.
SE1801574,Good,7,7.03,120,111,9,92.5,15.86,0,1,1,0,0,0,8,2,Low,0,True,90.5,Retake failed courses as soon as possible.
SE1801575,Good,4,7.38,120,69,51,57.5,17.25,31,1,2,1,0,0,5,7,Medium,0,False,61.5,Complete at least 31 more credits. Complete all prerequisite courses. Retake failed courses as soon as possible.
SE1801576,Average,6,6.24,120,101,19,84.17,16.83,0,2,2,2,0,0,6,6,Medium,0,False,68.5,Complete all prerequisite courses. Retake failed courses as soon as possible.
SE1801577,Good,1,8.15,120,22,98,18.33,22.0,78,1,2,1,0,0,5,7,Medium,0,False,38.0,Complete at least 78 more credits. Complete all prerequisite courses. Retake failed courses as soon as possible.
SE1801578,Good,5,8.07,120,94,26,78.33,18.8,6,1,2,1,0,0,7,5,Low,0,False,74.0,Complete at least 6 more credits. Complete all prerequisite courses. Retake failed courses as soon as possible.
SE1801579,Excellent,4,8.79,120,75,45,62.5,18.75,25,0,0,0,0,0,5,2,Low,0,False,77.5,Complete at least 25 more credits.
SE1801580,Average,4,6.43,120,60,60,50.0,15.0,40,3,1,0,0,0,6,7,Medium,0,False,59.0,Complete at least 40 more credits. Retake failed courses as soon as possible.
SE1801581,Critical,3,4.11,120,39,81,32.5,13.0,61,5,5,4,3,1,5,22,High,1,False,0.0,Complete at least 61 more credits. Complete all prerequisite courses. Retake failed courses as soon as possible. Improve GPA to remove academic warning.
SE1801582,AtRisk,3,5.1,120,40,80,33.33,13.33,60,3,6,1,2,1,5,18,High,1,False,15.0,Complete at least 60 more credits. Complete all prerequisite courses. Retake failed courses as soon as possible. Improve GPA to remove academic warning.
SE1801583,Excellent,7,9.42,120,113,7,94.17,16.14,0,0,0,0,0,0,8,0,Low,0,True,96.5,You are ready for OJT.
SE1801584,Average,5,6.69,120,80,40,66.67,16.0,20,2,2,1,1,0,6,9,Medium,0,False,59.0,Complete at least 20 more credits. Complete all prerequisite courses. Retake failed courses as soon as possible. Improve GPA to remove academic warning.
SE1801585,Average,3,6.57,120,45,75,37.5,15.0,55,2,3,1,1,0,5,11,High,1,False,39.5,Complete at least 55 more credits. Complete all prerequisite courses. Retake failed courses as soon as possible. Improve GPA to remove academic warning.
SE1801586,AtRisk,8,5.57,120,108,12,90.0,13.5,0,3,4,1,1,0,8,11,High,1,False,66.0,Complete all prerequisite courses. Retake failed courses as soon as possible. Improve GPA to remove academic warning.
SE1801587,AtRisk,3,5.21,120,38,82,31.67,12.67,62,4,6,1,2,0,5,16,High,1,False,19.0,Complete at least 62 more credits. Complete all prerequisite courses. Retake failed courses as soon as possible. Improve GPA to remove academic warning.
SE1801588,Excellent,5,9.59,120,101,19,84.17,20.2,0,0,0,0,0,0,7,0,Low,0,True,90.5,You are ready for OJT.
SE1801589,Good,3,7.05,120,52,68,43.33,17.33,48,1,0,0,0,0,5,4,Low,0,False,63.0,Complete at least 48 more credits. Retake failed courses as soon as possible.
SE1801590,Good,2,7.34,120,36,84,30.0,18.0,64,1,2,1,0,0,5,7,Medium,0,False,45.0,Complete at least 64 more credits. Complete all prerequisite courses. Retake failed courses as soon as possible.
SE1801591,LateStarter,4,6.81,120,69,51,57.5,17.25,31,3,4,1,0,0,5,10,Medium,0,False,51.5,Complete at least 31 more credits. Complete all prerequisite courses. Retake failed courses as soon as possible.
SE1801592,Average,4,6.53,120,62,58,51.67,15.5,38,3,1,2,0,0,5,10,Medium,0,False,48.0,Complete at least 38 more credits. Complete all prerequisite courses. Retake failed courses as soon as possible.
SE1801593,AtRisk,4,5.85,120,67,53,55.83,16.75,33,4,6,3,1,0,5,17,High,1,False,26.5,Complete at least 33 more credits. Complete all prerequisite courses. Retake failed courses as soon as possible. Improve GPA to remove academic warning.
SE1801594,Average,3,6.13,120,45,75,37.5,15.0,55,3,1,0,0,0,5,7,Medium,0,False,51.5,Complete at least 55 more credits. Retake failed courses as soon as possible.
SE1801595,Good,4,7.2,120,70,50,58.33,17.5,30,0,1,1,0,0,5,5,Low,0,False,67.0,Complete at least 30 more credits. Complete all prerequisite courses.
SE1801596,Average,2,6.15,120,37,83,30.83,18.5,63,1,4,2,0,0,6,10,Medium,0,False,35.5,Complete at least 63 more credits. Complete all prerequisite courses. Retake failed courses as soon as possible.
SE1801597,Good,3,8.26,120,50,70,41.67,16.67,50,0,0,0,0,0,5,3,Low,0,False,65.0,Complete at least 50 more credits.
SE1801598,Good,5,8.2,120,97,23,80.83,19.4,3,0,0,0,0,0,7,1,Low,0,False,88.5,Complete at least 3 more credits.
SE1801599,AtRisk,4,5.37,120,50,70,41.67,12.5,50,5,4,2,2,1,5,19,High,1,False,12.0,Complete at least 50 more credits. Complete all prerequisite courses. Retake failed courses as soon as possible. Improve GPA to remove academic warning.
SE1801600,AtRisk,4,5.29,120,59,61,49.17,14.75,41,4,4,1,1,1,6,16,High,1,False,30.5,Complete at least 41 more credits. Complete all prerequisite courses. Retake failed courses as soon as possible. Improve GPA to remove academic warning.
SE1801601,Average,7,6.08,120,105,15,87.5,15.0,0,2,1,1,1,0,8,7,Medium,0,False,73.5,Complete all prerequisite courses. Retake failed courses as soon as possible. Improve GPA to remove academic warning.
SE1801602,Excellent,4,8.54,120,81,39,67.5,20.25,19,0,0,0,0,0,6,2,Low,0,False,80.5,Complete at least 19 more credits.
SE1801603,Average,2,6.72,120,34,86,28.33,17.0,66,3,2,1,1,0,5,11,High,1,False,33.0,Complete at least 66 more credits. Complete all prerequisite courses. Retake failed courses as soon as possible. Improve GPA to remove academic warning.
SE1801604,Average,6,6.51,120,102,18,85.0,17.0,0,2,1,1,1,0,7,7,Medium,0,False,72.0,Complete all prerequisite courses. Retake failed courses as soon as possible. Improve GPA to remove academic warning.
SE1801605,AtRisk,5,5.04,120,83,37,69.17,16.6,17,3,6,1,1,1,7,16,High,1,False,41.5,Complete at least 17 more credits. Complete all prerequisite courses. Retake failed courses as soon as possible. Improve GPA to remove academic warning.
SE1801606,Average,6,6.02,120,108,12,90.0,18.0,0,1,2,0,0,0,6,3,Low,0,True,87.0,Retake failed courses as soon as possible.
SE1801607,Recovery,6,6.05,120,98,22,81.67,16.33,2,1,4,0,1,0,6,7,Medium,0,False,73.0,Complete at least 2 more credits. Retake failed courses as soon as possible. Improve GPA to remove academic warning.
SE1801608,Average,4,6.87,120,67,53,55.83,16.75,33,3,2,1,0,0,6,9,Medium,0,False,54.5,Complete at least 33 more credits. Complete all prerequisite courses. Retake failed courses as soon as possible.
SE1801609,Good,3,7.1,120,61,59,50.83,20.33,39,1,2,1,0,0,6,7,Medium,0,False,57.5,Complete at least 39 more credits. Complete all prerequisite courses. Retake failed courses as soon as possible.
SE1801610,Good,1,8.31,120,19,101,15.83,19.0,81,1,2,1,0,0,6,7,Medium,0,False,36.5,Complete at least 81 more credits. Complete all prerequisite courses. Retake failed courses as soon as possible.
SE1801611,LateStarter,3,6.66,120,36,84,30.0,12.0,64,3,4,2,1,0,6,13,High,1,False,24.0,Complete at least 64 more credits. Complete all prerequisite courses. Retake failed courses as soon as possible. Improve GPA to remove academic warning.
SE1801612,Recovery,4,6.09,120,71,49,59.17,17.75,29,1,2,1,0,0,6,7,Medium,0,False,62.5,Complete at least 29 more credits. Complete all prerequisite courses. Retake failed courses as soon as possible.
SE1801613,Average,3,6.19,120,58,62,48.33,19.33,42,3,1,2,0,0,6,10,Medium,0,False,46.0,Complete at least 42 more credits. Complete all prerequisite courses. Retake failed courses as soon as possible.
SE1801614,Good,6,8.29,120,108,12,90.0,18.0,0,0,0,0,0,0,6,0,Low,0,True,94.0,You are ready for OJT.
SE1801615,AtRisk,3,5.72,120,38,82,31.67,12.67,62,4,3,3,2,0,6,17,High,1,False,13.0,Complete at least 62 more credits. Complete all prerequisite courses. Retake failed courses as soon as possible. Improve GPA to remove academic warning.
SE1801616,Average,2,6.84,120,33,87,27.5,16.5,67,1,2,0,1,0,6,8,Medium,0,False,44.5,Complete at least 67 more credits. Retake failed courses as soon as possible. Improve GPA to remove academic warning.
SE1801617,Average,6,6.12,120,99,21,82.5,16.5,1,1,1,0,0,0,7,4,Low,0,False,84.5,Complete at least 1 more credits. Retake failed courses as soon as possible.
SE1801618,AtRisk,6,5.54,120,88,32,73.33,14.67,12,3,3,3,1,1,6,16,High,1,False,38.0,Complete at least 12 more credits. Complete all prerequisite courses. Retake failed courses as soon as possible. Improve GPA to remove academic warning.
SE1801619,Good,5,8.49,120,88,32,73.33,17.6,12,1,0,0,0,0,7,2,Low,0,False,81.0,Complete at least 12 more credits. Retake failed courses as soon as possible.
SE1801620,LateStarter,2,7.16,120,28,92,23.33,14.0,72,4,2,0,0,0,5,6,Medium,0,False,38.0,Complete at least 72 more credits. Retake failed courses as soon as possible.
SE1801621,LateStarter,1,6.31,120,18,102,15.0,18.0,82,3,2,2,0,0,5,10,Medium,0,False,24.0,Complete at least 82 more credits. Complete all prerequisite courses. Retake failed courses as soon as possible.
SE1801622,Average,4,6.63,120,75,45,62.5,18.75,25,2,3,2,0,0,5,9,Medium,0,False,53.5,Complete at least 25 more credits. Complete all prerequisite courses. Retake failed courses as soon as possible.
SE1801623,Critical,5,4.08,120,74,46,61.67,14.8,26,7,6,2,2,2,6,22,High,1,False,6.0,Complete at least 26 more credits. Complete all prerequisite courses. Retake failed courses as soon as possible. Improve GPA to remove academic warning.
SE1801624,AtRisk,6,5.63,120,91,29,75.83,15.17,9,3,5,1,1,1,7,15,High,1,False,47.5,Complete at least 9 more credits. Complete all prerequisite courses. Retake failed courses as soon as possible. Improve GPA to remove academic warning.
SE1801625,Good,1,7.21,120,21,99,17.5,21.0,79,0,0,0,0,0,5,3,Low,0,False,50.5,Complete at least 79 more credits.
SE1801626,Good,3,7.5,120,51,69,42.5,17.0,49,0,1,0,0,0,6,4,Low,0,False,63.5,Complete at least 49 more credits.
SE1801627,Recovery,1,6.17,120,15,105,12.5,15.0,85,2,2,1,1,0,6,10,Medium,0,False,26.5,Complete at least 85 more credits. Complete all prerequisite courses. Retake failed courses as soon as possible. Improve GPA to remove academic warning.
SE1801628,LateStarter,5,6.72,120,81,39,67.5,16.2,19,2,3,1,0,0,6,8,Medium,0,False,62.5,Complete at least 19 more credits. Complete all prerequisite courses. Retake failed courses as soon as possible.
SE1801629,Critical,2,4.82,120,23,97,19.17,11.5,77,8,8,4,2,1,6,22,High,1,False,0.0,Complete at least 77 more credits. Complete all prerequisite courses. Retake failed courses as soon as possible. Improve GPA to remove academic warning.
SE1801630,Good,4,7.48,120,79,41,65.83,19.75,21,0,0,0,0,0,6,2,Low,0,False,79.5,Complete at least 21 more credits.
SE1801631,Good,6,7.76,120,102,18,85.0,17.0,0,1,2,0,0,0,7,2,Low,0,True,84.0,Retake failed courses as soon as possible.
SE1801632,AtRisk,5,5.14,120,74,46,61.67,14.8,26,5,5,2,1,0,6,16,High,1,False,35.0,Complete at least 26 more credits. Complete all prerequisite courses. Retake failed courses as soon as possible. Improve GPA to remove academic warning.
SE1801633,Good,5,8.18,120,95,25,79.17,19.0,5,0,1,1,0,0,6,4,Low,0,False,79.5,Complete at least 5 more credits. Complete all prerequisite courses.
SE1801634,Average,3,6.64,120,54,66,45.0,18.0,46,3,1,0,0,0,6,7,Medium,0,False,56.0,Complete at least 46 more credits. Retake failed courses as soon as possible.
SE1801635,Average,1,6.81,120,20,100,16.67,20.0,80,2,1,1,1,0,5,10,Medium,0,False,31.0,Complete at least 80 more credits. Complete all prerequisite courses. Retake failed courses as soon as possible. Improve GPA to remove academic warning.
SE1801636,AtRisk,4,5.25,120,55,65,45.83,13.75,45,4,6,3,2,1,6,20,High,1,False,7.5,Complete at least 45 more credits. Complete all prerequisite courses. Retake failed courses as soon as possible. Improve GPA to remove academic warning.
SE1801637,Excellent,4,8.72,120,84,36,70.0,21.0,16,0,0,0,0,0,5,2,Low,0,False,82.0,Complete at least 16 more credits.
SE1801638,Good,6,8.32,120,109,11,90.83,18.17,0,0,0,0,0,0,6,0,Low,0,True,94.5,You are ready for OJT.
SE1801639,Good,2,8.44,120,40,80,33.33,20.0,60,0,1,0,0,0,6,4,Low,0,False,58.0,Complete at least 60 more credits.
SE1801640,Average,4,6.41,120,60,60,50.0,15.0,40,3,4,0,0,0,5,8,Medium,0,False,53.0,Complete at least 40 more credits. Retake failed courses as soon as possible.
SE1801641,Average,3,6.66,120,54,66,45.0,18.0,46,2,2,2,0,0,6,9,Medium,0,False,45.0,Complete at least 46 more credits. Complete all prerequisite courses. Retake failed courses as soon as possible.
SE1801642,AtRisk,6,5.95,120,85,35,70.83,14.17,15,3,6,2,1,0,7,14,High,1,False,44.5,Complete at least 15 more credits. Complete all prerequisite courses. Retake failed courses as soon as possible. Improve GPA to remove academic warning.
SE1801643,Average,4,6.67,120,73,47,60.83,18.25,27,3,3,0,1,0,6,9,Medium,0,False,56.5,Complete at least 27 more credits. Retake failed courses as soon as possible. Improve GPA to remove academic warning.
SE1801644,Average,2,6.82,120,30,90,25.0,15.0,70,3,4,1,0,0,5,10,Medium,0,False,32.0,Complete at least 70 more credits. Complete all prerequisite courses. Retake failed courses as soon as possible.
SE1801645,AtRisk,3,5.33,120,50,70,41.67,16.67,50,3,5,1,2,1,5,18,High,1,False,22.0,Complete at least 50 more credits. Complete all prerequisite courses. Retake failed courses as soon as possible. Improve GPA to remove academic warning.
SE1801646,Good,6,7.46,120,108,12,90.0,18.0,0,1,2,0,0,0,7,2,Low,0,True,87.0,Retake failed courses as soon as possible.
SE1801647,AtRisk,1,5.66,120,18,102,15.0,18.0,82,4,6,2,1,0,5,16,High,1,False,8.0,Complete at least 82 more credits. Complete all prerequisite courses. Retake failed courses as soon as possible. Improve GPA to remove academic warning.
SE1801648,AtRisk,5,5.5,120,70,50,58.33,14.0,30,3,4,3,2,0,6,16,High,1,False,30.0,Complete at least 30 more credits. Complete all prerequisite courses. Retake failed courses as soon as possible. Improve GPA to remove academic warning.
SE1801649,Recovery,4,5.86,120,68,52,56.67,17.0,32,2,2,1,0,0,5,10,Medium,0,False,58.0,Complete at least 32 more credits. Complete all prerequisite courses. Retake failed courses as soon as possible.
SE1801650,Average,6,6.85,120,108,12,90.0,18.0,0,1,4,2,1,0,6,9,Medium,0,False,66.0,Complete all prerequisite courses. Retake failed courses as soon as possible. Improve GPA to remove academic warning.
SE1801651,AtRisk,3,5.28,120,36,84,30.0,12.0,64,4,6,2,2,1,5,19,High,1,False,4.0,Complete at least 64 more credits. Complete all prerequisite courses. Retake failed courses as soon as possible. Improve GPA to remove academic warning.
SE1801652,Excellent,7,9.83,120,118,2,98.33,16.86,0,0,0,0,0,0,8,0,Low,0,True,99.0,You are ready for OJT.
SE1801653,Average,2,6.86,120,41,79,34.17,20.5,59,3,4,1,0,0,5,10,Medium,0,False,37.5,Complete at least 59 more credits. Complete all prerequisite courses. Retake failed courses as soon as possible.
SE1801654,AtRisk,3,5.39,120,44,76,36.67,14.67,56,5,5,1,1,0,5,16,High,1,False,26.0,Complete at least 56 more credits. Complete all prerequisite courses. Retake failed courses as soon as possible. Improve GPA to remove academic warning.
SE1801655,Average,2,6.13,120,35,85,29.17,17.5,65,2,2,0,1,0,5,8,Medium,0,False,42.5,Complete at least 65 more credits. Retake failed courses as soon as possible. Improve GPA to remove academic warning.
SE1801656,Average,7,6.46,120,106,14,88.33,15.14,0,1,1,0,0,0,8,3,Low,0,True,88.0,Retake failed courses as soon as possible.
SE1801657,Good,3,7.63,120,63,57,52.5,21.0,37,1,0,1,0,0,6,6,Medium,0,False,62.5,Complete at least 37 more credits. Complete all prerequisite courses. Retake failed courses as soon as possible.
SE1801658,Good,3,7.11,120,60,60,50.0,20.0,40,1,1,1,0,0,6,7,Medium,0,False,59.0,Complete at least 40 more credits. Complete all prerequisite courses. Retake failed courses as soon as possible.
SE1801659,Excellent,6,8.94,120,105,15,87.5,17.5,0,0,0,0,0,0,6,0,Low,0,True,92.5,You are ready for OJT.
SE1801660,Average,5,6.82,120,92,28,76.67,18.4,8,2,1,0,1,0,6,6,Medium,0,False,73.0,Complete at least 8 more credits. Retake failed courses as soon as possible. Improve GPA to remove academic warning.
SE1801661,Recovery,2,6.63,120,38,82,31.67,19.0,62,1,3,0,0,0,6,7,Medium,0,False,50.0,Complete at least 62 more credits. Retake failed courses as soon as possible.
SE1801662,Average,8,6.17,120,116,4,96.67,14.5,0,2,4,2,1,0,8,9,Medium,0,False,67.0,Complete all prerequisite courses. Retake failed courses as soon as possible. Improve GPA to remove academic warning.
SE1801663,AtRisk,6,5.23,120,89,31,74.17,14.83,11,3,4,3,2,1,6,17,High,1,False,31.5,Complete at least 11 more credits. Complete all prerequisite courses. Retake failed courses as soon as possible. Improve GPA to remove academic warning.
SE1801664,Good,5,7.67,120,99,21,82.5,19.8,1,0,1,1,0,0,7,4,Low,0,False,81.5,Complete at least 1 more credits. Complete all prerequisite courses.
SE1801665,Average,2,6.85,120,37,83,30.83,18.5,63,1,4,2,0,0,6,10,Medium,0,False,35.5,Complete at least 63 more credits. Complete all prerequisite courses. Retake failed courses as soon as possible.
SE1801666,AtRisk,4,5.14,120,55,65,45.83,13.75,45,3,4,3,2,1,5,19,High,1,False,14.5,Complete at least 45 more credits. Complete all prerequisite courses. Retake failed courses as soon as possible. Improve GPA to remove academic warning.
SE1801667,Excellent,4,9.81,120,77,43,64.17,19.25,23,0,0,0,0,0,6,2,Low,0,False,78.5,Complete at least 23 more credits.
SE1801668,Average,5,6.52,120,85,35,70.83,17.0,15,1,2,1,1,0,6,8,Medium,0,False,64.5,Complete at least 15 more credits. Complete all prerequisite courses. Retake failed courses as soon as possible. Improve GPA to remove academic warning.
SE1801669,Average,4,6.68,120,67,53,55.83,16.75,33,2,3,2,0,0,5,10,Medium,0,False,49.5,Complete at least 33 more credits. Complete all prerequisite courses. Retake failed courses as soon as possible.
SE1801670,Critical,1,3.99,120,10,110,8.33,10.0,90,6,8,4,3,2,5,24,High,1,False,0.0,Complete at least 90 more credits. Complete all prerequisite courses. Retake failed courses as soon as possible. Improve GPA to remove academic warning.
SE1801671,Good,5,8.26,120,97,23,80.83,19.4,3,0,2,0,0,0,7,2,Low,0,False,84.5,Complete at least 3 more credits.
SE1801672,Average,4,6.95,120,61,59,50.83,15.25,39,3,4,0,1,0,5,10,Medium,0,False,48.5,Complete at least 39 more credits. Retake failed courses as soon as possible. Improve GPA to remove academic warning.
SE1801673,Critical,4,4.08,120,46,74,38.33,11.5,54,6,5,4,3,2,6,24,High,1,False,0.0,Complete at least 54 more credits. Complete all prerequisite courses. Retake failed courses as soon as possible. Improve GPA to remove academic warning.
SE1801674,AtRisk,7,5.06,120,106,14,88.33,15.14,0,4,6,2,1,1,8,15,High,1,False,44.0,Complete all prerequisite courses. Retake failed courses as soon as possible. Improve GPA to remove academic warning.
SE1801675,Average,5,6.15,120,84,36,70.0,16.8,16,2,2,1,0,0,6,7,Medium,0,False,66.0,Complete at least 16 more credits. Complete all prerequisite courses. Retake failed courses as soon as possible.
SE1801676,Good,3,7.93,120,53,67,44.17,17.67,47,1,0,1,0,0,6,6,Medium,0,False,57.5,Complete at least 47 more credits. Complete all prerequisite courses. Retake failed courses as soon as possible.
SE1801677,Good,5,8.02,120,97,23,80.83,19.4,3,0,0,0,0,0,6,1,Low,0,False,88.5,Complete at least 3 more credits.
SE1801678,AtRisk,4,5.37,120,58,62,48.33,14.5,42,3,6,2,2,0,5,17,High,1,False,26.0,Complete at least 42 more credits. Complete all prerequisite courses. Retake failed courses as soon as possible. Improve GPA to remove academic warning.
SE1801679,Good,6,7.44,120,110,10,91.67,18.33,0,0,2,0,0,0,6,1,Low,0,True,91.0,You are ready for OJT.
SE1801680,Critical,3,4.93,120,42,78,35.0,14.0,58,5,7,3,2,2,5,24,High,1,False,0.0,Complete at least 58 more credits. Complete all prerequisite courses. Retake failed courses as soon as possible. Improve GPA to remove academic warning.
SE1801681,Average,7,6.18,120,110,10,91.67,15.71,0,3,4,0,1,0,8,7,Medium,0,True,73.0,Retake failed courses as soon as possible. Improve GPA to remove academic warning.
SE1801682,Good,5,7.6,120,97,23,80.83,19.4,3,0,2,0,0,0,6,2,Low,0,False,84.5,Complete at least 3 more credits.
SE1801683,Good,8,7.75,120,120,0,100.0,15.0,0,1,1,1,0,0,8,4,Low,0,False,89.0,Complete all prerequisite courses. Retake failed courses as soon as possible.
SE1801684,Average,7,6.94,120,110,10,91.67,15.71,0,1,3,1,1,0,8,8,Medium,0,False,75.0,Complete all prerequisite courses. Retake failed courses as soon as possible. Improve GPA to remove academic warning.
SE1801685,Good,3,7.94,120,51,69,42.5,17.0,49,0,0,1,0,0,5,5,Low,0,False,59.5,Complete at least 49 more credits. Complete all prerequisite courses.
SE1801686,Good,6,7.5,120,103,17,85.83,17.17,0,1,0,0,0,0,7,1,Low,0,True,88.5,Retake failed courses as soon as possible.
SE1801687,Good,3,7.68,120,55,65,45.83,18.33,45,1,0,0,0,0,6,4,Low,0,False,64.5,Complete at least 45 more credits. Retake failed courses as soon as possible.
SE1801688,Average,3,6.42,120,56,64,46.67,18.67,44,3,1,0,1,0,6,9,Medium,0,False,52.0,Complete at least 44 more credits. Retake failed courses as soon as possible. Improve GPA to remove academic warning.
SE1801689,Excellent,7,8.9,120,114,6,95.0,16.29,0,0,0,0,0,0,8,0,Low,0,True,97.0,You are ready for OJT.
SE1801690,Good,4,7.79,120,69,51,57.5,17.25,31,1,2,0,0,0,5,5,Low,0,False,67.5,Complete at least 31 more credits. Retake failed courses as soon as possible.
SE1801691,Good,2,8.26,120,42,78,35.0,21.0,58,1,1,0,0,0,6,5,Low,0,False,56.0,Complete at least 58 more credits. Retake failed courses as soon as possible.
SE1801692,Average,7,6.86,120,113,7,94.17,16.14,0,2,4,1,1,0,8,8,Medium,0,False,71.5,Complete all prerequisite courses. Retake failed courses as soon as possible. Improve GPA to remove academic warning.
SE1801693,Good,5,7.76,120,99,21,82.5,19.8,1,1,2,1,0,0,7,5,Low,0,False,76.5,Complete at least 1 more credits. Complete all prerequisite courses. Retake failed courses as soon as possible.
SE1801694,AtRisk,6,5.29,120,98,22,81.67,16.33,2,3,5,3,1,0,7,15,High,1,False,47.0,Complete at least 2 more credits. Complete all prerequisite courses. Retake failed courses as soon as possible. Improve GPA to remove academic warning.
SE1801695,LateStarter,1,7.13,120,12,108,10.0,12.0,88,2,2,0,1,0,5,7,Medium,0,False,31.0,Complete at least 88 more credits. Retake failed courses as soon as possible. Improve GPA to remove academic warning.
SE1801696,Average,6,6.07,120,99,21,82.5,16.5,1,1,1,1,1,0,6,8,Medium,0,False,73.5,Complete at least 1 more credits. Complete all prerequisite courses. Retake failed courses as soon as possible. Improve GPA to remove academic warning.
SE1801697,Excellent,4,8.55,120,75,45,62.5,18.75,25,0,0,0,0,0,6,2,Low,0,False,77.5,Complete at least 25 more credits.
SE1801698,Critical,4,4.07,120,58,62,48.33,14.5,42,8,6,3,2,2,6,24,High,1,False,0.0,Complete at least 42 more credits. Complete all prerequisite courses. Retake failed courses as soon as possible. Improve GPA to remove academic warning.
SE1801699,Critical,6,4.57,120,74,46,61.67,12.33,26,8,6,4,2,1,7,21,High,1,False,0.0,Complete at least 26 more credits. Complete all prerequisite courses. Retake failed courses as soon as possible. Improve GPA to remove academic warning.
SE1801700,AtRisk,8,5.7,120,111,9,92.5,13.88,0,4,4,1,1,0,8,11,High,1,False,64.5,Complete all prerequisite courses. Retake failed courses as soon as possible. Improve GPA to remove academic warning.
SE1801701,AtRisk,6,5.1,120,86,34,71.67,14.33,14,3,3,1,1,0,6,12,High,1,False,57.0,Complete at least 14 more credits. Complete all prerequisite courses. Retake failed courses as soon as possible. Improve GPA to remove academic warning.
SE1801702,Average,5,6.06,120,80,40,66.67,16.0,20,1,2,1,1,0,6,9,Medium,0,False,62.0,Complete at least 20 more credits. Complete all prerequisite courses. Retake failed courses as soon as possible. Improve GPA to remove academic warning.
SE1801703,Good,5,7.51,120,96,24,80.0,19.2,4,0,1,1,0,0,6,4,Low,0,False,80.0,Complete at least 4 more credits. Complete all prerequisite courses.
SE1801704,AtRisk,6,5.48,120,92,28,76.67,15.33,8,4,5,3,2,1,6,18,High,1,False,28.0,Complete at least 8 more credits. Complete all prerequisite courses. Retake failed courses as soon as possible. Improve GPA to remove academic warning.
SE1801705,Good,6,8.4,120,105,15,87.5,17.5,0,0,2,0,0,0,6,1,Low,0,True,88.5,You are ready for OJT.
SE1801706,AtRisk,4,5.54,120,55,65,45.83,13.75,45,5,6,1,2,0,5,17,High,1,False,24.5,Complete at least 45 more credits. Complete all prerequisite courses. Retake failed courses as soon as possible. Improve GPA to remove academic warning.
SE1801707,Average,3,6.44,120,56,64,46.67,18.67,44,3,2,2,0,0,6,10,Medium,0,False,43.0,Complete at least 44 more credits. Complete all prerequisite courses. Retake failed courses as soon as possible.
SE1801708,Good,3,8.42,120,64,56,53.33,21.33,36,0,2,1,0,0,6,6,Medium,0,False,62.0,Complete at least 36 more credits. Complete all prerequisite courses.
SE1801709,AtRisk,5,5.58,120,77,43,64.17,15.4,23,3,4,1,1,1,7,15,High,1,False,42.5,Complete at least 23 more credits. Complete all prerequisite courses. Retake failed courses as soon as possible. Improve GPA to remove academic warning.
SE1801710,AtRisk,3,5.57,120,50,70,41.67,16.67,50,5,4,2,2,1,6,19,High,1,False,12.0,Complete at least 50 more credits. Complete all prerequisite courses. Retake failed courses as soon as possible. Improve GPA to remove academic warning.
SE1801711,Good,5,7.69,120,99,21,82.5,19.8,1,1,0,0,0,0,6,2,Low,0,False,86.5,Complete at least 1 more credits. Retake failed courses as soon as possible.
SE1801712,Recovery,5,6.06,120,82,38,68.33,16.4,18,2,4,0,0,0,7,6,Medium,0,False,67.0,Complete at least 18 more credits. Retake failed courses as soon as possible.
SE1801713,Excellent,5,9.16,120,95,25,79.17,19.0,5,0,0,0,0,0,6,1,Low,0,False,87.5,Complete at least 5 more credits.
SE1801714,Good,5,8.22,120,90,30,75.0,18.0,10,0,0,0,0,0,6,1,Low,0,False,85.0,Complete at least 10 more credits.
SE1801715,AtRisk,4,5.78,120,51,69,42.5,12.75,49,5,4,1,1,0,6,15,High,1,False,31.5,Complete at least 49 more credits. Complete all prerequisite courses. Retake failed courses as soon as possible. Improve GPA to remove academic warning.
SE1801716,AtRisk,4,5.8,120,64,56,53.33,16.0,36,5,6,2,1,1,6,19,High,1,False,20.0,Complete at least 36 more credits. Complete all prerequisite courses. Retake failed courses as soon as possible. Improve GPA to remove academic warning.
SE1801717,Good,5,7.59,120,88,32,73.33,17.6,12,0,0,0,0,0,6,1,Low,0,False,84.0,Complete at least 12 more credits.
SE1801718,Recovery,5,6.61,120,90,30,75.0,18.0,10,2,2,1,0,0,6,6,Medium,0,False,69.0,Complete at least 10 more credits. Complete all prerequisite courses. Retake failed courses as soon as possible.
SE1801719,LateStarter,6,6.77,120,94,26,78.33,15.67,6,2,3,2,0,0,6,8,Medium,0,False,63.0,Complete at least 6 more credits. Complete all prerequisite courses. Retake failed courses as soon as possible.
SE1801720,Excellent,3,8.92,120,65,55,54.17,21.67,35,0,0,0,0,0,6,3,Low,0,False,72.5,Complete at least 35 more credits.
SE1801721,Excellent,5,9.25,120,93,27,77.5,18.6,7,0,0,0,0,0,6,1,Low,0,False,86.5,Complete at least 7 more credits.
SE1801722,Good,2,8.02,120,45,75,37.5,22.5,55,1,1,1,0,0,5,7,Medium,0,False,51.5,Complete at least 55 more credits. Complete all prerequisite courses. Retake failed courses as soon as possible.
SE1801723,Average,5,6.09,120,83,37,69.17,16.6,17,2,4,0,0,0,6,6,Medium,0,False,67.5,Complete at least 17 more credits. Retake failed courses as soon as possible.
SE1801724,Good,5,7.67,120,99,21,82.5,19.8,1,1,2,1,0,0,6,5,Low,0,False,76.5,Complete at least 1 more credits. Complete all prerequisite courses. Retake failed courses as soon as possible.
SE1801725,Excellent,5,9.15,120,100,20,83.33,20.0,0,0,0,0,0,0,6,0,Low,0,True,90.0,You are ready for OJT.
SE1801726,Good,6,7.26,120,101,19,84.17,16.83,0,1,0,1,0,0,6,3,Low,0,False,81.5,Complete all prerequisite courses. Retake failed courses as soon as possible.
SE1801727,Average,3,6.13,120,54,66,45.0,18.0,46,2,4,0,0,0,6,7,Medium,0,False,53.0,Complete at least 46 more credits. Retake failed courses as soon as possible.
SE1801728,LateStarter,4,6.58,120,57,63,47.5,14.25,43,4,2,0,1,0,6,9,Medium,0,False,47.5,Complete at least 43 more credits. Retake failed courses as soon as possible. Improve GPA to remove academic warning.
SE1801729,AtRisk,6,5.23,120,96,24,80.0,16.0,4,3,4,2,1,1,7,15,High,1,False,46.0,Complete at least 4 more credits. Complete all prerequisite courses. Retake failed courses as soon as possible. Improve GPA to remove academic warning.
SE1801730,Average,4,6.38,120,64,56,53.33,16.0,36,1,1,1,0,0,5,8,Medium,0,False,61.0,Complete at least 36 more credits. Complete all prerequisite courses. Retake failed courses as soon as possible.
SE1801731,Good,4,7.08,120,69,51,57.5,17.25,31,1,2,0,0,0,6,5,Low,0,False,67.5,Complete at least 31 more credits. Retake failed courses as soon as possible.
SE1801732,Good,3,7.92,120,57,63,47.5,19.0,43,0,1,1,0,0,5,6,Medium,0,False,60.5,Complete at least 43 more credits. Complete all prerequisite courses.
SE1801733,Good,6,7.79,120,101,19,84.17,16.83,0,1,1,1,0,0,6,4,Low,0,False,79.5,Complete all prerequisite courses. Retake failed courses as soon as possible.
SE1801734,AtRisk,6,5.03,120,83,37,69.17,13.83,17,3,3,3,2,1,7,18,High,1,False,30.5,Complete at least 17 more credits. Complete all prerequisite courses. Retake failed courses as soon as possible. Improve GPA to remove academic warning.
SE1801735,Average,5,6.45,120,93,27,77.5,18.6,7,2,1,1,1,0,7,8,Medium,0,False,67.5,Complete at least 7 more credits. Complete all prerequisite courses. Retake failed courses as soon as possible. Improve GPA to remove academic warning.
SE1801736,Good,6,8.41,120,104,16,86.67,17.33,0,1,0,0,0,0,7,1,Low,0,True,89.0,Retake failed courses as soon as possible.
SE1801737,Excellent,1,8.59,120,18,102,15.0,18.0,82,0,0,0,0,0,5,3,Low,0,False,49.0,Complete at least 82 more credits.
SE1801738,Good,4,8.14,120,69,51,57.5,17.25,31,1,0,1,0,0,5,6,Medium,0,False,65.5,Complete at least 31 more credits. Complete all prerequisite courses. Retake failed courses as soon as possible.
SE1801739,AtRisk,5,5.44,120,72,48,60.0,14.4,28,5,3,3,1,1,6,18,High,1,False,24.0,Complete at least 28 more credits. Complete all prerequisite courses. Retake failed courses as soon as possible. Improve GPA to remove academic warning.
SE1801740,Average,3,6.04,120,52,68,43.33,17.33,48,1,2,0,1,0,6,8,Medium,0,False,54.0,Complete at least 48 more credits. Retake failed courses as soon as possible. Improve GPA to remove academic warning.
SE1801741,Excellent,1,9.81,120,20,100,16.67,20.0,80,0,0,0,0,0,5,3,Low,0,False,50.0,Complete at least 80 more credits.
SE1801742,Good,3,7.03,120,56,64,46.67,18.67,44,0,1,1,0,0,6,6,Medium,0,False,60.0,Complete at least 44 more credits. Complete all prerequisite courses.
SE1801743,Average,4,6.2,120,60,60,50.0,15.0,40,2,2,2,0,0,5,9,Medium,0,False,48.0,Complete at least 40 more credits. Complete all prerequisite courses. Retake failed courses as soon as possible.
SE1801744,AtRisk,7,5.44,120,100,20,83.33,14.29,0,4,6,2,1,0,8,13,High,1,False,49.0,Complete all prerequisite courses. Retake failed courses as soon as possible. Improve GPA to remove academic warning.
SE1801745,Good,2,7.36,120,36,84,30.0,18.0,64,1,0,0,0,0,6,4,Low,0,False,55.0,Complete at least 64 more credits. Retake failed courses as soon as possible.
SE1801746,Average,2,6.96,120,40,80,33.33,20.0,60,3,1,0,0,0,6,7,Medium,0,False,49.0,Complete at least 60 more credits. Retake failed courses as soon as possible.
SE1801747,Average,5,6.12,120,88,32,73.33,17.6,12,1,1,2,1,0,6,9,Medium,0,False,62.0,Complete at least 12 more credits. Complete all prerequisite courses. Retake failed courses as soon as possible. Improve GPA to remove academic warning.
SE1801748,AtRisk,5,5.69,120,76,44,63.33,15.2,24,5,3,2,1,0,7,15,High,1,False,40.0,Complete at least 24 more credits. Complete all prerequisite courses. Retake failed courses as soon as possible. Improve GPA to remove academic warning.
SE1801749,AtRisk,1,5.6,120,18,102,15.0,18.0,82,3,5,3,2,1,6,20,High,1,False,0.0,Complete at least 82 more credits. Complete all prerequisite courses. Retake failed courses as soon as possible. Improve GPA to remove academic warning.
SE1801750,Average,5,6.2,120,94,26,78.33,18.8,6,3,1,1,1,0,6,9,Medium,0,False,65.0,Complete at least 6 more credits. Complete all prerequisite courses. Retake failed courses as soon as possible. Improve GPA to remove academic warning.
SE1801751,Average,4,6.1,120,66,54,55.0,16.5,34,2,3,0,1,0,6,9,Medium,0,False,56.0,Complete at least 34 more credits. Retake failed courses as soon as possible. Improve GPA to remove academic warning.
SE1801752,Good,6,8.14,120,106,14,88.33,17.67,0,0,0,1,0,0,6,2,Low,0,False,87.0,Complete all prerequisite courses.
SE1801753,Excellent,6,8.9,120,111,9,92.5,18.5,0,0,0,0,0,0,7,0,Low,0,True,95.5,You are ready for OJT.
SE1801754,AtRisk,4,5.17,120,52,68,43.33,13.0,48,4,3,1,1,1,5,16,High,1,False,29.0,Complete at least 48 more credits. Complete all prerequisite courses. Retake failed courses as soon as possible. Improve GPA to remove academic warning.
SE1801755,AtRisk,7,5.54,120,94,26,78.33,13.43,6,3,5,3,2,0,8,16,High,1,False,40.0,Complete at least 6 more credits. Complete all prerequisite courses. Retake failed courses as soon as possible. Improve GPA to remove academic warning.
SE1801756,Critical,2,4.16,120,18,102,15.0,9.0,82,7,5,2,3,2,6,23,High,1,False,0.0,Complete at least 82 more credits. Complete all prerequisite courses. Retake failed courses as soon as possible. Improve GPA to remove academic warning.
SE1801757,Average,3,6.12,120,50,70,41.67,16.67,50,3,2,2,1,0,6,12,High,1,False,35.0,Complete at least 50 more credits. Complete all prerequisite courses. Retake failed courses as soon as possible. Improve GPA to remove academic warning.
SE1801758,Recovery,4,5.86,120,58,62,48.33,14.5,42,2,4,0,1,0,6,11,High,1,False,50.0,Complete at least 42 more credits. Retake failed courses as soon as possible. Improve GPA to remove academic warning.
SE1801759,Average,2,6.83,120,33,87,27.5,16.5,67,2,1,1,1,0,5,10,Medium,0,False,37.5,Complete at least 67 more credits. Complete all prerequisite courses. Retake failed courses as soon as possible. Improve GPA to remove academic warning.
SE1801760,Recovery,4,6.3,120,71,49,59.17,17.75,29,2,2,1,0,0,6,7,Medium,0,False,59.5,Complete at least 29 more credits. Complete all prerequisite courses. Retake failed courses as soon as possible.
SE1801761,Average,8,6.92,120,115,5,95.83,14.38,0,3,1,1,0,0,8,6,Medium,0,False,80.5,Complete all prerequisite courses. Retake failed courses as soon as possible.
SE1801762,Good,2,8.35,120,35,85,29.17,17.5,65,1,0,1,0,0,6,6,Medium,0,False,48.5,Complete at least 65 more credits. Complete all prerequisite courses. Retake failed courses as soon as possible.
SE1801763,Critical,5,3.76,120,64,56,53.33,12.8,36,6,7,4,3,2,6,24,High,1,False,0.0,Complete at least 36 more credits. Complete all prerequisite courses. Retake failed courses as soon as possible. Improve GPA to remove academic warning.
SE1801764,AtRisk,4,5.79,120,62,58,51.67,15.5,38,3,5,3,1,1,6,19,High,1,False,21.0,Complete at least 38 more credits. Complete all prerequisite courses. Retake failed courses as soon as possible. Improve GPA to remove academic warning.
SE1801765,AtRisk,4,5.54,120,58,62,48.33,14.5,42,5,6,1,2,1,6,19,High,1,False,18.0,Complete at least 42 more credits. Complete all prerequisite courses. Retake failed courses as soon as possible. Improve GPA to remove academic warning.
SE1801766,Good,4,7.23,120,73,47,60.83,18.25,27,0,1,0,0,0,5,3,Low,0,False,74.5,Complete at least 27 more credits.
SE1801767,AtRisk,4,5.54,120,54,66,45.0,13.5,46,3,4,2,2,0,5,16,High,1,False,28.0,Complete at least 46 more credits. Complete all prerequisite courses. Retake failed courses as soon as possible. Improve GPA to remove academic warning.
SE1801768,Critical,2,3.89,120,25,95,20.83,12.5,75,6,8,4,2,2,5,24,High,1,False,0.0,Complete at least 75 more credits. Complete all prerequisite courses. Retake failed courses as soon as possible. Improve GPA to remove academic warning.
SE1801769,Average,2,6.3,120,33,87,27.5,16.5,67,1,2,1,0,0,6,8,Medium,0,False,43.5,Complete at least 67 more credits. Complete all prerequisite courses. Retake failed courses as soon as possible.
SE1801770,Good,3,8.07,120,64,56,53.33,21.33,36,0,1,0,0,0,6,4,Low,0,False,70.0,Complete at least 36 more credits.
SE1801771,Good,4,7.6,120,80,40,66.67,20.0,20,0,0,1,0,0,6,4,Low,0,False,74.0,Complete at least 20 more credits. Complete all prerequisite courses.
SE1801772,Good,2,7.15,120,39,81,32.5,19.5,61,0,0,1,0,0,6,5,Low,0,False,53.5,Complete at least 61 more credits. Complete all prerequisite courses.
SE1801773,Average,2,6.75,120,37,83,30.83,18.5,63,3,1,2,0,0,5,10,Medium,0,False,35.5,Complete at least 63 more credits. Complete all prerequisite courses. Retake failed courses as soon as possible.
SE1801774,Average,7,6.72,120,112,8,93.33,16.0,0,2,2,0,1,0,8,5,Low,0,True,81.0,Retake failed courses as soon as possible. Improve GPA to remove academic warning.
SE1801775,Average,4,6.84,120,63,57,52.5,15.75,37,1,3,2,0,0,6,10,Medium,0,False,50.5,Complete at least 37 more credits. Complete all prerequisite courses. Retake failed courses as soon as possible.
SE1801776,Recovery,4,6.42,120,66,54,55.0,16.5,34,1,4,1,1,0,6,11,High,1,False,51.0,Complete at least 34 more credits. Complete all prerequisite courses. Retake failed courses as soon as possible. Improve GPA to remove academic warning.
SE1801777,Average,5,6.86,120,90,30,75.0,18.0,10,2,3,1,0,0,6,7,Medium,0,False,67.0,Complete at least 10 more credits. Complete all prerequisite courses. Retake failed courses as soon as possible.
SE1801778,Average,5,6.67,120,81,39,67.5,16.2,19,3,4,1,0,0,6,9,Medium,0,False,57.5,Complete at least 19 more credits. Complete all prerequisite courses. Retake failed courses as soon as possible.
SE1801779,Good,2,7.12,120,44,76,36.67,22.0,56,0,0,1,0,0,6,5,Low,0,False,56.0,Complete at least 56 more credits. Complete all prerequisite courses.
SE1801780,Good,8,7.96,120,113,7,94.17,14.12,0,1,1,1,0,0,8,4,Low,0,False,85.5,Complete all prerequisite courses. Retake failed courses as soon as possible.
SE1801781,Average,1,6.59,120,20,100,16.67,20.0,80,2,2,1,1,0,5,10,Medium,0,False,29.0,Complete at least 80 more credits. Complete all prerequisite courses. Retake failed courses as soon as possible. Improve GPA to remove academic warning.
SE1801782,Good,4,7.56,120,81,39,67.5,20.25,19,1,2,1,0,0,6,6,Medium,0,False,67.5,Complete at least 19 more credits. Complete all prerequisite courses. Retake failed courses as soon as possible.
SE1801783,Excellent,6,8.89,120,105,15,87.5,17.5,0,0,0,0,0,0,7,0,Low,0,True,92.5,You are ready for OJT.
SE1801784,Good,6,7.85,120,112,8,93.33,18.67,0,1,1,0,0,0,7,2,Low,0,True,91.0,Retake failed courses as soon as possible.
SE1801785,Good,6,7.55,120,112,8,93.33,18.67,0,1,1,0,0,0,7,2,Low,0,True,91.0,Retake failed courses as soon as possible.
SE1801786,AtRisk,2,5.39,120,29,91,24.17,14.5,71,5,5,1,1,0,6,16,High,1,False,18.5,Complete at least 71 more credits. Complete all prerequisite courses. Retake failed courses as soon as possible. Improve GPA to remove academic warning.
SE1801787,Good,3,7.26,120,54,66,45.0,18.0,46,0,1,1,0,0,6,6,Medium,0,False,59.0,Complete at least 46 more credits. Complete all prerequisite courses.
SE1801788,Average,5,6.61,120,92,28,76.67,18.4,8,1,1,0,0,0,6,4,Low,0,False,81.0,Complete at least 8 more credits. Retake failed courses as soon as possible.
SE1801789,Excellent,7,9.78,120,116,4,96.67,16.57,0,0,0,0,0,0,8,0,Low,0,True,98.0,You are ready for OJT.
SE1801790,Average,4,6.39,120,75,45,62.5,18.75,25,3,2,0,0,0,6,6,Medium,0,False,64.5,Complete at least 25 more credits. Retake failed courses as soon as possible.
SE1801791,Average,6,6.01,120,100,20,83.33,16.67,0,2,2,2,1,0,6,8,Medium,0,False,63.0,Complete all prerequisite courses. Retake failed courses as soon as possible. Improve GPA to remove academic warning.
SE1801792,Average,4,6.15,120,63,57,52.5,15.75,37,1,1,0,1,0,6,8,Medium,0,False,61.5,Complete at least 37 more credits. Retake failed courses as soon as possible. Improve GPA to remove academic warning.
SE1801793,Good,4,8.04,120,79,41,65.83,19.75,21,1,2,0,0,0,5,4,Low,0,False,72.5,Complete at least 21 more credits. Retake failed courses as soon as possible.
SE1801794,Good,3,7.77,120,54,66,45.0,18.0,46,0,0,0,0,0,6,3,Low,0,False,67.0,Complete at least 46 more credits.
SE1801795,AtRisk,8,5.27,120,101,19,84.17,12.62,0,5,6,2,2,1,8,17,High,1,False,33.5,Complete all prerequisite courses. Retake failed courses as soon as possible. Improve GPA to remove academic warning.
SE1801796,Good,4,8.1,120,81,39,67.5,20.25,19,0,0,0,0,0,5,2,Low,0,False,80.5,Complete at least 19 more credits.
SE1801797,Recovery,8,6.09,120,116,4,96.67,14.5,0,2,4,0,1,0,8,6,Medium,0,True,79.0,Retake failed courses as soon as possible. Improve GPA to remove academic warning.
SE1801798,Recovery,4,6.01,120,68,52,56.67,17.0,32,2,4,0,1,0,5,9,Medium,0,False,55.0,Complete at least 32 more credits. Retake failed courses as soon as possible. Improve GPA to remove academic warning.
SE1801799,Good,6,7.8,120,110,10,91.67,18.33,0,0,0,1,0,0,6,2,Low,0,False,89.0,Complete all prerequisite courses.
SE1801800,AtRisk,2,5.78,120,27,93,22.5,13.5,73,3,5,2,1,0,6,16,High,1,False,17.5,Complete at least 73 more credits. Complete all prerequisite courses. Retake failed courses as soon as possible. Improve GPA to remove academic warning.
SE1801801,Average,6,6.23,120,108,12,90.0,18.0,0,1,3,2,0,0,6,7,Medium,0,False,73.0,Complete all prerequisite courses. Retake failed courses as soon as possible.
SE1801802,Critical,1,4.78,120,16,104,13.33,16.0,84,5,5,4,3,2,6,24,High,1,False,0.0,Complete at least 84 more credits. Complete all prerequisite courses. Retake failed courses as soon as possible. Improve GPA to remove academic warning.
SE1801803,Average,4,6.07,120,73,47,60.83,18.25,27,2,2,1,1,0,6,9,Medium,0,False,55.5,Complete at least 27 more credits. Complete all prerequisite courses. Retake failed courses as soon as possible. Improve GPA to remove academic warning.
SE1801804,Good,4,8.23,120,71,49,59.17,17.75,29,1,2,0,0,0,6,4,Low,0,False,68.5,Complete at least 29 more credits. Retake failed courses as soon as possible.
SE1801805,AtRisk,5,5.02,120,78,42,65.0,15.6,22,3,3,1,2,1,7,16,High,1,False,40.0,Complete at least 22 more credits. Complete all prerequisite courses. Retake failed courses as soon as possible. Improve GPA to remove academic warning.
SE1801806,AtRisk,5,5.42,120,84,36,70.0,16.8,16,5,4,3,1,1,7,18,High,1,False,28.0,Complete at least 16 more credits. Complete all prerequisite courses. Retake failed courses as soon as possible. Improve GPA to remove academic warning.
SE1801807,Average,5,6.83,120,83,37,69.17,16.6,17,2,4,2,0,0,7,9,Medium,0,False,55.5,Complete at least 17 more credits. Complete all prerequisite courses. Retake failed courses as soon as possible.
SE1801808,Good,6,8.28,120,109,11,90.83,18.17,0,1,2,1,0,0,6,4,Low,0,False,81.5,Complete all prerequisite courses. Retake failed courses as soon as possible.
SE1801809,Recovery,6,6.45,120,99,21,82.5,16.5,1,2,2,0,0,0,6,4,Low,0,False,79.5,Complete at least 1 more credits. Retake failed courses as soon as possible.
SE1801810,LateStarter,8,6.86,120,115,5,95.83,14.38,0,2,5,0,0,0,8,5,Low,0,True,81.5,Retake failed courses as soon as possible.
SE1801811,Average,4,6.05,120,66,54,55.0,16.5,34,1,2,0,0,0,5,6,Medium,0,False,66.0,Complete at least 34 more credits. Retake failed courses as soon as possible.
SE1801812,Good,3,7.0,120,51,69,42.5,17.0,49,1,1,1,0,0,5,7,Medium,0,False,54.5,Complete at least 49 more credits. Complete all prerequisite courses. Retake failed courses as soon as possible.
SE1801813,Recovery,4,6.43,120,68,52,56.67,17.0,32,2,4,1,0,0,5,9,Medium,0,False,54.0,Complete at least 32 more credits. Complete all prerequisite courses. Retake failed courses as soon as possible.
SE1801814,AtRisk,3,5.38,120,37,83,30.83,12.33,63,4,3,3,1,1,6,18,High,1,False,9.5,Complete at least 63 more credits. Complete all prerequisite courses. Retake failed courses as soon as possible. Improve GPA to remove academic warning.
SE1801815,Average,5,6.08,120,81,39,67.5,16.2,19,2,3,1,0,0,7,8,Medium,0,False,62.5,Complete at least 19 more credits. Complete all prerequisite courses. Retake failed courses as soon as possible.
SE1801816,Good,6,7.88,120,110,10,91.67,18.33,0,0,0,0,0,0,7,0,Low,0,True,95.0,You are ready for OJT.
SE1801817,AtRisk,4,5.18,120,61,59,50.83,15.25,39,4,5,3,2,1,5,20,High,1,False,12.5,Complete at least 39 more credits. Complete all prerequisite courses. Retake failed courses as soon as possible. Improve GPA to remove academic warning.
SE1801818,Good,7,7.07,120,114,6,95.0,16.29,0,1,1,1,0,0,8,4,Low,0,False,86.0,Complete all prerequisite courses. Retake failed courses as soon as possible.
SE1801819,Excellent,5,9.87,120,99,21,82.5,19.8,1,0,0,0,0,0,7,1,Low,0,False,89.5,Complete at least 1 more credits.
SE1801820,Average,2,6.61,120,39,81,32.5,19.5,61,2,4,0,0,0,5,7,Medium,0,False,45.5,Complete at least 61 more credits. Retake failed courses as soon as possible.
SE1801821,Average,4,6.29,120,64,56,53.33,16.0,36,2,4,0,1,0,5,9,Medium,0,False,53.0,Complete at least 36 more credits. Retake failed courses as soon as possible. Improve GPA to remove academic warning.
SE1801822,Average,4,6.55,120,63,57,52.5,15.75,37,2,4,2,0,0,5,10,Medium,0,False,45.5,Complete at least 37 more credits. Complete all prerequisite courses. Retake failed courses as soon as possible.
SE1801823,Good,5,7.27,120,95,25,79.17,19.0,5,0,2,1,0,0,6,4,Low,0,False,77.5,Complete at least 5 more credits. Complete all prerequisite courses.
SE1801824,Good,7,7.2,120,113,7,94.17,16.14,0,1,2,0,0,0,8,2,Low,0,True,89.5,Retake failed courses as soon as possible.
SE1801825,Good,2,8.27,120,46,74,38.33,23.0,54,1,0,0,0,0,6,4,Low,0,False,60.0,Complete at least 54 more credits. Retake failed courses as soon as possible.
SE1801826,Average,8,6.12,120,115,5,95.83,14.38,0,2,3,2,0,0,8,7,Medium,0,False,73.5,Complete all prerequisite courses. Retake failed courses as soon as possible.
SE1801827,Average,4,6.18,120,62,58,51.67,15.5,38,1,2,1,0,0,5,8,Medium,0,False,58.0,Complete at least 38 more credits. Complete all prerequisite courses. Retake failed courses as soon as possible.
SE1801828,Average,3,6.14,120,52,68,43.33,17.33,48,2,1,1,0,0,6,8,Medium,0,False,52.0,Complete at least 48 more credits. Complete all prerequisite courses. Retake failed courses as soon as possible.
SE1801829,Good,2,8.23,120,39,81,32.5,19.5,61,1,1,1,0,0,6,7,Medium,0,False,48.5,Complete at least 61 more credits. Complete all prerequisite courses. Retake failed courses as soon as possible.
SE1801830,AtRisk,2,5.84,120,26,94,21.67,13.0,74,3,5,2,1,0,5,16,High,1,False,17.0,Complete at least 74 more credits. Complete all prerequisite courses. Retake failed courses as soon as possible. Improve GPA to remove academic warning.
SE1801831,Excellent,4,9.89,120,77,43,64.17,19.25,23,0,0,0,0,0,5,2,Low,0,False,78.5,Complete at least 23 more credits.
SE1801832,AtRisk,3,5.86,120,38,82,31.67,12.67,62,5,4,3,2,1,5,20,High,1,False,0.0,Complete at least 62 more credits. Complete all prerequisite courses. Retake failed courses as soon as possible. Improve GPA to remove academic warning.
SE1801833,Excellent,4,9.48,120,80,40,66.67,20.0,20,0,0,0,0,0,5,2,Low,0,False,80.0,Complete at least 20 more credits.
SE1801834,Good,4,7.58,120,82,38,68.33,20.5,18,1,0,1,0,0,6,5,Low,0,False,72.0,Complete at least 18 more credits. Complete all prerequisite courses. Retake failed courses as soon as possible.
SE1801835,Recovery,5,6.55,120,78,42,65.0,15.6,22,1,2,1,0,0,7,7,Medium,0,False,66.0,Complete at least 22 more credits. Complete all prerequisite courses. Retake failed courses as soon as possible.
SE1801836,Critical,2,4.72,120,19,101,15.83,9.5,81,7,6,3,2,1,6,22,High,1,False,0.0,Complete at least 81 more credits. Complete all prerequisite courses. Retake failed courses as soon as possible. Improve GPA to remove academic warning.
SE1801837,Good,6,8.18,120,100,20,83.33,16.67,0,0,0,0,0,0,6,0,Low,0,True,90.0,You are ready for OJT.
SE1801838,AtRisk,5,5.67,120,68,52,56.67,13.6,32,4,5,3,1,1,7,19,High,1,False,21.0,Complete at least 32 more credits. Complete all prerequisite courses. Retake failed courses as soon as possible. Improve GPA to remove academic warning.
SE1801839,Average,3,6.64,120,57,63,47.5,19.0,43,3,4,1,0,0,6,10,Medium,0,False,45.5,Complete at least 43 more credits. Complete all prerequisite courses. Retake failed courses as soon as possible.
SE1801840,Good,3,8.43,120,62,58,51.67,20.67,38,0,1,0,0,0,5,4,Low,0,False,69.0,Complete at least 38 more credits.
SE1801841,AtRisk,6,5.08,120,84,36,70.0,14.0,16,3,5,2,1,0,7,15,High,1,False,46.0,Complete at least 16 more credits. Complete all prerequisite courses. Retake failed courses as soon as possible. Improve GPA to remove academic warning.
SE1801842,AtRisk,5,5.4,120,73,47,60.83,14.6,27,3,6,2,1,1,7,17,High,1,False,30.5,Complete at least 27 more credits. Complete all prerequisite courses. Retake failed courses as soon as possible. Improve GPA to remove academic warning.
SE1801843,Good,5,8.23,120,93,27,77.5,18.6,7,0,1,0,0,0,7,2,Low,0,False,84.5,Complete at least 7 more credits.
SE1801844,Excellent,4,8.79,120,80,40,66.67,20.0,20,0,0,0,0,0,5,2,Low,0,False,80.0,Complete at least 20 more credits.
SE1801845,Good,3,8.37,120,62,58,51.67,20.67,38,1,1,0,0,0,6,5,Low,0,False,66.0,Complete at least 38 more credits. Retake failed courses as soon as possible.
SE1801846,Excellent,6,9.89,120,105,15,87.5,17.5,0,0,0,0,0,0,6,0,Low,0,True,92.5,You are ready for OJT.
SE1801847,Good,4,7.31,120,70,50,58.33,17.5,30,0,2,0,0,0,5,3,Low,0,False,71.0,Complete at least 30 more credits.
SE1801848,Excellent,5,8.96,120,90,30,75.0,18.0,10,0,0,0,0,0,7,1,Low,0,False,85.0,Complete at least 10 more credits.
SE1801849,AtRisk,7,5.09,120,92,28,76.67,13.14,8,3,5,2,2,1,8,17,High,1,False,37.0,Complete at least 8 more credits. Complete all prerequisite courses. Retake failed courses as soon as possible. Improve GPA to remove academic warning.
SE1801850,Excellent,5,8.75,120,90,30,75.0,18.0,10,0,0,0,0,0,6,1,Low,0,False,85.0,Complete at least 10 more credits.
SE1801851,Average,8,6.88,120,118,2,98.33,14.75,0,1,2,1,1,0,8,7,Medium,0,False,81.0,Complete all prerequisite courses. Retake failed courses as soon as possible. Improve GPA to remove academic warning.
SE1801852,Critical,2,3.74,120,24,96,20.0,12.0,76,5,5,3,2,2,5,24,High,1,False,0.0,Complete at least 76 more credits. Complete all prerequisite courses. Retake failed courses as soon as possible. Improve GPA to remove academic warning.
SE1801853,Critical,7,4.85,120,89,31,74.17,12.71,11,7,8,4,3,1,8,20,High,1,False,0.5,Complete at least 11 more credits. Complete all prerequisite courses. Retake failed courses as soon as possible. Improve GPA to remove academic warning.
SE1801854,Average,1,6.83,120,16,104,13.33,16.0,84,2,2,0,1,0,6,8,Medium,0,False,33.0,Complete at least 84 more credits. Retake failed courses as soon as possible. Improve GPA to remove academic warning.
SE1801855,AtRisk,5,5.36,120,68,52,56.67,13.6,32,3,3,1,1,1,7,16,High,1,False,40.0,Complete at least 32 more credits. Complete all prerequisite courses. Retake failed courses as soon as possible. Improve GPA to remove academic warning.
SE1801856,LateStarter,5,7.17,120,78,42,65.0,15.6,22,2,2,0,1,0,6,6,Medium,0,False,64.0,Complete at least 22 more credits. Retake failed courses as soon as possible. Improve GPA to remove academic warning.
SE1801857,Recovery,6,6.23,120,98,22,81.67,16.33,2,2,2,0,1,0,6,6,Medium,0,False,74.0,Complete at least 2 more credits. Retake failed courses as soon as possible. Improve GPA to remove academic warning.
SE1801858,LateStarter,4,6.82,120,60,60,50.0,15.0,40,4,4,1,0,0,6,10,Medium,0,False,44.0,Complete at least 40 more credits. Complete all prerequisite courses. Retake failed courses as soon as possible.
SE1801859,Good,4,7.11,120,68,52,56.67,17.0,32,1,1,0,0,0,6,5,Low,0,False,69.0,Complete at least 32 more credits. Retake failed courses as soon as possible.
SE1801860,Recovery,7,6.35,120,103,17,85.83,14.71,0,2,4,1,1,0,8,8,Medium,0,False,66.5,Complete all prerequisite courses. Retake failed courses as soon as possible. Improve GPA to remove academic warning.
SE1801861,Excellent,5,8.86,120,105,15,87.5,21.0,0,0,0,0,0,0,7,0,Low,0,True,92.5,You are ready for OJT.
SE1801862,Average,7,6.37,120,107,13,89.17,15.29,0,1,1,1,1,0,8,7,Medium,0,False,77.5,Complete all prerequisite courses. Retake failed courses as soon as possible. Improve GPA to remove academic warning.
SE1801863,Good,6,7.23,120,105,15,87.5,17.5,0,0,0,0,0,0,6,0,Low,0,True,92.5,You are ready for OJT.
SE1801864,Average,8,6.31,120,110,10,91.67,13.75,0,2,2,1,0,0,8,5,Low,0,False,79.0,Complete all prerequisite courses. Retake failed courses as soon as possible.
SE1801865,Average,3,6.06,120,47,73,39.17,15.67,53,3,2,0,0,0,6,7,Medium,0,False,50.5,Complete at least 53 more credits. Retake failed courses as soon as possible.
SE1801866,Critical,2,4.6,120,18,102,15.0,9.0,82,5,8,4,2,2,5,24,High,1,False,0.0,Complete at least 82 more credits. Complete all prerequisite courses. Retake failed courses as soon as possible. Improve GPA to remove academic warning.
SE1801867,Excellent,5,9.31,120,103,17,85.83,20.6,0,0,0,0,0,0,6,0,Low,0,True,91.5,You are ready for OJT.
SE1801868,Good,4,8.18,120,77,43,64.17,19.25,23,0,1,1,0,0,6,5,Low,0,False,70.5,Complete at least 23 more credits. Complete all prerequisite courses.
SE1801869,Good,5,7.28,120,90,30,75.0,18.0,10,1,1,0,0,0,6,3,Low,0,False,80.0,Complete at least 10 more credits. Retake failed courses as soon as possible.
SE1801870,LateStarter,3,6.87,120,40,80,33.33,13.33,60,2,3,1,1,0,5,11,High,1,False,37.0,Complete at least 60 more credits. Complete all prerequisite courses. Retake failed courses as soon as possible. Improve GPA to remove academic warning.
SE1801871,Excellent,4,9.2,120,72,48,60.0,18.0,28,0,0,0,0,0,6,2,Low,0,False,76.0,Complete at least 28 more credits.
SE1801872,AtRisk,3,5.74,120,36,84,30.0,12.0,64,3,4,2,1,0,5,15,High,1,False,24.0,Complete at least 64 more credits. Complete all prerequisite courses. Retake failed courses as soon as possible. Improve GPA to remove academic warning.
SE1801873,Excellent,7,9.29,120,113,7,94.17,16.14,0,0,0,0,0,0,8,0,Low,0,True,96.5,You are ready for OJT.
SE1801874,Good,2,7.65,120,42,78,35.0,21.0,58,1,1,0,0,0,6,5,Low,0,False,56.0,Complete at least 58 more credits. Retake failed courses as soon as possible.
SE1801875,Good,5,7.57,120,96,24,80.0,19.2,4,0,2,0,0,0,7,2,Low,0,False,84.0,Complete at least 4 more credits.
SE1801876,Average,6,6.6,120,98,22,81.67,16.33,2,1,4,2,0,0,6,8,Medium,0,False,66.0,Complete at least 2 more credits. Complete all prerequisite courses. Retake failed courses as soon as possible.
SE1801877,AtRisk,3,5.95,120,40,80,33.33,13.33,60,3,3,3,1,0,6,16,High,1,False,22.0,Complete at least 60 more credits. Complete all prerequisite courses. Retake failed courses as soon as possible. Improve GPA to remove academic warning.
SE1801878,Good,2,7.82,120,43,77,35.83,21.5,57,1,2,0,0,0,5,5,Low,0,False,54.5,Complete at least 57 more credits. Retake failed courses as soon as possible.
SE1801879,Excellent,2,8.92,120,40,80,33.33,20.0,60,0,0,0,0,0,6,3,Low,0,False,60.0,Complete at least 60 more credits.
SE1801880,Average,5,6.69,120,84,36,70.0,16.8,16,3,1,0,0,0,6,6,Medium,0,False,71.0,Complete at least 16 more credits. Retake failed courses as soon as possible.
SE1801881,Good,5,7.22,120,90,30,75.0,18.0,10,0,2,1,0,0,6,4,Low,0,False,75.0,Complete at least 10 more credits. Complete all prerequisite courses.
SE1801882,Average,2,6.37,120,33,87,27.5,16.5,67,1,2,2,0,0,6,9,Medium,0,False,37.5,Complete at least 67 more credits. Complete all prerequisite courses. Retake failed courses as soon as possible.
SE1801883,Critical,4,4.09,120,40,80,33.33,10.0,60,5,7,4,2,2,6,24,High,1,False,0.0,Complete at least 60 more credits. Complete all prerequisite courses. Retake failed courses as soon as possible. Improve GPA to remove academic warning.
SE1801884,Average,4,6.58,120,67,53,55.83,16.75,33,1,1,2,0,0,5,9,Medium,0,False,56.5,Complete at least 33 more credits. Complete all prerequisite courses. Retake failed courses as soon as possible.
SE1801885,Average,6,6.68,120,94,26,78.33,15.67,6,2,3,1,0,0,6,7,Medium,0,False,69.0,Complete at least 6 more credits. Complete all prerequisite courses. Retake failed courses as soon as possible.
SE1801886,Good,6,7.39,120,111,9,92.5,18.5,0,1,0,1,0,0,6,3,Low,0,False,86.5,Complete all prerequisite courses. Retake failed courses as soon as possible.
SE1801887,Average,6,6.2,120,95,25,79.17,15.83,5,2,4,0,0,0,7,5,Low,0,False,73.5,Complete at least 5 more credits. Retake failed courses as soon as possible.
SE1801888,Average,4,6.83,120,72,48,60.0,18.0,28,2,1,1,0,0,5,7,Medium,0,False,62.0,Complete at least 28 more credits. Complete all prerequisite courses. Retake failed courses as soon as possible.
SE1801889,Excellent,4,9.09,120,77,43,64.17,19.25,23,0,0,0,0,0,5,2,Low,0,False,78.5,Complete at least 23 more credits.
SE1801890,Average,4,6.97,120,69,51,57.5,17.25,31,3,2,2,0,0,6,10,Medium,0,False,49.5,Complete at least 31 more credits. Complete all prerequisite courses. Retake failed courses as soon as possible.
SE1801891,Excellent,5,9.07,120,104,16,86.67,20.8,0,0,0,0,0,0,7,0,Low,0,True,92.0,You are ready for OJT.
SE1801892,Critical,2,3.94,120,20,100,16.67,10.0,80,7,6,3,2,2,6,24,High,1,False,0.0,Complete at least 80 more credits. Complete all prerequisite courses. Retake failed courses as soon as possible. Improve GPA to remove academic warning.
SE1801893,Good,3,8.01,120,63,57,52.5,21.0,37,0,2,1,0,0,5,6,Medium,0,False,61.5,Complete at least 37 more credits. Complete all prerequisite courses.
SE1801894,Average,5,6.9,120,82,38,68.33,16.4,18,3,4,1,0,0,7,9,Medium,0,False,58.0,Complete at least 18 more credits. Complete all prerequisite courses. Retake failed courses as soon as possible.
SE1801895,AtRisk,6,5.71,120,91,29,75.83,15.17,9,4,4,2,1,1,6,15,High,1,False,40.5,Complete at least 9 more credits. Complete all prerequisite courses. Retake failed courses as soon as possible. Improve GPA to remove academic warning.
SE1801896,Good,3,7.3,120,63,57,52.5,21.0,37,0,2,0,0,0,6,4,Low,0,False,67.5,Complete at least 37 more credits.
SE1801897,AtRisk,4,5.4,120,61,59,50.83,15.25,39,5,5,2,2,1,6,20,High,1,False,15.5,Complete at least 39 more credits. Complete all prerequisite courses. Retake failed courses as soon as possible. Improve GPA to remove academic warning.
SE1801898,Average,6,6.4,120,100,20,83.33,16.67,0,3,3,0,1,0,7,7,Medium,0,True,70.0,Retake failed courses as soon as possible. Improve GPA to remove academic warning.
SE1801899,Good,4,8.28,120,74,46,61.67,18.5,26,1,2,1,0,0,5,6,Medium,0,False,64.0,Complete at least 26 more credits. Complete all prerequisite courses. Retake failed courses as soon as possible.
SE1801900,Recovery,2,5.98,120,32,88,26.67,16.0,68,2,2,0,1,0,5,10,Medium,0,False,41.0,Complete at least 68 more credits. Retake failed courses as soon as possible. Improve GPA to remove academic warning.
SE1801901,AtRisk,3,5.4,120,38,82,31.67,12.67,62,4,5,3,2,1,6,20,High,1,False,1.0,Complete at least 62 more credits. Complete all prerequisite courses. Retake failed courses as soon as possible. Improve GPA to remove academic warning.
SE1801902,AtRisk,3,5.84,120,39,81,32.5,13.0,61,3,6,2,1,0,6,16,High,1,False,21.5,Complete at least 61 more credits. Complete all prerequisite courses. Retake failed courses as soon as possible. Improve GPA to remove academic warning.
SE1801903,AtRisk,5,5.12,120,73,47,60.83,14.6,27,4,3,2,1,1,6,16,High,1,False,33.5,Complete at least 27 more credits. Complete all prerequisite courses. Retake failed courses as soon as possible. Improve GPA to remove academic warning.
SE1801904,Good,6,8.4,120,101,19,84.17,16.83,0,1,1,1,0,0,7,4,Low,0,False,79.5,Complete all prerequisite courses. Retake failed courses as soon as possible.
SE1801905,Average,3,6.76,120,48,72,40.0,16.0,52,1,1,0,0,0,6,6,Medium,0,False,59.0,Complete at least 52 more credits. Retake failed courses as soon as possible.
SE1801906,Recovery,2,5.92,120,33,87,27.5,16.5,67,2,2,1,1,0,5,12,High,1,False,35.5,Complete at least 67 more credits. Complete all prerequisite courses. Retake failed courses as soon as possible. Improve GPA to remove academic warning.
SE1801907,Good,7,7.42,120,110,10,91.67,15.71,0,1,2,1,0,0,8,4,Low,0,False,82.0,Complete all prerequisite courses. Retake failed courses as soon as possible.
SE1801908,AtRisk,5,5.67,120,69,51,57.5,13.8,31,3,6,1,1,0,7,15,High,1,False,42.5,Complete at least 31 more credits. Complete all prerequisite courses. Retake failed courses as soon as possible. Improve GPA to remove academic warning.
SE1801909,AtRisk,6,5.81,120,89,31,74.17,14.83,11,4,6,2,1,1,7,16,High,1,False,35.5,Complete at least 11 more credits. Complete all prerequisite courses. Retake failed courses as soon as possible. Improve GPA to remove academic warning.
SE1801910,Average,4,6.19,120,60,60,50.0,15.0,40,1,3,0,0,0,5,7,Medium,0,False,61.0,Complete at least 40 more credits. Retake failed courses as soon as possible.
SE1801911,AtRisk,7,5.06,120,103,17,85.83,14.71,0,4,3,1,1,0,8,11,High,1,False,62.5,Complete all prerequisite courses. Retake failed courses as soon as possible. Improve GPA to remove academic warning.
SE1801912,Average,5,6.72,120,82,38,68.33,16.4,18,2,2,1,1,0,6,9,Medium,0,False,60.0,Complete at least 18 more credits. Complete all prerequisite courses. Retake failed courses as soon as possible. Improve GPA to remove academic warning.
SE1801913,Average,5,6.22,120,83,37,69.17,16.6,17,1,4,2,0,0,6,9,Medium,0,False,58.5,Complete at least 17 more credits. Complete all prerequisite courses. Retake failed courses as soon as possible.
SE1801914,Recovery,3,6.0,120,51,69,42.5,17.0,49,2,3,0,1,0,5,9,Medium,0,False,48.5,Complete at least 49 more credits. Retake failed courses as soon as possible. Improve GPA to remove academic warning.
SE1801915,Average,3,6.72,120,58,62,48.33,19.33,42,2,2,1,0,0,6,8,Medium,0,False,53.0,Complete at least 42 more credits. Complete all prerequisite courses. Retake failed courses as soon as possible.
SE1801916,AtRisk,6,5.68,120,89,31,74.17,14.83,11,3,4,1,2,0,6,13,High,1,False,51.5,Complete at least 11 more credits. Complete all prerequisite courses. Retake failed courses as soon as possible. Improve GPA to remove academic warning.
SE1801917,Critical,5,3.76,120,64,56,53.33,12.8,36,7,8,4,2,2,6,24,High,1,False,0.0,Complete at least 36 more credits. Complete all prerequisite courses. Retake failed courses as soon as possible. Improve GPA to remove academic warning.
SE1801918,Good,4,7.13,120,73,47,60.83,18.25,27,0,1,1,0,0,6,5,Low,0,False,68.5,Complete at least 27 more credits. Complete all prerequisite courses.
SE1801919,Excellent,3,9.41,120,66,54,55.0,22.0,34,0,0,0,0,0,5,3,Low,0,False,73.0,Complete at least 34 more credits.
SE1801920,Excellent,2,9.09,120,41,79,34.17,20.5,59,0,0,0,0,0,6,3,Low,0,False,60.5,Complete at least 59 more credits.
SE1801921,Average,3,6.4,120,48,72,40.0,16.0,52,2,4,1,0,0,5,9,Medium,0,False,44.0,Complete at least 52 more credits. Complete all prerequisite courses. Retake failed courses as soon as possible.
SE1801922,LateStarter,7,7.18,120,104,16,86.67,14.86,0,2,3,2,0,0,8,6,Medium,0,False,68.0,Complete all prerequisite courses. Retake failed courses as soon as possible.
SE1801923,AtRisk,3,5.99,120,41,79,34.17,13.67,59,5,4,3,1,0,6,17,High,1,False,14.5,Complete at least 59 more credits. Complete all prerequisite courses. Retake failed courses as soon as possible. Improve GPA to remove academic warning.
SE1801924,Average,4,6.81,120,70,50,58.33,17.5,30,1,3,2,0,0,5,9,Medium,0,False,54.0,Complete at least 30 more credits. Complete all prerequisite courses. Retake failed courses as soon as possible.
SE1801925,AtRisk,5,5.71,120,75,45,62.5,15.0,25,3,3,3,1,1,7,17,High,1,False,31.5,Complete at least 25 more credits. Complete all prerequisite courses. Retake failed courses as soon as possible. Improve GPA to remove academic warning.
SE1801926,Average,4,6.1,120,67,53,55.83,16.75,33,1,4,2,1,0,6,12,High,1,False,45.5,Complete at least 33 more credits. Complete all prerequisite courses. Retake failed courses as soon as possible. Improve GPA to remove academic warning.
SE1801927,AtRisk,5,5.32,120,68,52,56.67,13.6,32,5,3,1,2,0,7,16,High,1,False,37.0,Complete at least 32 more credits. Complete all prerequisite courses. Retake failed courses as soon as possible. Improve GPA to remove academic warning.
SE1801928,Average,4,6.28,120,72,48,60.0,18.0,28,1,4,2,1,0,5,11,High,1,False,48.0,Complete at least 28 more credits. Complete all prerequisite courses. Retake failed courses as soon as possible. Improve GPA to remove academic warning.
SE1801929,Good,3,7.71,120,55,65,45.83,18.33,45,1,1,0,0,0,6,5,Low,0,False,62.5,Complete at least 45 more credits. Retake failed courses as soon as possible.
SE1801930,Excellent,8,8.9,120,115,5,95.83,14.38,0,0,0,0,0,0,8,0,Low,0,True,97.5,You are ready for OJT.
SE1801931,Average,5,6.57,120,92,28,76.67,18.4,8,3,2,2,1,0,7,10,Medium,0,False,56.0,Complete at least 8 more credits. Complete all prerequisite courses. Retake failed courses as soon as possible. Improve GPA to remove academic warning.
SE1801932,Good,3,7.71,120,50,70,41.67,16.67,50,0,0,1,0,0,5,5,Low,0,False,59.0,Complete at least 50 more credits. Complete all prerequisite courses.
SE1801933,Average,2,6.86,120,37,83,30.83,18.5,63,1,2,2,0,0,6,9,Medium,0,False,39.5,Complete at least 63 more credits. Complete all prerequisite courses. Retake failed courses as soon as possible.
SE1801934,Excellent,3,8.87,120,65,55,54.17,21.67,35,0,0,0,0,0,5,3,Low,0,False,72.5,Complete at least 35 more credits.
SE1801935,Average,4,6.21,120,65,55,54.17,16.25,35,2,4,1,0,0,5,9,Medium,0,False,52.5,Complete at least 35 more credits. Complete all prerequisite courses. Retake failed courses as soon as possible.
SE1801936,Good,5,8.01,120,88,32,73.33,17.6,12,1,1,1,0,0,6,5,Low,0,False,73.0,Complete at least 12 more credits. Complete all prerequisite courses. Retake failed courses as soon as possible.
SE1801937,AtRisk,7,5.93,120,101,19,84.17,14.43,0,3,3,3,1,1,8,15,High,1,False,44.5,Complete all prerequisite courses. Retake failed courses as soon as possible. Improve GPA to remove academic warning.
SE1801938,Good,3,8.42,120,60,60,50.0,20.0,40,1,0,0,0,0,5,4,Low,0,False,67.0,Complete at least 40 more credits. Retake failed courses as soon as possible.
SE1801939,Good,5,7.52,120,88,32,73.33,17.6,12,1,1,1,0,0,7,5,Low,0,False,73.0,Complete at least 12 more credits. Complete all prerequisite courses. Retake failed courses as soon as possible.
SE1801940,AtRisk,3,5.01,120,36,84,30.0,12.0,64,3,4,2,2,1,6,18,High,1,False,11.0,Complete at least 64 more credits. Complete all prerequisite courses. Retake failed courses as soon as possible. Improve GPA to remove academic warning.
SE1801941,Good,5,7.65,120,94,26,78.33,18.8,6,1,2,1,0,0,6,5,Low,0,False,74.0,Complete at least 6 more credits. Complete all prerequisite courses. Retake failed courses as soon as possible.
SE1801942,Average,3,6.88,120,51,69,42.5,17.0,49,3,1,1,1,0,5,11,High,1,False,43.5,Complete at least 49 more credits. Complete all prerequisite courses. Retake failed courses as soon as possible. Improve GPA to remove academic warning.
SE1801943,Average,4,6.69,120,75,45,62.5,18.75,25,1,1,2,1,0,6,10,Medium,0,False,55.5,Complete at least 25 more credits. Complete all prerequisite courses. Retake failed courses as soon as possible. Improve GPA to remove academic warning.
SE1801944,Average,7,6.44,120,103,17,85.83,14.71,0,3,3,0,1,0,8,7,Medium,0,True,71.5,Retake failed courses as soon as possible. Improve GPA to remove academic warning.
SE1801945,Good,1,7.55,120,21,99,17.5,21.0,79,0,0,1,0,0,5,5,Low,0,False,44.5,Complete at least 79 more credits. Complete all prerequisite courses.
SE1801946,Average,4,6.67,120,73,47,60.83,18.25,27,2,2,0,1,0,6,7,Medium,0,False,61.5,Complete at least 27 more credits. Retake failed courses as soon as possible. Improve GPA to remove academic warning.
SE1801947,Average,4,6.28,120,73,47,60.83,18.25,27,1,3,1,1,0,5,10,Medium,0,False,56.5,Complete at least 27 more credits. Complete all prerequisite courses. Retake failed courses as soon as possible. Improve GPA to remove academic warning.
SE1801948,Good,3,7.11,120,64,56,53.33,21.33,36,1,2,0,0,0,5,5,Low,0,False,65.0,Complete at least 36 more credits. Retake failed courses as soon as possible.
SE1801949,AtRisk,7,5.26,120,106,14,88.33,15.14,0,4,4,3,2,1,8,16,High,1,False,37.0,Complete all prerequisite courses. Retake failed courses as soon as possible. Improve GPA to remove academic warning.
SE1801950,Good,4,8.01,120,78,42,65.0,19.5,22,0,0,0,0,0,6,2,Low,0,False,79.0,Complete at least 22 more credits.
SE1801951,Good,5,8.08,120,91,29,75.83,18.2,9,1,0,0,0,0,6,2,Low,0,False,82.5,Complete at least 9 more credits. Retake failed courses as soon as possible.
SE1801952,LateStarter,5,6.65,120,79,41,65.83,15.8,21,4,3,0,1,0,7,9,Medium,0,False,56.5,Complete at least 21 more credits. Retake failed courses as soon as possible. Improve GPA to remove academic warning.
SE1801953,Good,6,7.77,120,103,17,85.83,17.17,0,1,2,1,0,0,7,4,Low,0,False,78.5,Complete all prerequisite courses. Retake failed courses as soon as possible.
SE1801954,AtRisk,2,5.77,120,24,96,20.0,12.0,76,3,3,1,2,1,6,17,High,1,False,13.0,Complete at least 76 more credits. Complete all prerequisite courses. Retake failed courses as soon as possible. Improve GPA to remove academic warning.
SE1801955,AtRisk,4,5.06,120,57,63,47.5,14.25,43,5,3,1,1,1,5,17,High,1,False,28.5,Complete at least 43 more credits. Complete all prerequisite courses. Retake failed courses as soon as possible. Improve GPA to remove academic warning.
SE1801956,Good,2,8.09,120,41,79,34.17,20.5,59,1,1,1,0,0,6,7,Medium,0,False,49.5,Complete at least 59 more credits. Complete all prerequisite courses. Retake failed courses as soon as possible.
SE1801957,Average,5,6.83,120,80,40,66.67,16.0,20,3,4,0,0,0,7,7,Medium,0,False,63.0,Complete at least 20 more credits. Retake failed courses as soon as possible.
SE1801958,AtRisk,5,5.19,120,78,42,65.0,15.6,22,4,6,1,1,0,6,14,High,1,False,44.0,Complete at least 22 more credits. Complete all prerequisite courses. Retake failed courses as soon as possible. Improve GPA to remove academic warning.
SE1801959,Recovery,5,5.85,120,81,39,67.5,16.2,19,2,2,0,1,0,6,9,Medium,0,False,65.5,Complete at least 19 more credits. Retake failed courses as soon as possible. Improve GPA to remove academic warning.
SE1801960,Excellent,3,8.97,120,58,62,48.33,19.33,42,0,0,0,0,0,5,3,Low,0,False,69.0,Complete at least 42 more credits.
SE1801961,Good,5,8.06,120,94,26,78.33,18.8,6,1,2,0,0,0,6,3,Low,0,False,80.0,Complete at least 6 more credits. Retake failed courses as soon as possible.
SE1801962,Average,3,6.75,120,45,75,37.5,15.0,55,1,1,2,1,0,6,11,High,1,False,40.5,Complete at least 55 more credits. Complete all prerequisite courses. Retake failed courses as soon as possible. Improve GPA to remove academic warning.
SE1801963,Excellent,3,9.99,120,58,62,48.33,19.33,42,0,0,0,0,0,6,3,Low,0,False,69.0,Complete at least 42 more credits.
SE1801964,Recovery,3,6.62,120,51,69,42.5,17.0,49,2,3,1,1,0,6,11,High,1,False,42.5,Complete at least 49 more credits. Complete all prerequisite courses. Retake failed courses as soon as possible. Improve GPA to remove academic warning.
SE1801965,AtRisk,5,5.75,120,73,47,60.83,14.6,27,3,4,1,1,0,6,13,High,1,False,48.5,Complete at least 27 more credits. Complete all prerequisite courses. Retake failed courses as soon as possible. Improve GPA to remove academic warning.
SE1801966,Good,2,7.6,120,35,85,29.17,17.5,65,0,0,0,0,0,5,3,Low,0,False,57.5,Complete at least 65 more credits.
SE1801967,Good,4,7.66,120,79,41,65.83,19.75,21,0,2,1,0,0,5,5,Low,0,False,69.5,Complete at least 21 more credits. Complete all prerequisite courses.
SE1801968,Average,4,6.77,120,71,49,59.17,17.75,29,2,2,2,0,0,6,8,Medium,0,False,53.5,Complete at least 29 more credits. Complete all prerequisite courses. Retake failed courses as soon as possible.
SE1801969,Average,3,6.08,120,47,73,39.17,15.67,53,1,3,1,0,0,5,9,Medium,0,False,48.5,Complete at least 53 more credits. Complete all prerequisite courses. Retake failed courses as soon as possible.
SE1801970,Good,5,8.42,120,90,30,75.0,18.0,10,0,0,1,0,0,6,3,Low,0,False,79.0,Complete at least 10 more credits. Complete all prerequisite courses.
SE1801971,Excellent,5,9.94,120,94,26,78.33,18.8,6,0,0,0,0,0,7,1,Low,0,False,87.0,Complete at least 6 more credits.
SE1801972,Recovery,3,6.68,120,49,71,40.83,16.33,51,1,3,1,1,0,6,11,High,1,False,44.5,Complete at least 51 more credits. Complete all prerequisite courses. Retake failed courses as soon as possible. Improve GPA to remove academic warning.
SE1801973,Good,6,7.9,120,102,18,85.0,17.0,0,1,0,1,0,0,7,3,Low,0,False,82.0,Complete all prerequisite courses. Retake failed courses as soon as possible.
SE1801974,Good,5,7.94,120,93,27,77.5,18.6,7,0,0,0,0,0,7,1,Low,0,False,86.5,Complete at least 7 more credits.
SE1801975,Good,5,7.42,120,92,28,76.67,18.4,8,0,0,1,0,0,7,3,Low,0,False,80.0,Complete at least 8 more credits. Complete all prerequisite courses.
SE1801976,Average,7,6.79,120,103,17,85.83,14.71,0,1,1,0,0,0,8,3,Low,0,True,86.5,Retake failed courses as soon as possible.
SE1801977,Average,7,6.04,120,111,9,92.5,15.86,0,3,4,2,0,0,8,8,Medium,0,False,66.5,Complete all prerequisite courses. Retake failed courses as soon as possible.
SE1801978,Average,1,6.82,120,18,102,15.0,18.0,82,3,1,2,0,0,6,10,Medium,0,False,26.0,Complete at least 82 more credits. Complete all prerequisite courses. Retake failed courses as soon as possible.
SE1801979,Good,8,7.92,120,117,3,97.5,14.62,0,0,2,1,0,0,8,3,Low,0,False,88.5,Complete all prerequisite courses.
SE1801980,Good,3,8.35,120,56,64,46.67,18.67,44,1,0,0,0,0,5,4,Low,0,False,65.0,Complete at least 44 more credits. Retake failed courses as soon as possible.
SE1801981,Excellent,6,8.72,120,106,14,88.33,17.67,0,0,0,0,0,0,7,0,Low,0,True,93.0,You are ready for OJT.
SE1801982,AtRisk,3,5.19,120,47,73,39.17,15.67,53,3,4,1,2,1,6,17,High,1,False,22.5,Complete at least 53 more credits. Complete all prerequisite courses. Retake failed courses as soon as possible. Improve GPA to remove academic warning.
SE1801983,Average,7,6.02,120,115,5,95.83,16.43,0,3,3,0,1,0,8,7,Medium,0,True,77.5,Retake failed courses as soon as possible. Improve GPA to remove academic warning.
SE1801984,Excellent,3,9.79,120,63,57,52.5,21.0,37,0,0,0,0,0,6,3,Low,0,False,71.5,Complete at least 37 more credits.
SE1801985,Average,5,6.89,120,92,28,76.67,18.4,8,2,2,0,1,0,6,6,Medium,0,False,71.0,Complete at least 8 more credits. Retake failed courses as soon as possible. Improve GPA to remove academic warning.
SE1801986,Good,4,7.74,120,73,47,60.83,18.25,27,0,0,1,0,0,6,4,Low,0,False,70.5,Complete at least 27 more credits. Complete all prerequisite courses.
SE1801987,Excellent,4,9.31,120,74,46,61.67,18.5,26,0,0,0,0,0,6,2,Low,0,False,77.0,Complete at least 26 more credits.
SE1801988,Good,3,8.29,120,64,56,53.33,21.33,36,1,0,0,0,0,6,4,Low,0,False,69.0,Complete at least 36 more credits. Retake failed courses as soon as possible.
SE1801989,AtRisk,5,5.4,120,81,39,67.5,16.2,19,3,6,3,1,1,6,18,High,1,False,28.5,Complete at least 19 more credits. Complete all prerequisite courses. Retake failed courses as soon as possible. Improve GPA to remove academic warning.
SE1801990,AtRisk,5,5.66,120,73,47,60.83,14.6,27,3,6,2,1,1,7,17,High,1,False,30.5,Complete at least 27 more credits. Complete all prerequisite courses. Retake failed courses as soon as possible. Improve GPA to remove academic warning.
SE1801991,Average,1,6.66,120,18,102,15.0,18.0,82,1,2,0,0,0,5,6,Medium,0,False,42.0,Complete at least 82 more credits. Retake failed courses as soon as possible.
SE1801992,Excellent,5,9.78,120,97,23,80.83,19.4,3,0,0,0,0,0,6,1,Low,0,False,88.5,Complete at least 3 more credits.
SE1801993,Recovery,3,5.88,120,53,67,44.17,17.67,47,2,4,0,1,0,6,11,High,1,False,47.5,Complete at least 47 more credits. Retake failed courses as soon as possible. Improve GPA to remove academic warning.
SE1801994,Average,4,6.98,120,69,51,57.5,17.25,31,1,1,2,0,0,6,9,Medium,0,False,57.5,Complete at least 31 more credits. Complete all prerequisite courses. Retake failed courses as soon as possible.
SE1801995,Average,2,6.31,120,34,86,28.33,17.0,66,1,1,0,1,0,6,8,Medium,0,False,47.0,Complete at least 66 more credits. Retake failed courses as soon as possible. Improve GPA to remove academic warning.
SE1801996,Average,4,6.24,120,70,50,58.33,17.5,30,3,3,2,1,0,6,12,High,1,False,43.0,Complete at least 30 more credits. Complete all prerequisite courses. Retake failed courses as soon as possible. Improve GPA to remove academic warning.
SE1801997,Recovery,4,6.11,120,69,51,57.5,17.25,31,1,4,1,0,0,6,9,Medium,0,False,57.5,Complete at least 31 more credits. Complete all prerequisite courses. Retake failed courses as soon as possible.
SE1801998,Average,2,6.14,120,36,84,30.0,18.0,64,1,2,0,0,0,5,6,Medium,0,False,51.0,Complete at least 64 more credits. Retake failed courses as soon as possible.
SE1801999,Good,2,7.42,120,43,77,35.83,21.5,57,1,2,0,0,0,6,5,Low,0,False,54.5,Complete at least 57 more credits. Retake failed courses as soon as possible.
SE1802000,Recovery,7,6.37,120,113,7,94.17,16.14,0,1,2,1,1,0,8,7,Medium,0,False,78.5,Complete all prerequisite courses. Retake failed courses as soon as possible. Improve GPA to remove academic warning.
SE1802001,AtRisk,4,5.6,120,58,62,48.33,14.5,42,5,3,3,1,0,5,17,High,1,False,25.0,Complete at least 42 more credits. Complete all prerequisite courses. Retake failed courses as soon as possible. Improve GPA to remove academic warning.
SE1802002,AtRisk,1,5.22,120,17,103,14.17,17.0,83,4,6,1,1,0,5,15,High,1,False,13.5,Complete at least 83 more credits. Complete all prerequisite courses. Retake failed courses as soon as possible. Improve GPA to remove academic warning.
SE1802003,Excellent,7,9.62,120,120,0,100.0,17.14,0,0,0,0,0,0,8,0,Low,0,True,100.0,You are ready for OJT.
SE1802004,Excellent,5,8.99,120,95,25,79.17,19.0,5,0,0,0,0,0,6,1,Low,0,False,87.5,Complete at least 5 more credits.
SE1802005,Recovery,6,6.42,120,100,20,83.33,16.67,0,1,2,1,1,0,6,7,Medium,0,False,72.0,Complete all prerequisite courses. Retake failed courses as soon as possible. Improve GPA to remove academic warning.
SE1802006,AtRisk,5,5.92,120,75,45,62.5,15.0,25,3,4,3,2,0,6,16,High,1,False,32.5,Complete at least 25 more credits. Complete all prerequisite courses. Retake failed courses as soon as possible. Improve GPA to remove academic warning.
SE1802007,AtRisk,4,5.74,120,66,54,55.0,16.5,34,4,3,3,2,0,6,17,High,1,False,27.0,Complete at least 34 more credits. Complete all prerequisite courses. Retake failed courses as soon as possible. Improve GPA to remove academic warning.
SE1802008,Average,3,6.55,120,57,63,47.5,19.0,43,1,1,0,0,0,5,6,Medium,0,False,63.5,Complete at least 43 more credits. Retake failed courses as soon as possible.
SE1802009,Good,3,7.91,120,51,69,42.5,17.0,49,0,1,0,0,0,6,4,Low,0,False,63.5,Complete at least 49 more credits.
SE1802010,Good,7,8.1,120,108,12,90.0,15.43,0,1,1,1,0,0,8,4,Low,0,False,83.0,Complete all prerequisite courses. Retake failed courses as soon as possible.
SE1802011,Average,4,6.62,120,71,49,59.17,17.75,29,3,2,0,0,0,5,6,Medium,0,False,62.5,Complete at least 29 more credits. Retake failed courses as soon as possible.
SE1802012,AtRisk,5,5.46,120,82,38,68.33,16.4,18,4,3,2,1,1,7,16,High,1,False,38.0,Complete at least 18 more credits. Complete all prerequisite courses. Retake failed courses as soon as possible. Improve GPA to remove academic warning.
SE1802013,Average,4,6.24,120,69,51,57.5,17.25,31,2,4,0,0,0,6,7,Medium,0,False,60.5,Complete at least 31 more credits. Retake failed courses as soon as possible.
SE1802014,Good,5,8.22,120,96,24,80.0,19.2,4,1,0,1,0,0,7,4,Low,0,False,79.0,Complete at least 4 more credits. Complete all prerequisite courses. Retake failed courses as soon as possible.
SE1802015,Average,3,6.5,120,54,66,45.0,18.0,46,1,3,1,0,0,6,9,Medium,0,False,52.0,Complete at least 46 more credits. Complete all prerequisite courses. Retake failed courses as soon as possible.
SE1802016,Average,1,6.44,120,18,102,15.0,18.0,82,1,1,1,1,0,5,10,Medium,0,False,33.0,Complete at least 82 more credits. Complete all prerequisite courses. Retake failed courses as soon as possible. Improve GPA to remove academic warning.
SE1802017,AtRisk,4,5.58,120,59,61,49.17,14.75,41,3,6,3,2,1,5,20,High,1,False,12.5,Complete at least 41 more credits. Complete all prerequisite courses. Retake failed courses as soon as possible. Improve GPA to remove academic warning.
SE1802018,Average,5,6.59,120,89,31,74.17,17.8,11,3,4,1,1,0,7,10,Medium,0,False,56.5,Complete at least 11 more credits. Complete all prerequisite courses. Retake failed courses as soon as possible. Improve GPA to remove academic warning.
SE1802019,Good,7,7.29,120,117,3,97.5,16.71,0,1,0,1,0,0,8,3,Low,0,False,89.5,Complete all prerequisite courses. Retake failed courses as soon as possible.
SE1802020,Good,4,8.41,120,73,47,60.83,18.25,27,0,1,0,0,0,5,3,Low,0,False,74.5,Complete at least 27 more credits.
SE1802021,Good,3,8.18,120,52,68,43.33,17.33,48,1,0,1,0,0,5,6,Medium,0,False,57.0,Complete at least 48 more credits. Complete all prerequisite courses. Retake failed courses as soon as possible.
SE1802022,Good,2,7.68,120,40,80,33.33,20.0,60,1,1,0,0,0,6,5,Low,0,False,55.0,Complete at least 60 more credits. Retake failed courses as soon as possible.
SE1802023,Average,3,6.51,120,57,63,47.5,19.0,43,1,1,2,0,0,6,9,Medium,0,False,51.5,Complete at least 43 more credits. Complete all prerequisite courses. Retake failed courses as soon as possible.
SE1802024,Average,5,6.54,120,87,33,72.5,17.4,13,3,4,1,0,0,7,8,Medium,0,False,60.5,Complete at least 13 more credits. Complete all prerequisite courses. Retake failed courses as soon as possible.
SE1802025,LateStarter,3,6.35,120,49,71,40.83,16.33,51,3,2,0,0,0,5,7,Medium,0,False,51.5,Complete at least 51 more credits. Retake failed courses as soon as possible.
SE1802026,Average,5,6.75,120,92,28,76.67,18.4,8,1,3,2,0,0,7,8,Medium,0,False,65.0,Complete at least 8 more credits. Complete all prerequisite courses. Retake failed courses as soon as possible.
SE1802027,Good,2,7.39,120,43,77,35.83,21.5,57,0,1,1,0,0,5,6,Medium,0,False,53.5,Complete at least 57 more credits. Complete all prerequisite courses.
SE1802028,Average,4,6.71,120,60,60,50.0,15.0,40,3,1,2,1,0,6,12,High,1,False,42.0,Complete at least 40 more credits. Complete all prerequisite courses. Retake failed courses as soon as possible. Improve GPA to remove academic warning.
SE1802029,Critical,6,3.55,120,85,35,70.83,14.17,15,6,8,3,2,1,6,20,High,1,False,12.5,Complete at least 15 more credits. Complete all prerequisite courses. Retake failed courses as soon as possible. Improve GPA to remove academic warning.
SE1802030,Good,3,8.42,120,54,66,45.0,18.0,46,0,2,0,0,0,6,4,Low,0,False,63.0,Complete at least 46 more credits.
SE1802031,Average,7,6.55,120,112,8,93.33,16.0,0,2,2,1,0,0,8,5,Low,0,False,80.0,Complete all prerequisite courses. Retake failed courses as soon as possible.
SE1802032,Good,6,7.17,120,105,15,87.5,17.5,0,1,1,0,0,0,6,2,Low,0,True,87.5,Retake failed courses as soon as possible.
SE1802033,Good,6,7.19,120,100,20,83.33,16.67,0,1,0,0,0,0,6,1,Low,0,True,87.0,Retake failed courses as soon as possible.
SE1802034,Good,3,8.34,120,54,66,45.0,18.0,46,1,2,1,0,0,6,7,Medium,0,False,54.0,Complete at least 46 more credits. Complete all prerequisite courses. Retake failed courses as soon as possible.
SE1802035,Good,2,8.23,120,37,83,30.83,18.5,63,0,1,0,0,0,5,4,Low,0,False,56.5,Complete at least 63 more credits.
SE1802036,Good,5,7.33,120,90,30,75.0,18.0,10,0,0,0,0,0,6,1,Low,0,False,85.0,Complete at least 10 more credits.
SE1802037,Recovery,7,5.87,120,113,7,94.17,16.14,0,2,2,0,1,0,8,7,Medium,0,True,81.5,Retake failed courses as soon as possible. Improve GPA to remove academic warning.
SE1802038,Good,6,7.8,120,108,12,90.0,18.0,0,0,2,1,0,0,7,3,Low,0,False,84.0,Complete all prerequisite courses.
SE1802039,Good,5,7.45,120,98,22,81.67,19.6,2,1,0,1,0,0,6,4,Low,0,False,80.0,Complete at least 2 more credits. Complete all prerequisite courses. Retake failed courses as soon as possible.
SE1802040,LateStarter,3,6.57,120,37,83,30.83,12.33,63,3,2,0,1,0,5,9,Medium,0,False,40.5,Complete at least 63 more credits. Retake failed courses as soon as possible. Improve GPA to remove academic warning.
SE1802041,Good,5,7.38,120,95,25,79.17,19.0,5,1,1,1,0,0,6,5,Low,0,False,76.5,Complete at least 5 more credits. Complete all prerequisite courses. Retake failed courses as soon as possible.
SE1802042,Good,2,7.65,120,42,78,35.0,21.0,58,1,0,1,0,0,6,6,Medium,0,False,52.0,Complete at least 58 more credits. Complete all prerequisite courses. Retake failed courses as soon as possible.
SE1802043,AtRisk,8,5.45,120,108,12,90.0,13.5,0,4,4,1,2,0,8,12,High,1,False,58.0,Complete all prerequisite courses. Retake failed courses as soon as possible. Improve GPA to remove academic warning.
SE1802044,Average,4,6.22,120,63,57,52.5,15.75,37,3,2,1,0,0,5,9,Medium,0,False,52.5,Complete at least 37 more credits. Complete all prerequisite courses. Retake failed courses as soon as possible.
SE1802045,Good,5,8.37,120,90,30,75.0,18.0,10,1,0,1,0,0,7,4,Low,0,False,76.0,Complete at least 10 more credits. Complete all prerequisite courses. Retake failed courses as soon as possible.
SE1802046,AtRisk,4,5.47,120,50,70,41.67,12.5,50,4,6,1,2,0,6,16,High,1,False,25.0,Complete at least 50 more credits. Complete all prerequisite courses. Retake failed courses as soon as possible. Improve GPA to remove academic warning.
SE1802047,Good,4,7.46,120,73,47,60.83,18.25,27,0,1,0,0,0,5,3,Low,0,False,74.5,Complete at least 27 more credits.
SE1802048,Average,6,6.35,120,107,13,89.17,17.83,0,1,3,1,1,0,6,8,Medium,0,False,73.5,Complete all prerequisite courses. Retake failed courses as soon as possible. Improve GPA to remove academic warning.
SE1802049,AtRisk,4,5.38,120,55,65,45.83,13.75,45,5,6,3,1,1,5,20,High,1,False,9.5,Complete at least 45 more credits. Complete all prerequisite courses. Retake failed courses as soon as possible. Improve GPA to remove academic warning.
SE1802050,Good,4,7.88,120,77,43,64.17,19.25,23,1,1,1,0,0,5,6,Medium,0,False,67.5,Complete at least 23 more credits. Complete all prerequisite courses. Retake failed courses as soon as possible.
SE1802051,Average,5,6.78,120,81,39,67.5,16.2,19,1,1,2,1,0,6,10,Medium,0,False,58.5,Complete at least 19 more credits. Complete all prerequisite courses. Retake failed courses as soon as possible. Improve GPA to remove academic warning.
SE1802052,Average,4,6.23,120,70,50,58.33,17.5,30,1,1,2,0,0,6,8,Medium,0,False,58.0,Complete at least 30 more credits. Complete all prerequisite courses. Retake failed courses as soon as possible.
SE1802053,Recovery,3,6.09,120,46,74,38.33,15.33,54,2,4,1,1,0,5,11,High,1,False,38.0,Complete at least 54 more credits. Complete all prerequisite courses. Retake failed courses as soon as possible. Improve GPA to remove academic warning.
SE1802054,Average,6,6.82,120,107,13,89.17,17.83,0,2,3,2,0,0,6,7,Medium,0,False,69.5,Complete all prerequisite courses. Retake failed courses as soon as possible.
SE1802055,Good,2,8.11,120,41,79,34.17,20.5,59,0,0,1,0,0,5,5,Low,0,False,54.5,Complete at least 59 more credits. Complete all prerequisite courses.
SE1802056,Average,7,6.74,120,109,11,90.83,15.57,0,2,3,0,1,0,8,6,Medium,0,True,77.5,Retake failed courses as soon as possible. Improve GPA to remove academic warning.
SE1802057,Average,5,6.16,120,92,28,76.67,18.4,8,3,1,0,0,0,6,5,Low,0,False,75.0,Complete at least 8 more credits. Retake failed courses as soon as possible.
SE1802058,Good,4,8.12,120,81,39,67.5,20.25,19,0,0,0,0,0,6,2,Low,0,False,80.5,Complete at least 19 more credits.
SE1802059,Recovery,4,5.81,120,71,49,59.17,17.75,29,1,4,0,0,0,6,8,Medium,0,False,64.5,Complete at least 29 more credits. Retake failed courses as soon as possible.
SE1802060,Average,4,6.15,120,73,47,60.83,18.25,27,2,2,0,1,0,6,7,Medium,0,False,61.5,Complete at least 27 more credits. Retake failed courses as soon as possible. Improve GPA to remove academic warning.
SE1802061,AtRisk,4,5.02,120,64,56,53.33,16.0,36,5,3,3,2,0,5,18,High,1,False,23.0,Complete at least 36 more credits. Complete all prerequisite courses. Retake failed courses as soon as possible. Improve GPA to remove academic warning.
SE1802062,Average,1,6.74,120,16,104,13.33,16.0,84,3,2,2,0,0,5,10,Medium,0,False,23.0,Complete at least 84 more credits. Complete all prerequisite courses. Retake failed courses as soon as possible.
SE1802063,LateStarter,4,7.05,120,70,50,58.33,17.5,30,3,3,2,1,0,5,11,High,1,False,43.0,Complete at least 30 more credits. Complete all prerequisite courses. Retake failed courses as soon as possible. Improve GPA to remove academic warning.
SE1802064,Good,4,7.86,120,79,41,65.83,19.75,21,1,2,0,0,0,6,4,Low,0,False,72.5,Complete at least 21 more credits. Retake failed courses as soon as possible.
SE1802065,Good,6,7.45,120,111,9,92.5,18.5,0,1,0,1,0,0,7,3,Low,0,False,86.5,Complete all prerequisite courses. Retake failed courses as soon as possible.
SE1802066,Good,5,7.21,120,95,25,79.17,19.0,5,0,0,1,0,0,6,3,Low,0,False,81.5,Complete at least 5 more credits. Complete all prerequisite courses.
SE1802067,Good,6,7.09,120,100,20,83.33,16.67,0,1,2,1,0,0,7,4,Low,0,False,77.0,Complete all prerequisite courses. Retake failed courses as soon as possible.
SE1802068,Average,3,6.66,120,46,74,38.33,15.33,54,3,3,1,1,0,6,12,High,1,False,37.0,Complete at least 54 more credits. Complete all prerequisite courses. Retake failed courses as soon as possible. Improve GPA to remove academic warning.
SE1802069,Average,4,6.78,120,63,57,52.5,15.75,37,1,4,1,0,0,5,9,Medium,0,False,54.5,Complete at least 37 more credits. Complete all prerequisite courses. Retake failed courses as soon as possible.
SE1802070,Average,6,6.9,120,107,13,89.17,17.83,0,2,2,1,0,0,7,5,Low,0,False,77.5,Complete all prerequisite courses. Retake failed courses as soon as possible.
SE1802071,LateStarter,5,6.61,120,88,32,73.33,17.6,12,2,4,0,0,0,7,5,Low,0,False,70.0,Complete at least 12 more credits. Retake failed courses as soon as possible.
SE1802072,Good,6,8.02,120,101,19,84.17,16.83,0,0,0,1,0,0,7,2,Low,0,False,84.5,Complete all prerequisite courses.
SE1802073,Average,6,6.91,120,105,15,87.5,17.5,0,2,1,1,0,0,6,5,Low,0,False,78.5,Complete all prerequisite courses. Retake failed courses as soon as possible.
SE1802074,Average,4,6.13,120,66,54,55.0,16.5,34,1,3,0,1,0,5,9,Medium,0,False,59.0,Complete at least 34 more credits. Retake failed courses as soon as possible. Improve GPA to remove academic warning.
SE1802075,Average,7,6.5,120,103,17,85.83,14.71,0,2,3,2,1,0,8,9,Medium,0,False,62.5,Complete all prerequisite courses. Retake failed courses as soon as possible. Improve GPA to remove academic warning.
SE1802076,Good,5,7.34,120,93,27,77.5,18.6,7,0,0,1,0,0,7,3,Low,0,False,80.5,Complete at least 7 more credits. Complete all prerequisite courses.
SE1802077,Average,5,6.85,120,80,40,66.67,16.0,20,3,2,0,1,0,7,8,Medium,0,False,62.0,Complete at least 20 more credits. Retake failed courses as soon as possible. Improve GPA to remove academic warning.
SE1802078,Critical,5,4.02,120,62,58,51.67,12.4,38,7,8,2,3,1,7,21,High,1,False,0.0,Complete at least 38 more credits. Complete all prerequisite courses. Retake failed courses as soon as possible. Improve GPA to remove academic warning.
SE1802079,Good,3,7.96,120,56,64,46.67,18.67,44,0,0,1,0,0,5,5,Low,0,False,62.0,Complete at least 44 more credits. Complete all prerequisite courses.
SE1802080,Good,3,7.75,120,58,62,48.33,19.33,42,0,2,1,0,0,6,6,Medium,0,False,59.0,Complete at least 42 more credits. Complete all prerequisite courses.
SE1802081,Average,4,6.51,120,67,53,55.83,16.75,33,1,4,1,1,0,5,11,High,1,False,51.5,Complete at least 33 more credits. Complete all prerequisite courses. Retake failed courses as soon as possible. Improve GPA to remove academic warning.
SE1802082,AtRisk,2,5.71,120,33,87,27.5,16.5,67,3,3,2,1,1,5,17,High,1,False,16.5,Complete at least 67 more credits. Complete all prerequisite courses. Retake failed courses as soon as possible. Improve GPA to remove academic warning.
SE1802083,Good,2,7.2,120,38,82,31.67,19.0,62,0,0,1,0,0,5,5,Low,0,False,53.0,Complete at least 62 more credits. Complete all prerequisite courses.
SE1802084,Critical,5,4.58,120,66,54,55.0,13.2,34,8,8,2,2,2,7,23,High,1,False,0.0,Complete at least 34 more credits. Complete all prerequisite courses. Retake failed courses as soon as possible. Improve GPA to remove academic warning.
SE1802085,Excellent,2,9.54,120,47,73,39.17,23.5,53,0,0,0,0,0,6,3,Low,0,False,63.5,Complete at least 53 more credits.
SE1802086,LateStarter,3,6.75,120,37,83,30.83,12.33,63,2,5,2,1,0,5,13,High,1,False,25.5,Complete at least 63 more credits. Complete all prerequisite courses. Retake failed courses as soon as possible. Improve GPA to remove academic warning.
SE1802087,Good,3,8.42,120,50,70,41.67,16.67,50,1,0,1,0,0,5,6,Medium,0,False,56.0,Complete at least 50 more credits. Complete all prerequisite courses. Retake failed courses as soon as possible.
SE1802088,Good,4,8.48,120,81,39,67.5,20.25,19,1,0,0,0,0,6,3,Low,0,False,77.5,Complete at least 19 more credits. Retake failed courses as soon as possible.
SE1802089,AtRisk,5,5.67,120,73,47,60.83,14.6,27,4,3,1,1,0,6,13,High,1,False,47.5,Complete at least 27 more credits. Complete all prerequisite courses. Retake failed courses as soon as possible. Improve GPA to remove academic warning.
SE1802090,Good,4,7.15,120,74,46,61.67,18.5,26,0,0,1,0,0,6,4,Low,0,False,71.0,Complete at least 26 more credits. Complete all prerequisite courses.
SE1802091,Average,5,6.06,120,84,36,70.0,16.8,16,1,1,2,1,0,7,10,Medium,0,False,60.0,Complete at least 16 more credits. Complete all prerequisite courses. Retake failed courses as soon as possible. Improve GPA to remove academic warning.
SE1802092,Critical,4,3.7,120,58,62,48.33,14.5,42,7,6,3,2,1,6,22,High,1,False,0.0,Complete at least 42 more credits. Complete all prerequisite courses. Retake failed courses as soon as possible. Improve GPA to remove academic warning.
SE1802093,Average,5,6.03,120,83,37,69.17,16.6,17,2,2,0,1,0,6,7,Medium,0,False,66.5,Complete at least 17 more credits. Retake failed courses as soon as possible. Improve GPA to remove academic warning.
SE1802094,AtRisk,3,5.46,120,39,81,32.5,13.0,61,3,6,1,1,0,5,15,High,1,False,27.5,Complete at least 61 more credits. Complete all prerequisite courses. Retake failed courses as soon as possible. Improve GPA to remove academic warning.
SE1802095,Good,6,7.84,120,111,9,92.5,18.5,0,1,0,1,0,0,6,3,Low,0,False,86.5,Complete all prerequisite courses. Retake failed courses as soon as possible.
SE1802096,Good,6,7.38,120,111,9,92.5,18.5,0,1,2,1,0,0,6,4,Low,0,False,82.5,Complete all prerequisite courses. Retake failed courses as soon as possible.
SE1802097,Average,4,6.98,120,62,58,51.67,15.5,38,2,1,1,1,0,5,10,Medium,0,False,52.0,Complete at least 38 more credits. Complete all prerequisite courses. Retake failed courses as soon as possible. Improve GPA to remove academic warning.
SE1802098,Average,8,6.14,120,111,9,92.5,13.88,0,2,3,0,0,0,8,4,Low,0,True,83.5,Retake failed courses as soon as possible.
SE1802099,Good,5,7.02,120,93,27,77.5,18.6,7,0,0,1,0,0,6,3,Low,0,False,80.5,Complete at least 7 more credits. Complete all prerequisite courses.
SE1802100,Average,3,6.82,120,57,63,47.5,19.0,43,2,2,1,0,0,5,8,Medium,0,False,52.5,Complete at least 43 more credits. Complete all prerequisite courses. Retake failed courses as soon as possible.
SE1802101,Average,5,6.31,120,87,33,72.5,17.4,13,1,4,1,0,0,7,7,Medium,0,False,66.5,Complete at least 13 more credits. Complete all prerequisite courses. Retake failed courses as soon as possible.
SE1802102,AtRisk,1,5.96,120,15,105,12.5,15.0,85,4,5,3,2,1,5,20,High,1,False,0.0,Complete at least 85 more credits. Complete all prerequisite courses. Retake failed courses as soon as possible. Improve GPA to remove academic warning.
SE1802103,Good,2,7.16,120,44,76,36.67,22.0,56,0,1,0,0,0,6,4,Low,0,False,60.0,Complete at least 56 more credits.
SE1802104,LateStarter,5,6.93,120,95,25,79.17,19.0,5,3,4,1,1,0,6,10,Medium,0,False,59.5,Complete at least 5 more credits. Complete all prerequisite courses. Retake failed courses as soon as possible. Improve GPA to remove academic warning.
SE1802105,Good,4,7.09,120,68,52,56.67,17.0,32,1,1,1,0,0,5,7,Medium,0,False,63.0,Complete at least 32 more credits. Complete all prerequisite courses. Retake failed courses as soon as possible.
SE1802106,Average,5,6.97,120,83,37,69.17,16.6,17,3,1,1,1,0,6,10,Medium,0,False,59.5,Complete at least 17 more credits. Complete all prerequisite courses. Retake failed courses as soon as possible. Improve GPA to remove academic warning.
SE1802107,Average,1,6.4,120,20,100,16.67,20.0,80,1,4,2,0,0,6,10,Medium,0,False,27.0,Complete at least 80 more credits. Complete all prerequisite courses. Retake failed courses as soon as possible.
SE1802108,LateStarter,3,6.47,120,48,72,40.0,16.0,52,3,5,0,0,0,5,9,Medium,0,False,45.0,Complete at least 52 more credits. Retake failed courses as soon as possible.
SE1802109,Average,4,6.32,120,73,47,60.83,18.25,27,1,2,2,0,0,5,8,Medium,0,False,57.5,Complete at least 27 more credits. Complete all prerequisite courses. Retake failed courses as soon as possible.
SE1802110,LateStarter,3,6.93,120,39,81,32.5,13.0,61,2,4,1,0,0,5,9,Medium,0,False,39.5,Complete at least 61 more credits. Complete all prerequisite courses. Retake failed courses as soon as possible.
SE1802111,Excellent,1,9.32,120,21,99,17.5,21.0,79,0,0,0,0,0,5,3,Low,0,False,50.5,Complete at least 79 more credits.
SE1802112,Average,1,6.52,120,20,100,16.67,20.0,80,1,1,1,0,0,5,8,Medium,0,False,39.0,Complete at least 80 more credits. Complete all prerequisite courses. Retake failed courses as soon as possible.
SE1802113,Excellent,7,9.78,120,118,2,98.33,16.86,0,0,0,0,0,0,8,0,Low,0,True,99.0,You are ready for OJT.
SE1802114,Recovery,5,6.38,120,86,34,71.67,17.2,14,2,4,0,1,0,7,7,Medium,0,False,64.0,Complete at least 14 more credits. Retake failed courses as soon as possible. Improve GPA to remove academic warning.
SE1802115,Good,8,8.42,120,120,0,100.0,15.0,0,1,1,1,0,0,8,4,Low,0,False,89.0,Complete all prerequisite courses. Retake failed courses as soon as possible.
SE1802116,Excellent,1,9.4,120,24,96,20.0,24.0,76,0,0,0,0,0,5,3,Low,0,False,52.0,Complete at least 76 more credits.
SE1802117,AtRisk,3,5.44,120,50,70,41.67,16.67,50,3,3,2,1,1,6,17,High,1,False,25.0,Complete at least 50 more credits. Complete all prerequisite courses. Retake failed courses as soon as possible. Improve GPA to remove academic warning.
SE1802118,Good,2,7.85,120,46,74,38.33,23.0,54,1,0,0,0,0,5,4,Low,0,False,60.0,Complete at least 54 more credits. Retake failed courses as soon as possible.
SE1802119,Excellent,3,9.64,120,58,62,48.33,19.33,42,0,0,0,0,0,6,3,Low,0,False,69.0,Complete at least 42 more credits.
SE1802120,Recovery,5,6.05,120,87,33,72.5,17.4,13,2,3,1,1,0,6,9,Medium,0,False,60.5,Complete at least 13 more credits. Complete all prerequisite courses. Retake failed courses as soon as possible. Improve GPA to remove academic warning.
SE1802121,Excellent,5,8.9,120,90,30,75.0,18.0,10,0,0,0,0,0,7,1,Low,0,False,85.0,Complete at least 10 more credits.
SE1802122,Average,5,6.96,120,84,36,70.0,16.8,16,2,2,0,1,0,7,7,Medium,0,False,67.0,Complete at least 16 more credits. Retake failed courses as soon as possible. Improve GPA to remove academic warning.
SE1802123,Good,3,7.2,120,53,67,44.17,17.67,47,1,2,0,0,0,5,5,Low,0,False,59.5,Complete at least 47 more credits. Retake failed courses as soon as possible.
SE1802124,LateStarter,3,7.2,120,35,85,29.17,11.67,65,2,4,0,0,0,5,6,Medium,0,False,43.5,Complete at least 65 more credits. Retake failed courses as soon as possible.
SE1802125,Average,4,6.54,120,73,47,60.83,18.25,27,1,2,2,1,0,5,10,Medium,0,False,52.5,Complete at least 27 more credits. Complete all prerequisite courses. Retake failed courses as soon as possible. Improve GPA to remove academic warning.
SE1802126,Good,6,7.59,120,100,20,83.33,16.67,0,0,1,0,0,0,7,1,Low,0,True,88.0,You are ready for OJT.
SE1802127,Average,1,6.08,120,20,100,16.67,20.0,80,1,2,1,0,0,5,8,Medium,0,False,37.0,Complete at least 80 more credits. Complete all prerequisite courses. Retake failed courses as soon as possible.
SE1802128,AtRisk,5,5.17,120,72,48,60.0,14.4,28,5,6,1,2,0,6,16,High,1,False,33.0,Complete at least 28 more credits. Complete all prerequisite courses. Retake failed courses as soon as possible. Improve GPA to remove academic warning.
SE1802129,Excellent,7,9.92,120,117,3,97.5,16.71,0,0,0,0,0,0,8,0,Low,0,True,98.5,You are ready for OJT.
SE1802130,Good,6,8.33,120,112,8,93.33,18.67,0,1,1,1,0,0,6,4,Low,0,False,85.0,Complete all prerequisite courses. Retake failed courses as soon as possible.
SE1802131,Critical,8,4.12,120,95,25,79.17,11.88,5,7,8,2,2,1,8,19,High,1,False,20.5,Complete at least 5 more credits. Complete all prerequisite courses. Retake failed courses as soon as possible. Improve GPA to remove academic warning.
SE1802132,Good,1,7.74,120,19,101,15.83,19.0,81,1,1,0,0,0,6,5,Low,0,False,44.5,Complete at least 81 more credits. Retake failed courses as soon as possible.
SE1802133,Average,4,6.49,120,73,47,60.83,18.25,27,3,2,0,1,0,5,8,Medium,0,False,58.5,Complete at least 27 more credits. Retake failed courses as soon as possible. Improve GPA to remove academic warning.
SE1802134,AtRisk,5,5.18,120,82,38,68.33,16.4,18,3,6,2,2,1,7,18,High,1,False,30.0,Complete at least 18 more credits. Complete all prerequisite courses. Retake failed courses as soon as possible. Improve GPA to remove academic warning.
SE1802135,LateStarter,6,6.48,120,94,26,78.33,15.67,6,4,5,1,1,0,7,11,High,1,False,54.0,Complete at least 6 more credits. Complete all prerequisite courses. Retake failed courses as soon as possible. Improve GPA to remove academic warning.
SE1802136,Average,6,6.66,120,93,27,77.5,15.5,7,3,2,1,0,0,7,7,Medium,0,False,67.5,Complete at least 7 more credits. Complete all prerequisite courses. Retake failed courses as soon as possible.
SE1802137,LateStarter,2,6.71,120,30,90,25.0,15.0,70,4,5,1,0,0,5,11,High,1,False,27.0,Complete at least 70 more credits. Complete all prerequisite courses. Retake failed courses as soon as possible.
SE1802138,Good,3,7.31,120,50,70,41.67,16.67,50,1,2,1,0,0,5,7,Medium,0,False,52.0,Complete at least 50 more credits. Complete all prerequisite courses. Retake failed courses as soon as possible.
SE1802139,Good,4,7.95,120,81,39,67.5,20.25,19,1,2,1,0,0,6,6,Medium,0,False,67.5,Complete at least 19 more credits. Complete all prerequisite courses. Retake failed courses as soon as possible.
SE1802140,Average,3,6.96,120,55,65,45.83,18.33,45,3,3,1,0,0,5,10,Medium,0,False,46.5,Complete at least 45 more credits. Complete all prerequisite courses. Retake failed courses as soon as possible.
SE1802141,Average,5,6.77,120,82,38,68.33,16.4,18,3,2,1,0,0,7,8,Medium,0,False,62.0,Complete at least 18 more credits. Complete all prerequisite courses. Retake failed courses as soon as possible.
SE1802142,Good,3,8.01,120,62,58,51.67,20.67,38,1,2,0,0,0,6,5,Low,0,False,64.0,Complete at least 38 more credits. Retake failed courses as soon as possible.
SE1802143,Average,8,6.4,120,120,0,100.0,15.0,0,1,3,0,0,0,8,4,Low,0,True,91.0,Retake failed courses as soon as possible.
SE1802144,Good,3,8.31,120,54,66,45.0,18.0,46,0,2,1,0,0,5,6,Medium,0,False,57.0,Complete at least 46 more credits. Complete all prerequisite courses.
SE1802145,Critical,2,4.1,120,22,98,18.33,11.0,78,8,5,2,3,1,5,21,High,1,False,0.0,Complete at least 78 more credits. Complete all prerequisite courses. Retake failed courses as soon as possible. Improve GPA to remove academic warning.
SE1802146,AtRisk,5,5.5,120,69,51,57.5,13.8,31,3,4,1,1,0,6,14,High,1,False,46.5,Complete at least 31 more credits. Complete all prerequisite courses. Retake failed courses as soon as possible. Improve GPA to remove academic warning.
SE1802147,Average,5,6.59,120,81,39,67.5,16.2,19,1,1,1,0,0,6,7,Medium,0,False,69.5,Complete at least 19 more credits. Complete all prerequisite courses. Retake failed courses as soon as possible.
SE1802148,Good,7,8.21,120,111,9,92.5,15.86,0,0,2,1,0,0,8,3,Low,0,False,85.5,Complete all prerequisite courses.
SE1802149,AtRisk,5,5.05,120,71,49,59.17,14.2,29,5,6,1,2,0,7,16,High,1,False,32.5,Complete at least 29 more credits. Complete all prerequisite courses. Retake failed courses as soon as possible. Improve GPA to remove academic warning.
SE1802150,Excellent,5,9.77,120,104,16,86.67,20.8,0,0,0,0,0,0,6,0,Low,0,True,92.0,You are ready for OJT.
SE1802151,LateStarter,4,6.54,120,60,60,50.0,15.0,40,4,2,0,1,0,6,9,Medium,0,False,49.0,Complete at least 40 more credits. Retake failed courses as soon as possible. Improve GPA to remove academic warning.
SE1802152,Average,1,6.14,120,19,101,15.83,19.0,81,3,1,2,0,0,5,10,Medium,0,False,26.5,Complete at least 81 more credits. Complete all prerequisite courses. Retake failed courses as soon as possible.
SE1802153,Recovery,2,5.83,120,39,81,32.5,19.5,61,1,4,1,0,0,5,11,High,1,False,42.5,Complete at least 61 more credits. Complete all prerequisite courses. Retake failed courses as soon as possible.
SE1802154,Average,6,6.58,120,104,16,86.67,17.33,0,2,4,1,0,0,7,6,Medium,0,False,72.0,Complete all prerequisite courses. Retake failed courses as soon as possible.
SE1802155,Good,3,7.67,120,56,64,46.67,18.67,44,0,0,0,0,0,6,3,Low,0,False,68.0,Complete at least 44 more credits.
SE1802156,AtRisk,4,5.96,120,51,69,42.5,12.75,49,3,4,3,2,1,5,19,High,1,False,12.5,Complete at least 49 more credits. Complete all prerequisite courses. Retake failed courses as soon as possible. Improve GPA to remove academic warning.
SE1802157,AtRisk,2,5.87,120,26,94,21.67,13.0,74,3,3,2,1,1,6,17,High,1,False,13.0,Complete at least 74 more credits. Complete all prerequisite courses. Retake failed courses as soon as possible. Improve GPA to remove academic warning.
SE1802158,Average,6,6.26,120,107,13,89.17,17.83,0,1,4,1,1,0,7,8,Medium,0,False,71.5,Complete all prerequisite courses. Retake failed courses as soon as possible. Improve GPA to remove academic warning.
SE1802159,Average,2,6.57,120,35,85,29.17,17.5,65,3,2,0,1,0,5,9,Medium,0,False,39.5,Complete at least 65 more credits. Retake failed courses as soon as possible. Improve GPA to remove academic warning.
SE1802160,AtRisk,6,5.82,120,94,26,78.33,15.67,6,3,3,2,1,0,6,13,High,1,False,55.0,Complete at least 6 more credits. Complete all prerequisite courses. Retake failed courses as soon as possible. Improve GPA to remove academic warning.
SE1802161,Good,8,8.42,120,120,0,100.0,15.0,0,1,0,1,0,0,8,3,Low,0,False,91.0,Complete all prerequisite courses. Retake failed courses as soon as possible.
SE1802162,Average,6,6.57,120,101,19,84.17,16.83,0,3,3,2,0,0,6,8,Medium,0,False,63.5,Complete all prerequisite courses. Retake failed courses as soon as possible.
SE1802163,Excellent,7,9.61,120,113,7,94.17,16.14,0,0,0,0,0,0,8,0,Low,0,True,96.5,You are ready for OJT.
SE1802164,Good,7,7.56,120,113,7,94.17,16.14,0,1,2,1,0,0,8,4,Low,0,False,83.5,Complete all prerequisite courses. Retake failed courses as soon as possible.
SE1802165,Good,6,7.92,120,105,15,87.5,17.5,0,0,1,0,0,0,7,1,Low,0,True,90.5,You are ready for OJT.
SE1802166,Excellent,2,9.64,120,43,77,35.83,21.5,57,0,0,0,0,0,5,3,Low,0,False,61.5,Complete at least 57 more credits.
SE1802167,Good,3,7.5,120,61,59,50.83,20.33,39,0,0,0,0,0,6,3,Low,0,False,70.5,Complete at least 39 more credits.
SE1802168,AtRisk,2,5.59,120,36,84,30.0,18.0,64,5,6,3,1,1,6,20,High,1,False,0.0,Complete at least 64 more credits. Complete all prerequisite courses. Retake failed courses as soon as possible. Improve GPA to remove academic warning.
SE1802169,Good,4,8.4,120,68,52,56.67,17.0,32,1,0,0,0,0,5,4,Low,0,False,71.0,Complete at least 32 more credits. Retake failed courses as soon as possible.
SE1802170,Good,3,8.13,120,63,57,52.5,21.0,37,1,1,1,0,0,5,7,Medium,0,False,60.5,Complete at least 37 more credits. Complete all prerequisite courses. Retake failed courses as soon as possible.
SE1802171,Excellent,2,8.65,120,43,77,35.83,21.5,57,0,0,0,0,0,6,3,Low,0,False,61.5,Complete at least 57 more credits.
SE1802172,AtRisk,5,5.48,120,75,45,62.5,15.0,25,4,3,1,1,1,7,15,High,1,False,40.5,Complete at least 25 more credits. Complete all prerequisite courses. Retake failed courses as soon as possible. Improve GPA to remove academic warning.
SE1802173,Good,3,7.02,120,52,68,43.33,17.33,48,1,1,0,0,0,6,5,Low,0,False,61.0,Complete at least 48 more credits. Retake failed courses as soon as possible.
SE1802174,Average,4,6.16,120,65,55,54.17,16.25,35,2,3,1,1,0,6,11,High,1,False,49.5,Complete at least 35 more credits. Complete all prerequisite courses. Retake failed courses as soon as possible. Improve GPA to remove academic warning.
SE1802175,Good,4,7.45,120,68,52,56.67,17.0,32,1,1,1,0,0,5,7,Medium,0,False,63.0,Complete at least 32 more credits. Complete all prerequisite courses. Retake failed courses as soon as possible.
SE1802176,Average,6,6.68,120,96,24,80.0,16.0,4,2,1,2,0,0,6,7,Medium,0,False,68.0,Complete at least 4 more credits. Complete all prerequisite courses. Retake failed courses as soon as possible.
SE1802177,AtRisk,7,5.4,120,105,15,87.5,15.0,0,5,4,2,1,0,8,13,High,1,False,52.5,Complete all prerequisite courses. Retake failed courses as soon as possible. Improve GPA to remove academic warning.
SE1802178,Critical,4,4.25,120,55,65,45.83,13.75,45,5,8,4,2,2,6,24,High,1,False,0.0,Complete at least 45 more credits. Complete all prerequisite courses. Retake failed courses as soon as possible. Improve GPA to remove academic warning.
SE1802179,Average,3,6.06,120,50,70,41.67,16.67,50,2,2,1,0,0,5,8,Medium,0,False,49.0,Complete at least 50 more credits. Complete all prerequisite courses. Retake failed courses as soon as possible.
SE1802180,Average,7,6.6,120,104,16,86.67,14.86,0,2,2,2,1,0,8,8,Medium,0,False,65.0,Complete all prerequisite courses. Retake failed courses as soon as possible. Improve GPA to remove academic warning.
SE1802181,LateStarter,3,7.05,120,48,72,40.0,16.0,52,3,2,1,0,0,6,8,Medium,0,False,45.0,Complete at least 52 more credits. Complete all prerequisite courses. Retake failed courses as soon as possible.
SE1802182,Average,5,6.5,120,94,26,78.33,18.8,6,2,3,1,1,0,7,9,Medium,0,False,64.0,Complete at least 6 more credits. Complete all prerequisite courses. Retake failed courses as soon as possible. Improve GPA to remove academic warning.
SE1802183,Critical,5,4.79,120,62,58,51.67,12.4,38,7,6,2,3,1,7,21,High,1,False,3.0,Complete at least 38 more credits. Complete all prerequisite courses. Retake failed courses as soon as possible. Improve GPA to remove academic warning.
SE1802184,AtRisk,2,5.72,120,26,94,21.67,13.0,74,3,4,1,1,1,5,16,High,1,False,17.0,Complete at least 74 more credits. Complete all prerequisite courses. Retake failed courses as soon as possible. Improve GPA to remove academic warning.
SE1802185,Good,2,7.69,120,39,81,32.5,19.5,61,1,1,0,0,0,6,5,Low,0,False,54.5,Complete at least 61 more credits. Retake failed courses as soon as possible.
SE1802186,Good,6,7.23,120,108,12,90.0,18.0,0,1,0,1,0,0,6,3,Low,0,False,85.0,Complete all prerequisite courses. Retake failed courses as soon as possible.
SE1802187,Excellent,3,8.66,120,60,60,50.0,20.0,40,0,0,0,0,0,5,3,Low,0,False,70.0,Complete at least 40 more credits.
SE1802188,AtRisk,8,5.97,120,100,20,83.33,12.5,0,3,5,1,2,1,8,15,High,1,False,47.0,Complete all prerequisite courses. Retake failed courses as soon as possible. Improve GPA to remove academic warning.
SE1802189,Average,2,6.42,120,30,90,25.0,15.0,70,1,4,1,0,0,5,9,Medium,0,False,38.0,Complete at least 70 more credits. Complete all prerequisite courses. Retake failed courses as soon as possible.
SE1802190,Average,3,6.88,120,45,75,37.5,15.0,55,2,1,0,1,0,5,8,Medium,0,False,49.5,Complete at least 55 more credits. Retake failed courses as soon as possible. Improve GPA to remove academic warning.
SE1802191,Good,6,7.27,120,104,16,86.67,17.33,0,1,2,0,0,0,6,2,Low,0,True,85.0,Retake failed courses as soon as possible.
SE1802192,Average,6,6.43,120,99,21,82.5,16.5,1,3,1,2,0,0,7,8,Medium,0,False,66.5,Complete at least 1 more credits. Complete all prerequisite courses. Retake failed courses as soon as possible.
SE1802193,AtRisk,3,5.06,120,50,70,41.67,16.67,50,4,5,1,1,0,5,15,High,1,False,32.0,Complete at least 50 more credits. Complete all prerequisite courses. Retake failed courses as soon as possible. Improve GPA to remove academic warning.
SE1802194,Average,3,6.75,120,47,73,39.17,15.67,53,3,1,0,0,0,5,7,Medium,0,False,52.5,Complete at least 53 more credits. Retake failed courses as soon as possible.
SE1802195,Good,1,8.45,120,22,98,18.33,22.0,78,1,0,0,0,0,6,4,Low,0,False,48.0,Complete at least 78 more credits. Retake failed courses as soon as possible.
SE1802196,Good,4,7.26,120,81,39,67.5,20.25,19,0,2,1,0,0,6,5,Low,0,False,70.5,Complete at least 19 more credits. Complete all prerequisite courses.
SE1802197,Good,5,7.87,120,88,32,73.33,17.6,12,1,2,0,0,0,6,3,Low,0,False,77.0,Complete at least 12 more credits. Retake failed courses as soon as possible.
SE1802198,Average,4,6.36,120,73,47,60.83,18.25,27,1,2,0,0,0,5,5,Low,0,False,69.5,Complete at least 27 more credits. Retake failed courses as soon as possible.
SE1802199,Average,3,6.76,120,50,70,41.67,16.67,50,2,2,2,0,0,6,9,Medium,0,False,43.0,Complete at least 50 more credits. Complete all prerequisite courses. Retake failed courses as soon as possible.
SE1802200,Average,7,6.58,120,105,15,87.5,15.0,0,1,3,0,0,0,8,4,Low,0,True,83.5,Retake failed courses as soon as possible.
SE1802201,Good,7,7.36,120,109,11,90.83,15.57,0,0,0,1,0,0,8,2,Low,0,False,88.5,Complete all prerequisite courses.
SE1802202,Critical,2,4.42,120,29,91,24.17,14.5,71,6,7,3,3,1,5,22,High,1,False,0.0,Complete at least 71 more credits. Complete all prerequisite courses. Retake failed courses as soon as possible. Improve GPA to remove academic warning.
SE1802203,Critical,5,4.71,120,72,48,60.0,14.4,28,7,6,4,2,1,6,21,High,1,False,1.0,Complete at least 28 more credits. Complete all prerequisite courses. Retake failed courses as soon as possible. Improve GPA to remove academic warning.
SE1802204,Critical,3,3.87,120,42,78,35.0,14.0,58,6,8,2,2,1,6,21,High,1,False,0.0,Complete at least 58 more credits. Complete all prerequisite courses. Retake failed courses as soon as possible. Improve GPA to remove academic warning.
SE1802205,Average,5,6.99,120,87,33,72.5,17.4,13,1,2,1,1,0,6,8,Medium,0,False,65.5,Complete at least 13 more credits. Complete all prerequisite courses. Retake failed courses as soon as possible. Improve GPA to remove academic warning.
SE1802206,Critical,2,4.66,120,30,90,25.0,15.0,70,8,7,4,2,1,5,22,High,1,False,0.0,Complete at least 70 more credits. Complete all prerequisite courses. Retake failed courses as soon as possible. Improve GPA to remove academic warning.
SE1802207,Good,7,7.6,120,109,11,90.83,15.57,0,1,1,1,0,0,8,4,Low,0,False,83.5,Complete all prerequisite courses. Retake failed courses as soon as possible.
SE1802208,Good,7,7.57,120,117,3,97.5,16.71,0,1,2,0,0,0,8,2,Low,0,True,91.5,Retake failed courses as soon as possible.
SE1802209,Good,8,7.15,120,114,6,95.0,14.25,0,0,1,1,0,0,8,3,Low,0,False,89.0,Complete all prerequisite courses.
SE1802210,Excellent,4,9.58,120,74,46,61.67,18.5,26,0,0,0,0,0,6,2,Low,0,False,77.0,Complete at least 26 more credits.
SE1802211,Good,2,8.35,120,45,75,37.5,22.5,55,0,2,1,0,0,5,6,Medium,0,False,52.5,Complete at least 55 more credits. Complete all prerequisite courses.
SE1802212,Excellent,5,8.74,120,98,22,81.67,19.6,2,0,0,0,0,0,6,1,Low,0,False,89.0,Complete at least 2 more credits.
SE1802213,AtRisk,2,5.68,120,29,91,24.17,14.5,71,4,3,2,1,1,5,17,High,1,False,11.5,Complete at least 71 more credits. Complete all prerequisite courses. Retake failed courses as soon as possible. Improve GPA to remove academic warning.
SE1802214,AtRisk,2,5.58,120,25,95,20.83,12.5,75,4,4,3,1,1,6,18,High,1,False,1.5,Complete at least 75 more credits. Complete all prerequisite courses. Retake failed courses as soon as possible. Improve GPA to remove academic warning.
SE1802215,Recovery,4,5.94,120,65,55,54.17,16.25,35,1,3,1,0,0,5,11,High,1,False,57.5,Complete at least 35 more credits. Complete all prerequisite courses. Retake failed courses as soon as possible.
SE1802216,Average,3,6.81,120,55,65,45.83,18.33,45,3,3,2,0,0,5,11,High,1,False,40.5,Complete at least 45 more credits. Complete all prerequisite courses. Retake failed courses as soon as possible.
SE1802217,Good,4,7.73,120,74,46,61.67,18.5,26,1,2,1,0,0,5,6,Medium,0,False,64.0,Complete at least 26 more credits. Complete all prerequisite courses. Retake failed courses as soon as possible.
SE1802218,AtRisk,5,5.98,120,81,39,67.5,16.2,19,4,3,2,1,0,7,14,High,1,False,45.5,Complete at least 19 more credits. Complete all prerequisite courses. Retake failed courses as soon as possible. Improve GPA to remove academic warning.
SE1802219,Average,4,6.29,120,73,47,60.83,18.25,27,2,1,2,1,0,5,10,Medium,0,False,51.5,Complete at least 27 more credits. Complete all prerequisite courses. Retake failed courses as soon as possible. Improve GPA to remove academic warning.
SE1802220,AtRisk,4,5.96,120,60,60,50.0,15.0,40,5,6,3,2,0,6,19,High,1,False,15.0,Complete at least 40 more credits. Complete all prerequisite courses. Retake failed courses as soon as possible. Improve GPA to remove academic warning.
SE1802221,AtRisk,1,5.5,120,17,103,14.17,17.0,83,4,4,3,1,1,6,18,High,1,False,0.0,Complete at least 83 more credits. Complete all prerequisite courses. Retake failed courses as soon as possible. Improve GPA to remove academic warning.
SE1802222,Recovery,6,6.44,120,95,25,79.17,15.83,5,2,2,1,0,0,6,6,Medium,0,False,71.5,Complete at least 5 more credits. Complete all prerequisite courses. Retake failed courses as soon as possible.
SE1802223,Good,4,8.12,120,76,44,63.33,19.0,24,0,1,1,0,0,6,5,Low,0,False,70.0,Complete at least 24 more credits. Complete all prerequisite courses.
SE1802224,Good,4,7.88,120,72,48,60.0,18.0,28,0,2,0,0,0,5,3,Low,0,False,72.0,Complete at least 28 more credits.
SE1802225,Good,3,7.43,120,59,61,49.17,19.67,41,0,2,0,0,0,6,4,Low,0,False,65.5,Complete at least 41 more credits.
SE1802226,Good,5,7.06,120,94,26,78.33,18.8,6,1,0,1,0,0,7,4,Low,0,False,78.0,Complete at least 6 more credits. Complete all prerequisite courses. Retake failed courses as soon as possible.
SE1802227,Average,3,6.47,120,49,71,40.83,16.33,51,3,1,0,0,0,5,7,Medium,0,False,53.5,Complete at least 51 more credits. Retake failed courses as soon as possible.
SE1802228,AtRisk,2,5.22,120,29,91,24.17,14.5,71,3,4,1,1,1,6,16,High,1,False,18.5,Complete at least 71 more credits. Complete all prerequisite courses. Retake failed courses as soon as possible. Improve GPA to remove academic warning.
SE1802229,Excellent,7,8.83,120,112,8,93.33,16.0,0,0,0,0,0,0,8,0,Low,0,True,96.0,You are ready for OJT.
SE1802230,Average,1,6.4,120,19,101,15.83,19.0,81,1,4,0,1,0,5,9,Medium,0,False,33.5,Complete at least 81 more credits. Retake failed courses as soon as possible. Improve GPA to remove academic warning.
SE1802231,Good,3,7.78,120,55,65,45.83,18.33,45,0,0,1,0,0,5,5,Low,0,False,61.5,Complete at least 45 more credits. Complete all prerequisite courses.
SE1802232,Good,4,7.66,120,74,46,61.67,18.5,26,0,0,0,0,0,6,2,Low,0,False,77.0,Complete at least 26 more credits.
SE1802233,Good,5,8.18,120,92,28,76.67,18.4,8,1,2,0,0,0,6,3,Low,0,False,79.0,Complete at least 8 more credits. Retake failed courses as soon as possible.
SE1802234,Recovery,5,6.19,120,82,38,68.33,16.4,18,2,2,0,1,0,7,7,Medium,0,False,66.0,Complete at least 18 more credits. Retake failed courses as soon as possible. Improve GPA to remove academic warning.
SE1802235,Average,6,6.52,120,107,13,89.17,17.83,0,2,1,1,0,0,7,5,Low,0,False,79.5,Complete all prerequisite courses. Retake failed courses as soon as possible.
SE1802236,Good,8,8.22,120,118,2,98.33,14.75,0,0,1,1,0,0,8,3,Low,0,False,91.0,Complete all prerequisite courses.
SE1802237,Average,4,6.99,120,75,45,62.5,18.75,25,3,2,0,1,0,5,8,Medium,0,False,59.5,Complete at least 25 more credits. Retake failed courses as soon as possible. Improve GPA to remove academic warning.
SE1802238,Critical,3,3.83,120,32,88,26.67,10.67,68,7,7,2,3,1,5,21,High,1,False,0.0,Complete at least 68 more credits. Complete all prerequisite courses. Retake failed courses as soon as possible. Improve GPA to remove academic warning.
SE1802239,Good,4,7.5,120,71,49,59.17,17.75,29,1,2,1,0,0,5,6,Medium,0,False,62.5,Complete at least 29 more credits. Complete all prerequisite courses. Retake failed courses as soon as possible.
SE1802240,Good,3,7.8,120,61,59,50.83,20.33,39,0,1,0,0,0,6,4,Low,0,False,68.5,Complete at least 39 more credits.
SE1802241,Average,3,6.51,120,56,64,46.67,18.67,44,3,3,0,0,0,6,8,Medium,0,False,53.0,Complete at least 44 more credits. Retake failed courses as soon as possible.
SE1802242,Good,6,7.93,120,105,15,87.5,17.5,0,1,2,1,0,0,7,4,Low,0,False,79.5,Complete all prerequisite courses. Retake failed courses as soon as possible.
SE1802243,AtRisk,3,5.77,120,45,75,37.5,15.0,55,3,3,3,1,1,5,18,High,1,False,16.5,Complete at least 55 more credits. Complete all prerequisite courses. Retake failed courses as soon as possible. Improve GPA to remove academic warning.
SE1802244,Good,4,7.45,120,81,39,67.5,20.25,19,1,2,0,0,0,6,4,Low,0,False,73.5,Complete at least 19 more credits. Retake failed courses as soon as possible.
SE1802245,Average,7,6.26,120,106,14,88.33,15.14,0,2,1,1,1,0,8,7,Medium,0,False,74.0,Complete all prerequisite courses. Retake failed courses as soon as possible. Improve GPA to remove academic warning.
SE1802246,Average,4,6.65,120,71,49,59.17,17.75,29,2,3,1,1,0,6,10,Medium,0,False,52.5,Complete at least 29 more credits. Complete all prerequisite courses. Retake failed courses as soon as possible. Improve GPA to remove academic warning.
SE1802247,AtRisk,4,5.92,120,52,68,43.33,13.0,48,4,5,3,1,1,5,19,High,1,False,13.0,Complete at least 48 more credits. Complete all prerequisite courses. Retake failed courses as soon as possible. Improve GPA to remove academic warning.
SE1802248,Recovery,2,6.28,120,39,81,32.5,19.5,61,1,4,0,0,0,6,7,Medium,0,False,48.5,Complete at least 61 more credits. Retake failed courses as soon as possible.
SE1802249,Excellent,4,9.76,120,80,40,66.67,20.0,20,0,0,0,0,0,6,2,Low,0,False,80.0,Complete at least 20 more credits.
SE1802250,AtRisk,4,5.33,120,51,69,42.5,12.75,49,3,4,2,2,1,5,18,High,1,False,18.5,Complete at least 49 more credits. Complete all prerequisite courses. Retake failed courses as soon as possible. Improve GPA to remove academic warning.
SE1802251,Good,4,7.96,120,78,42,65.0,19.5,22,0,0,1,0,0,5,4,Low,0,False,73.0,Complete at least 22 more credits. Complete all prerequisite courses.
SE1802252,Good,3,7.61,120,63,57,52.5,21.0,37,1,2,1,0,0,6,7,Medium,0,False,58.5,Complete at least 37 more credits. Complete all prerequisite courses. Retake failed courses as soon as possible.
SE1802253,Average,4,6.33,120,70,50,58.33,17.5,30,3,1,1,1,0,6,10,Medium,0,False,53.0,Complete at least 30 more credits. Complete all prerequisite courses. Retake failed courses as soon as possible. Improve GPA to remove academic warning.
SE1802254,Good,5,7.25,120,96,24,80.0,19.2,4,1,1,0,0,0,6,3,Low,0,False,83.0,Complete at least 4 more credits. Retake failed courses as soon as possible.
SE1802255,AtRisk,5,5.57,120,72,48,60.0,14.4,28,3,6,1,2,1,6,17,High,1,False,31.0,Complete at least 28 more credits. Complete all prerequisite courses. Retake failed courses as soon as possible. Improve GPA to remove academic warning.
SE1802256,Average,4,6.72,120,60,60,50.0,15.0,40,2,4,0,0,0,5,7,Medium,0,False,56.0,Complete at least 40 more credits. Retake failed courses as soon as possible.
SE1802257,Average,3,6.92,120,55,65,45.83,18.33,45,1,4,0,0,0,5,7,Medium,0,False,56.5,Complete at least 45 more credits. Retake failed courses as soon as possible.
SE1802258,Average,5,6.41,120,90,30,75.0,18.0,10,1,2,1,0,0,6,6,Medium,0,False,72.0,Complete at least 10 more credits. Complete all prerequisite courses. Retake failed courses as soon as possible.
SE1802259,Average,6,6.3,120,100,20,83.33,16.67,0,1,4,2,1,0,6,9,Medium,0,False,62.0,Complete all prerequisite courses. Retake failed courses as soon as possible. Improve GPA to remove academic warning.
SE1802260,Good,5,7.8,120,98,22,81.67,19.6,2,0,0,0,0,0,6,1,Low,0,False,89.0,Complete at least 2 more credits.
SE1802261,Good,4,7.84,120,74,46,61.67,18.5,26,1,0,1,0,0,6,5,Low,0,False,68.0,Complete at least 26 more credits. Complete all prerequisite courses. Retake failed courses as soon as possible.
SE1802262,AtRisk,4,5.0,120,58,62,48.33,14.5,42,5,4,2,1,1,5,18,High,1,False,21.0,Complete at least 42 more credits. Complete all prerequisite courses. Retake failed courses as soon as possible. Improve GPA to remove academic warning.
SE1802263,AtRisk,5,5.77,120,70,50,58.33,14.0,30,4,3,2,2,0,7,15,High,1,False,35.0,Complete at least 30 more credits. Complete all prerequisite courses. Retake failed courses as soon as possible. Improve GPA to remove academic warning.
SE1802264,Average,7,6.27,120,107,13,89.17,15.29,0,3,1,1,0,0,8,6,Medium,0,False,76.5,Complete all prerequisite courses. Retake failed courses as soon as possible.
SE1802265,Good,6,8.31,120,109,11,90.83,18.17,0,0,2,0,0,0,6,1,Low,0,True,90.5,You are ready for OJT.
SE1802266,Recovery,6,5.91,120,90,30,75.0,15.0,10,1,3,1,0,0,6,9,Medium,0,False,70.0,Complete at least 10 more credits. Complete all prerequisite courses. Retake failed courses as soon as possible.
SE1802267,Good,4,7.8,120,76,44,63.33,19.0,24,0,1,0,0,0,5,3,Low,0,False,76.0,Complete at least 24 more credits.
SE1802268,Average,4,6.17,120,69,51,57.5,17.25,31,2,3,0,0,0,5,7,Medium,0,False,62.5,Complete at least 31 more credits. Retake failed courses as soon as possible.
SE1802269,Average,5,6.96,120,85,35,70.83,17.0,15,3,4,2,1,0,6,11,High,1,False,48.5,Complete at least 15 more credits. Complete all prerequisite courses. Retake failed courses as soon as possible. Improve GPA to remove academic warning.
SE1802270,Average,1,6.93,120,16,104,13.33,16.0,84,3,4,0,0,0,6,8,Medium,0,False,31.0,Complete at least 84 more credits. Retake failed courses as soon as possible.
SE1802271,Good,1,7.05,120,19,101,15.83,19.0,81,0,0,0,0,0,5,3,Low,0,False,49.5,Complete at least 81 more credits.
SE1802272,LateStarter,4,6.87,120,63,57,52.5,15.75,37,3,4,0,1,0,5,10,Medium,0,False,49.5,Complete at least 37 more credits. Retake failed courses as soon as possible. Improve GPA to remove academic warning.
SE1802273,Average,4,6.52,120,75,45,62.5,18.75,25,1,1,0,0,0,5,5,Low,0,False,72.5,Complete at least 25 more credits. Retake failed courses as soon as possible.
SE1802274,Good,5,7.56,120,94,26,78.33,18.8,6,0,2,0,0,0,7,2,Low,0,False,83.0,Complete at least 6 more credits.
SE1802275,Good,1,7.82,120,20,100,16.67,20.0,80,1,1,0,0,0,6,5,Low,0,False,45.0,Complete at least 80 more credits. Retake failed courses as soon as possible.
SE1802276,Excellent,7,8.94,120,118,2,98.33,16.86,0,0,0,0,0,0,8,0,Low,0,True,99.0,You are ready for OJT.
SE1802277,Good,5,7.63,120,96,24,80.0,19.2,4,0,2,1,0,0,6,4,Low,0,False,78.0,Complete at least 4 more credits. Complete all prerequisite courses.
SE1802278,LateStarter,6,7.03,120,100,20,83.33,16.67,0,4,3,0,1,0,7,6,Medium,0,True,67.0,Retake failed courses as soon as possible. Improve GPA to remove academic warning.
SE1802279,Good,4,8.4,120,74,46,61.67,18.5,26,1,0,0,0,0,6,3,Low,0,False,74.0,Complete at least 26 more credits. Retake failed courses as soon as possible.
SE1802280,Excellent,4,9.2,120,84,36,70.0,21.0,16,0,0,0,0,0,6,2,Low,0,False,82.0,Complete at least 16 more credits.
SE1802281,Average,4,6.9,120,65,55,54.17,16.25,35,1,1,1,0,0,5,8,Medium,0,False,61.5,Complete at least 35 more credits. Complete all prerequisite courses. Retake failed courses as soon as possible.
SE1802282,Good,4,7.92,120,68,52,56.67,17.0,32,1,1,1,0,0,6,7,Medium,0,False,63.0,Complete at least 32 more credits. Complete all prerequisite courses. Retake failed courses as soon as possible.
SE1802283,Good,6,7.56,120,109,11,90.83,18.17,0,0,2,0,0,0,7,1,Low,0,True,90.5,You are ready for OJT.
SE1802284,Critical,4,4.27,120,55,65,45.83,13.75,45,8,6,3,3,1,6,22,High,1,False,0.0,Complete at least 45 more credits. Complete all prerequisite courses. Retake failed courses as soon as possible. Improve GPA to remove academic warning.
SE1802285,Good,3,7.26,120,58,62,48.33,19.33,42,1,2,0,0,0,5,5,Low,0,False,62.0,Complete at least 42 more credits. Retake failed courses as soon as possible.
SE1802286,Average,5,6.97,120,82,38,68.33,16.4,18,1,2,1,0,0,6,7,Medium,0,False,68.0,Complete at least 18 more credits. Complete all prerequisite courses. Retake failed courses as soon as possible.
SE1802287,Critical,3,3.57,120,38,82,31.67,12.67,62,8,8,2,2,2,5,23,High,1,False,0.0,Complete at least 62 more credits. Complete all prerequisite courses. Retake failed courses as soon as possible. Improve GPA to remove academic warning.
SE1802288,Critical,6,4.59,120,83,37,69.17,13.83,17,5,6,3,2,1,6,21,High,1,False,18.5,Complete at least 17 more credits. Complete all prerequisite courses. Retake failed courses as soon as possible. Improve GPA to remove academic warning.
SE1802289,Average,5,6.32,120,95,25,79.17,19.0,5,1,1,2,1,0,7,9,Medium,0,False,65.5,Complete at least 5 more credits. Complete all prerequisite courses. Retake failed courses as soon as possible. Improve GPA to remove academic warning.
SE1802290,Good,5,7.99,120,99,21,82.5,19.8,1,0,1,0,0,0,6,2,Low,0,False,87.5,Complete at least 1 more credits.
SE1802291,Average,3,6.82,120,45,75,37.5,15.0,55,3,4,1,1,0,6,12,High,1,False,34.5,Complete at least 55 more credits. Complete all prerequisite courses. Retake failed courses as soon as possible. Improve GPA to remove academic warning.
SE1802292,Average,5,6.12,120,81,39,67.5,16.2,19,3,3,1,0,0,6,9,Medium,0,False,59.5,Complete at least 19 more credits. Complete all prerequisite courses. Retake failed courses as soon as possible.
SE1802293,Average,4,6.62,120,60,60,50.0,15.0,40,2,4,1,0,0,6,9,Medium,0,False,50.0,Complete at least 40 more credits. Complete all prerequisite courses. Retake failed courses as soon as possible.
SE1802294,LateStarter,3,6.96,120,44,76,36.67,14.67,56,2,4,0,1,0,6,9,Medium,0,False,43.0,Complete at least 56 more credits. Retake failed courses as soon as possible. Improve GPA to remove academic warning.
SE1802295,Good,3,7.34,120,51,69,42.5,17.0,49,0,1,1,0,0,5,6,Medium,0,False,57.5,Complete at least 49 more credits. Complete all prerequisite courses.
SE1802296,Excellent,4,8.79,120,74,46,61.67,18.5,26,0,0,0,0,0,6,2,Low,0,False,77.0,Complete at least 26 more credits.
SE1802297,Excellent,5,9.49,120,91,29,75.83,18.2,9,0,0,0,0,0,6,1,Low,0,False,85.5,Complete at least 9 more credits.
SE1802298,Good,1,7.44,120,19,101,15.83,19.0,81,1,1,1,0,0,5,7,Medium,0,False,38.5,Complete at least 81 more credits. Complete all prerequisite courses. Retake failed courses as soon as possible.
SE1802299,AtRisk,4,5.03,120,67,53,55.83,16.75,33,4,4,1,2,0,5,15,High,1,False,37.5,Complete at least 33 more credits. Complete all prerequisite courses. Retake failed courses as soon as possible. Improve GPA to remove academic warning.
SE1802300,Average,4,6.32,120,62,58,51.67,15.5,38,2,1,2,1,0,6,11,High,1,False,46.0,Complete at least 38 more credits. Complete all prerequisite courses. Retake failed courses as soon as possible. Improve GPA to remove academic warning.
SE1802301,Average,7,6.16,120,111,9,92.5,15.86,0,1,3,1,1,0,8,8,Medium,0,False,75.5,Complete all prerequisite courses. Retake failed courses as soon as possible. Improve GPA to remove academic warning.
SE1802302,LateStarter,1,7.01,120,16,104,13.33,16.0,84,3,2,1,1,0,5,10,Medium,0,False,24.0,Complete at least 84 more credits. Complete all prerequisite courses. Retake failed courses as soon as possible. Improve GPA to remove academic warning.
SE1802303,Good,6,7.39,120,111,9,92.5,18.5,0,1,2,1,0,0,7,4,Low,0,False,82.5,Complete all prerequisite courses. Retake failed courses as soon as possible.
SE1802304,Excellent,4,9.21,120,72,48,60.0,18.0,28,0,0,0,0,0,6,2,Low,0,False,76.0,Complete at least 28 more credits.
SE1802305,Critical,2,3.91,120,18,102,15.0,9.0,82,6,6,2,2,1,5,21,High,1,False,0.0,Complete at least 82 more credits. Complete all prerequisite courses. Retake failed courses as soon as possible. Improve GPA to remove academic warning.
SE1802306,Average,4,6.16,120,61,59,50.83,15.25,39,1,3,2,1,0,5,12,High,1,False,44.5,Complete at least 39 more credits. Complete all prerequisite courses. Retake failed courses as soon as possible. Improve GPA to remove academic warning.
SE1802307,Average,4,6.01,120,72,48,60.0,18.0,28,2,2,2,1,0,6,10,Medium,0,False,49.0,Complete at least 28 more credits. Complete all prerequisite courses. Retake failed courses as soon as possible. Improve GPA to remove academic warning.
SE1802308,Good,4,7.89,120,81,39,67.5,20.25,19,0,2,0,0,0,5,3,Low,0,False,76.5,Complete at least 19 more credits.
SE1802309,Good,7,7.9,120,115,5,95.83,16.43,0,1,1,0,0,0,8,2,Low,0,True,92.5,Retake failed courses as soon as possible.
SE1802310,Average,4,6.96,120,75,45,62.5,18.75,25,1,2,0,0,0,6,5,Low,0,False,70.5,Complete at least 25 more credits. Retake failed courses as soon as possible.
SE1802311,Critical,2,3.8,120,20,100,16.67,10.0,80,8,8,2,2,2,6,23,High,1,False,0.0,Complete at least 80 more credits. Complete all prerequisite courses. Retake failed courses as soon as possible. Improve GPA to remove academic warning.
SE1802312,Average,5,6.34,120,92,28,76.67,18.4,8,1,2,2,0,0,7,7,Medium,0,False,67.0,Complete at least 8 more credits. Complete all prerequisite courses. Retake failed courses as soon as possible.
SE1802313,Excellent,8,9.7,120,120,0,100.0,15.0,0,0,0,0,0,0,8,0,Low,0,True,100.0,You are ready for OJT.
SE1802314,Average,4,6.01,120,75,45,62.5,18.75,25,2,3,2,1,0,6,11,High,1,False,48.5,Complete at least 25 more credits. Complete all prerequisite courses. Retake failed courses as soon as possible. Improve GPA to remove academic warning.
SE1802315,AtRisk,7,5.06,120,96,24,80.0,13.71,4,5,4,1,2,0,8,14,High,1,False,49.0,Complete at least 4 more credits. Complete all prerequisite courses. Retake failed courses as soon as possible. Improve GPA to remove academic warning.
SE1802316,Good,5,8.23,120,97,23,80.83,19.4,3,1,2,0,0,0,7,3,Low,0,False,81.5,Complete at least 3 more credits. Retake failed courses as soon as possible.
SE1802317,AtRisk,8,5.13,120,113,7,94.17,14.12,0,3,4,2,2,0,8,13,High,1,False,57.5,Complete all prerequisite courses. Retake failed courses as soon as possible. Improve GPA to remove academic warning.
SE1802318,Good,8,7.21,120,118,2,98.33,14.75,0,0,2,1,0,0,8,3,Low,0,False,89.0,Complete all prerequisite courses.
SE1802319,Good,6,8.35,120,100,20,83.33,16.67,0,0,1,1,0,0,6,3,Low,0,False,82.0,Complete all prerequisite courses.
SE1802320,Good,1,7.59,120,21,99,17.5,21.0,79,0,1,0,0,0,6,4,Low,0,False,48.5,Complete at least 79 more credits.
SE1802321,Good,1,7.81,120,18,102,15.0,18.0,82,0,0,0,0,0,5,3,Low,0,False,49.0,Complete at least 82 more credits.
SE1802322,AtRisk,3,5.03,120,41,79,34.17,13.67,59,3,3,3,2,1,5,19,High,1,False,9.5,Complete at least 59 more credits. Complete all prerequisite courses. Retake failed courses as soon as possible. Improve GPA to remove academic warning.
SE1802323,Average,5,6.46,120,91,29,75.83,18.2,9,3,4,2,1,0,6,11,High,1,False,51.5,Complete at least 9 more credits. Complete all prerequisite courses. Retake failed courses as soon as possible. Improve GPA to remove academic warning.
SE1802324,Average,6,6.96,120,93,27,77.5,15.5,7,1,4,0,0,0,7,5,Low,0,False,75.5,Complete at least 7 more credits. Retake failed courses as soon as possible.
SE1802325,Recovery,7,6.73,120,112,8,93.33,16.0,0,2,3,1,0,0,8,6,Medium,0,False,78.0,Complete all prerequisite courses. Retake failed courses as soon as possible.
SE1802326,Good,5,8.43,120,92,28,76.67,18.4,8,1,1,0,0,0,6,3,Low,0,False,81.0,Complete at least 8 more credits. Retake failed courses as soon as possible.
SE1802327,Average,2,6.54,120,36,84,30.0,18.0,64,2,3,2,0,0,6,10,Medium,0,False,34.0,Complete at least 64 more credits. Complete all prerequisite courses. Retake failed courses as soon as possible.
SE1802328,AtRisk,4,5.4,120,55,65,45.83,13.75,45,5,5,1,1,1,6,18,High,1,False,23.5,Complete at least 45 more credits. Complete all prerequisite courses. Retake failed courses as soon as possible. Improve GPA to remove academic warning.
SE1802329,Excellent,5,9.07,120,97,23,80.83,19.4,3,0,0,0,0,0,7,1,Low,0,False,88.5,Complete at least 3 more credits.
SE1802330,Excellent,1,9.17,120,23,97,19.17,23.0,77,0,0,0,0,0,5,3,Low,0,False,51.5,Complete at least 77 more credits.
SE1802331,Good,8,7.55,120,117,3,97.5,14.62,0,0,0,1,0,0,8,2,Low,0,False,92.5,Complete all prerequisite courses.
SE1802332,Excellent,3,9.59,120,55,65,45.83,18.33,45,0,0,0,0,0,5,3,Low,0,False,67.5,Complete at least 45 more credits.
SE1802333,Good,4,7.09,120,70,50,58.33,17.5,30,0,1,1,0,0,5,5,Low,0,False,67.0,Complete at least 30 more credits. Complete all prerequisite courses.
SE1802334,Average,3,6.56,120,45,75,37.5,15.0,55,3,4,1,1,0,5,12,High,1,False,34.5,Complete at least 55 more credits. Complete all prerequisite courses. Retake failed courses as soon as possible. Improve GPA to remove academic warning.
SE1802335,Average,3,6.93,120,52,68,43.33,17.33,48,3,1,1,1,0,5,11,High,1,False,44.0,Complete at least 48 more credits. Complete all prerequisite courses. Retake failed courses as soon as possible. Improve GPA to remove academic warning.
SE1802336,AtRisk,7,5.63,120,104,16,86.67,14.86,0,4,5,3,2,0,8,15,High,1,False,42.0,Complete all prerequisite courses. Retake failed courses as soon as possible. Improve GPA to remove academic warning.
SE1802337,Average,4,6.12,120,67,53,55.83,16.75,33,1,3,2,1,0,6,12,High,1,False,47.5,Complete at least 33 more credits. Complete all prerequisite courses. Retake failed courses as soon as possible. Improve GPA to remove academic warning.
SE1802338,Good,7,7.56,120,115,5,95.83,16.43,0,0,0,0,0,0,8,0,Low,0,True,97.5,You are ready for OJT.
SE1802339,AtRisk,2,5.26,120,24,96,20.0,12.0,76,5,3,3,1,0,5,17,High,1,False,8.0,Complete at least 76 more credits. Complete all prerequisite courses. Retake failed courses as soon as possible. Improve GPA to remove academic warning.
SE1802340,Average,4,6.24,120,66,54,55.0,16.5,34,1,4,0,0,0,6,7,Medium,0,False,62.0,Complete at least 34 more credits. Retake failed courses as soon as possible.
SE1802341,Good,1,8.29,120,19,101,15.83,19.0,81,1,0,0,0,0,6,4,Low,0,False,46.5,Complete at least 81 more credits. Retake failed courses as soon as possible.
SE1802342,Average,5,6.18,120,85,35,70.83,17.0,15,2,4,0,0,0,7,5,Low,0,False,68.5,Complete at least 15 more credits. Retake failed courses as soon as possible.
SE1802343,Average,1,6.24,120,17,103,14.17,17.0,83,1,1,1,0,0,6,8,Medium,0,False,37.5,Complete at least 83 more credits. Complete all prerequisite courses. Retake failed courses as soon as possible.
SE1802344,Average,3,6.79,120,53,67,44.17,17.67,47,2,3,0,0,0,6,7,Medium,0,False,54.5,Complete at least 47 more credits. Retake failed courses as soon as possible.
SE1802345,Average,5,6.52,120,80,40,66.67,16.0,20,3,4,1,1,0,7,11,High,1,False,52.0,Complete at least 20 more credits. Complete all prerequisite courses. Retake failed courses as soon as possible. Improve GPA to remove academic warning.
SE1802346,AtRisk,5,5.13,120,80,40,66.67,16.0,20,3,6,2,2,0,6,16,High,1,False,37.0,Complete at least 20 more credits. Complete all prerequisite courses. Retake failed courses as soon as possible. Improve GPA to remove academic warning.
SE1802347,Average,3,6.03,120,56,64,46.67,18.67,44,2,3,0,0,0,5,7,Medium,0,False,56.0,Complete at least 44 more credits. Retake failed courses as soon as possible.
SE1802348,AtRisk,4,5.62,120,54,66,45.0,13.5,46,3,6,2,2,1,5,19,High,1,False,16.0,Complete at least 46 more credits. Complete all prerequisite courses. Retake failed courses as soon as possible. Improve GPA to remove academic warning.
SE1802349,Good,2,8.32,120,42,78,35.0,21.0,58,0,1,1,0,0,5,6,Medium,0,False,53.0,Complete at least 58 more credits. Complete all prerequisite courses.
SE1802350,Recovery,4,6.01,120,63,57,52.5,15.75,37,1,2,1,0,0,6,8,Medium,0,False,58.5,Complete at least 37 more credits. Complete all prerequisite courses. Retake failed courses as soon as possible.
SE1802351,Good,4,7.45,120,78,42,65.0,19.5,22,1,0,0,0,0,5,3,Low,0,False,76.0,Complete at least 22 more credits. Retake failed courses as soon as possible.
SE1802352,Good,4,7.03,120,78,42,65.0,19.5,22,1,1,1,0,0,6,6,Medium,0,False,68.0,Complete at least 22 more credits. Complete all prerequisite courses. Retake failed courses as soon as possible.
SE1802353,Average,4,6.92,120,73,47,60.83,18.25,27,1,1,0,0,0,5,5,Low,0,False,71.5,Complete at least 27 more credits. Retake failed courses as soon as possible.
SE1802354,AtRisk,5,5.35,120,80,40,66.67,16.0,20,4,6,3,1,1,7,18,High,1,False,25.0,Complete at least 20 more credits. Complete all prerequisite courses. Retake failed courses as soon as possible. Improve GPA to remove academic warning.
SE1802355,Good,5,7.96,120,91,29,75.83,18.2,9,0,2,0,0,0,6,2,Low,0,False,81.5,Complete at least 9 more credits.
SE1802356,Good,7,7.75,120,108,12,90.0,15.43,0,1,1,0,0,0,8,2,Low,0,True,89.0,Retake failed courses as soon as possible.
SE1802357,Good,4,8.3,120,72,48,60.0,18.0,28,0,0,0,0,0,6,2,Low,0,False,76.0,Complete at least 28 more credits.
SE1802358,Good,2,8.07,120,43,77,35.83,21.5,57,0,2,0,0,0,6,4,Low,0,False,57.5,Complete at least 57 more credits.
SE1802359,Good,1,8.04,120,19,101,15.83,19.0,81,1,1,0,0,0,6,5,Low,0,False,44.5,Complete at least 81 more credits. Retake failed courses as soon as possible.
SE1802360,Recovery,3,6.63,120,52,68,43.33,17.33,48,1,3,1,1,0,5,11,High,1,False,46.0,Complete at least 48 more credits. Complete all prerequisite courses. Retake failed courses as soon as possible. Improve GPA to remove academic warning.
SE1802361,AtRisk,6,5.52,120,86,34,71.67,14.33,14,3,6,3,2,0,7,16,High,1,False,34.0,Complete at least 14 more credits. Complete all prerequisite courses. Retake failed courses as soon as possible. Improve GPA to remove academic warning.
SE1802362,Average,8,6.29,120,114,6,95.0,14.25,0,3,1,1,0,0,8,6,Medium,0,False,80.0,Complete all prerequisite courses. Retake failed courses as soon as possible.
SE1802363,Average,3,6.64,120,51,69,42.5,17.0,49,2,4,2,1,0,5,12,High,1,False,34.5,Complete at least 49 more credits. Complete all prerequisite courses. Retake failed courses as soon as possible. Improve GPA to remove academic warning.
SE1802364,AtRisk,3,5.42,120,43,77,35.83,14.33,57,5,5,3,2,0,5,19,High,1,False,8.5,Complete at least 57 more credits. Complete all prerequisite courses. Retake failed courses as soon as possible. Improve GPA to remove academic warning.
SE1802365,LateStarter,6,7.06,120,106,14,88.33,17.67,0,2,3,1,0,0,6,5,Low,0,False,75.0,Complete all prerequisite courses. Retake failed courses as soon as possible.
SE1802366,Average,2,6.08,120,36,84,30.0,18.0,64,1,1,0,1,0,6,8,Medium,0,False,48.0,Complete at least 64 more credits. Retake failed courses as soon as possible. Improve GPA to remove academic warning.
SE1802367,Recovery,5,6.48,120,84,36,70.0,16.8,16,2,3,1,1,0,7,10,Medium,0,False,59.0,Complete at least 16 more credits. Complete all prerequisite courses. Retake failed courses as soon as possible. Improve GPA to remove academic warning.
SE1802368,AtRisk,4,5.49,120,53,67,44.17,13.25,47,3,5,2,2,1,5,19,High,1,False,17.5,Complete at least 47 more credits. Complete all prerequisite courses. Retake failed courses as soon as possible. Improve GPA to remove academic warning.
SE1802369,Excellent,4,9.17,120,80,40,66.67,20.0,20,0,0,0,0,0,5,2,Low,0,False,80.0,Complete at least 20 more credits.
SE1802370,Average,4,6.32,120,64,56,53.33,16.0,36,1,3,1,1,0,6,11,High,1,False,52.0,Complete at least 36 more credits. Complete all prerequisite courses. Retake failed courses as soon as possible. Improve GPA to remove academic warning.
SE1802371,Recovery,1,6.6,120,16,104,13.33,16.0,84,1,4,1,1,0,5,11,High,1,False,26.0,Complete at least 84 more credits. Complete all prerequisite courses. Retake failed courses as soon as possible. Improve GPA to remove academic warning.
SE1802372,AtRisk,6,5.86,120,84,36,70.0,14.0,16,4,3,1,2,0,6,14,High,1,False,48.0,Complete at least 16 more credits. Complete all prerequisite courses. Retake failed courses as soon as possible. Improve GPA to remove academic warning.
SE1802373,Critical,3,4.9,120,30,90,25.0,10.0,70,6,8,2,2,1,6,21,High,1,False,0.0,Complete at least 70 more credits. Complete all prerequisite courses. Retake failed courses as soon as possible. Improve GPA to remove academic warning.
SE1802374,AtRisk,4,5.73,120,57,63,47.5,14.25,43,3,5,3,1,0,6,17,High,1,False,26.5,Complete at least 43 more credits. Complete all prerequisite courses. Retake failed courses as soon as possible. Improve GPA to remove academic warning.
SE1802375,Average,1,6.76,120,16,104,13.33,16.0,84,3,4,2,1,0,5,13,High,1,False,14.0,Complete at least 84 more credits. Complete all prerequisite courses. Retake failed courses as soon as possible. Improve GPA to remove academic warning.
SE1802376,AtRisk,4,5.15,120,58,62,48.33,14.5,42,3,4,2,2,1,5,18,High,1,False,22.0,Complete at least 42 more credits. Complete all prerequisite courses. Retake failed courses as soon as possible. Improve GPA to remove academic warning.
SE1802377,Good,7,7.69,120,113,7,94.17,16.14,0,1,2,1,0,0,8,4,Low,0,False,83.5,Complete all prerequisite courses. Retake failed courses as soon as possible.
SE1802378,Average,4,6.63,120,67,53,55.83,16.75,33,3,3,2,0,0,5,11,High,1,False,46.5,Complete at least 33 more credits. Complete all prerequisite courses. Retake failed courses as soon as possible.
SE1802379,Good,8,7.0,120,116,4,96.67,14.5,0,1,0,0,0,0,8,1,Low,0,True,95.0,Retake failed courses as soon as possible.
SE1802380,Good,4,8.45,120,70,50,58.33,17.5,30,1,2,1,0,0,5,6,Medium,0,False,62.0,Complete at least 30 more credits. Complete all prerequisite courses. Retake failed courses as soon as possible.
SE1802381,AtRisk,3,5.23,120,45,75,37.5,15.0,55,5,6,3,2,1,6,21,High,1,False,0.0,Complete at least 55 more credits. Complete all prerequisite courses. Retake failed courses as soon as possible. Improve GPA to remove academic warning.
SE1802382,Average,4,6.6,120,63,57,52.5,15.75,37,3,3,0,1,0,5,10,Medium,0,False,51.5,Complete at least 37 more credits. Retake failed courses as soon as possible. Improve GPA to remove academic warning.
SE1802383,Good,4,8.12,120,70,50,58.33,17.5,30,1,2,1,0,0,6,6,Medium,0,False,62.0,Complete at least 30 more credits. Complete all prerequisite courses. Retake failed courses as soon as possible.
SE1802384,Good,5,7.33,120,94,26,78.33,18.8,6,0,2,1,0,0,6,4,Low,0,False,77.0,Complete at least 6 more credits. Complete all prerequisite courses.
SE1802385,Average,6,6.29,120,108,12,90.0,18.0,0,1,1,1,0,0,7,5,Low,0,False,83.0,Complete all prerequisite courses. Retake failed courses as soon as possible.
SE1802386,Average,6,6.21,120,94,26,78.33,15.67,6,2,1,2,0,0,6,7,Medium,0,False,67.0,Complete at least 6 more credits. Complete all prerequisite courses. Retake failed courses as soon as possible.
SE1802387,Good,2,7.57,120,39,81,32.5,19.5,61,1,2,1,0,0,6,7,Medium,0,False,46.5,Complete at least 61 more credits. Complete all prerequisite courses. Retake failed courses as soon as possible.
SE1802388,Recovery,3,6.26,120,44,76,36.67,14.67,56,1,4,1,0,0,5,9,Medium,0,False,45.0,Complete at least 56 more credits. Complete all prerequisite courses. Retake failed courses as soon as possible.
SE1802389,LateStarter,6,6.43,120,93,27,77.5,15.5,7,2,5,1,1,0,6,10,Medium,0,False,59.5,Complete at least 7 more credits. Complete all prerequisite courses. Retake failed courses as soon as possible. Improve GPA to remove academic warning.
SE1802390,Average,5,6.8,120,94,26,78.33,18.8,6,3,3,2,1,0,7,11,High,1,False,55.0,Complete at least 6 more credits. Complete all prerequisite courses. Retake failed courses as soon as possible. Improve GPA to remove academic warning.
SE1802391,Average,3,6.2,120,53,67,44.17,17.67,47,1,1,1,0,0,5,8,Medium,0,False,55.5,Complete at least 47 more credits. Complete all prerequisite courses. Retake failed courses as soon as possible.
SE1802392,Good,2,7.74,120,34,86,28.33,17.0,66,1,1,1,0,0,5,7,Medium,0,False,46.0,Complete at least 66 more credits. Complete all prerequisite courses. Retake failed courses as soon as possible.
SE1802393,Average,5,6.44,120,86,34,71.67,17.2,14,3,1,0,0,0,7,5,Low,0,False,72.0,Complete at least 14 more credits. Retake failed courses as soon as possible.
SE1802394,Excellent,3,9.1,120,55,65,45.83,18.33,45,0,0,0,0,0,5,3,Low,0,False,67.5,Complete at least 45 more credits.
SE1802395,Good,5,8.18,120,96,24,80.0,19.2,4,1,2,0,0,0,7,3,Low,0,False,81.0,Complete at least 4 more credits. Retake failed courses as soon as possible.
SE1802396,Excellent,4,9.57,120,81,39,67.5,20.25,19,0,0,0,0,0,5,2,Low,0,False,80.5,Complete at least 19 more credits.
SE1802397,Average,2,6.55,120,36,84,30.0,18.0,64,3,2,0,1,0,6,9,Medium,0,False,40.0,Complete at least 64 more credits. Retake failed courses as soon as possible. Improve GPA to remove academic warning.
SE1802398,Average,4,6.05,120,70,50,58.33,17.5,30,1,4,1,1,0,6,10,Medium,0,False,53.0,Complete at least 30 more credits. Complete all prerequisite courses. Retake failed courses as soon as possible. Improve GPA to remove academic warning.
SE1802399,Critical,6,4.79,120,71,49,59.17,11.83,29,7,7,4,3,1,7,21,High,1,False,0.0,Complete at least 29 more credits. Complete all prerequisite courses. Retake failed courses as soon as possible. Improve GPA to remove academic warning.
SE1802400,Average,5,6.76,120,86,34,71.67,17.2,14,1,3,1,1,0,7,9,Medium,0,False,63.0,Complete at least 14 more credits. Complete all prerequisite courses. Retake failed courses as soon as possible. Improve GPA to remove academic warning.
SE1802401,Average,7,6.35,120,102,18,85.0,14.57,0,3,4,2,0,0,8,8,Medium,0,False,62.0,Complete all prerequisite courses. Retake failed courses as soon as possible.
SE1802402,AtRisk,3,5.04,120,41,79,34.17,13.67,59,5,4,1,1,1,5,17,High,1,False,18.5,Complete at least 59 more credits. Complete all prerequisite courses. Retake failed courses as soon as possible. Improve GPA to remove academic warning.
SE1802403,Good,4,7.08,120,82,38,68.33,20.5,18,0,0,0,0,0,5,2,Low,0,False,81.0,Complete at least 18 more credits.
SE1802404,Average,8,6.11,120,118,2,98.33,14.75,0,2,1,2,0,0,8,6,Medium,0,False,79.0,Complete all prerequisite courses. Retake failed courses as soon as possible.
SE1802405,Critical,4,4.17,120,41,79,34.17,10.25,59,6,6,4,3,2,6,24,High,1,False,0.0,Complete at least 59 more credits. Complete all prerequisite courses. Retake failed courses as soon as possible. Improve GPA to remove academic warning.
SE1802406,Average,3,6.41,120,52,68,43.33,17.33,48,3,3,0,0,0,6,8,Medium,0,False,51.0,Complete at least 48 more credits. Retake failed courses as soon as possible.
SE1802407,LateStarter,6,6.27,120,98,22,81.67,16.33,2,2,4,1,0,0,6,7,Medium,0,False,69.0,Complete at least 2 more credits. Complete all prerequisite courses. Retake failed courses as soon as possible.
SE1802408,Critical,4,4.91,120,51,69,42.5,12.75,49,8,6,4,2,2,5,24,High,1,False,0.0,Complete at least 49 more credits. Complete all prerequisite courses. Retake failed courses as soon as possible. Improve GPA to remove academic warning.
SE1802409,Good,4,7.83,120,79,41,65.83,19.75,21,0,2,0,0,0,6,3,Low,0,False,75.5,Complete at least 21 more credits.
SE1802410,Average,7,6.66,120,105,15,87.5,15.0,0,1,2,0,1,0,8,5,Low,0,True,80.5,Retake failed courses as soon as possible. Improve GPA to remove academic warning.
SE1802411,Good,8,7.56,120,120,0,100.0,15.0,0,1,2,1,0,0,8,4,Low,0,False,87.0,Complete all prerequisite courses. Retake failed courses as soon as possible.
SE1802412,AtRisk,1,5.46,120,15,105,12.5,15.0,85,4,5,2,2,1,6,19,High,1,False,0.0,Complete at least 85 more credits. Complete all prerequisite courses. Retake failed courses as soon as possible. Improve GPA to remove academic warning.
SE1802413,Good,2,8.11,120,43,77,35.83,21.5,57,1,2,1,0,0,6,7,Medium,0,False,48.5,Complete at least 57 more credits. Complete all prerequisite courses. Retake failed courses as soon as possible.
SE1802414,AtRisk,7,5.6,120,105,15,87.5,15.0,0,3,6,1,2,0,8,13,High,1,False,55.5,Complete all prerequisite courses. Retake failed courses as soon as possible. Improve GPA to remove academic warning.
SE1802415,Recovery,6,5.88,120,100,20,83.33,16.67,0,1,3,0,1,0,6,8,Medium,0,True,76.0,Retake failed courses as soon as possible. Improve GPA to remove academic warning.
SE1802416,AtRisk,3,5.27,120,43,77,35.83,14.33,57,4,3,3,2,0,6,17,High,1,False,15.5,Complete at least 57 more credits. Complete all prerequisite courses. Retake failed courses as soon as possible. Improve GPA to remove academic warning.
SE1802417,AtRisk,3,5.73,120,38,82,31.67,12.67,62,5,4,3,2,1,5,20,High,1,False,0.0,Complete at least 62 more credits. Complete all prerequisite courses. Retake failed courses as soon as possible. Improve GPA to remove academic warning.
SE1802418,LateStarter,6,6.23,120,96,24,80.0,16.0,4,3,4,2,0,0,6,9,Medium,0,False,59.0,Complete at least 4 more credits. Complete all prerequisite courses. Retake failed courses as soon as possible.
SE1802419,Good,6,7.62,120,107,13,89.17,17.83,0,1,0,1,0,0,7,3,Low,0,False,84.5,Complete all prerequisite courses. Retake failed courses as soon as possible.
SE1802420,LateStarter,1,7.2,120,17,103,14.17,17.0,83,3,3,1,0,0,5,9,Medium,0,False,27.5,Complete at least 83 more credits. Complete all prerequisite courses. Retake failed courses as soon as possible.
SE1802421,AtRisk,6,5.13,120,89,31,74.17,14.83,11,4,3,1,1,1,7,14,High,1,False,47.5,Complete at least 11 more credits. Complete all prerequisite courses. Retake failed courses as soon as possible. Improve GPA to remove academic warning.
SE1802422,Average,6,6.48,120,92,28,76.67,15.33,8,1,4,1,0,0,6,7,Medium,0,False,69.0,Complete at least 8 more credits. Complete all prerequisite courses. Retake failed courses as soon as possible.
SE1802423,Average,3,6.4,120,49,71,40.83,16.33,51,2,1,2,0,0,5,9,Medium,0,False,44.5,Complete at least 51 more credits. Complete all prerequisite courses. Retake failed courses as soon as possible.
SE1802424,AtRisk,4,5.45,120,62,58,51.67,15.5,38,4,6,2,1,1,5,18,High,1,False,22.0,Complete at least 38 more credits. Complete all prerequisite courses. Retake failed courses as soon as possible. Improve GPA to remove academic warning.
SE1802425,Good,4,7.73,120,70,50,58.33,17.5,30,1,0,0,0,0,6,3,Low,0,False,72.0,Complete at least 30 more credits. Retake failed courses as soon as possible.
SE1802426,Good,5,7.95,120,95,25,79.17,19.0,5,1,1,1,0,0,6,5,Low,0,False,76.5,Complete at least 5 more credits. Complete all prerequisite courses. Retake failed courses as soon as possible.
SE1802427,Excellent,7,9.95,120,120,0,100.0,17.14,0,0,0,0,0,0,8,0,Low,0,True,100.0,You are ready for OJT.
SE1802428,Excellent,5,8.81,120,98,22,81.67,19.6,2,0,0,0,0,0,6,1,Low,0,False,89.0,Complete at least 2 more credits.
SE1802429,Average,4,6.57,120,69,51,57.5,17.25,31,2,2,0,0,0,6,6,Medium,0,False,64.5,Complete at least 31 more credits. Retake failed courses as soon as possible.
SE1802430,Good,5,8.04,120,93,27,77.5,18.6,7,1,1,0,0,0,6,3,Low,0,False,81.5,Complete at least 7 more credits. Retake failed courses as soon as possible.
SE1802431,Good,5,7.88,120,96,24,80.0,19.2,4,1,2,1,0,0,6,5,Low,0,False,75.0,Complete at least 4 more credits. Complete all prerequisite courses. Retake failed courses as soon as possible.
SE1802432,Critical,1,3.52,120,12,108,10.0,12.0,88,7,6,3,3,2,6,24,High,1,False,0.0,Complete at least 88 more credits. Complete all prerequisite courses. Retake failed courses as soon as possible. Improve GPA to remove academic warning.
SE1802433,Excellent,3,9.55,120,66,54,55.0,22.0,34,0,0,0,0,0,5,3,Low,0,False,73.0,Complete at least 34 more credits.
SE1802434,Excellent,3,8.63,120,55,65,45.83,18.33,45,0,0,0,0,0,6,3,Low,0,False,67.5,Complete at least 45 more credits.
SE1802435,Good,2,8.19,120,41,79,34.17,20.5,59,0,2,1,0,0,6,6,Medium,0,False,50.5,Complete at least 59 more credits. Complete all prerequisite courses.
SE1802436,Average,3,6.3,120,50,70,41.67,16.67,50,2,1,1,0,0,6,8,Medium,0,False,51.0,Complete at least 50 more credits. Complete all prerequisite courses. Retake failed courses as soon as possible.
SE1802437,AtRisk,5,5.24,120,70,50,58.33,14.0,30,4,5,1,1,0,7,14,High,1,False,42.0,Complete at least 30 more credits. Complete all prerequisite courses. Retake failed courses as soon as possible. Improve GPA to remove academic warning.
SE1802438,Excellent,3,8.58,120,62,58,51.67,20.67,38,0,0,0,0,0,5,3,Low,0,False,71.0,Complete at least 38 more credits.
SE1802439,Good,5,7.14,120,100,20,83.33,20.0,0,0,0,1,0,0,6,2,Low,0,False,84.0,Complete all prerequisite courses.
SE1802440,Good,2,7.48,120,43,77,35.83,21.5,57,0,0,0,0,0,5,3,Low,0,False,61.5,Complete at least 57 more credits.
SE1802441,Good,5,7.21,120,90,30,75.0,18.0,10,0,1,0,0,0,6,2,Low,0,False,83.0,Complete at least 10 more credits.
SE1802442,Critical,5,3.77,120,60,60,50.0,12.0,40,5,7,3,2,1,6,22,High,1,False,5.0,Complete at least 40 more credits. Complete all prerequisite courses. Retake failed courses as soon as possible. Improve GPA to remove academic warning.
SE1802443,LateStarter,5,6.96,120,80,40,66.67,16.0,20,2,3,1,1,0,6,10,Medium,0,False,57.0,Complete at least 20 more credits. Complete all prerequisite courses. Retake failed courses as soon as possible. Improve GPA to remove academic warning.
SE1802444,Average,3,6.64,120,50,70,41.67,16.67,50,1,4,0,0,0,5,7,Medium,0,False,54.0,Complete at least 50 more credits. Retake failed courses as soon as possible.
SE1802445,AtRisk,3,5.82,120,42,78,35.0,14.0,58,5,5,2,1,0,6,17,High,1,False,19.0,Complete at least 58 more credits. Complete all prerequisite courses. Retake failed courses as soon as possible. Improve GPA to remove academic warning.
SE1802446,Good,4,8.15,120,72,48,60.0,18.0,28,1,1,0,0,0,6,4,Low,0,False,71.0,Complete at least 28 more credits. Retake failed courses as soon as possible.
SE1802447,Average,3,6.74,120,56,64,46.67,18.67,44,3,3,0,1,0,6,10,Medium,0,False,48.0,Complete at least 44 more credits. Retake failed courses as soon as possible. Improve GPA to remove academic warning.
SE1802448,Average,6,6.24,120,103,17,85.83,17.17,0,1,4,0,1,0,6,6,Medium,0,True,75.5,Retake failed courses as soon as possible. Improve GPA to remove academic warning.
SE1802449,Good,3,7.57,120,56,64,46.67,18.67,44,1,1,0,0,0,6,5,Low,0,False,63.0,Complete at least 44 more credits. Retake failed courses as soon as possible.
SE1802450,LateStarter,4,6.45,120,71,49,59.17,17.75,29,2,5,1,1,0,6,11,High,1,False,48.5,Complete at least 29 more credits. Complete all prerequisite courses. Retake failed courses as soon as possible. Improve GPA to remove academic warning.
SE1802451,Average,8,6.22,120,114,6,95.0,14.25,0,3,3,0,1,0,8,7,Medium,0,True,77.0,Retake failed courses as soon as possible. Improve GPA to remove academic warning.
SE1802452,AtRisk,7,5.91,120,104,16,86.67,14.86,0,4,5,3,1,1,8,16,High,1,False,39.0,Complete all prerequisite courses. Retake failed courses as soon as possible. Improve GPA to remove academic warning.
SE1802453,Good,5,8.03,120,94,26,78.33,18.8,6,0,2,1,0,0,7,4,Low,0,False,77.0,Complete at least 6 more credits. Complete all prerequisite courses.
SE1802454,Good,7,8.12,120,114,6,95.0,16.29,0,1,2,0,0,0,8,2,Low,0,True,90.0,Retake failed courses as soon as possible.
SE1802455,Good,2,7.96,120,44,76,36.67,22.0,56,1,0,0,0,0,5,4,Low,0,False,59.0,Complete at least 56 more credits. Retake failed courses as soon as possible.
SE1802456,Recovery,3,6.35,120,50,70,41.67,16.67,50,2,2,0,1,0,6,8,Medium,0,False,50.0,Complete at least 50 more credits. Retake failed courses as soon as possible. Improve GPA to remove academic warning.
SE1802457,AtRisk,2,5.56,120,33,87,27.5,16.5,67,5,4,3,1,1,5,19,High,1,False,2.5,Complete at least 67 more credits. Complete all prerequisite courses. Retake failed courses as soon as possible. Improve GPA to remove academic warning.
SE1802458,Good,3,8.41,120,51,69,42.5,17.0,49,0,1,0,0,0,5,4,Low,0,False,63.5,Complete at least 49 more credits.
SE1802459,Good,4,7.31,120,70,50,58.33,17.5,30,1,0,1,0,0,5,5,Low,0,False,66.0,Complete at least 30 more credits. Complete all prerequisite courses. Retake failed courses as soon as possible.
SE1802460,Good,5,8.21,120,96,24,80.0,19.2,4,0,2,0,0,0,6,2,Low,0,False,84.0,Complete at least 4 more credits.
SE1802461,Good,8,8.46,120,118,2,98.33,14.75,0,0,2,1,0,0,8,3,Low,0,False,89.0,Complete all prerequisite courses.
SE1802462,Good,5,8.25,120,99,21,82.5,19.8,1,0,1,1,0,0,6,4,Low,0,False,81.5,Complete at least 1 more credits. Complete all prerequisite courses.
SE1802463,Recovery,3,5.91,120,44,76,36.67,14.67,56,2,2,0,1,0,5,10,Medium,0,False,47.0,Complete at least 56 more credits. Retake failed courses as soon as possible. Improve GPA to remove academic warning.
SE1802464,LateStarter,2,6.84,120,33,87,27.5,16.5,67,3,4,2,1,0,6,13,High,1,False,22.5,Complete at least 67 more credits. Complete all prerequisite courses. Retake failed courses as soon as possible. Improve GPA to remove academic warning.
SE1802465,Average,5,6.41,120,87,33,72.5,17.4,13,1,3,0,0,0,6,5,Low,0,False,74.5,Complete at least 13 more credits. Retake failed courses as soon as possible.
SE1802466,LateStarter,2,6.55,120,34,86,28.33,17.0,66,4,2,0,1,0,6,9,Medium,0,False,36.0,Complete at least 66 more credits. Retake failed courses as soon as possible. Improve GPA to remove academic warning.
SE1802467,AtRisk,1,5.75,120,15,105,12.5,15.0,85,3,4,2,2,0,6,16,High,1,False,8.5,Complete at least 85 more credits. Complete all prerequisite courses. Retake failed courses as soon as possible. Improve GPA to remove academic warning.
SE1802468,Recovery,4,6.28,120,70,50,58.33,17.5,30,1,4,1,0,0,5,8,Medium,0,False,58.0,Complete at least 30 more credits. Complete all prerequisite courses. Retake failed courses as soon as possible.
SE1802469,AtRisk,4,5.68,120,52,68,43.33,13.0,48,5,3,1,2,1,5,18,High,1,False,21.0,Complete at least 48 more credits. Complete all prerequisite courses. Retake failed courses as soon as possible. Improve GPA to remove academic warning.
SE1802470,Excellent,8,9.86,120,115,5,95.83,14.38,0,0,0,0,0,0,8,0,Low,0,True,97.5,You are ready for OJT.
SE1802471,AtRisk,1,5.31,120,15,105,12.5,15.0,85,3,4,3,2,1,5,19,High,1,False,0.0,Complete at least 85 more credits. Complete all prerequisite courses. Retake failed courses as soon as possible. Improve GPA to remove academic warning.
SE1802472,Average,4,6.03,120,62,58,51.67,15.5,38,3,1,0,1,0,5,9,Medium,0,False,55.0,Complete at least 38 more credits. Retake failed courses as soon as possible. Improve GPA to remove academic warning.
SE1802473,LateStarter,5,6.46,120,88,32,73.33,17.6,12,3,4,0,0,0,7,6,Medium,0,False,67.0,Complete at least 12 more credits. Retake failed courses as soon as possible.
SE1802474,Good,4,8.04,120,77,43,64.17,19.25,23,0,1,0,0,0,5,3,Low,0,False,76.5,Complete at least 23 more credits.
SE1802475,Excellent,6,8.65,120,106,14,88.33,17.67,0,0,0,0,0,0,7,0,Low,0,True,93.0,You are ready for OJT.
SE1802476,Recovery,6,6.8,120,94,26,78.33,15.67,6,2,4,0,0,0,7,5,Low,0,False,73.0,Complete at least 6 more credits. Retake failed courses as soon as possible.
SE1802477,Excellent,2,9.3,120,46,74,38.33,23.0,54,0,0,0,0,0,5,3,Low,0,False,63.0,Complete at least 54 more credits.
SE1802478,LateStarter,4,6.71,120,70,50,58.33,17.5,30,3,4,1,0,0,5,9,Medium,0,False,52.0,Complete at least 30 more credits. Complete all prerequisite courses. Retake failed courses as soon as possible.
SE1802479,Average,7,6.04,120,115,5,95.83,16.43,0,2,1,2,1,0,8,8,Medium,0,False,72.5,Complete all prerequisite courses. Retake failed courses as soon as possible. Improve GPA to remove academic warning.
SE1802480,AtRisk,8,5.17,120,104,16,86.67,13.0,0,3,5,2,1,0,8,13,High,1,False,56.0,Complete all prerequisite courses. Retake failed courses as soon as possible. Improve GPA to remove academic warning.
SE1802481,AtRisk,2,5.33,120,29,91,24.17,14.5,71,3,6,3,2,0,6,18,High,1,False,5.5,Complete at least 71 more credits. Complete all prerequisite courses. Retake failed courses as soon as possible. Improve GPA to remove academic warning.
SE1802482,Excellent,4,9.72,120,77,43,64.17,19.25,23,0,0,0,0,0,5,2,Low,0,False,78.5,Complete at least 23 more credits.
SE1802483,Excellent,5,8.92,120,92,28,76.67,18.4,8,0,0,0,0,0,7,1,Low,0,False,86.0,Complete at least 8 more credits.
SE1802484,Average,8,6.59,120,108,12,90.0,13.5,0,1,3,0,1,0,8,6,Medium,0,True,80.0,Retake failed courses as soon as possible. Improve GPA to remove academic warning.
SE1802485,Average,7,6.91,120,106,14,88.33,15.14,0,2,3,2,1,0,8,9,Medium,0,False,64.0,Complete all prerequisite courses. Retake failed courses as soon as possible. Improve GPA to remove academic warning.
SE1802486,Critical,3,4.45,120,29,91,24.17,9.67,71,8,6,3,3,1,6,22,High,1,False,0.0,Complete at least 71 more credits. Complete all prerequisite courses. Retake failed courses as soon as possible. Improve GPA to remove academic warning.
SE1802487,Average,1,6.38,120,16,104,13.33,16.0,84,2,1,2,0,0,6,9,Medium,0,False,28.0,Complete at least 84 more credits. Complete all prerequisite courses. Retake failed courses as soon as possible.
SE1802488,Critical,5,3.91,120,62,58,51.67,12.4,38,5,8,4,3,1,7,22,High,1,False,0.0,Complete at least 38 more credits. Complete all prerequisite courses. Retake failed courses as soon as possible. Improve GPA to remove academic warning.
SE1802489,Excellent,5,9.17,120,93,27,77.5,18.6,7,0,0,0,0,0,7,1,Low,0,False,86.5,Complete at least 7 more credits.
SE1802490,LateStarter,6,6.3,120,96,24,80.0,16.0,4,4,3,0,1,0,6,8,Medium,0,False,65.0,Complete at least 4 more credits. Retake failed courses as soon as possible. Improve GPA to remove academic warning.
SE1802491,Good,5,7.18,120,100,20,83.33,20.0,0,0,0,0,0,0,6,0,Low,0,True,90.0,You are ready for OJT.
SE1802492,Good,3,7.02,120,54,66,45.0,18.0,46,1,1,0,0,0,6,5,Low,0,False,62.0,Complete at least 46 more credits. Retake failed courses as soon as possible.
SE1802493,Excellent,3,8.56,120,66,54,55.0,22.0,34,0,0,0,0,0,5,3,Low,0,False,73.0,Complete at least 34 more credits.
SE1802494,AtRisk,7,5.34,120,92,28,76.67,13.14,8,4,4,2,2,0,8,14,High,1,False,44.0,Complete at least 8 more credits. Complete all prerequisite courses. Retake failed courses as soon as possible. Improve GPA to remove academic warning.
SE1802495,Good,5,7.88,120,88,32,73.33,17.6,12,1,1,0,0,0,6,3,Low,0,False,79.0,Complete at least 12 more credits. Retake failed courses as soon as possible.
SE1802496,Average,4,6.24,120,64,56,53.33,16.0,36,3,1,0,0,0,5,7,Medium,0,False,61.0,Complete at least 36 more credits. Retake failed courses as soon as possible.
SE1802497,Average,7,6.71,120,110,10,91.67,15.71,0,1,3,0,1,0,8,6,Medium,0,True,81.0,Retake failed courses as soon as possible. Improve GPA to remove academic warning.
SE1802498,AtRisk,4,5.9,120,58,62,48.33,14.5,42,4,6,3,2,1,6,20,High,1,False,9.0,Complete at least 42 more credits. Complete all prerequisite courses. Retake failed courses as soon as possible. Improve GPA to remove academic warning.
SE1802499,AtRisk,5,5.55,120,73,47,60.83,14.6,27,3,4,1,2,0,7,14,High,1,False,43.5,Complete at least 27 more credits. Complete all prerequisite courses. Retake failed courses as soon as possible. Improve GPA to remove academic warning.
SE1802500,Average,7,6.64,120,100,20,83.33,14.29,0,3,2,1,0,0,8,6,Medium,0,False,71.0,Complete all prerequisite courses. Retake failed courses as soon as possible.
SE1802501,Excellent,6,9.43,120,112,8,93.33,18.67,0,0,0,0,0,0,7,0,Low,0,True,96.0,You are ready for OJT.
SE1802502,Average,7,6.91,120,111,9,92.5,15.86,0,3,3,2,0,0,8,8,Medium,0,False,68.5,Complete all prerequisite courses. Retake failed courses as soon as possible.
SE1802503,Good,6,7.0,120,106,14,88.33,17.67,0,1,2,0,0,0,6,2,Low,0,True,86.0,Retake failed courses as soon as possible.
SE1802504,Average,6,6.42,120,104,16,86.67,17.33,0,1,1,1,1,0,7,7,Medium,0,False,76.0,Complete all prerequisite courses. Retake failed courses as soon as possible. Improve GPA to remove academic warning.
SE1802505,Good,4,7.41,120,75,45,62.5,18.75,25,0,0,1,0,0,6,4,Low,0,False,71.5,Complete at least 25 more credits. Complete all prerequisite courses.
SE1802506,Average,7,6.41,120,102,18,85.0,14.57,0,2,1,0,1,0,8,5,Low,0,True,78.0,Retake failed courses as soon as possible. Improve GPA to remove academic warning.
SE1802507,Average,4,6.19,120,72,48,60.0,18.0,28,3,2,2,1,0,6,11,High,1,False,46.0,Complete at least 28 more credits. Complete all prerequisite courses. Retake failed courses as soon as possible. Improve GPA to remove academic warning.
SE1802508,Good,6,7.74,120,102,18,85.0,17.0,0,1,0,1,0,0,6,3,Low,0,False,82.0,Complete all prerequisite courses. Retake failed courses as soon as possible.
SE1802509,Recovery,3,6.1,120,42,78,35.0,14.0,58,1,3,0,1,0,6,9,Medium,0,False,47.0,Complete at least 58 more credits. Retake failed courses as soon as possible. Improve GPA to remove academic warning.
SE1802510,Good,4,7.37,120,81,39,67.5,20.25,19,1,2,0,0,0,6,4,Low,0,False,73.5,Complete at least 19 more credits. Retake failed courses as soon as possible.
SE1802511,Average,6,6.58,120,92,28,76.67,15.33,8,2,2,1,1,0,6,8,Medium,0,False,65.0,Complete at least 8 more credits. Complete all prerequisite courses. Retake failed courses as soon as possible. Improve GPA to remove academic warning.
SE1802512,Good,4,7.09,120,80,40,66.67,20.0,20,0,0,0,0,0,6,2,Low,0,False,80.0,Complete at least 20 more credits.
SE1802513,Good,3,7.12,120,60,60,50.0,20.0,40,0,2,1,0,0,6,6,Medium,0,False,60.0,Complete at least 40 more credits. Complete all prerequisite courses.
SE1802514,Excellent,6,9.41,120,111,9,92.5,18.5,0,0,0,0,0,0,7,0,Low,0,True,95.5,You are ready for OJT.
SE1802515,Good,3,7.21,120,52,68,43.33,17.33,48,0,1,0,0,0,5,4,Low,0,False,64.0,Complete at least 48 more credits.
SE1802516,Recovery,4,6.04,120,60,60,50.0,15.0,40,2,3,0,1,0,6,9,Medium,0,False,53.0,Complete at least 40 more credits. Retake failed courses as soon as possible. Improve GPA to remove academic warning.
SE1802517,Good,2,7.53,120,34,86,28.33,17.0,66,0,0,0,0,0,6,3,Low,0,False,57.0,Complete at least 66 more credits.
SE1802518,Average,7,6.35,120,105,15,87.5,15.0,0,1,1,1,0,0,8,5,Low,0,False,81.5,Complete all prerequisite courses. Retake failed courses as soon as possible.
SE1802519,Good,3,7.36,120,55,65,45.83,18.33,45,0,1,1,0,0,5,6,Medium,0,False,59.5,Complete at least 45 more credits. Complete all prerequisite courses.
SE1802520,Excellent,1,9.56,120,23,97,19.17,23.0,77,0,0,0,0,0,5,3,Low,0,False,51.5,Complete at least 77 more credits.
SE1802521,AtRisk,4,5.71,120,58,62,48.33,14.5,42,5,6,1,2,1,6,19,High,1,False,18.0,Complete at least 42 more credits. Complete all prerequisite courses. Retake failed courses as soon as possible. Improve GPA to remove academic warning.
SE1802522,Excellent,4,10.0,120,84,36,70.0,21.0,16,0,0,0,0,0,5,2,Low,0,False,82.0,Complete at least 16 more credits.
SE1802523,Good,3,8.43,120,60,60,50.0,20.0,40,1,1,0,0,0,6,5,Low,0,False,65.0,Complete at least 40 more credits. Retake failed courses as soon as possible.
SE1802524,Good,5,8.25,120,95,25,79.17,19.0,5,0,2,0,0,0,6,2,Low,0,False,83.5,Complete at least 5 more credits.
SE1802525,Average,5,6.1,120,82,38,68.33,16.4,18,3,4,1,1,0,7,11,High,1,False,53.0,Complete at least 18 more credits. Complete all prerequisite courses. Retake failed courses as soon as possible. Improve GPA to remove academic warning.
SE1802526,Good,4,7.98,120,78,42,65.0,19.5,22,1,0,0,0,0,5,3,Low,0,False,76.0,Complete at least 22 more credits. Retake failed courses as soon as possible.
SE1802527,AtRisk,5,5.47,120,69,51,57.5,13.8,31,4,3,3,1,0,6,16,High,1,False,33.5,Complete at least 31 more credits. Complete all prerequisite courses. Retake failed courses as soon as possible. Improve GPA to remove academic warning.
SE1802528,Good,5,7.58,120,98,22,81.67,19.6,2,1,0,1,0,0,6,4,Low,0,False,80.0,Complete at least 2 more credits. Complete all prerequisite courses. Retake failed courses as soon as possible.
SE1802529,Good,2,7.3,120,41,79,34.17,20.5,59,0,2,1,0,0,5,6,Medium,0,False,50.5,Complete at least 59 more credits. Complete all prerequisite courses.
SE1802530,Good,5,8.07,120,98,22,81.67,19.6,2,1,1,0,0,0,6,3,Low,0,False,84.0,Complete at least 2 more credits. Retake failed courses as soon as possible.
SE1802531,Good,3,7.46,120,50,70,41.67,16.67,50,0,0,0,0,0,5,3,Low,0,False,65.0,Complete at least 50 more credits.
SE1802532,Average,4,6.9,120,64,56,53.33,16.0,36,1,1,0,0,0,6,6,Medium,0,False,67.0,Complete at least 36 more credits. Retake failed courses as soon as possible.
SE1802533,Good,5,7.75,120,94,26,78.33,18.8,6,1,2,0,0,0,7,3,Low,0,False,80.0,Complete at least 6 more credits. Retake failed courses as soon as possible.
SE1802534,Good,5,7.3,120,98,22,81.67,19.6,2,1,1,1,0,0,6,5,Low,0,False,78.0,Complete at least 2 more credits. Complete all prerequisite courses. Retake failed courses as soon as possible.
SE1802535,Recovery,2,5.89,120,40,80,33.33,20.0,60,2,4,0,1,0,5,11,High,1,False,41.0,Complete at least 60 more credits. Retake failed courses as soon as possible. Improve GPA to remove academic warning.
SE1802536,AtRisk,4,5.18,120,64,56,53.33,16.0,36,3,5,1,1,1,5,17,High,1,False,34.0,Complete at least 36 more credits. Complete all prerequisite courses. Retake failed courses as soon as possible. Improve GPA to remove academic warning.
SE1802537,LateStarter,3,6.55,120,42,78,35.0,14.0,58,3,4,2,1,0,6,13,High,1,False,27.0,Complete at least 58 more credits. Complete all prerequisite courses. Retake failed courses as soon as possible. Improve GPA to remove academic warning.
SE1802538,Average,8,6.26,120,115,5,95.83,14.38,0,3,3,2,1,0,8,10,Medium,0,False,65.5,Complete all prerequisite courses. Retake failed courses as soon as possible. Improve GPA to remove academic warning.
SE1802539,Good,6,7.86,120,111,9,92.5,18.5,0,1,0,0,0,0,6,1,Low,0,True,92.5,Retake failed courses as soon as possible.
SE1802540,Good,7,7.86,120,117,3,97.5,16.71,0,1,1,1,0,0,8,4,Low,0,False,87.5,Complete all prerequisite courses. Retake failed courses as soon as possible.
SE1802541,Good,5,8.29,120,100,20,83.33,20.0,0,0,1,1,0,0,6,3,Low,0,False,82.0,Complete all prerequisite courses.
SE1802542,AtRisk,5,5.61,120,74,46,61.67,14.8,26,4,5,1,1,0,6,14,High,1,False,44.0,Complete at least 26 more credits. Complete all prerequisite courses. Retake failed courses as soon as possible. Improve GPA to remove academic warning.
SE1802543,Good,6,7.98,120,100,20,83.33,16.67,0,0,0,0,0,0,7,0,Low,0,True,90.0,You are ready for OJT.
SE1802544,Average,6,6.93,120,92,28,76.67,15.33,8,2,3,1,1,0,7,9,Medium,0,False,63.0,Complete at least 8 more credits. Complete all prerequisite courses. Retake failed courses as soon as possible. Improve GPA to remove academic warning.
SE1802545,Good,4,8.04,120,68,52,56.67,17.0,32,1,0,0,0,0,5,4,Low,0,False,71.0,Complete at least 32 more credits. Retake failed courses as soon as possible.
SE1802546,Good,5,8.25,120,90,30,75.0,18.0,10,0,0,1,0,0,7,3,Low,0,False,79.0,Complete at least 10 more credits. Complete all prerequisite courses.
SE1802547,Good,5,7.59,120,94,26,78.33,18.8,6,1,0,1,0,0,6,4,Low,0,False,78.0,Complete at least 6 more credits. Complete all prerequisite courses. Retake failed courses as soon as possible.
SE1802548,Average,6,6.78,120,108,12,90.0,18.0,0,2,2,0,0,0,6,3,Low,0,True,84.0,Retake failed courses as soon as possible.
SE1802549,Critical,6,3.54,120,66,54,55.0,11.0,34,7,7,2,3,2,6,23,High,1,False,0.0,Complete at least 34 more credits. Complete all prerequisite courses. Retake failed courses as soon as possible. Improve GPA to remove academic warning.
SE1802550,Good,5,7.63,120,95,25,79.17,19.0,5,1,0,0,0,0,6,2,Low,0,False,84.5,Complete at least 5 more credits. Retake failed courses as soon as possible.
SE1802551,Average,4,6.84,120,68,52,56.67,17.0,32,3,3,1,0,0,6,10,Medium,0,False,53.0,Complete at least 32 more credits. Complete all prerequisite courses. Retake failed courses as soon as possible.
SE1802552,Recovery,3,6.52,120,42,78,35.0,14.0,58,1,2,0,1,0,5,8,Medium,0,False,49.0,Complete at least 58 more credits. Retake failed courses as soon as possible. Improve GPA to remove academic warning.
SE1802553,Recovery,7,6.17,120,112,8,93.33,16.0,0,1,2,0,1,0,8,5,Low,0,True,84.0,Retake failed courses as soon as possible. Improve GPA to remove academic warning.
SE1802554,Good,4,8.17,120,76,44,63.33,19.0,24,0,2,0,0,0,6,3,Low,0,False,74.0,Complete at least 24 more credits.
SE1802555,Good,2,7.42,120,38,82,31.67,19.0,62,0,0,1,0,0,6,5,Low,0,False,53.0,Complete at least 62 more credits. Complete all prerequisite courses.
SE1802556,Excellent,3,9.0,120,62,58,51.67,20.67,38,0,0,0,0,0,6,3,Low,0,False,71.0,Complete at least 38 more credits.
SE1802557,Good,4,7.29,120,77,43,64.17,19.25,23,0,0,1,0,0,6,4,Low,0,False,72.5,Complete at least 23 more credits. Complete all prerequisite courses.
SE1802558,Average,4,6.81,120,68,52,56.67,17.0,32,1,1,2,0,0,6,9,Medium,0,False,57.0,Complete at least 32 more credits. Complete all prerequisite courses. Retake failed courses as soon as possible.
SE1802559,AtRisk,5,5.4,120,84,36,70.0,16.8,16,5,4,2,1,1,6,17,High,1,False,34.0,Complete at least 16 more credits. Complete all prerequisite courses. Retake failed courses as soon as possible. Improve GPA to remove academic warning.
SE1802560,Good,4,7.58,120,80,40,66.67,20.0,20,1,0,0,0,0,6,3,Low,0,False,77.0,Complete at least 20 more credits. Retake failed courses as soon as possible.
SE1802561,Good,5,7.78,120,98,22,81.67,19.6,2,0,0,1,0,0,6,3,Low,0,False,83.0,Complete at least 2 more credits. Complete all prerequisite courses.
SE1802562,AtRisk,6,5.33,120,88,32,73.33,14.67,12,4,4,2,2,0,7,14,High,1,False,42.0,Complete at least 12 more credits. Complete all prerequisite courses. Retake failed courses as soon as possible. Improve GPA to remove academic warning.
SE1802563,Average,4,6.15,120,71,49,59.17,17.75,29,1,3,0,0,0,6,6,Medium,0,False,66.5,Complete at least 29 more credits. Retake failed courses as soon as possible.
SE1802564,Good,4,7.21,120,75,45,62.5,18.75,25,1,1,0,0,0,6,4,Low,0,False,72.5,Complete at least 25 more credits. Retake failed courses as soon as possible.
SE1802565,Recovery,4,6.28,120,71,49,59.17,17.75,29,1,2,0,0,0,6,5,Low,0,False,68.5,Complete at least 29 more credits. Retake failed courses as soon as possible.
SE1802566,Good,7,7.69,120,115,5,95.83,16.43,0,1,1,0,0,0,8,2,Low,0,True,92.5,Retake failed courses as soon as possible.
SE1802567,Excellent,4,9.61,120,72,48,60.0,18.0,28,0,0,0,0,0,6,2,Low,0,False,76.0,Complete at least 28 more credits.
SE1802568,Good,3,8.2,120,57,63,47.5,19.0,43,0,0,1,0,0,6,5,Low,0,False,62.5,Complete at least 43 more credits. Complete all prerequisite courses.
SE1802569,AtRisk,3,5.86,120,49,71,40.83,16.33,51,3,6,2,2,1,5,19,High,1,False,13.5,Complete at least 51 more credits. Complete all prerequisite courses. Retake failed courses as soon as possible. Improve GPA to remove academic warning.
SE1802570,Good,5,7.44,120,93,27,77.5,18.6,7,0,2,1,0,0,6,4,Low,0,False,76.5,Complete at least 7 more credits. Complete all prerequisite courses.
SE1802571,AtRisk,2,5.44,120,25,95,20.83,12.5,75,3,3,1,1,1,5,16,High,1,False,18.5,Complete at least 75 more credits. Complete all prerequisite courses. Retake failed courses as soon as possible. Improve GPA to remove academic warning.
SE1802572,Good,5,7.73,120,98,22,81.67,19.6,2,0,1,1,0,0,6,4,Low,0,False,81.0,Complete at least 2 more credits. Complete all prerequisite courses.
SE1802573,AtRisk,6,5.78,120,95,25,79.17,15.83,5,3,6,1,2,1,7,16,High,1,False,42.5,Complete at least 5 more credits. Complete all prerequisite courses. Retake failed courses as soon as possible. Improve GPA to remove academic warning.
SE1802574,Good,4,8.15,120,74,46,61.67,18.5,26,1,0,1,0,0,6,5,Low,0,False,68.0,Complete at least 26 more credits. Complete all prerequisite courses. Retake failed courses as soon as possible.
SE1802575,AtRisk,1,5.61,120,16,104,13.33,16.0,84,3,4,2,1,1,6,17,High,1,False,6.0,Complete at least 84 more credits. Complete all prerequisite courses. Retake failed courses as soon as possible. Improve GPA to remove academic warning.
SE1802576,Good,4,7.3,120,79,41,65.83,19.75,21,0,0,0,0,0,5,2,Low,0,False,79.5,Complete at least 21 more credits.
SE1802577,LateStarter,5,6.66,120,89,31,74.17,17.8,11,4,4,1,0,0,6,8,Medium,0,False,58.5,Complete at least 11 more credits. Complete all prerequisite courses. Retake failed courses as soon as possible.
SE1802578,AtRisk,4,5.78,120,68,52,56.67,17.0,32,3,3,2,1,0,5,15,High,1,False,42.0,Complete at least 32 more credits. Complete all prerequisite courses. Retake failed courses as soon as possible. Improve GPA to remove academic warning.
SE1802579,Excellent,5,9.86,120,103,17,85.83,20.6,0,0,0,0,0,0,7,0,Low,0,True,91.5,You are ready for OJT.
SE1802580,Average,5,6.66,120,94,26,78.33,18.8,6,2,4,2,0,0,7,8,Medium,0,False,61.0,Complete at least 6 more credits. Complete all prerequisite courses. Retake failed courses as soon as possible.
SE1802581,Good,4,7.31,120,75,45,62.5,18.75,25,0,2,0,0,0,6,3,Low,0,False,73.5,Complete at least 25 more credits.
SE1802582,Average,2,6.25,120,33,87,27.5,16.5,67,3,4,2,1,0,5,13,High,1,False,22.5,Complete at least 67 more credits. Complete all prerequisite courses. Retake failed courses as soon as possible. Improve GPA to remove academic warning.
SE1802583,AtRisk,1,5.21,120,17,103,14.17,17.0,83,5,4,3,2,1,6,20,High,1,False,0.0,Complete at least 83 more credits. Complete all prerequisite courses. Retake failed courses as soon as possible. Improve GPA to remove academic warning.
SE1802584,Good,4,7.46,120,76,44,63.33,19.0,24,1,1,0,0,0,6,4,Low,0,False,73.0,Complete at least 24 more credits. Retake failed courses as soon as possible.
SE1802585,Excellent,6,9.53,120,115,5,95.83,19.17,0,0,0,0,0,0,7,0,Low,0,True,97.5,You are ready for OJT.
SE1802586,Average,4,6.02,120,62,58,51.67,15.5,38,3,1,2,1,0,5,12,High,1,False,43.0,Complete at least 38 more credits. Complete all prerequisite courses. Retake failed courses as soon as possible. Improve GPA to remove academic warning.
SE1802587,AtRisk,4,5.11,120,56,64,46.67,14.0,44,5,3,3,1,0,6,17,High,1,False,24.0,Complete at least 44 more credits. Complete all prerequisite courses. Retake failed courses as soon as possible. Improve GPA to remove academic warning.
SE1802588,Critical,6,4.86,120,77,43,64.17,12.83,23,6,5,2,2,1,6,20,High,1,False,20.5,Complete at least 23 more credits. Complete all prerequisite courses. Retake failed courses as soon as possible. Improve GPA to remove academic warning.
SE1802589,Average,4,6.59,120,67,53,55.83,16.75,33,1,4,2,0,0,6,10,Medium,0,False,50.5,Complete at least 33 more credits. Complete all prerequisite courses. Retake failed courses as soon as possible.
SE1802590,Critical,4,3.57,120,56,64,46.67,14.0,44,6,7,4,3,1,6,22,High,1,False,0.0,Complete at least 44 more credits. Complete all prerequisite courses. Retake failed courses as soon as possible. Improve GPA to remove academic warning.
SE1802591,Average,7,6.75,120,101,19,84.17,14.43,0,3,2,0,1,0,8,6,Medium,0,True,72.5,Retake failed courses as soon as possible. Improve GPA to remove academic warning.
SE1802592,Average,4,6.09,120,73,47,60.83,18.25,27,2,2,2,0,0,5,8,Medium,0,False,54.5,Complete at least 27 more credits. Complete all prerequisite courses. Retake failed courses as soon as possible.
SE1802593,LateStarter,5,6.63,120,80,40,66.67,16.0,20,3,4,1,1,0,6,11,High,1,False,52.0,Complete at least 20 more credits. Complete all prerequisite courses. Retake failed courses as soon as possible. Improve GPA to remove academic warning.
SE1802594,Critical,7,3.83,120,80,40,66.67,11.43,20,5,7,4,2,1,8,21,High,1,False,9.0,Complete at least 20 more credits. Complete all prerequisite courses. Retake failed courses as soon as possible. Improve GPA to remove academic warning.
SE1802595,Excellent,5,9.25,120,96,24,80.0,19.2,4,0,0,0,0,0,7,1,Low,0,False,88.0,Complete at least 4 more credits.
SE1802596,Good,4,7.35,120,74,46,61.67,18.5,26,1,2,0,0,0,6,4,Low,0,False,70.0,Complete at least 26 more credits. Retake failed courses as soon as possible.
SE1802597,Average,5,6.1,120,95,25,79.17,19.0,5,2,4,0,0,0,6,5,Low,0,False,73.5,Complete at least 5 more credits. Retake failed courses as soon as possible.
SE1802598,Average,4,6.66,120,71,49,59.17,17.75,29,1,1,2,1,0,6,10,Medium,0,False,53.5,Complete at least 29 more credits. Complete all prerequisite courses. Retake failed courses as soon as possible. Improve GPA to remove academic warning.
SE1802599,Recovery,3,5.96,120,48,72,40.0,16.0,52,2,3,1,0,0,6,11,High,1,False,46.0,Complete at least 52 more credits. Complete all prerequisite courses. Retake failed courses as soon as possible.
SE1802600,Average,2,6.39,120,35,85,29.17,17.5,65,1,2,2,0,0,6,9,Medium,0,False,38.5,Complete at least 65 more credits. Complete all prerequisite courses. Retake failed courses as soon as possible.
SE1802601,Average,3,6.31,120,53,67,44.17,17.67,47,1,2,1,1,0,6,10,Medium,0,False,48.5,Complete at least 47 more credits. Complete all prerequisite courses. Retake failed courses as soon as possible. Improve GPA to remove academic warning.
SE1802602,Average,4,6.96,120,75,45,62.5,18.75,25,2,3,0,0,0,5,6,Medium,0,False,65.5,Complete at least 25 more credits. Retake failed courses as soon as possible.
SE1802603,Good,7,8.37,120,112,8,93.33,16.0,0,0,1,0,0,0,8,1,Low,0,True,94.0,You are ready for OJT.
SE1802604,Average,5,6.57,120,84,36,70.0,16.8,16,3,3,1,1,0,7,11,High,1,False,56.0,Complete at least 16 more credits. Complete all prerequisite courses. Retake failed courses as soon as possible. Improve GPA to remove academic warning.
SE1802605,Excellent,2,9.97,120,44,76,36.67,22.0,56,0,0,0,0,0,5,3,Low,0,False,62.0,Complete at least 56 more credits.
SE1802606,AtRisk,3,5.27,120,47,73,39.17,15.67,53,5,4,3,2,1,6,20,High,1,False,4.5,Complete at least 53 more credits. Complete all prerequisite courses. Retake failed courses as soon as possible. Improve GPA to remove academic warning.
SE1802607,Average,8,6.62,120,118,2,98.33,14.75,0,1,2,2,0,0,8,6,Medium,0,False,80.0,Complete all prerequisite courses. Retake failed courses as soon as possible.
SE1802608,Good,5,7.22,120,98,22,81.67,19.6,2,0,0,1,0,0,7,3,Low,0,False,83.0,Complete at least 2 more credits. Complete all prerequisite courses.
SE1802609,Good,5,7.03,120,98,22,81.67,19.6,2,1,0,0,0,0,6,2,Low,0,False,86.0,Complete at least 2 more credits. Retake failed courses as soon as possible.
SE1802610,Average,3,6.12,120,53,67,44.17,17.67,47,1,4,0,0,0,6,7,Medium,0,False,55.5,Complete at least 47 more credits. Retake failed courses as soon as possible.
SE1802611,Average,1,6.13,120,18,102,15.0,18.0,82,1,4,2,1,0,6,12,High,1,False,21.0,Complete at least 82 more credits. Complete all prerequisite courses. Retake failed courses as soon as possible. Improve GPA to remove academic warning.
SE1802612,AtRisk,5,5.36,120,83,37,69.17,16.6,17,5,5,1,2,1,6,18,High,1,False,32.5,Complete at least 17 more credits. Complete all prerequisite courses. Retake failed courses as soon as possible. Improve GPA to remove academic warning.
SE1802613,AtRisk,5,5.3,120,79,41,65.83,15.8,21,4,6,2,1,1,7,17,High,1,False,30.5,Complete at least 21 more credits. Complete all prerequisite courses. Retake failed courses as soon as possible. Improve GPA to remove academic warning.
SE1802614,AtRisk,4,5.3,120,61,59,50.83,15.25,39,3,5,2,1,1,6,18,High,1,False,26.5,Complete at least 39 more credits. Complete all prerequisite courses. Retake failed courses as soon as possible. Improve GPA to remove academic warning.
SE1802615,Average,6,6.97,120,105,15,87.5,17.5,0,2,2,2,1,0,7,8,Medium,0,False,65.5,Complete all prerequisite courses. Retake failed courses as soon as possible. Improve GPA to remove academic warning.
SE1802616,Average,6,6.65,120,103,17,85.83,17.17,0,3,4,2,0,0,7,8,Medium,0,False,62.5,Complete all prerequisite courses. Retake failed courses as soon as possible.
SE1802617,Good,8,8.24,120,120,0,100.0,15.0,0,1,0,0,0,0,8,1,Low,0,True,97.0,Retake failed courses as soon as possible.
SE1802618,Average,4,6.0,120,69,51,57.5,17.25,31,1,2,2,1,0,6,11,High,1,False,50.5,Complete at least 31 more credits. Complete all prerequisite courses. Retake failed courses as soon as possible. Improve GPA to remove academic warning.
SE1802619,Good,6,8.09,120,109,11,90.83,18.17,0,1,2,0,0,0,7,2,Low,0,True,87.5,Retake failed courses as soon as possible.
SE1802620,Good,2,8.48,120,34,86,28.33,17.0,66,0,2,1,0,0,5,6,Medium,0,False,47.0,Complete at least 66 more credits. Complete all prerequisite courses.
SE1802621,AtRisk,1,5.45,120,16,104,13.33,16.0,84,3,4,3,1,1,6,18,High,1,False,0.0,Complete at least 84 more credits. Complete all prerequisite courses. Retake failed courses as soon as possible. Improve GPA to remove academic warning.
SE1802622,Good,5,8.35,120,97,23,80.83,19.4,3,1,1,1,0,0,6,5,Low,0,False,77.5,Complete at least 3 more credits. Complete all prerequisite courses. Retake failed courses as soon as possible.
SE1802623,Excellent,2,9.34,120,41,79,34.17,20.5,59,0,0,0,0,0,6,3,Low,0,False,60.5,Complete at least 59 more credits.
SE1802624,LateStarter,1,6.38,120,16,104,13.33,16.0,84,2,4,0,1,0,5,9,Medium,0,False,29.0,Complete at least 84 more credits. Retake failed courses as soon as possible. Improve GPA to remove academic warning.
SE1802625,Good,4,7.39,120,78,42,65.0,19.5,22,0,0,1,0,0,5,4,Low,0,False,73.0,Complete at least 22 more credits. Complete all prerequisite courses.
SE1802626,AtRisk,5,5.1,120,72,48,60.0,14.4,28,3,5,3,1,1,6,18,High,1,False,26.0,Complete at least 28 more credits. Complete all prerequisite courses. Retake failed courses as soon as possible. Improve GPA to remove academic warning.
SE1802627,Average,3,6.46,120,49,71,40.83,16.33,51,1,4,2,1,0,6,12,High,1,False,36.5,Complete at least 51 more credits. Complete all prerequisite courses. Retake failed courses as soon as possible. Improve GPA to remove academic warning.
SE1802628,Good,2,7.54,120,37,83,30.83,18.5,63,0,2,1,0,0,6,6,Medium,0,False,48.5,Complete at least 63 more credits. Complete all prerequisite courses.
SE1802629,LateStarter,3,6.96,120,36,84,30.0,12.0,64,4,2,2,0,0,5,10,Medium,0,False,30.0,Complete at least 64 more credits. Complete all prerequisite courses. Retake failed courses as soon as possible.
SE1802630,Excellent,5,9.88,120,101,19,84.17,20.2,0,0,0,0,0,0,7,0,Low,0,True,90.5,You are ready for OJT.
SE1802631,Good,3,8.26,120,56,64,46.67,18.67,44,1,0,0,0,0,6,4,Low,0,False,65.0,Complete at least 44 more credits. Retake failed courses as soon as possible.
SE1802632,Excellent,6,9.77,120,115,5,95.83,19.17,0,0,0,0,0,0,7,0,Low,0,True,97.5,You are ready for OJT.
SE1802633,Good,2,8.12,120,34,86,28.33,17.0,66,1,2,0,0,0,5,5,Low,0,False,50.0,Complete at least 66 more credits. Retake failed courses as soon as possible.
SE1802634,Excellent,5,8.59,120,97,23,80.83,19.4,3,0,0,0,0,0,7,1,Low,0,False,88.5,Complete at least 3 more credits.
SE1802635,Recovery,4,6.29,120,58,62,48.33,14.5,42,2,3,0,1,0,5,9,Medium,0,False,52.0,Complete at least 42 more credits. Retake failed courses as soon as possible. Improve GPA to remove academic warning.
SE1802636,Recovery,5,6.22,120,81,39,67.5,16.2,19,1,2,0,1,0,6,7,Medium,0,False,68.5,Complete at least 19 more credits. Retake failed courses as soon as possible. Improve GPA to remove academic warning.
SE1802637,Good,4,8.39,120,78,42,65.0,19.5,22,1,2,0,0,0,6,4,Low,0,False,72.0,Complete at least 22 more credits. Retake failed courses as soon as possible.
SE1802638,Average,3,6.29,120,45,75,37.5,15.0,55,3,2,2,0,0,5,10,Medium,0,False,37.5,Complete at least 55 more credits. Complete all prerequisite courses. Retake failed courses as soon as possible.
SE1802639,Good,2,7.54,120,39,81,32.5,19.5,61,1,1,1,0,0,5,7,Medium,0,False,48.5,Complete at least 61 more credits. Complete all prerequisite courses. Retake failed courses as soon as possible.
SE1802640,AtRisk,3,5.02,120,40,80,33.33,13.33,60,5,5,1,1,0,6,16,High,1,False,24.0,Complete at least 60 more credits. Complete all prerequisite courses. Retake failed courses as soon as possible. Improve GPA to remove academic warning.
SE1802641,Good,6,7.56,120,112,8,93.33,18.67,0,0,0,0,0,0,6,0,Low,0,True,96.0,You are ready for OJT.
SE1802642,Average,2,6.02,120,32,88,26.67,16.0,68,3,1,2,1,0,6,12,High,1,False,28.0,Complete at least 68 more credits. Complete all prerequisite courses. Retake failed courses as soon as possible. Improve GPA to remove academic warning.
SE1802643,Recovery,7,6.61,120,109,11,90.83,15.57,0,1,2,0,1,0,8,5,Low,0,True,82.5,Retake failed courses as soon as possible. Improve GPA to remove academic warning.
SE1802644,Average,2,6.05,120,38,82,31.67,19.0,62,2,2,2,0,0,5,9,Medium,0,False,37.0,Complete at least 62 more credits. Complete all prerequisite courses. Retake failed courses as soon as possible.
SE1802645,Average,3,6.56,120,46,74,38.33,15.33,54,2,4,0,1,0,6,9,Medium,0,False,44.0,Complete at least 54 more credits. Retake failed courses as soon as possible. Improve GPA to remove academic warning.
SE1802646,Good,1,7.2,120,22,98,18.33,22.0,78,1,1,0,0,0,6,5,Low,0,False,46.0,Complete at least 78 more credits. Retake failed courses as soon as possible.
SE1802647,Critical,5,4.75,120,57,63,47.5,11.4,43,7,6,2,3,2,7,23,High,1,False,0.0,Complete at least 43 more credits. Complete all prerequisite courses. Retake failed courses as soon as possible. Improve GPA to remove academic warning.
SE1802648,Excellent,6,8.77,120,107,13,89.17,17.83,0,0,0,0,0,0,7,0,Low,0,True,93.5,You are ready for OJT.
SE1802649,Average,6,6.17,120,102,18,85.0,17.0,0,3,4,1,1,0,6,9,Medium,0,False,63.0,Complete all prerequisite courses. Retake failed courses as soon as possible. Improve GPA to remove academic warning.
SE1802650,Average,1,6.01,120,17,103,14.17,17.0,83,2,4,2,1,0,6,12,High,1,False,17.5,Complete at least 83 more credits. Complete all prerequisite courses. Retake failed courses as soon as possible. Improve GPA to remove academic warning.
SE1802651,Average,4,6.72,120,67,53,55.83,16.75,33,2,1,0,0,0,5,6,Medium,0,False,65.5,Complete at least 33 more credits. Retake failed courses as soon as possible.
SE1802652,Average,2,6.86,120,35,85,29.17,17.5,65,1,2,0,1,0,5,8,Medium,0,False,45.5,Complete at least 65 more credits. Retake failed courses as soon as possible. Improve GPA to remove academic warning.
SE1802653,Good,3,7.22,120,51,69,42.5,17.0,49,0,2,0,0,0,5,4,Low,0,False,61.5,Complete at least 49 more credits.
SE1802654,Excellent,5,8.8,120,92,28,76.67,18.4,8,0,0,0,0,0,6,1,Low,0,False,86.0,Complete at least 8 more credits.
SE1802655,Good,5,7.99,120,89,31,74.17,17.8,11,1,0,1,0,0,7,4,Low,0,False,75.5,Complete at least 11 more credits. Complete all prerequisite courses. Retake failed courses as soon as possible.
SE1802656,Average,4,6.18,120,61,59,50.83,15.25,39,1,3,0,0,0,5,7,Medium,0,False,61.5,Complete at least 39 more credits. Retake failed courses as soon as possible.
SE1802657,AtRisk,7,5.9,120,106,14,88.33,15.14,0,3,6,1,2,1,8,15,High,1,False,48.0,Complete all prerequisite courses. Retake failed courses as soon as possible. Improve GPA to remove academic warning.
SE1802658,Critical,1,4.47,120,14,106,11.67,14.0,86,7,5,2,2,2,5,23,High,1,False,0.0,Complete at least 86 more credits. Complete all prerequisite courses. Retake failed courses as soon as possible. Improve GPA to remove academic warning.
SE1802659,Average,2,6.11,120,42,78,35.0,21.0,58,3,1,2,1,0,6,12,High,1,False,33.0,Complete at least 58 more credits. Complete all prerequisite courses. Retake failed courses as soon as possible. Improve GPA to remove academic warning.
SE1802660,Good,4,7.9,120,70,50,58.33,17.5,30,1,1,1,0,0,5,6,Medium,0,False,64.0,Complete at least 30 more credits. Complete all prerequisite courses. Retake failed courses as soon as possible.
SE1802661,Average,4,6.23,120,74,46,61.67,18.5,26,3,1,2,1,0,6,11,High,1,False,49.0,Complete at least 26 more credits. Complete all prerequisite courses. Retake failed courses as soon as possible. Improve GPA to remove academic warning.
SE1802662,Good,4,7.16,120,79,41,65.83,19.75,21,1,1,1,0,0,6,6,Medium,0,False,68.5,Complete at least 21 more credits. Complete all prerequisite courses. Retake failed courses as soon as possible.
SE1802663,Good,3,7.15,120,58,62,48.33,19.33,42,1,2,1,0,0,5,7,Medium,0,False,56.0,Complete at least 42 more credits. Complete all prerequisite courses. Retake failed courses as soon as possible.
SE1802664,Good,5,8.07,120,92,28,76.67,18.4,8,1,0,1,0,0,7,4,Low,0,False,77.0,Complete at least 8 more credits. Complete all prerequisite courses. Retake failed courses as soon as possible.
SE1802665,Good,4,8.08,120,68,52,56.67,17.0,32,1,2,0,0,0,6,5,Low,0,False,67.0,Complete at least 32 more credits. Retake failed courses as soon as possible.
SE1802666,AtRisk,5,5.17,120,71,49,59.17,14.2,29,4,4,2,1,0,7,14,High,1,False,38.5,Complete at least 29 more credits. Complete all prerequisite courses. Retake failed courses as soon as possible. Improve GPA to remove academic warning.
SE1802667,LateStarter,5,6.41,120,91,29,75.83,18.2,9,3,5,0,1,0,7,9,Medium,0,False,61.5,Complete at least 9 more credits. Retake failed courses as soon as possible. Improve GPA to remove academic warning.
SE1802668,Good,8,7.58,120,120,0,100.0,15.0,0,1,0,0,0,0,8,1,Low,0,True,97.0,Retake failed courses as soon as possible.
SE1802669,Excellent,3,8.83,120,64,56,53.33,21.33,36,0,0,0,0,0,5,3,Low,0,False,72.0,Complete at least 36 more credits.
SE1802670,AtRisk,2,5.95,120,33,87,27.5,16.5,67,3,4,2,1,1,6,17,High,1,False,14.5,Complete at least 67 more credits. Complete all prerequisite courses. Retake failed courses as soon as possible. Improve GPA to remove academic warning.
SE1802671,Average,3,6.04,120,49,71,40.83,16.33,51,1,4,2,0,0,5,10,Medium,0,False,41.5,Complete at least 51 more credits. Complete all prerequisite courses. Retake failed courses as soon as possible.
SE1802672,Average,3,6.51,120,49,71,40.83,16.33,51,2,1,2,0,0,5,9,Medium,0,False,44.5,Complete at least 51 more credits. Complete all prerequisite courses. Retake failed courses as soon as possible.
SE1802673,Average,4,6.58,120,72,48,60.0,18.0,28,3,1,1,1,0,6,10,Medium,0,False,54.0,Complete at least 28 more credits. Complete all prerequisite courses. Retake failed courses as soon as possible. Improve GPA to remove academic warning.
SE1802674,AtRisk,4,5.28,120,64,56,53.33,16.0,36,5,3,2,1,0,5,16,High,1,False,34.0,Complete at least 36 more credits. Complete all prerequisite courses. Retake failed courses as soon as possible. Improve GPA to remove academic warning.
SE1802675,Average,2,6.54,120,36,84,30.0,18.0,64,2,4,1,0,0,5,9,Medium,0,False,38.0,Complete at least 64 more credits. Complete all prerequisite courses. Retake failed courses as soon as possible.
SE1802676,Average,4,6.63,120,70,50,58.33,17.5,30,2,2,0,1,0,5,7,Medium,0,False,60.0,Complete at least 30 more credits. Retake failed courses as soon as possible. Improve GPA to remove academic warning.
SE1802677,Good,4,8.42,120,81,39,67.5,20.25,19,1,1,0,0,0,6,4,Low,0,False,75.5,Complete at least 19 more credits. Retake failed courses as soon as possible.
SE1802678,Average,5,6.22,120,82,38,68.33,16.4,18,1,2,2,0,0,6,8,Medium,0,False,62.0,Complete at least 18 more credits. Complete all prerequisite courses. Retake failed courses as soon as possible.
SE1802679,Average,2,6.21,120,30,90,25.0,15.0,70,2,1,1,1,0,5,10,Medium,0,False,36.0,Complete at least 70 more credits. Complete all prerequisite courses. Retake failed courses as soon as possible. Improve GPA to remove academic warning.
SE1802680,AtRisk,5,5.11,120,75,45,62.5,15.0,25,5,4,2,1,0,6,15,High,1,False,37.5,Complete at least 25 more credits. Complete all prerequisite courses. Retake failed courses as soon as possible. Improve GPA to remove academic warning.
SE1802681,Average,6,6.33,120,93,27,77.5,15.5,7,1,3,2,0,0,7,8,Medium,0,False,65.5,Complete at least 7 more credits. Complete all prerequisite courses. Retake failed courses as soon as possible.
SE1802682,Average,5,6.74,120,91,29,75.83,18.2,9,3,3,2,0,0,7,9,Medium,0,False,58.5,Complete at least 9 more credits. Complete all prerequisite courses. Retake failed courses as soon as possible.
SE1802683,Recovery,6,6.03,120,99,21,82.5,16.5,1,1,2,1,1,0,6,8,Medium,0,False,71.5,Complete at least 1 more credits. Complete all prerequisite courses. Retake failed courses as soon as possible. Improve GPA to remove academic warning.
SE1802684,Good,3,8.43,120,55,65,45.83,18.33,45,0,1,1,0,0,6,6,Medium,0,False,59.5,Complete at least 45 more credits. Complete all prerequisite courses.
SE1802685,Average,6,6.62,120,100,20,83.33,16.67,0,2,4,0,0,0,6,4,Low,0,True,76.0,Retake failed courses as soon as possible.
SE1802686,Average,1,6.69,120,19,101,15.83,19.0,81,1,3,1,1,0,5,11,High,1,False,29.5,Complete at least 81 more credits. Complete all prerequisite courses. Retake failed courses as soon as possible. Improve GPA to remove academic warning.
SE1802687,AtRisk,5,5.32,120,71,49,59.17,14.2,29,4,6,1,1,0,6,14,High,1,False,40.5,Complete at least 29 more credits. Complete all prerequisite courses. Retake failed courses as soon as possible. Improve GPA to remove academic warning.
SE1802688,Critical,6,4.39,120,81,39,67.5,13.5,19,7,5,4,3,2,7,23,High,1,False,0.0,Complete at least 19 more credits. Complete all prerequisite courses. Retake failed courses as soon as possible. Improve GPA to remove academic warning.
SE1802689,Critical,5,4.19,120,75,45,62.5,15.0,25,7,5,4,2,1,7,21,High,1,False,4.5,Complete at least 25 more credits. Complete all prerequisite courses. Retake failed courses as soon as possible. Improve GPA to remove academic warning.
SE1802690,Average,6,6.19,120,94,26,78.33,15.67,6,2,4,2,0,0,6,8,Medium,0,False,61.0,Complete at least 6 more credits. Complete all prerequisite courses. Retake failed courses as soon as possible.
SE1802691,Good,5,7.29,120,94,26,78.33,18.8,6,1,0,1,0,0,7,4,Low,0,False,78.0,Complete at least 6 more credits. Complete all prerequisite courses. Retake failed courses as soon as possible.
SE1802692,Average,5,6.96,120,85,35,70.83,17.0,15,2,2,2,0,0,7,7,Medium,0,False,60.5,Complete at least 15 more credits. Complete all prerequisite courses. Retake failed courses as soon as possible.
SE1802693,Excellent,5,9.82,120,97,23,80.83,19.4,3,0,0,0,0,0,7,1,Low,0,False,88.5,Complete at least 3 more credits.
SE1802694,Good,7,7.14,120,116,4,96.67,16.57,0,0,2,1,0,0,8,3,Low,0,False,88.0,Complete all prerequisite courses.
SE1802695,Good,5,7.82,120,92,28,76.67,18.4,8,0,2,0,0,0,6,2,Low,0,False,82.0,Complete at least 8 more credits.
SE1802696,AtRisk,5,5.01,120,77,43,64.17,15.4,23,4,6,2,1,0,7,15,High,1,False,37.5,Complete at least 23 more credits. Complete all prerequisite courses. Retake failed courses as soon as possible. Improve GPA to remove academic warning.
SE1802697,Average,8,6.41,120,112,8,93.33,14.0,0,1,3,0,1,0,8,6,Medium,0,True,82.0,Retake failed courses as soon as possible. Improve GPA to remove academic warning.
SE1802698,Good,5,7.92,120,89,31,74.17,17.8,11,0,1,0,0,0,6,2,Low,0,False,82.5,Complete at least 11 more credits.
SE1802699,Good,3,7.14,120,60,60,50.0,20.0,40,0,2,0,0,0,5,4,Low,0,False,66.0,Complete at least 40 more credits.
SE1802700,Excellent,3,9.07,120,63,57,52.5,21.0,37,0,0,0,0,0,5,3,Low,0,False,71.5,Complete at least 37 more credits.
SE1802701,Average,5,6.43,120,93,27,77.5,18.6,7,3,2,0,1,0,6,7,Medium,0,False,68.5,Complete at least 7 more credits. Retake failed courses as soon as possible. Improve GPA to remove academic warning.
SE1802702,Average,2,6.25,120,31,89,25.83,15.5,69,3,2,2,0,0,6,10,Medium,0,False,30.5,Complete at least 69 more credits. Complete all prerequisite courses. Retake failed courses as soon as possible.
SE1802703,Good,5,8.28,120,92,28,76.67,18.4,8,0,1,1,0,0,7,4,Low,0,False,78.0,Complete at least 8 more credits. Complete all prerequisite courses.
SE1802704,Average,3,6.3,120,53,67,44.17,17.67,47,3,2,0,1,0,6,9,Medium,0,False,48.5,Complete at least 47 more credits. Retake failed courses as soon as possible. Improve GPA to remove academic warning.
SE1802705,Good,7,8.1,120,114,6,95.0,16.29,0,1,2,1,0,0,8,4,Low,0,False,84.0,Complete all prerequisite courses. Retake failed courses as soon as possible.
SE1802706,AtRisk,4,5.29,120,59,61,49.17,14.75,41,3,4,2,1,1,6,17,High,1,False,27.5,Complete at least 41 more credits. Complete all prerequisite courses. Retake failed courses as soon as possible. Improve GPA to remove academic warning.
SE1802707,Excellent,3,9.01,120,54,66,45.0,18.0,46,0,0,0,0,0,5,3,Low,0,False,67.0,Complete at least 46 more credits.
SE1802708,Good,4,8.35,120,81,39,67.5,20.25,19,1,1,1,0,0,5,6,Medium,0,False,69.5,Complete at least 19 more credits. Complete all prerequisite courses. Retake failed courses as soon as possible.
SE1802709,AtRisk,4,5.32,120,58,62,48.33,14.5,42,4,3,3,1,0,5,16,High,1,False,28.0,Complete at least 42 more credits. Complete all prerequisite courses. Retake failed courses as soon as possible. Improve GPA to remove academic warning.
SE1802710,AtRisk,6,5.34,120,86,34,71.67,14.33,14,5,6,1,2,1,7,17,High,1,False,32.0,Complete at least 14 more credits. Complete all prerequisite courses. Retake failed courses as soon as possible. Improve GPA to remove academic warning.
SE1802711,Average,4,6.43,120,74,46,61.67,18.5,26,3,3,1,0,0,5,9,Medium,0,False,56.0,Complete at least 26 more credits. Complete all prerequisite courses. Retake failed courses as soon as possible.
SE1802712,Average,6,6.64,120,105,15,87.5,17.5,0,3,1,0,1,0,6,6,Medium,0,True,76.5,Retake failed courses as soon as possible. Improve GPA to remove academic warning.
SE1802713,Excellent,7,8.82,120,120,0,100.0,17.14,0,0,0,0,0,0,8,0,Low,0,True,100.0,You are ready for OJT.
SE1802714,Average,4,6.43,120,70,50,58.33,17.5,30,1,3,0,1,0,5,8,Medium,0,False,61.0,Complete at least 30 more credits. Retake failed courses as soon as possible. Improve GPA to remove academic warning.
SE1802715,Good,5,7.39,120,99,21,82.5,19.8,1,0,0,1,0,0,7,3,Low,0,False,83.5,Complete at least 1 more credits. Complete all prerequisite courses.
SE1802716,Average,3,6.87,120,49,71,40.83,16.33,51,2,1,2,1,0,6,11,High,1,False,39.5,Complete at least 51 more credits. Complete all prerequisite courses. Retake failed courses as soon as possible. Improve GPA to remove academic warning.
SE1802717,Critical,5,4.91,120,70,50,58.33,14.0,30,7,7,2,2,2,6,22,High,1,False,2.0,Complete at least 30 more credits. Complete all prerequisite courses. Retake failed courses as soon as possible. Improve GPA to remove academic warning.
SE1802718,AtRisk,4,5.47,120,67,53,55.83,16.75,33,5,4,2,2,0,6,17,High,1,False,28.5,Complete at least 33 more credits. Complete all prerequisite courses. Retake failed courses as soon as possible. Improve GPA to remove academic warning.
SE1802719,LateStarter,6,6.53,120,99,21,82.5,16.5,1,4,4,2,1,0,6,11,High,1,False,52.5,Complete at least 1 more credits. Complete all prerequisite courses. Retake failed courses as soon as possible. Improve GPA to remove academic warning.
SE1802720,AtRisk,6,5.3,120,84,36,70.0,14.0,16,5,6,1,2,0,7,16,High,1,False,39.0,Complete at least 16 more credits. Complete all prerequisite courses. Retake failed courses as soon as possible. Improve GPA to remove academic warning.
SE1802721,Critical,6,4.5,120,71,49,59.17,11.83,29,7,7,2,2,1,6,20,High,1,False,10.5,Complete at least 29 more credits. Complete all prerequisite courses. Retake failed courses as soon as possible. Improve GPA to remove academic warning.
SE1802722,AtRisk,6,5.14,120,94,26,78.33,15.67,6,5,5,1,1,0,7,14,High,1,False,51.0,Complete at least 6 more credits. Complete all prerequisite courses. Retake failed courses as soon as possible. Improve GPA to remove academic warning.
SE1802723,Average,4,6.37,120,75,45,62.5,18.75,25,2,3,2,1,0,5,11,High,1,False,48.5,Complete at least 25 more credits. Complete all prerequisite courses. Retake failed courses as soon as possible. Improve GPA to remove academic warning.
SE1802724,Critical,4,4.12,120,41,79,34.17,10.25,59,6,8,2,3,2,6,23,High,1,False,0.0,Complete at least 59 more credits. Complete all prerequisite courses. Retake failed courses as soon as possible. Improve GPA to remove academic warning.
SE1802725,Good,5,7.6,120,100,20,83.33,20.0,0,1,2,0,0,0,6,2,Low,0,True,83.0,Retake failed courses as soon as possible.
SE1802726,Average,3,6.22,120,52,68,43.33,17.33,48,3,4,0,1,0,6,10,Medium,0,False,44.0,Complete at least 48 more credits. Retake failed courses as soon as possible. Improve GPA to remove academic warning.
SE1802727,Critical,6,4.82,120,74,46,61.67,12.33,26,7,7,3,3,2,6,23,High,1,False,0.0,Complete at least 26 more credits. Complete all prerequisite courses. Retake failed courses as soon as possible. Improve GPA to remove academic warning.
SE1802728,Average,6,6.38,120,104,16,86.67,17.33,0,2,3,2,0,0,7,7,Medium,0,False,68.0,Complete all prerequisite courses. Retake failed courses as soon as possible.
SE1802729,Good,4,8.15,120,73,47,60.83,18.25,27,1,2,1,0,0,6,6,Medium,0,False,63.5,Complete at least 27 more credits. Complete all prerequisite courses. Retake failed courses as soon as possible.
SE1802730,Good,4,7.28,120,79,41,65.83,19.75,21,1,1,0,0,0,6,4,Low,0,False,74.5,Complete at least 21 more credits. Retake failed courses as soon as possible.
SE1802731,Average,5,6.28,120,88,32,73.33,17.6,12,1,1,1,1,0,7,8,Medium,0,False,68.0,Complete at least 12 more credits. Complete all prerequisite courses. Retake failed courses as soon as possible. Improve GPA to remove academic warning.
SE1802732,Excellent,5,9.03,120,99,21,82.5,19.8,1,0,0,0,0,0,6,1,Low,0,False,89.5,Complete at least 1 more credits.
SE1802733,Excellent,5,9.68,120,91,29,75.83,18.2,9,0,0,0,0,0,7,1,Low,0,False,85.5,Complete at least 9 more credits.
SE1802734,AtRisk,3,5.74,120,47,73,39.17,15.67,53,4,5,1,2,1,6,18,High,1,False,17.5,Complete at least 53 more credits. Complete all prerequisite courses. Retake failed courses as soon as possible. Improve GPA to remove academic warning.
SE1802735,Good,7,8.36,120,118,2,98.33,16.86,0,0,1,1,0,0,8,3,Low,0,False,91.0,Complete all prerequisite courses.
SE1802736,Critical,1,4.19,120,16,104,13.33,16.0,84,5,5,2,2,2,6,23,High,1,False,0.0,Complete at least 84 more credits. Complete all prerequisite courses. Retake failed courses as soon as possible. Improve GPA to remove academic warning.
SE1802737,AtRisk,2,5.59,120,36,84,30.0,18.0,64,5,6,2,1,0,5,17,High,1,False,14.0,Complete at least 64 more credits. Complete all prerequisite courses. Retake failed courses as soon as possible. Improve GPA to remove academic warning.
SE1802738,Average,3,6.21,120,52,68,43.33,17.33,48,2,4,1,0,0,6,9,Medium,0,False,46.0,Complete at least 48 more credits. Complete all prerequisite courses. Retake failed courses as soon as possible.
SE1802739,Average,4,6.09,120,73,47,60.83,18.25,27,3,4,2,0,0,6,10,Medium,0,False,47.5,Complete at least 27 more credits. Complete all prerequisite courses. Retake failed courses as soon as possible.
SE1802740,AtRisk,4,5.66,120,62,58,51.67,15.5,38,5,4,3,1,1,5,19,High,1,False,17.0,Complete at least 38 more credits. Complete all prerequisite courses. Retake failed courses as soon as possible. Improve GPA to remove academic warning.
SE1802741,Good,4,7.89,120,73,47,60.83,18.25,27,0,2,0,0,0,5,3,Low,0,False,72.5,Complete at least 27 more credits.
SE1802742,Average,1,6.18,120,17,103,14.17,17.0,83,2,4,1,0,0,6,9,Medium,0,False,28.5,Complete at least 83 more credits. Complete all prerequisite courses. Retake failed courses as soon as possible.
SE1802743,AtRisk,5,5.62,120,81,39,67.5,16.2,19,3,4,1,2,0,7,14,High,1,False,47.5,Complete at least 19 more credits. Complete all prerequisite courses. Retake failed courses as soon as possible. Improve GPA to remove academic warning.
SE1802744,Excellent,6,9.3,120,111,9,92.5,18.5,0,0,0,0,0,0,6,0,Low,0,True,95.5,You are ready for OJT.
SE1802745,Good,5,7.13,120,95,25,79.17,19.0,5,1,0,1,0,0,7,4,Low,0,False,78.5,Complete at least 5 more credits. Complete all prerequisite courses. Retake failed courses as soon as possible.
SE1802746,AtRisk,1,5.32,120,16,104,13.33,16.0,84,4,3,1,1,0,6,14,High,1,False,19.0,Complete at least 84 more credits. Complete all prerequisite courses. Retake failed courses as soon as possible. Improve GPA to remove academic warning.
SE1802747,Average,6,6.98,120,105,15,87.5,17.5,0,2,3,1,1,0,6,8,Medium,0,False,69.5,Complete all prerequisite courses. Retake failed courses as soon as possible. Improve GPA to remove academic warning.
SE1802748,Good,7,8.37,120,109,11,90.83,15.57,0,0,0,0,0,0,8,0,Low,0,True,94.5,You are ready for OJT.
SE1802749,Good,7,8.45,120,113,7,94.17,16.14,0,0,1,0,0,0,8,1,Low,0,True,94.5,You are ready for OJT.
SE1802750,Average,4,6.6,120,70,50,58.33,17.5,30,3,1,2,1,0,5,11,High,1,False,47.0,Complete at least 30 more credits. Complete all prerequisite courses. Retake failed courses as soon as possible. Improve GPA to remove academic warning.
SE1802751,LateStarter,5,6.58,120,89,31,74.17,17.8,11,4,2,1,1,0,6,9,Medium,0,False,57.5,Complete at least 11 more credits. Complete all prerequisite courses. Retake failed courses as soon as possible. Improve GPA to remove academic warning.
SE1802752,Good,3,8.27,120,59,61,49.17,19.67,41,0,1,0,0,0,5,4,Low,0,False,67.5,Complete at least 41 more credits.
SE1802753,LateStarter,2,6.46,120,28,92,23.33,14.0,72,2,4,0,0,0,5,7,Medium,0,False,40.0,Complete at least 72 more credits. Retake failed courses as soon as possible.
SE1802754,Good,5,7.55,120,95,25,79.17,19.0,5,0,0,0,0,0,7,1,Low,0,False,87.5,Complete at least 5 more credits.
SE1802755,Good,7,7.44,120,109,11,90.83,15.57,0,1,2,1,0,0,8,4,Low,0,False,81.5,Complete all prerequisite courses. Retake failed courses as soon as possible.
SE1802756,Good,4,7.96,120,73,47,60.83,18.25,27,0,0,0,0,0,5,2,Low,0,False,76.5,Complete at least 27 more credits.
SE1802757,Good,6,7.44,120,107,13,89.17,17.83,0,1,2,0,0,0,7,2,Low,0,True,86.5,Retake failed courses as soon as possible.
SE1802758,Good,4,7.99,120,73,47,60.83,18.25,27,1,1,1,0,0,6,6,Medium,0,False,65.5,Complete at least 27 more credits. Complete all prerequisite courses. Retake failed courses as soon as possible.
SE1802759,Good,6,7.18,120,108,12,90.0,18.0,0,0,2,0,0,0,7,1,Low,0,True,90.0,You are ready for OJT.
SE1802760,Good,2,7.46,120,35,85,29.17,17.5,65,0,0,1,0,0,6,5,Low,0,False,51.5,Complete at least 65 more credits. Complete all prerequisite courses.
SE1802761,Average,2,6.06,120,42,78,35.0,21.0,58,3,2,0,1,0,5,9,Medium,0,False,43.0,Complete at least 58 more credits. Retake failed courses as soon as possible. Improve GPA to remove academic warning.
SE1802762,Average,2,6.82,120,32,88,26.67,16.0,68,1,1,2,1,0,6,11,High,1,False,34.0,Complete at least 68 more credits. Complete all prerequisite courses. Retake failed courses as soon as possible. Improve GPA to remove academic warning.
SE1802763,Good,6,8.25,120,109,11,90.83,18.17,0,1,0,0,0,0,7,1,Low,0,True,91.5,Retake failed courses as soon as possible.
SE1802764,Average,7,6.09,120,100,20,83.33,14.29,0,1,3,2,0,0,8,7,Medium,0,False,69.0,Complete all prerequisite courses. Retake failed courses as soon as possible.
SE1802765,Average,5,6.91,120,91,29,75.83,18.2,9,2,2,0,1,0,6,6,Medium,0,False,70.5,Complete at least 9 more credits. Retake failed courses as soon as possible. Improve GPA to remove academic warning.
SE1802766,Good,1,8.43,120,21,99,17.5,21.0,79,1,2,1,0,0,6,7,Medium,0,False,37.5,Complete at least 79 more credits. Complete all prerequisite courses. Retake failed courses as soon as possible.
SE1802767,AtRisk,5,5.93,120,72,48,60.0,14.4,28,5,5,1,2,1,6,18,High,1,False,27.0,Complete at least 28 more credits. Complete all prerequisite courses. Retake failed courses as soon as possible. Improve GPA to remove academic warning.
SE1802768,Recovery,6,6.13,120,98,22,81.67,16.33,2,1,4,0,1,0,7,7,Medium,0,False,73.0,Complete at least 2 more credits. Retake failed courses as soon as possible. Improve GPA to remove academic warning.
SE1802769,Excellent,5,8.76,120,95,25,79.17,19.0,5,0,0,0,0,0,7,1,Low,0,False,87.5,Complete at least 5 more credits.
SE1802770,Good,7,7.59,120,117,3,97.5,16.71,0,1,0,0,0,0,8,1,Low,0,True,95.5,Retake failed courses as soon as possible.
SE1802771,Average,8,6.58,120,113,7,94.17,14.12,0,2,4,2,1,0,8,9,Medium,0,False,65.5,Complete all prerequisite courses. Retake failed courses as soon as possible. Improve GPA to remove academic warning.
SE1802772,Excellent,7,8.99,120,117,3,97.5,16.71,0,0,0,0,0,0,8,0,Low,0,True,98.5,You are ready for OJT.
SE1802773,AtRisk,4,5.42,120,57,63,47.5,14.25,43,3,4,2,1,1,5,17,High,1,False,26.5,Complete at least 43 more credits. Complete all prerequisite courses. Retake failed courses as soon as possible. Improve GPA to remove academic warning.
SE1802774,Critical,2,4.38,120,19,101,15.83,9.5,81,5,6,4,3,1,6,22,High,1,False,0.0,Complete at least 81 more credits. Complete all prerequisite courses. Retake failed courses as soon as possible. Improve GPA to remove academic warning.
SE1802775,Average,5,6.66,120,94,26,78.33,18.8,6,1,1,0,0,0,7,4,Low,0,False,82.0,Complete at least 6 more credits. Retake failed courses as soon as possible.
SE1802776,Good,5,7.38,120,96,24,80.0,19.2,4,1,2,0,0,0,7,3,Low,0,False,81.0,Complete at least 4 more credits. Retake failed courses as soon as possible.
SE1802777,Excellent,5,8.68,120,104,16,86.67,20.8,0,0,0,0,0,0,6,0,Low,0,True,92.0,You are ready for OJT.
SE1802778,Average,5,6.87,120,93,27,77.5,18.6,7,2,2,2,0,0,6,7,Medium,0,False,64.5,Complete at least 7 more credits. Complete all prerequisite courses. Retake failed courses as soon as possible.
SE1802779,Good,5,7.74,120,100,20,83.33,20.0,0,1,2,1,0,0,7,4,Low,0,False,77.0,Complete all prerequisite courses. Retake failed courses as soon as possible.
SE1802780,Average,2,6.88,120,35,85,29.17,17.5,65,3,2,0,0,0,5,7,Medium,0,False,44.5,Complete at least 65 more credits. Retake failed courses as soon as possible.
SE1802781,Average,3,6.37,120,45,75,37.5,15.0,55,2,3,1,1,0,6,11,High,1,False,39.5,Complete at least 55 more credits. Complete all prerequisite courses. Retake failed courses as soon as possible. Improve GPA to remove academic warning.
SE1802782,Recovery,5,6.3,120,87,33,72.5,17.4,13,2,3,1,0,0,7,7,Medium,0,False,65.5,Complete at least 13 more credits. Complete all prerequisite courses. Retake failed courses as soon as possible.
SE1802783,AtRisk,5,5.82,120,83,37,69.17,16.6,17,4,4,1,1,1,6,15,High,1,False,42.5,Complete at least 17 more credits. Complete all prerequisite courses. Retake failed courses as soon as possible. Improve GPA to remove academic warning.
SE1802784,Excellent,4,9.85,120,82,38,68.33,20.5,18,0,0,0,0,0,6,2,Low,0,False,81.0,Complete at least 18 more credits.
SE1802785,Excellent,5,9.56,120,99,21,82.5,19.8,1,0,0,0,0,0,6,1,Low,0,False,89.5,Complete at least 1 more credits.
SE1802786,AtRisk,5,5.78,120,83,37,69.17,16.6,17,4,5,2,1,1,7,17,High,1,False,34.5,Complete at least 17 more credits. Complete all prerequisite courses. Retake failed courses as soon as possible. Improve GPA to remove academic warning.
SE1802787,Good,3,8.14,120,62,58,51.67,20.67,38,1,1,0,0,0,6,5,Low,0,False,66.0,Complete at least 38 more credits. Retake failed courses as soon as possible.
SE1802788,Good,5,8.36,120,88,32,73.33,17.6,12,0,1,0,0,0,7,2,Low,0,False,82.0,Complete at least 12 more credits.
SE1802789,AtRisk,6,5.09,120,92,28,76.67,15.33,8,5,6,3,1,0,7,16,High,1,False,36.0,Complete at least 8 more credits. Complete all prerequisite courses. Retake failed courses as soon as possible. Improve GPA to remove academic warning.
SE1802790,Good,4,8.13,120,80,40,66.67,20.0,20,0,1,0,0,0,6,3,Low,0,False,78.0,Complete at least 20 more credits.
SE1802791,Average,5,6.51,120,88,32,73.33,17.6,12,2,1,0,0,0,6,4,Low,0,False,76.0,Complete at least 12 more credits. Retake failed courses as soon as possible.
SE1802792,AtRisk,3,5.3,120,36,84,30.0,12.0,64,3,5,1,2,0,6,16,High,1,False,23.0,Complete at least 64 more credits. Complete all prerequisite courses. Retake failed courses as soon as possible. Improve GPA to remove academic warning.
SE1802793,AtRisk,4,5.4,120,65,55,54.17,16.25,35,3,5,2,2,1,6,19,High,1,False,23.5,Complete at least 35 more credits. Complete all prerequisite courses. Retake failed courses as soon as possible. Improve GPA to remove academic warning.
SE1802794,Critical,4,4.37,120,52,68,43.33,13.0,48,5,8,3,3,2,5,24,High,1,False,0.0,Complete at least 48 more credits. Complete all prerequisite courses. Retake failed courses as soon as possible. Improve GPA to remove academic warning.
SE1802795,Average,1,6.33,120,17,103,14.17,17.0,83,2,3,2,0,0,5,10,Medium,0,False,24.5,Complete at least 83 more credits. Complete all prerequisite courses. Retake failed courses as soon as possible.
SE1802796,AtRisk,6,5.35,120,96,24,80.0,16.0,4,5,4,3,2,0,6,16,High,1,False,37.0,Complete at least 4 more credits. Complete all prerequisite courses. Retake failed courses as soon as possible. Improve GPA to remove academic warning.
SE1802797,LateStarter,6,7.15,120,102,18,85.0,17.0,0,4,3,2,0,0,7,7,Medium,0,False,61.0,Complete all prerequisite courses. Retake failed courses as soon as possible.
SE1802798,Average,6,6.54,120,94,26,78.33,15.67,6,1,4,0,1,0,6,7,Medium,0,False,71.0,Complete at least 6 more credits. Retake failed courses as soon as possible. Improve GPA to remove academic warning.
SE1802799,Recovery,4,6.28,120,66,54,55.0,16.5,34,2,3,1,0,0,5,9,Medium,0,False,55.0,Complete at least 34 more credits. Complete all prerequisite courses. Retake failed courses as soon as possible.
SE1802800,AtRisk,6,5.08,120,85,35,70.83,14.17,15,5,3,2,2,1,7,17,High,1,False,31.5,Complete at least 15 more credits. Complete all prerequisite courses. Retake failed courses as soon as possible. Improve GPA to remove academic warning.
SE1802801,Excellent,5,9.53,120,99,21,82.5,19.8,1,0,0,0,0,0,6,1,Low,0,False,89.5,Complete at least 1 more credits.
SE1802802,Average,3,6.54,120,53,67,44.17,17.67,47,3,2,2,1,0,6,12,High,1,False,36.5,Complete at least 47 more credits. Complete all prerequisite courses. Retake failed courses as soon as possible. Improve GPA to remove academic warning.
SE1802803,Average,4,6.38,120,70,50,58.33,17.5,30,3,1,1,0,0,6,8,Medium,0,False,58.0,Complete at least 30 more credits. Complete all prerequisite courses. Retake failed courses as soon as possible.
SE1802804,Good,5,7.97,120,99,21,82.5,19.8,1,0,2,1,0,0,7,4,Low,0,False,79.5,Complete at least 1 more credits. Complete all prerequisite courses.
SE1802805,Average,2,6.85,120,42,78,35.0,21.0,58,3,2,0,0,0,5,7,Medium,0,False,48.0,Complete at least 58 more credits. Retake failed courses as soon as possible.
SE1802806,Average,7,6.69,120,109,11,90.83,15.57,0,1,3,0,1,0,8,6,Medium,0,True,80.5,Retake failed courses as soon as possible. Improve GPA to remove academic warning.
SE1802807,Average,8,6.66,120,109,11,90.83,13.62,0,1,3,2,1,0,8,9,Medium,0,False,68.5,Complete all prerequisite courses. Retake failed courses as soon as possible. Improve GPA to remove academic warning.
SE1802808,Average,3,6.28,120,49,71,40.83,16.33,51,1,1,2,1,0,5,11,High,1,False,42.5,Complete at least 51 more credits. Complete all prerequisite courses. Retake failed courses as soon as possible. Improve GPA to remove academic warning.
SE1802809,Good,7,7.7,120,116,4,96.67,16.57,0,1,1,1,0,0,8,4,Low,0,False,87.0,Complete all prerequisite courses. Retake failed courses as soon as possible.
SE1802810,Good,5,8.09,120,95,25,79.17,19.0,5,1,0,1,0,0,7,4,Low,0,False,78.5,Complete at least 5 more credits. Complete all prerequisite courses. Retake failed courses as soon as possible.
SE1802811,Good,5,7.23,120,90,30,75.0,18.0,10,1,1,1,0,0,7,5,Low,0,False,74.0,Complete at least 10 more credits. Complete all prerequisite courses. Retake failed courses as soon as possible.
SE1802812,AtRisk,3,5.48,120,50,70,41.67,16.67,50,5,3,3,2,1,5,20,High,1,False,8.0,Complete at least 50 more credits. Complete all prerequisite courses. Retake failed courses as soon as possible. Improve GPA to remove academic warning.
SE1802813,Good,6,7.79,120,104,16,86.67,17.33,0,0,0,1,0,0,6,2,Low,0,False,86.0,Complete all prerequisite courses.
SE1802814,AtRisk,5,5.95,120,77,43,64.17,15.4,23,4,3,2,1,1,6,16,High,1,False,35.5,Complete at least 23 more credits. Complete all prerequisite courses. Retake failed courses as soon as possible. Improve GPA to remove academic warning.
SE1802815,Good,6,8.49,120,107,13,89.17,17.83,0,0,1,1,0,0,7,3,Low,0,False,85.5,Complete all prerequisite courses.
SE1802816,Good,4,7.48,120,73,47,60.83,18.25,27,0,2,0,0,0,6,3,Low,0,False,72.5,Complete at least 27 more credits.
SE1802817,AtRisk,4,5.12,120,50,70,41.67,12.5,50,3,6,1,1,0,6,15,High,1,False,33.0,Complete at least 50 more credits. Complete all prerequisite courses. Retake failed courses as soon as possible. Improve GPA to remove academic warning.
SE1802818,Good,5,7.98,120,88,32,73.33,17.6,12,0,1,0,0,0,7,2,Low,0,False,82.0,Complete at least 12 more credits.
SE1802819,Average,4,6.43,120,65,55,54.17,16.25,35,3,3,1,0,0,5,10,Medium,0,False,51.5,Complete at least 35 more credits. Complete all prerequisite courses. Retake failed courses as soon as possible.
SE1802820,Good,6,7.86,120,112,8,93.33,18.67,0,0,2,1,0,0,6,3,Low,0,False,86.0,Complete all prerequisite courses.
SE1802821,Good,3,7.64,120,53,67,44.17,17.67,47,1,2,1,0,0,6,7,Medium,0,False,53.5,Complete at least 47 more credits. Complete all prerequisite courses. Retake failed courses as soon as possible.
SE1802822,Excellent,2,9.3,120,39,81,32.5,19.5,61,0,0,0,0,0,5,3,Low,0,False,59.5,Complete at least 61 more credits.
SE1802823,AtRisk,5,5.07,120,74,46,61.67,14.8,26,3,6,2,1,1,7,17,High,1,False,31.0,Complete at least 26 more credits. Complete all prerequisite courses. Retake failed courses as soon as possible. Improve GPA to remove academic warning.
SE1802824,LateStarter,3,6.61,120,42,78,35.0,14.0,58,3,5,2,1,0,5,14,High,1,False,25.0,Complete at least 58 more credits. Complete all prerequisite courses. Retake failed courses as soon as possible. Improve GPA to remove academic warning.
SE1802825,LateStarter,3,7.16,120,41,79,34.17,13.67,59,4,2,2,0,0,5,9,Medium,0,False,32.5,Complete at least 59 more credits. Complete all prerequisite courses. Retake failed courses as soon as possible.
SE1802826,AtRisk,6,5.43,120,93,27,77.5,15.5,7,5,4,2,1,0,7,14,High,1,False,46.5,Complete at least 7 more credits. Complete all prerequisite courses. Retake failed courses as soon as possible. Improve GPA to remove academic warning.
SE1802827,Good,8,7.62,120,119,1,99.17,14.88,0,1,2,0,0,0,8,2,Low,0,True,92.5,Retake failed courses as soon as possible.
SE1802828,Average,5,6.09,120,84,36,70.0,16.8,16,3,2,0,0,0,7,6,Medium,0,False,69.0,Complete at least 16 more credits. Retake failed courses as soon as possible.
SE1802829,Average,3,6.86,120,57,63,47.5,19.0,43,2,1,0,1,0,6,8,Medium,0,False,55.5,Complete at least 43 more credits. Retake failed courses as soon as possible. Improve GPA to remove academic warning.
SE1802830,AtRisk,6,5.39,120,92,28,76.67,15.33,8,4,5,3,2,1,7,18,High,1,False,28.0,Complete at least 8 more credits. Complete all prerequisite courses. Retake failed courses as soon as possible. Improve GPA to remove academic warning.
SE1802831,AtRisk,3,5.68,120,41,79,34.17,13.67,59,4,5,1,1,0,6,15,High,1,False,27.5,Complete at least 59 more credits. Complete all prerequisite courses. Retake failed courses as soon as possible. Improve GPA to remove academic warning.
SE1802832,Excellent,4,9.18,120,80,40,66.67,20.0,20,0,0,0,0,0,5,2,Low,0,False,80.0,Complete at least 20 more credits.
SE1802833,Average,3,6.83,120,56,64,46.67,18.67,44,2,3,0,1,0,5,9,Medium,0,False,51.0,Complete at least 44 more credits. Retake failed courses as soon as possible. Improve GPA to remove academic warning.
SE1802834,Good,5,7.25,120,89,31,74.17,17.8,11,1,2,0,0,0,7,3,Low,0,False,77.5,Complete at least 11 more credits. Retake failed courses as soon as possible.
SE1802835,Good,2,7.15,120,36,84,30.0,18.0,64,1,0,0,0,0,5,4,Low,0,False,55.0,Complete at least 64 more credits. Retake failed courses as soon as possible.
SE1802836,Excellent,4,9.67,120,76,44,63.33,19.0,24,0,0,0,0,0,6,2,Low,0,False,78.0,Complete at least 24 more credits.
SE1802837,Average,8,6.23,120,115,5,95.83,14.38,0,2,2,2,1,0,8,8,Medium,0,False,70.5,Complete all prerequisite courses. Retake failed courses as soon as possible. Improve GPA to remove academic warning.
SE1802838,Average,5,6.68,120,82,38,68.33,16.4,18,3,4,0,0,0,6,7,Medium,0,False,64.0,Complete at least 18 more credits. Retake failed courses as soon as possible.
SE1802839,Excellent,4,9.77,120,78,42,65.0,19.5,22,0,0,0,0,0,5,2,Low,0,False,79.0,Complete at least 22 more credits.
SE1802840,Good,6,7.24,120,104,16,86.67,17.33,0,1,1,1,0,0,7,4,Low,0,False,81.0,Complete all prerequisite courses. Retake failed courses as soon as possible.
SE1802841,Good,5,7.6,120,93,27,77.5,18.6,7,0,2,0,0,0,6,2,Low,0,False,82.5,Complete at least 7 more credits.
SE1802842,LateStarter,5,6.95,120,78,42,65.0,15.6,22,2,4,0,1,0,7,8,Medium,0,False,60.0,Complete at least 22 more credits. Retake failed courses as soon as possible. Improve GPA to remove academic warning.
SE1802843,Average,2,6.07,120,35,85,29.17,17.5,65,3,1,0,1,0,6,9,Medium,0,False,41.5,Complete at least 65 more credits. Retake failed courses as soon as possible. Improve GPA to remove academic warning.
SE1802844,Average,1,6.27,120,16,104,13.33,16.0,84,2,2,0,0,0,5,6,Medium,0,False,38.0,Complete at least 84 more credits. Retake failed courses as soon as possible.
SE1802845,AtRisk,4,5.17,120,50,70,41.67,12.5,50,3,4,1,2,0,6,15,High,1,False,32.0,Complete at least 50 more credits. Complete all prerequisite courses. Retake failed courses as soon as possible. Improve GPA to remove academic warning.
SE1802846,Good,3,7.02,120,63,57,52.5,21.0,37,0,0,1,0,0,5,5,Low,0,False,65.5,Complete at least 37 more credits. Complete all prerequisite courses.
SE1802847,Average,5,6.08,120,93,27,77.5,18.6,7,2,4,0,1,0,7,7,Medium,0,False,67.5,Complete at least 7 more credits. Retake failed courses as soon as possible. Improve GPA to remove academic warning.
SE1802848,Good,7,7.56,120,111,9,92.5,15.86,0,1,0,0,0,0,8,1,Low,0,True,92.5,Retake failed courses as soon as possible.
SE1802849,Good,7,8.14,120,110,10,91.67,15.71,0,0,0,0,0,0,8,0,Low,0,True,95.0,You are ready for OJT.
SE1802850,Average,5,6.7,120,80,40,66.67,16.0,20,1,3,2,1,0,7,11,High,1,False,54.0,Complete at least 20 more credits. Complete all prerequisite courses. Retake failed courses as soon as possible. Improve GPA to remove academic warning.
SE1802851,Recovery,2,6.29,120,28,92,23.33,14.0,72,1,2,1,1,0,5,10,Medium,0,False,36.0,Complete at least 72 more credits. Complete all prerequisite courses. Retake failed courses as soon as possible. Improve GPA to remove academic warning.
SE1802852,Critical,3,3.69,120,42,78,35.0,14.0,58,8,5,3,2,2,6,24,High,1,False,0.0,Complete at least 58 more credits. Complete all prerequisite courses. Retake failed courses as soon as possible. Improve GPA to remove academic warning.
SE1802853,Average,3,6.63,120,53,67,44.17,17.67,47,3,3,0,0,0,6,8,Medium,0,False,51.5,Complete at least 47 more credits. Retake failed courses as soon as possible.
SE1802854,Average,2,6.55,120,42,78,35.0,21.0,58,2,4,1,1,0,5,11,High,1,False,36.0,Complete at least 58 more credits. Complete all prerequisite courses. Retake failed courses as soon as possible. Improve GPA to remove academic warning.
SE1802855,Good,3,7.48,120,60,60,50.0,20.0,40,1,2,0,0,0,5,5,Low,0,False,63.0,Complete at least 40 more credits. Retake failed courses as soon as possible.
SE1802856,Excellent,3,8.9,120,66,54,55.0,22.0,34,0,0,0,0,0,6,3,Low,0,False,73.0,Complete at least 34 more credits.
SE1802857,Good,1,7.81,120,22,98,18.33,22.0,78,0,2,1,0,0,5,6,Medium,0,False,41.0,Complete at least 78 more credits. Complete all prerequisite courses.
SE1802858,Average,8,6.38,120,113,7,94.17,14.12,0,2,2,1,0,0,8,5,Low,0,False,80.5,Complete all prerequisite courses. Retake failed courses as soon as possible.
SE1802859,Average,6,6.88,120,103,17,85.83,17.17,0,3,3,1,1,0,6,9,Medium,0,False,65.5,Complete all prerequisite courses. Retake failed courses as soon as possible. Improve GPA to remove academic warning.
SE1802860,Good,4,8.48,120,75,45,62.5,18.75,25,1,1,1,0,0,6,6,Medium,0,False,66.5,Complete at least 25 more credits. Complete all prerequisite courses. Retake failed courses as soon as possible.
SE1802861,Average,4,6.51,120,74,46,61.67,18.5,26,1,2,1,0,0,6,7,Medium,0,False,64.0,Complete at least 26 more credits. Complete all prerequisite courses. Retake failed courses as soon as possible.
SE1802862,Good,8,7.04,120,115,5,95.83,14.38,0,0,2,1,0,0,8,3,Low,0,False,87.5,Complete all prerequisite courses.
SE1802863,AtRisk,1,5.43,120,18,102,15.0,18.0,82,5,4,3,2,0,5,18,High,1,False,0.0,Complete at least 82 more credits. Complete all prerequisite courses. Retake failed courses as soon as possible. Improve GPA to remove academic warning.
SE1802864,Average,7,6.77,120,115,5,95.83,16.43,0,1,4,1,1,0,8,8,Medium,0,False,75.5,Complete all prerequisite courses. Retake failed courses as soon as possible. Improve GPA to remove academic warning.
SE1802865,Average,4,6.75,120,66,54,55.0,16.5,34,3,4,0,1,0,6,10,Medium,0,False,51.0,Complete at least 34 more credits. Retake failed courses as soon as possible. Improve GPA to remove academic warning.
SE1802866,Average,3,6.74,120,57,63,47.5,19.0,43,2,1,2,0,0,6,9,Medium,0,False,48.5,Complete at least 43 more credits. Complete all prerequisite courses. Retake failed courses as soon as possible.
SE1802867,AtRisk,8,5.12,120,113,7,94.17,14.12,0,3,4,3,1,1,8,15,High,1,False,48.5,Complete all prerequisite courses. Retake failed courses as soon as possible. Improve GPA to remove academic warning.
SE1802868,Average,7,6.91,120,109,11,90.83,15.57,0,1,2,0,0,0,8,3,Low,0,True,87.5,Retake failed courses as soon as possible.
SE1802869,Excellent,2,9.43,120,39,81,32.5,19.5,61,0,0,0,0,0,5,3,Low,0,False,59.5,Complete at least 61 more credits.
SE1802870,AtRisk,7,5.37,120,100,20,83.33,14.29,0,5,4,3,1,1,8,16,High,1,False,36.0,Complete all prerequisite courses. Retake failed courses as soon as possible. Improve GPA to remove academic warning.
SE1802871,Average,5,6.19,120,94,26,78.33,18.8,6,3,4,1,0,0,6,8,Medium,0,False,64.0,Complete at least 6 more credits. Complete all prerequisite courses. Retake failed courses as soon as possible.
SE1802872,Good,4,7.72,120,81,39,67.5,20.25,19,0,0,1,0,0,6,4,Low,0,False,74.5,Complete at least 19 more credits. Complete all prerequisite courses.
SE1802873,Good,4,8.41,120,71,49,59.17,17.75,29,0,0,0,0,0,6,2,Low,0,False,75.5,Complete at least 29 more credits.
SE1802874,Good,3,7.21,120,62,58,51.67,20.67,38,0,1,0,0,0,6,4,Low,0,False,69.0,Complete at least 38 more credits.
SE1802875,LateStarter,4,7.0,120,70,50,58.33,17.5,30,4,5,2,1,0,5,12,High,1,False,36.0,Complete at least 30 more credits. Complete all prerequisite courses. Retake failed courses as soon as possible. Improve GPA to remove academic warning.
SE1802876,Average,1,6.71,120,17,103,14.17,17.0,83,1,1,0,0,0,5,6,Medium,0,False,43.5,Complete at least 83 more credits. Retake failed courses as soon as possible.
SE1802877,Recovery,2,6.77,120,33,87,27.5,16.5,67,2,3,0,0,0,6,7,Medium,0,False,44.5,Complete at least 67 more credits. Retake failed courses as soon as possible.
SE1802878,Good,6,7.74,120,112,8,93.33,18.67,0,0,1,0,0,0,7,1,Low,0,True,94.0,You are ready for OJT.
SE1802879,Good,6,7.71,120,110,10,91.67,18.33,0,1,1,1,0,0,6,4,Low,0,False,84.0,Complete all prerequisite courses. Retake failed courses as soon as possible.
SE1802880,Good,5,7.81,120,96,24,80.0,19.2,4,0,1,0,0,0,6,2,Low,0,False,86.0,Complete at least 4 more credits.
SE1802881,AtRisk,3,5.48,120,41,79,34.17,13.67,59,5,3,1,1,0,5,15,High,1,False,28.5,Complete at least 59 more credits. Complete all prerequisite courses. Retake failed courses as soon as possible. Improve GPA to remove academic warning.
SE1802882,AtRisk,5,5.0,120,83,37,69.17,16.6,17,4,5,2,2,0,7,16,High,1,False,37.5,Complete at least 17 more credits. Complete all prerequisite courses. Retake failed courses as soon as possible. Improve GPA to remove academic warning.
SE1802883,Good,4,7.2,120,81,39,67.5,20.25,19,0,0,1,0,0,5,4,Low,0,False,74.5,Complete at least 19 more credits. Complete all prerequisite courses.
SE1802884,Critical,3,4.6,120,40,80,33.33,13.33,60,5,7,2,3,2,6,23,High,1,False,0.0,Complete at least 60 more credits. Complete all prerequisite courses. Retake failed courses as soon as possible. Improve GPA to remove academic warning.
SE1802885,Good,6,7.34,120,111,9,92.5,18.5,0,1,0,1,0,0,6,3,Low,0,False,86.5,Complete all prerequisite courses. Retake failed courses as soon as possible.
SE1802886,Good,5,7.55,120,95,25,79.17,19.0,5,0,0,0,0,0,7,1,Low,0,False,87.5,Complete at least 5 more credits.
SE1802887,Excellent,2,8.89,120,43,77,35.83,21.5,57,0,0,0,0,0,5,3,Low,0,False,61.5,Complete at least 57 more credits.
SE1802888,Good,5,7.51,120,99,21,82.5,19.8,1,0,2,1,0,0,7,4,Low,0,False,79.5,Complete at least 1 more credits. Complete all prerequisite courses.
SE1802889,Excellent,2,9.15,120,45,75,37.5,22.5,55,0,0,0,0,0,5,3,Low,0,False,62.5,Complete at least 55 more credits.
SE1802890,Average,1,6.84,120,17,103,14.17,17.0,83,3,3,0,0,0,5,8,Medium,0,False,33.5,Complete at least 83 more credits. Retake failed courses as soon as possible.
SE1802891,LateStarter,4,6.2,120,63,57,52.5,15.75,37,4,3,1,1,0,5,12,High,1,False,42.5,Complete at least 37 more credits. Complete all prerequisite courses. Retake failed courses as soon as possible. Improve GPA to remove academic warning.
SE1802892,Good,7,7.94,120,113,7,94.17,16.14,0,1,0,0,0,0,8,1,Low,0,True,93.5,Retake failed courses as soon as possible.
SE1802893,AtRisk,5,5.08,120,73,47,60.83,14.6,27,3,6,2,2,1,6,18,High,1,False,25.5,Complete at least 27 more credits. Complete all prerequisite courses. Retake failed courses as soon as possible. Improve GPA to remove academic warning.
SE1802894,LateStarter,7,7.11,120,106,14,88.33,15.14,0,4,5,0,1,0,8,7,Medium,0,True,66.0,Retake failed courses as soon as possible. Improve GPA to remove academic warning.
SE1802895,Good,4,7.12,120,82,38,68.33,20.5,18,0,2,0,0,0,6,3,Low,0,False,77.0,Complete at least 18 more credits.
SE1802896,AtRisk,3,5.91,120,42,78,35.0,14.0,58,5,6,2,1,1,6,19,High,1,False,9.0,Complete at least 58 more credits. Complete all prerequisite courses. Retake failed courses as soon as possible. Improve GPA to remove academic warning.
SE1802897,Good,3,7.94,120,55,65,45.83,18.33,45,1,2,1,0,0,6,7,Medium,0,False,54.5,Complete at least 45 more credits. Complete all prerequisite courses. Retake failed courses as soon as possible.
SE1802898,Good,2,8.35,120,46,74,38.33,23.0,54,1,0,0,0,0,5,4,Low,0,False,60.0,Complete at least 54 more credits. Retake failed courses as soon as possible.
SE1802899,Good,4,7.03,120,72,48,60.0,18.0,28,0,1,1,0,0,5,5,Low,0,False,68.0,Complete at least 28 more credits. Complete all prerequisite courses.
SE1802900,AtRisk,5,5.01,120,70,50,58.33,14.0,30,4,5,2,1,1,7,17,High,1,False,28.0,Complete at least 30 more credits. Complete all prerequisite courses. Retake failed courses as soon as possible. Improve GPA to remove academic warning.
SE1802901,Good,6,7.6,120,111,9,92.5,18.5,0,0,0,1,0,0,6,2,Low,0,False,89.5,Complete all prerequisite courses.
SE1802902,Good,6,7.34,120,109,11,90.83,18.17,0,0,2,1,0,0,7,3,Low,0,False,84.5,Complete all prerequisite courses.
SE1802903,Good,3,8.41,120,51,69,42.5,17.0,49,1,0,0,0,0,5,4,Low,0,False,62.5,Complete at least 49 more credits. Retake failed courses as soon as possible.
SE1802904,Good,7,7.49,120,117,3,97.5,16.71,0,0,0,0,0,0,8,0,Low,0,True,98.5,You are ready for OJT.
SE1802905,Recovery,6,6.02,120,95,25,79.17,15.83,5,2,3,1,0,0,6,7,Medium,0,False,69.5,Complete at least 5 more credits. Complete all prerequisite courses. Retake failed courses as soon as possible.
SE1802906,AtRisk,7,5.64,120,102,18,85.0,14.57,0,5,6,3,2,1,8,18,High,1,False,28.0,Complete all prerequisite courses. Retake failed courses as soon as possible. Improve GPA to remove academic warning.
SE1802907,AtRisk,6,5.08,120,93,27,77.5,15.5,7,3,3,1,1,1,6,14,High,1,False,52.5,Complete at least 7 more credits. Complete all prerequisite courses. Retake failed courses as soon as possible. Improve GPA to remove academic warning.
SE1802908,AtRisk,4,5.77,120,62,58,51.67,15.5,38,4,3,1,1,0,5,14,High,1,False,42.0,Complete at least 38 more credits. Complete all prerequisite courses. Retake failed courses as soon as possible. Improve GPA to remove academic warning.
SE1802909,Average,5,6.63,120,93,27,77.5,18.6,7,2,4,1,0,0,7,7,Medium,0,False,66.5,Complete at least 7 more credits. Complete all prerequisite courses. Retake failed courses as soon as possible.
SE1802910,Good,4,7.37,120,79,41,65.83,19.75,21,1,1,1,0,0,5,6,Medium,0,False,68.5,Complete at least 21 more credits. Complete all prerequisite courses. Retake failed courses as soon as possible.
SE1802911,Average,2,6.61,120,39,81,32.5,19.5,61,1,1,2,1,0,6,11,High,1,False,37.5,Complete at least 61 more credits. Complete all prerequisite courses. Retake failed courses as soon as possible. Improve GPA to remove academic warning.
SE1802912,AtRisk,3,5.57,120,45,75,37.5,15.0,55,3,5,1,2,0,6,16,High,1,False,27.5,Complete at least 55 more credits. Complete all prerequisite courses. Retake failed courses as soon as possible. Improve GPA to remove academic warning.
SE1802913,Good,3,8.16,120,59,61,49.17,19.67,41,0,2,1,0,0,5,6,Medium,0,False,59.5,Complete at least 41 more credits. Complete all prerequisite courses.
SE1802914,Good,3,8.23,120,63,57,52.5,21.0,37,0,0,0,0,0,5,3,Low,0,False,71.5,Complete at least 37 more credits.
SE1802915,Good,3,8.34,120,60,60,50.0,20.0,40,0,0,0,0,0,6,3,Low,0,False,70.0,Complete at least 40 more credits.
SE1802916,Good,3,7.44,120,57,63,47.5,19.0,43,1,0,1,0,0,5,6,Medium,0,False,59.5,Complete at least 43 more credits. Complete all prerequisite courses. Retake failed courses as soon as possible.
SE1802917,Excellent,3,8.57,120,55,65,45.83,18.33,45,0,0,0,0,0,6,3,Low,0,False,67.5,Complete at least 45 more credits.
SE1802918,Excellent,1,9.56,120,20,100,16.67,20.0,80,0,0,0,0,0,5,3,Low,0,False,50.0,Complete at least 80 more credits.
SE1802919,Good,3,7.96,120,60,60,50.0,20.0,40,1,1,1,0,0,5,7,Medium,0,False,59.0,Complete at least 40 more credits. Complete all prerequisite courses. Retake failed courses as soon as possible.
SE1802920,Average,3,6.8,120,58,62,48.33,19.33,42,1,2,1,0,0,6,8,Medium,0,False,56.0,Complete at least 42 more credits. Complete all prerequisite courses. Retake failed courses as soon as possible.
SE1802921,AtRisk,2,5.09,120,27,93,22.5,13.5,73,5,5,1,2,0,6,17,High,1,False,12.5,Complete at least 73 more credits. Complete all prerequisite courses. Retake failed courses as soon as possible. Improve GPA to remove academic warning.
SE1802922,Average,3,6.75,120,46,74,38.33,15.33,54,3,4,0,1,0,6,10,Medium,0,False,41.0,Complete at least 54 more credits. Retake failed courses as soon as possible. Improve GPA to remove academic warning.
SE1802923,Good,7,8.33,120,114,6,95.0,16.29,0,1,0,0,0,0,8,1,Low,0,True,94.0,Retake failed courses as soon as possible.
SE1802924,Average,1,6.78,120,16,104,13.33,16.0,84,3,4,0,0,0,6,8,Medium,0,False,31.0,Complete at least 84 more credits. Retake failed courses as soon as possible.
SE1802925,Good,2,8.3,120,34,86,28.33,17.0,66,1,1,0,0,0,6,5,Low,0,False,52.0,Complete at least 66 more credits. Retake failed courses as soon as possible.
SE1802926,Good,3,7.84,120,56,64,46.67,18.67,44,1,2,1,0,0,5,7,Medium,0,False,55.0,Complete at least 44 more credits. Complete all prerequisite courses. Retake failed courses as soon as possible.
SE1802927,Good,5,8.03,120,94,26,78.33,18.8,6,0,2,0,0,0,6,2,Low,0,False,83.0,Complete at least 6 more credits.
SE1802928,Excellent,3,9.63,120,65,55,54.17,21.67,35,0,0,0,0,0,5,3,Low,0,False,72.5,Complete at least 35 more credits.
SE1802929,Average,3,6.28,120,51,69,42.5,17.0,49,3,1,1,0,0,6,9,Medium,0,False,48.5,Complete at least 49 more credits. Complete all prerequisite courses. Retake failed courses as soon as possible.
SE1802930,LateStarter,4,6.74,120,66,54,55.0,16.5,34,2,4,1,0,0,5,9,Medium,0,False,53.0,Complete at least 34 more credits. Complete all prerequisite courses. Retake failed courses as soon as possible.
SE1802931,Average,4,6.98,120,65,55,54.17,16.25,35,2,4,0,0,0,6,7,Medium,0,False,58.5,Complete at least 35 more credits. Retake failed courses as soon as possible.
SE1802932,Recovery,5,5.96,120,78,42,65.0,15.6,22,1,4,1,1,0,6,12,High,1,False,57.0,Complete at least 22 more credits. Complete all prerequisite courses. Retake failed courses as soon as possible. Improve GPA to remove academic warning.
SE1802933,Average,4,6.28,120,74,46,61.67,18.5,26,3,2,2,0,0,5,9,Medium,0,False,52.0,Complete at least 26 more credits. Complete all prerequisite courses. Retake failed courses as soon as possible.
SE1802934,AtRisk,5,5.94,120,84,36,70.0,16.8,16,5,5,1,2,1,7,18,High,1,False,33.0,Complete at least 16 more credits. Complete all prerequisite courses. Retake failed courses as soon as possible. Improve GPA to remove academic warning.
SE1802935,Average,3,6.46,120,46,74,38.33,15.33,54,2,4,1,1,0,6,11,High,1,False,38.0,Complete at least 54 more credits. Complete all prerequisite courses. Retake failed courses as soon as possible. Improve GPA to remove academic warning.
SE1802936,Good,4,7.62,120,73,47,60.83,18.25,27,0,2,1,0,0,5,5,Low,0,False,66.5,Complete at least 27 more credits. Complete all prerequisite courses.
SE1802937,Average,4,6.04,120,71,49,59.17,17.75,29,2,2,1,0,0,5,7,Medium,0,False,59.5,Complete at least 29 more credits. Complete all prerequisite courses. Retake failed courses as soon as possible.
SE1802938,Recovery,5,6.01,120,80,40,66.67,16.0,20,1,4,0,0,0,7,6,Medium,0,False,69.0,Complete at least 20 more credits. Retake failed courses as soon as possible.
SE1802939,Average,5,6.21,120,95,25,79.17,19.0,5,3,4,1,0,0,6,8,Medium,0,False,64.5,Complete at least 5 more credits. Complete all prerequisite courses. Retake failed courses as soon as possible.
SE1802940,Excellent,4,9.34,120,73,47,60.83,18.25,27,0,0,0,0,0,6,2,Low,0,False,76.5,Complete at least 27 more credits.
SE1802941,Average,1,6.1,120,18,102,15.0,18.0,82,3,1,0,1,0,6,9,Medium,0,False,33.0,Complete at least 82 more credits. Retake failed courses as soon as possible. Improve GPA to remove academic warning.
SE1802942,Good,5,8.49,120,92,28,76.67,18.4,8,0,2,0,0,0,7,2,Low,0,False,82.0,Complete at least 8 more credits.
SE1802943,Average,3,6.5,120,47,73,39.17,15.67,53,2,4,0,1,0,5,9,Medium,0,False,44.5,Complete at least 53 more credits. Retake failed courses as soon as possible. Improve GPA to remove academic warning.
SE1802944,Good,6,7.42,120,108,12,90.0,18.0,0,0,2,0,0,0,6,1,Low,0,True,90.0,You are ready for OJT.
SE1802945,Good,3,7.92,120,59,61,49.17,19.67,41,0,0,1,0,0,6,5,Low,0,False,63.5,Complete at least 41 more credits. Complete all prerequisite courses.
SE1802946,LateStarter,5,6.84,120,88,32,73.33,17.6,12,3,5,1,0,0,6,9,Medium,0,False,59.0,Complete at least 12 more credits. Complete all prerequisite courses. Retake failed courses as soon as possible.
SE1802947,Good,4,8.19,120,70,50,58.33,17.5,30,0,1,0,0,0,6,3,Low,0,False,73.0,Complete at least 30 more credits.
SE1802948,Excellent,3,8.87,120,56,64,46.67,18.67,44,0,0,0,0,0,6,3,Low,0,False,68.0,Complete at least 44 more credits.
SE1802949,Average,6,6.94,120,97,23,80.83,16.17,3,2,1,2,1,0,7,9,Medium,0,False,63.5,Complete at least 3 more credits. Complete all prerequisite courses. Retake failed courses as soon as possible. Improve GPA to remove academic warning.
SE1802950,Good,4,7.94,120,80,40,66.67,20.0,20,0,1,0,0,0,6,3,Low,0,False,78.0,Complete at least 20 more credits.
SE1802951,Excellent,4,8.67,120,74,46,61.67,18.5,26,0,0,0,0,0,6,2,Low,0,False,77.0,Complete at least 26 more credits.
SE1802952,Average,1,6.55,120,17,103,14.17,17.0,83,2,1,1,0,0,6,8,Medium,0,False,34.5,Complete at least 83 more credits. Complete all prerequisite courses. Retake failed courses as soon as possible.
SE1802953,Average,6,6.8,120,101,19,84.17,16.83,0,2,3,0,0,0,6,4,Low,0,True,78.5,Retake failed courses as soon as possible.
SE1802954,AtRisk,3,5.55,120,40,80,33.33,13.33,60,5,6,1,1,0,6,16,High,1,False,22.0,Complete at least 60 more credits. Complete all prerequisite courses. Retake failed courses as soon as possible. Improve GPA to remove academic warning.
SE1802955,Good,2,7.55,120,37,83,30.83,18.5,63,0,0,0,0,0,6,3,Low,0,False,58.5,Complete at least 63 more credits.
SE1802956,Average,6,6.91,120,95,25,79.17,15.83,5,3,2,2,1,0,7,10,Medium,0,False,57.5,Complete at least 5 more credits. Complete all prerequisite courses. Retake failed courses as soon as possible. Improve GPA to remove academic warning.
SE1802957,Excellent,3,9.9,120,66,54,55.0,22.0,34,0,0,0,0,0,6,3,Low,0,False,73.0,Complete at least 34 more credits.
SE1802958,LateStarter,5,6.34,120,87,33,72.5,17.4,13,4,5,1,0,0,6,9,Medium,0,False,55.5,Complete at least 13 more credits. Complete all prerequisite courses. Retake failed courses as soon as possible.
SE1802959,LateStarter,3,6.28,120,37,83,30.83,12.33,63,2,2,2,0,0,5,9,Medium,0,False,36.5,Complete at least 63 more credits. Complete all prerequisite courses. Retake failed courses as soon as possible.
SE1802960,Good,7,7.51,120,109,11,90.83,15.57,0,0,0,1,0,0,8,2,Low,0,False,88.5,Complete all prerequisite courses.
SE1802961,Critical,5,3.96,120,69,51,57.5,13.8,31,5,7,3,2,2,6,24,High,1,False,1.5,Complete at least 31 more credits. Complete all prerequisite courses. Retake failed courses as soon as possible. Improve GPA to remove academic warning.
SE1802962,AtRisk,7,5.45,120,101,19,84.17,14.43,0,5,6,3,1,0,8,15,High,1,False,40.5,Complete all prerequisite courses. Retake failed courses as soon as possible. Improve GPA to remove academic warning.
SE1802963,Excellent,2,9.71,120,41,79,34.17,20.5,59,0,0,0,0,0,5,3,Low,0,False,60.5,Complete at least 59 more credits.
SE1802964,Average,5,6.47,120,88,32,73.33,17.6,12,1,4,2,1,0,6,10,Medium,0,False,56.0,Complete at least 12 more credits. Complete all prerequisite courses. Retake failed courses as soon as possible. Improve GPA to remove academic warning.
SE1802965,Good,8,7.67,120,116,4,96.67,14.5,0,1,0,0,0,0,8,1,Low,0,True,95.0,Retake failed courses as soon as possible.
SE1802966,AtRisk,4,5.96,120,59,61,49.17,14.75,41,3,4,3,2,1,5,19,High,1,False,16.5,Complete at least 41 more credits. Complete all prerequisite courses. Retake failed courses as soon as possible. Improve GPA to remove academic warning.
SE1802967,Excellent,4,8.84,120,78,42,65.0,19.5,22,0,0,0,0,0,6,2,Low,0,False,79.0,Complete at least 22 more credits.
SE1802968,Average,7,6.24,120,101,19,84.17,14.43,0,1,1,2,1,0,8,8,Medium,0,False,68.5,Complete all prerequisite courses. Retake failed courses as soon as possible. Improve GPA to remove academic warning.
SE1802969,Good,6,7.25,120,103,17,85.83,17.17,0,1,0,1,0,0,6,3,Low,0,False,82.5,Complete all prerequisite courses. Retake failed courses as soon as possible.
SE1802970,Good,3,7.78,120,57,63,47.5,19.0,43,1,2,1,0,0,5,7,Medium,0,False,55.5,Complete at least 43 more credits. Complete all prerequisite courses. Retake failed courses as soon as possible.
SE1802971,Average,6,6.24,120,95,25,79.17,15.83,5,1,1,1,1,0,6,8,Medium,0,False,71.5,Complete at least 5 more credits. Complete all prerequisite courses. Retake failed courses as soon as possible. Improve GPA to remove academic warning.
SE1802972,Average,7,6.76,120,107,13,89.17,15.29,0,3,4,1,1,0,8,9,Medium,0,False,65.5,Complete all prerequisite courses. Retake failed courses as soon as possible. Improve GPA to remove academic warning.
SE1802973,AtRisk,6,5.92,120,96,24,80.0,16.0,4,5,3,1,1,1,6,15,High,1,False,48.0,Complete at least 4 more credits. Complete all prerequisite courses. Retake failed courses as soon as possible. Improve GPA to remove academic warning.
SE1802974,Average,5,6.82,120,81,39,67.5,16.2,19,2,1,0,0,0,7,5,Low,0,False,72.5,Complete at least 19 more credits. Retake failed courses as soon as possible.
SE1802975,Good,7,8.21,120,113,7,94.17,16.14,0,1,1,1,0,0,8,4,Low,0,False,85.5,Complete all prerequisite courses. Retake failed courses as soon as possible.
SE1802976,Good,5,7.45,120,97,23,80.83,19.4,3,1,2,1,0,0,6,5,Low,0,False,75.5,Complete at least 3 more credits. Complete all prerequisite courses. Retake failed courses as soon as possible.
SE1802977,Average,2,6.77,120,30,90,25.0,15.0,70,1,2,1,0,0,5,8,Medium,0,False,42.0,Complete at least 70 more credits. Complete all prerequisite courses. Retake failed courses as soon as possible.
SE1802978,Good,5,7.87,120,90,30,75.0,18.0,10,1,2,1,0,0,7,5,Low,0,False,72.0,Complete at least 10 more credits. Complete all prerequisite courses. Retake failed courses as soon as possible.
SE1802979,AtRisk,7,5.61,120,106,14,88.33,15.14,0,3,3,2,1,1,8,14,High,1,False,53.0,Complete all prerequisite courses. Retake failed courses as soon as possible. Improve GPA to remove academic warning.
SE1802980,AtRisk,5,5.15,120,84,36,70.0,16.8,16,4,4,1,2,1,7,16,High,1,False,38.0,Complete at least 16 more credits. Complete all prerequisite courses. Retake failed courses as soon as possible. Improve GPA to remove academic warning.
SE1802981,LateStarter,3,6.82,120,50,70,41.67,16.67,50,4,5,2,1,0,6,14,High,1,False,26.0,Complete at least 50 more credits. Complete all prerequisite courses. Retake failed courses as soon as possible. Improve GPA to remove academic warning.
SE1802982,AtRisk,8,5.95,120,108,12,90.0,13.5,0,5,4,1,2,1,8,15,High,1,False,47.0,Complete all prerequisite courses. Retake failed courses as soon as possible. Improve GPA to remove academic warning.
SE1802983,Average,1,6.01,120,18,102,15.0,18.0,82,3,1,1,0,0,6,9,Medium,0,False,32.0,Complete at least 82 more credits. Complete all prerequisite courses. Retake failed courses as soon as possible.
SE1802984,Average,2,6.71,120,36,84,30.0,18.0,64,1,3,0,1,0,6,9,Medium,0,False,44.0,Complete at least 64 more credits. Retake failed courses as soon as possible. Improve GPA to remove academic warning.
SE1802985,AtRisk,4,5.4,120,68,52,56.67,17.0,32,5,6,1,1,1,6,18,High,1,False,28.0,Complete at least 32 more credits. Complete all prerequisite courses. Retake failed courses as soon as possible. Improve GPA to remove academic warning.
SE1802986,Good,1,8.3,120,22,98,18.33,22.0,78,0,1,0,0,0,6,4,Low,0,False,49.0,Complete at least 78 more credits.
SE1802987,Good,5,8.44,120,93,27,77.5,18.6,7,1,0,0,0,0,6,2,Low,0,False,83.5,Complete at least 7 more credits. Retake failed courses as soon as possible.
SE1802988,Good,2,7.07,120,35,85,29.17,17.5,65,0,2,0,0,0,6,4,Low,0,False,53.5,Complete at least 65 more credits.
SE1802989,Excellent,2,9.38,120,39,81,32.5,19.5,61,0,0,0,0,0,5,3,Low,0,False,59.5,Complete at least 61 more credits.
SE1802990,Excellent,5,9.33,120,94,26,78.33,18.8,6,0,0,0,0,0,7,1,Low,0,False,87.0,Complete at least 6 more credits.
SE1802991,Good,5,7.32,120,88,32,73.33,17.6,12,1,2,1,0,0,7,5,Low,0,False,71.0,Complete at least 12 more credits. Complete all prerequisite courses. Retake failed courses as soon as possible.
SE1802992,Recovery,3,6.79,120,55,65,45.83,18.33,45,2,3,1,0,0,5,9,Medium,0,False,49.5,Complete at least 45 more credits. Complete all prerequisite courses. Retake failed courses as soon as possible.
SE1802993,LateStarter,6,6.73,120,96,24,80.0,16.0,4,2,2,1,0,0,7,6,Medium,0,False,72.0,Complete at least 4 more credits. Complete all prerequisite courses. Retake failed courses as soon as possible.
SE1802994,AtRisk,2,5.38,120,34,86,28.33,17.0,66,5,4,1,1,0,6,15,High,1,False,23.0,Complete at least 66 more credits. Complete all prerequisite courses. Retake failed courses as soon as possible. Improve GPA to remove academic warning.
SE1802995,Good,2,7.94,120,43,77,35.83,21.5,57,0,1,0,0,0,6,4,Low,0,False,59.5,Complete at least 57 more credits.
SE1802996,AtRisk,4,5.01,120,57,63,47.5,14.25,43,3,4,3,1,0,5,16,High,1,False,28.5,Complete at least 43 more credits. Complete all prerequisite courses. Retake failed courses as soon as possible. Improve GPA to remove academic warning.
SE1802997,LateStarter,2,7.1,120,24,96,20.0,12.0,76,4,5,1,0,0,6,10,Medium,0,False,24.0,Complete at least 76 more credits. Complete all prerequisite courses. Retake failed courses as soon as possible.
SE1802998,Critical,3,4.37,120,37,83,30.83,12.33,63,7,6,2,3,1,6,21,High,1,False,0.0,Complete at least 63 more credits. Complete all prerequisite courses. Retake failed courses as soon as possible. Improve GPA to remove academic warning.
SE1802999,AtRisk,3,5.68,120,40,80,33.33,13.33,60,3,6,3,2,0,5,18,High,1,False,11.0,Complete at least 60 more credits. Complete all prerequisite courses. Retake failed courses as soon as possible. Improve GPA to remove academic warning.
SE1803000,Excellent,6,8.83,120,105,15,87.5,17.5,0,0,0,0,0,0,7,0,Low,0,True,92.5,You are ready for OJT.
SE1803001,Average,6,6.31,120,103,17,85.83,17.17,0,3,1,2,1,0,7,9,Medium,0,False,63.5,Complete all prerequisite courses. Retake failed courses as soon as possible. Improve GPA to remove academic warning.
SE1803002,Average,7,6.05,120,111,9,92.5,15.86,0,3,1,2,0,0,8,7,Medium,0,False,72.5,Complete all prerequisite courses. Retake failed courses as soon as possible.
SE1803003,AtRisk,3,5.39,120,39,81,32.5,13.0,61,4,4,1,2,0,6,15,High,1,False,23.5,Complete at least 61 more credits. Complete all prerequisite courses. Retake failed courses as soon as possible. Improve GPA to remove academic warning.
SE1803004,Good,1,7.22,120,20,100,16.67,20.0,80,1,0,0,0,0,6,4,Low,0,False,47.0,Complete at least 80 more credits. Retake failed courses as soon as possible.
SE1803005,Average,5,6.94,120,94,26,78.33,18.8,6,1,4,2,0,0,7,8,Medium,0,False,64.0,Complete at least 6 more credits. Complete all prerequisite courses. Retake failed courses as soon as possible.
SE1803006,Critical,3,4.02,120,37,83,30.83,12.33,63,6,7,4,3,2,5,24,High,1,False,0.0,Complete at least 63 more credits. Complete all prerequisite courses. Retake failed courses as soon as possible. Improve GPA to remove academic warning.
SE1803007,Excellent,4,8.82,120,78,42,65.0,19.5,22,0,0,0,0,0,6,2,Low,0,False,79.0,Complete at least 22 more credits.
SE1803008,Good,5,8.29,120,89,31,74.17,17.8,11,0,0,1,0,0,6,3,Low,0,False,78.5,Complete at least 11 more credits. Complete all prerequisite courses.
SE1803009,Good,6,7.81,120,105,15,87.5,17.5,0,1,0,0,0,0,7,1,Low,0,True,89.5,Retake failed courses as soon as possible.
SE1803010,LateStarter,5,6.71,120,85,35,70.83,17.0,15,2,2,0,1,0,6,6,Medium,0,False,67.5,Complete at least 15 more credits. Retake failed courses as soon as possible. Improve GPA to remove academic warning.
SE1803011,Good,4,8.07,120,73,47,60.83,18.25,27,1,2,1,0,0,5,6,Medium,0,False,63.5,Complete at least 27 more credits. Complete all prerequisite courses. Retake failed courses as soon as possible.
SE1803012,Average,1,6.61,120,16,104,13.33,16.0,84,3,3,0,1,0,5,10,Medium,0,False,28.0,Complete at least 84 more credits. Retake failed courses as soon as possible. Improve GPA to remove academic warning.
SE1803013,Average,5,6.49,120,93,27,77.5,18.6,7,1,4,1,0,0,7,7,Medium,0,False,69.5,Complete at least 7 more credits. Complete all prerequisite courses. Retake failed courses as soon as possible.
SE1803014,Good,2,8.06,120,34,86,28.33,17.0,66,1,0,0,0,0,6,4,Low,0,False,54.0,Complete at least 66 more credits. Retake failed courses as soon as possible.
SE1803015,AtRisk,2,5.87,120,27,93,22.5,13.5,73,5,3,1,1,1,5,17,High,1,False,13.5,Complete at least 73 more credits. Complete all prerequisite courses. Retake failed courses as soon as possible. Improve GPA to remove academic warning.
SE1803016,LateStarter,2,6.44,120,22,98,18.33,11.0,78,2,3,0,0,0,5,7,Medium,0,False,39.0,Complete at least 78 more credits. Retake failed courses as soon as possible.
SE1803017,Critical,5,3.79,120,69,51,57.5,13.8,31,7,6,4,2,2,6,24,High,1,False,0.0,Complete at least 31 more credits. Complete all prerequisite courses. Retake failed courses as soon as possible. Improve GPA to remove academic warning.
SE1803018,AtRisk,5,5.86,120,71,49,59.17,14.2,29,4,6,1,1,1,7,16,High,1,False,32.5,Complete at least 29 more credits. Complete all prerequisite courses. Retake failed courses as soon as possible. Improve GPA to remove academic warning.
SE1803019,Average,6,6.47,120,101,19,84.17,16.83,0,1,2,0,0,0,7,3,Low,0,True,83.5,Retake failed courses as soon as possible.
SE1803020,Good,3,8.4,120,56,64,46.67,18.67,44,0,1,1,0,0,5,6,Medium,0,False,60.0,Complete at least 44 more credits. Complete all prerequisite courses.
SE1803021,Excellent,4,8.94,120,83,37,69.17,20.75,17,0,0,0,0,0,6,2,Low,0,False,81.5,Complete at least 17 more credits.
SE1803022,Average,2,6.94,120,41,79,34.17,20.5,59,1,1,2,0,0,5,9,Medium,0,False,43.5,Complete at least 59 more credits. Complete all prerequisite courses. Retake failed courses as soon as possible.
SE1803023,Good,1,8.22,120,22,98,18.33,22.0,78,1,2,1,0,0,5,7,Medium,0,False,38.0,Complete at least 78 more credits. Complete all prerequisite courses. Retake failed courses as soon as possible.
SE1803024,Good,3,7.49,120,52,68,43.33,17.33,48,0,2,0,0,0,6,4,Low,0,False,62.0,Complete at least 48 more credits.
SE1803025,Average,4,6.97,120,74,46,61.67,18.5,26,3,3,0,1,0,5,9,Medium,0,False,57.0,Complete at least 26 more credits. Retake failed courses as soon as possible. Improve GPA to remove academic warning.
SE1803026,LateStarter,6,6.51,120,104,16,86.67,17.33,0,2,4,2,0,0,6,7,Medium,0,False,66.0,Complete all prerequisite courses. Retake failed courses as soon as possible.
SE1803027,AtRisk,2,5.91,120,36,84,30.0,18.0,64,3,5,2,2,0,6,17,High,1,False,17.0,Complete at least 64 more credits. Complete all prerequisite courses. Retake failed courses as soon as possible. Improve GPA to remove academic warning.
SE1803028,Average,4,6.53,120,72,48,60.0,18.0,28,1,2,0,1,0,5,7,Medium,0,False,64.0,Complete at least 28 more credits. Retake failed courses as soon as possible. Improve GPA to remove academic warning.
SE1803029,LateStarter,1,7.11,120,14,106,11.67,14.0,86,4,2,2,1,0,6,11,High,1,False,14.0,Complete at least 86 more credits. Complete all prerequisite courses. Retake failed courses as soon as possible. Improve GPA to remove academic warning.
SE1803030,Excellent,6,9.77,120,107,13,89.17,17.83,0,0,0,0,0,0,7,0,Low,0,True,93.5,You are ready for OJT.
SE1803031,Average,3,6.32,120,57,63,47.5,19.0,43,2,4,1,1,0,6,11,High,1,False,43.5,Complete at least 43 more credits. Complete all prerequisite courses. Retake failed courses as soon as possible. Improve GPA to remove academic warning.
SE1803032,Average,8,6.09,120,118,2,98.33,14.75,0,1,4,2,0,0,8,7,Medium,0,False,76.0,Complete all prerequisite courses. Retake failed courses as soon as possible.
SE1803033,AtRisk,5,5.46,120,72,48,60.0,14.4,28,4,5,2,1,0,7,15,High,1,False,37.0,Complete at least 28 more credits. Complete all prerequisite courses. Retake failed courses as soon as possible. Improve GPA to remove academic warning.
SE1803034,Excellent,5,9.84,120,101,19,84.17,20.2,0,0,0,0,0,0,6,0,Low,0,True,90.5,You are ready for OJT.
SE1803035,Good,3,7.56,120,58,62,48.33,19.33,42,1,0,0,0,0,6,4,Low,0,False,66.0,Complete at least 42 more credits. Retake failed courses as soon as possible.
SE1803036,Average,5,6.13,120,87,33,72.5,17.4,13,1,4,1,1,0,6,9,Medium,0,False,61.5,Complete at least 13 more credits. Complete all prerequisite courses. Retake failed courses as soon as possible. Improve GPA to remove academic warning.
SE1803037,AtRisk,5,5.57,120,83,37,69.17,16.6,17,5,4,2,1,1,7,17,High,1,False,33.5,Complete at least 17 more credits. Complete all prerequisite courses. Retake failed courses as soon as possible. Improve GPA to remove academic warning.
SE1803038,Recovery,7,6.66,120,105,15,87.5,15.0,0,1,4,1,1,0,8,8,Medium,0,False,70.5,Complete all prerequisite courses. Retake failed courses as soon as possible. Improve GPA to remove academic warning.
SE1803039,Average,5,6.95,120,92,28,76.67,18.4,8,3,1,2,1,0,7,10,Medium,0,False,58.0,Complete at least 8 more credits. Complete all prerequisite courses. Retake failed courses as soon as possible. Improve GPA to remove academic warning.
SE1803040,Good,3,8.06,120,64,56,53.33,21.33,36,0,2,0,0,0,6,4,Low,0,False,68.0,Complete at least 36 more credits.
SE1803041,Average,5,6.97,120,89,31,74.17,17.8,11,2,3,1,1,0,7,9,Medium,0,False,61.5,Complete at least 11 more credits. Complete all prerequisite courses. Retake failed courses as soon as possible. Improve GPA to remove academic warning.
SE1803042,Good,7,7.67,120,117,3,97.5,16.71,0,0,2,1,0,0,8,3,Low,0,False,88.5,Complete all prerequisite courses.
SE1803043,Average,7,6.28,120,107,13,89.17,15.29,0,2,4,1,0,0,8,6,Medium,0,False,73.5,Complete all prerequisite courses. Retake failed courses as soon as possible.
SE1803044,Excellent,6,8.89,120,110,10,91.67,18.33,0,0,0,0,0,0,7,0,Low,0,True,95.0,You are ready for OJT.
SE1803045,Average,3,6.5,120,48,72,40.0,16.0,52,3,4,1,1,0,6,12,High,1,False,36.0,Complete at least 52 more credits. Complete all prerequisite courses. Retake failed courses as soon as possible. Improve GPA to remove academic warning.
SE1803046,Average,3,6.82,120,49,71,40.83,16.33,51,3,1,1,0,0,6,9,Medium,0,False,47.5,Complete at least 51 more credits. Complete all prerequisite courses. Retake failed courses as soon as possible.
SE1803047,Average,2,6.68,120,37,83,30.83,18.5,63,2,4,0,0,0,5,7,Medium,0,False,44.5,Complete at least 63 more credits. Retake failed courses as soon as possible.
SE1803048,Average,1,6.5,120,17,103,14.17,17.0,83,2,2,0,0,0,6,6,Medium,0,False,38.5,Complete at least 83 more credits. Retake failed courses as soon as possible.
SE1803049,Good,3,7.28,120,59,61,49.17,19.67,41,1,0,1,0,0,5,6,Medium,0,False,60.5,Complete at least 41 more credits. Complete all prerequisite courses. Retake failed courses as soon as possible.
SE1803050,Excellent,8,8.71,120,120,0,100.0,15.0,0,0,0,0,0,0,8,0,Low,0,True,100.0,You are ready for OJT.
SE1803051,Good,5,8.06,120,100,20,83.33,20.0,0,0,1,1,0,0,6,3,Low,0,False,82.0,Complete all prerequisite courses.
SE1803052,Good,7,7.37,120,115,5,95.83,16.43,0,1,0,1,0,0,8,3,Low,0,False,88.5,Complete all prerequisite courses. Retake failed courses as soon as possible.
SE1803053,Critical,5,4.56,120,65,55,54.17,13.0,35,7,7,4,3,1,6,22,High,1,False,0.0,Complete at least 35 more credits. Complete all prerequisite courses. Retake failed courses as soon as possible. Improve GPA to remove academic warning.
SE1803054,Excellent,4,9.21,120,73,47,60.83,18.25,27,0,0,0,0,0,6,2,Low,0,False,76.5,Complete at least 27 more credits.
SE1803055,AtRisk,6,5.11,120,87,33,72.5,14.5,13,3,4,3,1,0,7,14,High,1,False,43.5,Complete at least 13 more credits. Complete all prerequisite courses. Retake failed courses as soon as possible. Improve GPA to remove academic warning.
SE1803056,Average,5,6.01,120,93,27,77.5,18.6,7,2,1,1,1,0,6,8,Medium,0,False,67.5,Complete at least 7 more credits. Complete all prerequisite courses. Retake failed courses as soon as possible. Improve GPA to remove academic warning.
SE1803057,Good,2,8.46,120,44,76,36.67,22.0,56,0,2,0,0,0,6,4,Low,0,False,58.0,Complete at least 56 more credits.
SE1803058,Good,5,7.53,120,98,22,81.67,19.6,2,0,1,1,0,0,7,4,Low,0,False,81.0,Complete at least 2 more credits. Complete all prerequisite courses.
SE1803059,Average,2,6.96,120,33,87,27.5,16.5,67,3,3,1,0,0,6,10,Medium,0,False,35.5,Complete at least 67 more credits. Complete all prerequisite courses. Retake failed courses as soon as possible.
SE1803060,Average,4,6.79,120,69,51,57.5,17.25,31,1,2,2,0,0,6,9,Medium,0,False,55.5,Complete at least 31 more credits. Complete all prerequisite courses. Retake failed courses as soon as possible.
SE1803061,Critical,3,4.58,120,28,92,23.33,9.33,72,7,8,2,2,1,5,21,High,1,False,0.0,Complete at least 72 more credits. Complete all prerequisite courses. Retake failed courses as soon as possible. Improve GPA to remove academic warning.
SE1803062,Average,4,6.65,120,64,56,53.33,16.0,36,2,1,0,0,0,5,6,Medium,0,False,64.0,Complete at least 36 more credits. Retake failed courses as soon as possible.
SE1803063,Average,4,6.33,120,60,60,50.0,15.0,40,2,1,1,0,0,6,8,Medium,0,False,56.0,Complete at least 40 more credits. Complete all prerequisite courses. Retake failed courses as soon as possible.
SE1803064,Excellent,5,9.93,120,93,27,77.5,18.6,7,0,0,0,0,0,7,1,Low,0,False,86.5,Complete at least 7 more credits.
SE1803065,Good,1,7.65,120,21,99,17.5,21.0,79,0,0,1,0,0,5,5,Low,0,False,44.5,Complete at least 79 more credits. Complete all prerequisite courses.
SE1803066,Average,5,6.81,120,82,38,68.33,16.4,18,3,2,2,1,0,6,11,High,1,False,51.0,Complete at least 18 more credits. Complete all prerequisite courses. Retake failed courses as soon as possible. Improve GPA to remove academic warning.
SE1803067,Excellent,4,8.54,120,73,47,60.83,18.25,27,0,0,0,0,0,5,2,Low,0,False,76.5,Complete at least 27 more credits.
SE1803068,Critical,4,4.47,120,54,66,45.0,13.5,46,7,6,3,2,2,6,24,High,1,False,0.0,Complete at least 46 more credits. Complete all prerequisite courses. Retake failed courses as soon as possible. Improve GPA to remove academic warning.
SE1803069,Average,3,6.73,120,53,67,44.17,17.67,47,2,2,2,0,0,6,9,Medium,0,False,44.5,Complete at least 47 more credits. Complete all prerequisite courses. Retake failed courses as soon as possible.
SE1803070,Good,3,7.98,120,63,57,52.5,21.0,37,0,0,0,0,0,6,3,Low,0,False,71.5,Complete at least 37 more credits.
SE1803071,Good,5,7.54,120,97,23,80.83,19.4,3,1,0,1,0,0,6,4,Low,0,False,79.5,Complete at least 3 more credits. Complete all prerequisite courses. Retake failed courses as soon as possible.
SE1803072,AtRisk,4,5.69,120,50,70,41.67,12.5,50,5,6,2,2,0,6,18,High,1,False,16.0,Complete at least 50 more credits. Complete all prerequisite courses. Retake failed courses as soon as possible. Improve GPA to remove academic warning.
SE1803073,Recovery,8,5.98,120,115,5,95.83,14.38,0,1,3,1,1,0,8,10,Medium,0,False,77.5,Complete all prerequisite courses. Retake failed courses as soon as possible. Improve GPA to remove academic warning.
SE1803074,Average,7,6.26,120,114,6,95.0,16.29,0,1,3,1,1,0,8,8,Medium,0,False,77.0,Complete all prerequisite courses. Retake failed courses as soon as possible. Improve GPA to remove academic warning.
SE1803075,Average,6,6.05,120,105,15,87.5,17.5,0,1,2,2,1,0,7,8,Medium,0,False,68.5,Complete all prerequisite courses. Retake failed courses as soon as possible. Improve GPA to remove academic warning.
SE1803076,Good,4,8.19,120,70,50,58.33,17.5,30,0,1,0,0,0,5,3,Low,0,False,73.0,Complete at least 30 more credits.
SE1803077,Average,1,6.19,120,19,101,15.83,19.0,81,1,4,0,1,0,6,9,Medium,0,False,33.5,Complete at least 81 more credits. Retake failed courses as soon as possible. Improve GPA to remove academic warning.
SE1803078,Average,1,6.2,120,19,101,15.83,19.0,81,2,3,1,1,0,5,11,High,1,False,26.5,Complete at least 81 more credits. Complete all prerequisite courses. Retake failed courses as soon as possible. Improve GPA to remove academic warning.
SE1803079,Average,4,6.89,120,65,55,54.17,16.25,35,2,2,2,1,0,6,11,High,1,False,45.5,Complete at least 35 more credits. Complete all prerequisite courses. Retake failed courses as soon as possible. Improve GPA to remove academic warning.
SE1803080,Average,3,6.83,120,57,63,47.5,19.0,43,1,1,2,0,0,5,9,Medium,0,False,51.5,Complete at least 43 more credits. Complete all prerequisite courses. Retake failed courses as soon as possible.
SE1803081,Average,1,6.7,120,19,101,15.83,19.0,81,1,4,1,0,0,5,9,Medium,0,False,32.5,Complete at least 81 more credits. Complete all prerequisite courses. Retake failed courses as soon as possible.
SE1803082,Excellent,4,8.66,120,72,48,60.0,18.0,28,0,0,0,0,0,5,2,Low,0,False,76.0,Complete at least 28 more credits.
SE1803083,Average,4,6.37,120,74,46,61.67,18.5,26,3,4,1,0,0,6,9,Medium,0,False,54.0,Complete at least 26 more credits. Complete all prerequisite courses. Retake failed courses as soon as possible.
SE1803084,Excellent,2,9.96,120,37,83,30.83,18.5,63,0,0,0,0,0,5,3,Low,0,False,58.5,Complete at least 63 more credits.
SE1803085,Average,5,6.03,120,85,35,70.83,17.0,15,1,3,0,0,0,7,5,Low,0,False,73.5,Complete at least 15 more credits. Retake failed courses as soon as possible.
SE1803086,Average,3,6.75,120,55,65,45.83,18.33,45,1,2,0,0,0,5,6,Medium,0,False,60.5,Complete at least 45 more credits. Retake failed courses as soon as possible.
SE1803087,Average,6,6.36,120,107,13,89.17,17.83,0,2,4,2,1,0,7,9,Medium,0,False,62.5,Complete all prerequisite courses. Retake failed courses as soon as possible. Improve GPA to remove academic warning.
SE1803088,Good,6,8.47,120,111,9,92.5,18.5,0,1,1,0,0,0,7,2,Low,0,True,90.5,Retake failed courses as soon as possible.
SE1803089,Average,5,6.76,120,88,32,73.33,17.6,12,3,2,0,1,0,7,7,Medium,0,False,66.0,Complete at least 12 more credits. Retake failed courses as soon as possible. Improve GPA to remove academic warning.
SE1803090,Good,4,8.07,120,75,45,62.5,18.75,25,1,0,1,0,0,5,5,Low,0,False,68.5,Complete at least 25 more credits. Complete all prerequisite courses. Retake failed courses as soon as possible.
SE1803091,Average,6,6.61,120,99,21,82.5,16.5,1,2,4,1,1,0,6,9,Medium,0,False,64.5,Complete at least 1 more credits. Complete all prerequisite courses. Retake failed courses as soon as possible. Improve GPA to remove academic warning.
SE1803092,AtRisk,7,5.76,120,92,28,76.67,13.14,8,5,5,2,2,0,8,16,High,1,False,39.0,Complete at least 8 more credits. Complete all prerequisite courses. Retake failed courses as soon as possible. Improve GPA to remove academic warning.
SE1803093,AtRisk,4,5.59,120,51,69,42.5,12.75,49,4,5,3,2,0,6,18,High,1,False,15.5,Complete at least 49 more credits. Complete all prerequisite courses. Retake failed courses as soon as possible. Improve GPA to remove academic warning.
SE1803094,Good,5,7.77,120,91,29,75.83,18.2,9,1,2,1,0,0,6,5,Low,0,False,72.5,Complete at least 9 more credits. Complete all prerequisite courses. Retake failed courses as soon as possible.
SE1803095,Average,4,6.26,120,60,60,50.0,15.0,40,3,4,0,0,0,6,8,Medium,0,False,53.0,Complete at least 40 more credits. Retake failed courses as soon as possible.
SE1803096,AtRisk,3,5.96,120,47,73,39.17,15.67,53,5,3,1,1,0,5,15,High,1,False,31.5,Complete at least 53 more credits. Complete all prerequisite courses. Retake failed courses as soon as possible. Improve GPA to remove academic warning.
SE1803097,Recovery,4,6.6,120,71,49,59.17,17.75,29,1,4,1,1,0,6,10,Medium,0,False,53.5,Complete at least 29 more credits. Complete all prerequisite courses. Retake failed courses as soon as possible. Improve GPA to remove academic warning.
SE1803098,Average,6,6.08,120,103,17,85.83,17.17,0,3,4,0,0,0,7,5,Low,0,True,74.5,Retake failed courses as soon as possible.
SE1803099,AtRisk,3,5.27,120,50,70,41.67,16.67,50,5,3,1,1,0,6,15,High,1,False,33.0,Complete at least 50 more credits. Complete all prerequisite courses. Retake failed courses as soon as possible. Improve GPA to remove academic warning.
SE1803100,Good,4,8.44,120,75,45,62.5,18.75,25,0,0,1,0,0,5,4,Low,0,False,71.5,Complete at least 25 more credits. Complete all prerequisite courses.
SE1803101,AtRisk,4,5.88,120,65,55,54.17,16.25,35,5,3,3,1,0,6,17,High,1,False,28.5,Complete at least 35 more credits. Complete all prerequisite courses. Retake failed courses as soon as possible. Improve GPA to remove academic warning.
SE1803102,Average,5,6.6,120,88,32,73.33,17.6,12,2,3,1,0,0,6,7,Medium,0,False,66.0,Complete at least 12 more credits. Complete all prerequisite courses. Retake failed courses as soon as possible.
SE1803103,Average,7,6.95,120,115,5,95.83,16.43,0,3,3,2,1,0,8,10,Medium,0,False,65.5,Complete all prerequisite courses. Retake failed courses as soon as possible. Improve GPA to remove academic warning.
SE1803104,Excellent,4,9.19,120,79,41,65.83,19.75,21,0,0,0,0,0,5,2,Low,0,False,79.5,Complete at least 21 more credits.
SE1803105,Average,6,6.83,120,108,12,90.0,18.0,0,3,4,2,1,0,7,10,Medium,0,False,60.0,Complete all prerequisite courses. Retake failed courses as soon as possible. Improve GPA to remove academic warning.
SE1803106,Good,3,7.38,120,57,63,47.5,19.0,43,1,0,0,0,0,5,4,Low,0,False,65.5,Complete at least 43 more credits. Retake failed courses as soon as possible.
SE1803107,Recovery,7,5.94,120,111,9,92.5,15.86,0,1,3,0,1,0,8,8,Medium,0,True,81.5,Retake failed courses as soon as possible. Improve GPA to remove academic warning.
SE1803108,Good,4,7.99,120,69,51,57.5,17.25,31,0,1,1,0,0,5,6,Medium,0,False,66.5,Complete at least 31 more credits. Complete all prerequisite courses.
SE1803109,Good,3,8.46,120,54,66,45.0,18.0,46,1,1,0,0,0,6,5,Low,0,False,62.0,Complete at least 46 more credits. Retake failed courses as soon as possible.
SE1803110,Good,6,8.46,120,106,14,88.33,17.67,0,1,0,0,0,0,7,1,Low,0,True,90.0,Retake failed courses as soon as possible.
SE1803111,Excellent,4,9.42,120,80,40,66.67,20.0,20,0,0,0,0,0,5,2,Low,0,False,80.0,Complete at least 20 more credits.
SE1803112,Good,2,7.95,120,38,82,31.67,19.0,62,0,0,0,0,0,5,3,Low,0,False,59.0,Complete at least 62 more credits.
SE1803113,AtRisk,7,5.71,120,107,13,89.17,15.29,0,3,6,3,1,1,8,16,High,1,False,41.5,Complete all prerequisite courses. Retake failed courses as soon as possible. Improve GPA to remove academic warning.
SE1803114,Good,6,7.52,120,103,17,85.83,17.17,0,0,0,0,0,0,6,0,Low,0,True,91.5,You are ready for OJT.
SE1803115,Average,6,6.55,120,107,13,89.17,17.83,0,3,1,1,1,0,7,8,Medium,0,False,71.5,Complete all prerequisite courses. Retake failed courses as soon as possible. Improve GPA to remove academic warning.
SE1803116,Average,3,6.62,120,53,67,44.17,17.67,47,2,4,1,0,0,6,9,Medium,0,False,46.5,Complete at least 47 more credits. Complete all prerequisite courses. Retake failed courses as soon as possible.
SE1803117,Good,6,7.12,120,100,20,83.33,16.67,0,0,2,0,0,0,6,1,Low,0,True,86.0,You are ready for OJT.
SE1803118,Recovery,7,6.32,120,110,10,91.67,15.71,0,2,3,0,1,0,8,6,Medium,0,True,78.0,Retake failed courses as soon as possible. Improve GPA to remove academic warning.
SE1803119,Good,7,7.9,120,112,8,93.33,16.0,0,0,2,0,0,0,8,1,Low,0,True,92.0,You are ready for OJT.
SE1803120,Critical,3,3.57,120,29,91,24.17,9.67,71,6,6,4,3,1,5,22,High,1,False,0.0,Complete at least 71 more credits. Complete all prerequisite courses. Retake failed courses as soon as possible. Improve GPA to remove academic warning.
SE1803121,Good,3,7.02,120,63,57,52.5,21.0,37,1,1,1,0,0,6,7,Medium,0,False,60.5,Complete at least 37 more credits. Complete all prerequisite courses. Retake failed courses as soon as possible.
SE1803122,Recovery,5,6.35,120,80,40,66.67,16.0,20,2,4,1,0,0,6,8,Medium,0,False,60.0,Complete at least 20 more credits. Complete all prerequisite courses. Retake failed courses as soon as possible.
SE1803123,Average,5,6.97,120,87,33,72.5,17.4,13,1,1,2,1,0,6,9,Medium,0,False,61.5,Complete at least 13 more credits. Complete all prerequisite courses. Retake failed courses as soon as possible. Improve GPA to remove academic warning.
SE1803124,AtRisk,4,5.08,120,50,70,41.67,12.5,50,4,4,3,1,0,6,16,High,1,False,22.0,Complete at least 50 more credits. Complete all prerequisite courses. Retake failed courses as soon as possible. Improve GPA to remove academic warning.
SE1803125,Average,4,6.86,120,71,49,59.17,17.75,29,2,2,1,1,0,5,9,Medium,0,False,54.5,Complete at least 29 more credits. Complete all prerequisite courses. Retake failed courses as soon as possible. Improve GPA to remove academic warning.
SE1803126,LateStarter,2,7.0,120,29,91,24.17,14.5,71,3,2,0,1,0,5,8,Medium,0,False,36.5,Complete at least 71 more credits. Retake failed courses as soon as possible. Improve GPA to remove academic warning.
SE1803127,Good,4,7.87,120,71,49,59.17,17.75,29,0,0,1,0,0,5,4,Low,0,False,69.5,Complete at least 29 more credits. Complete all prerequisite courses.
SE1803128,Average,6,6.8,120,92,28,76.67,15.33,8,2,2,1,0,0,7,6,Medium,0,False,70.0,Complete at least 8 more credits. Complete all prerequisite courses. Retake failed courses as soon as possible.
SE1803129,Good,3,7.61,120,59,61,49.17,19.67,41,0,2,1,0,0,6,6,Medium,0,False,59.5,Complete at least 41 more credits. Complete all prerequisite courses.
SE1803130,Good,4,8.45,120,76,44,63.33,19.0,24,0,1,1,0,0,6,5,Low,0,False,70.0,Complete at least 24 more credits. Complete all prerequisite courses.
SE1803131,Good,4,8.17,120,81,39,67.5,20.25,19,1,1,0,0,0,6,4,Low,0,False,75.5,Complete at least 19 more credits. Retake failed courses as soon as possible.
SE1803132,AtRisk,4,5.74,120,56,64,46.67,14.0,44,3,4,3,1,0,6,16,High,1,False,28.0,Complete at least 44 more credits. Complete all prerequisite courses. Retake failed courses as soon as possible. Improve GPA to remove academic warning.
SE1803133,Average,4,6.53,120,74,46,61.67,18.5,26,1,1,2,1,0,5,10,Medium,0,False,55.0,Complete at least 26 more credits. Complete all prerequisite courses. Retake failed courses as soon as possible. Improve GPA to remove academic warning.
SE1803134,Average,3,6.31,120,58,62,48.33,19.33,42,3,3,0,1,0,5,10,Medium,0,False,49.0,Complete at least 42 more credits. Retake failed courses as soon as possible. Improve GPA to remove academic warning.
SE1803135,Average,1,6.55,120,18,102,15.0,18.0,82,1,1,0,0,0,5,6,Medium,0,False,44.0,Complete at least 82 more credits. Retake failed courses as soon as possible.
SE1803136,Critical,3,4.26,120,39,81,32.5,13.0,61,5,6,4,3,1,6,22,High,1,False,0.0,Complete at least 61 more credits. Complete all prerequisite courses. Retake failed courses as soon as possible. Improve GPA to remove academic warning.
SE1803137,Good,3,7.53,120,58,62,48.33,19.33,42,0,1,0,0,0,5,4,Low,0,False,67.0,Complete at least 42 more credits.
SE1803138,Good,3,7.68,120,63,57,52.5,21.0,37,0,1,1,0,0,5,6,Medium,0,False,63.5,Complete at least 37 more credits. Complete all prerequisite courses.
SE1803139,Average,4,6.16,120,74,46,61.67,18.5,26,1,3,1,1,0,6,10,Medium,0,False,57.0,Complete at least 26 more credits. Complete all prerequisite courses. Retake failed courses as soon as possible. Improve GPA to remove academic warning.
SE1803140,Average,7,6.66,120,109,11,90.83,15.57,0,2,4,1,1,0,8,8,Medium,0,False,69.5,Complete all prerequisite courses. Retake failed courses as soon as possible. Improve GPA to remove academic warning.
SE1803141,LateStarter,1,6.54,120,17,103,14.17,17.0,83,2,5,0,0,0,5,8,Medium,0,False,32.5,Complete at least 83 more credits. Retake failed courses as soon as possible.
SE1803142,Good,4,8.33,120,81,39,67.5,20.25,19,1,0,0,0,0,6,3,Low,0,False,77.5,Complete at least 19 more credits. Retake failed courses as soon as possible.
SE1803143,Good,6,8.34,120,102,18,85.0,17.0,0,0,1,0,0,0,7,1,Low,0,True,89.0,You are ready for OJT.
SE1803144,Excellent,2,9.44,120,38,82,31.67,19.0,62,0,0,0,0,0,6,3,Low,0,False,59.0,Complete at least 62 more credits.
SE1803145,Good,2,7.3,120,46,74,38.33,23.0,54,0,1,1,0,0,5,6,Medium,0,False,55.0,Complete at least 54 more credits. Complete all prerequisite courses.
SE1803146,Excellent,5,9.32,120,99,21,82.5,19.8,1,0,0,0,0,0,6,1,Low,0,False,89.5,Complete at least 1 more credits.
SE1803147,AtRisk,5,5.28,120,77,43,64.17,15.4,23,3,4,3,1,1,6,17,High,1,False,30.5,Complete at least 23 more credits. Complete all prerequisite courses. Retake failed courses as soon as possible. Improve GPA to remove academic warning.
SE1803148,Good,6,8.17,120,109,11,90.83,18.17,0,1,0,0,0,0,7,1,Low,0,True,91.5,Retake failed courses as soon as possible.
SE1803149,AtRisk,5,5.35,120,78,42,65.0,15.6,22,5,3,3,1,1,7,18,High,1,False,27.0,Complete at least 22 more credits. Complete all prerequisite courses. Retake failed courses as soon as possible. Improve GPA to remove academic warning.
SE1803150,Average,3,6.13,120,55,65,45.83,18.33,45,1,2,1,1,0,5,10,Medium,0,False,49.5,Complete at least 45 more credits. Complete all prerequisite courses. Retake failed courses as soon as possible. Improve GPA to remove academic warning.
SE1803151,Excellent,7,8.63,120,113,7,94.17,16.14,0,0,0,0,0,0,8,0,Low,0,True,96.5,You are ready for OJT.
SE1803152,Average,3,6.59,120,55,65,45.83,18.33,45,3,4,2,0,0,6,11,High,1,False,38.5,Complete at least 45 more credits. Complete all prerequisite courses. Retake failed courses as soon as possible.
SE1803153,Average,2,6.49,120,34,86,28.33,17.0,66,1,1,0,0,0,5,6,Medium,0,False,52.0,Complete at least 66 more credits. Retake failed courses as soon as possible.
SE1803154,Average,6,6.7,120,108,12,90.0,18.0,0,1,2,0,0,0,7,3,Low,0,True,87.0,Retake failed courses as soon as possible.
SE1803155,Average,3,6.52,120,54,66,45.0,18.0,46,1,1,2,1,0,6,11,High,1,False,45.0,Complete at least 46 more credits. Complete all prerequisite courses. Retake failed courses as soon as possible. Improve GPA to remove academic warning.
SE1803156,AtRisk,3,5.12,120,45,75,37.5,15.0,55,3,3,3,1,0,5,16,High,1,False,24.5,Complete at least 55 more credits. Complete all prerequisite courses. Retake failed courses as soon as possible. Improve GPA to remove academic warning.
SE1803157,Good,4,7.84,120,81,39,67.5,20.25,19,0,0,1,0,0,6,4,Low,0,False,74.5,Complete at least 19 more credits. Complete all prerequisite courses.
SE1803158,Critical,5,4.23,120,64,56,53.33,12.8,36,5,8,2,2,1,6,21,High,1,False,11.0,Complete at least 36 more credits. Complete all prerequisite courses. Retake failed courses as soon as possible. Improve GPA to remove academic warning.
SE1803159,Average,6,6.79,120,107,13,89.17,17.83,0,2,1,1,0,0,6,5,Low,0,False,79.5,Complete all prerequisite courses. Retake failed courses as soon as possible.
SE1803160,AtRisk,6,5.02,120,89,31,74.17,14.83,11,4,5,3,2,1,6,18,High,1,False,26.5,Complete at least 11 more credits. Complete all prerequisite courses. Retake failed courses as soon as possible. Improve GPA to remove academic warning.
SE1803161,LateStarter,2,7.09,120,29,91,24.17,14.5,71,3,4,0,1,0,6,9,Medium,0,False,32.5,Complete at least 71 more credits. Retake failed courses as soon as possible. Improve GPA to remove academic warning.
SE1803162,AtRisk,3,5.7,120,46,74,38.33,15.33,54,4,4,1,1,1,5,16,High,1,False,24.0,Complete at least 54 more credits. Complete all prerequisite courses. Retake failed courses as soon as possible. Improve GPA to remove academic warning.
SE1803163,Good,1,7.29,120,21,99,17.5,21.0,79,0,0,0,0,0,5,3,Low,0,False,50.5,Complete at least 79 more credits.
SE1803164,LateStarter,5,6.77,120,90,30,75.0,18.0,10,2,2,1,1,0,6,8,Medium,0,False,64.0,Complete at least 10 more credits. Complete all prerequisite courses. Retake failed courses as soon as possible. Improve GPA to remove academic warning.
SE1803165,Excellent,5,8.92,120,102,18,85.0,20.4,0,0,0,0,0,0,7,0,Low,0,True,91.0,You are ready for OJT.
SE1803166,Excellent,4,9.61,120,77,43,64.17,19.25,23,0,0,0,0,0,5,2,Low,0,False,78.5,Complete at least 23 more credits.
SE1803167,Average,3,6.18,120,49,71,40.83,16.33,51,1,1,1,1,0,6,10,Medium,0,False,48.5,Complete at least 51 more credits. Complete all prerequisite courses. Retake failed courses as soon as possible. Improve GPA to remove academic warning.
SE1803168,Good,5,8.03,120,96,24,80.0,19.2,4,0,2,0,0,0,7,2,Low,0,False,84.0,Complete at least 4 more credits.
SE1803169,Average,1,6.57,120,17,103,14.17,17.0,83,1,3,2,0,0,6,10,Medium,0,False,27.5,Complete at least 83 more credits. Complete all prerequisite courses. Retake failed courses as soon as possible.
SE1803170,AtRisk,4,5.99,120,53,67,44.17,13.25,47,3,3,3,2,0,5,17,High,1,False,23.5,Complete at least 47 more credits. Complete all prerequisite courses. Retake failed courses as soon as possible. Improve GPA to remove academic warning.
SE1803171,Recovery,4,5.97,120,70,50,58.33,17.5,30,1,3,1,0,0,5,10,Medium,0,False,60.0,Complete at least 30 more credits. Complete all prerequisite courses. Retake failed courses as soon as possible.
SE1803172,Good,5,7.95,120,90,30,75.0,18.0,10,0,2,0,0,0,6,2,Low,0,False,81.0,Complete at least 10 more credits.
SE1803173,Average,4,6.51,120,73,47,60.83,18.25,27,2,3,2,1,0,6,11,High,1,False,47.5,Complete at least 27 more credits. Complete all prerequisite courses. Retake failed courses as soon as possible. Improve GPA to remove academic warning.
SE1803174,Excellent,3,9.65,120,56,64,46.67,18.67,44,0,0,0,0,0,6,3,Low,0,False,68.0,Complete at least 44 more credits.
SE1803175,Good,3,7.66,120,56,64,46.67,18.67,44,0,0,1,0,0,5,5,Low,0,False,62.0,Complete at least 44 more credits. Complete all prerequisite courses.
SE1803176,Average,2,6.77,120,34,86,28.33,17.0,66,1,3,1,0,0,6,9,Medium,0,False,42.0,Complete at least 66 more credits. Complete all prerequisite courses. Retake failed courses as soon as possible.
SE1803177,AtRisk,5,5.88,120,70,50,58.33,14.0,30,4,6,1,1,1,7,16,High,1,False,32.0,Complete at least 30 more credits. Complete all prerequisite courses. Retake failed courses as soon as possible. Improve GPA to remove academic warning.
SE1803178,Recovery,6,6.68,120,91,29,75.83,15.17,9,1,4,0,1,0,7,7,Medium,0,False,69.5,Complete at least 9 more credits. Retake failed courses as soon as possible. Improve GPA to remove academic warning.
SE1803179,Good,5,7.4,120,93,27,77.5,18.6,7,1,0,1,0,0,7,4,Low,0,False,77.5,Complete at least 7 more credits. Complete all prerequisite courses. Retake failed courses as soon as possible.
SE1803180,Recovery,7,6.77,120,105,15,87.5,15.0,0,2,3,0,1,0,8,6,Medium,0,True,75.5,Retake failed courses as soon as possible. Improve GPA to remove academic warning.
SE1803181,Good,6,8.01,120,110,10,91.67,18.33,0,1,1,1,0,0,7,4,Low,0,False,84.0,Complete all prerequisite courses. Retake failed courses as soon as possible.
SE1803182,Excellent,3,8.51,120,55,65,45.83,18.33,45,0,0,0,0,0,5,3,Low,0,False,67.5,Complete at least 45 more credits.
SE1803183,LateStarter,7,6.58,120,111,9,92.5,15.86,0,3,4,2,0,0,8,8,Medium,0,False,66.5,Complete all prerequisite courses. Retake failed courses as soon as possible.
SE1803184,Average,5,6.76,120,86,34,71.67,17.2,14,2,2,2,1,0,7,9,Medium,0,False,56.0,Complete at least 14 more credits. Complete all prerequisite courses. Retake failed courses as soon as possible. Improve GPA to remove academic warning.
SE1803185,AtRisk,5,5.02,120,74,46,61.67,14.8,26,4,3,3,1,1,7,17,High,1,False,28.0,Complete at least 26 more credits. Complete all prerequisite courses. Retake failed courses as soon as possible. Improve GPA to remove academic warning.
SE1803186,Excellent,2,8.78,120,48,72,40.0,24.0,52,0,0,0,0,0,6,3,Low,0,False,64.0,Complete at least 52 more credits.
SE1803187,Good,5,7.71,120,95,25,79.17,19.0,5,0,0,1,0,0,7,3,Low,0,False,81.5,Complete at least 5 more credits. Complete all prerequisite courses.
SE1803188,AtRisk,5,5.87,120,71,49,59.17,14.2,29,4,4,3,2,1,7,18,High,1,False,19.5,Complete at least 29 more credits. Complete all prerequisite courses. Retake failed courses as soon as possible. Improve GPA to remove academic warning.
SE1803189,Average,4,6.57,120,69,51,57.5,17.25,31,1,1,2,1,0,6,11,High,1,False,52.5,Complete at least 31 more credits. Complete all prerequisite courses. Retake failed courses as soon as possible. Improve GPA to remove academic warning.
SE1803190,Good,4,7.75,120,68,52,56.67,17.0,32,0,1,0,0,0,6,4,Low,0,False,72.0,Complete at least 32 more credits.
SE1803191,Good,5,8.17,120,99,21,82.5,19.8,1,1,2,0,0,0,6,3,Low,0,False,82.5,Complete at least 1 more credits. Retake failed courses as soon as possible.
SE1803192,AtRisk,5,5.55,120,73,47,60.83,14.6,27,4,5,3,2,0,6,17,High,1,False,26.5,Complete at least 27 more credits. Complete all prerequisite courses. Retake failed courses as soon as possible. Improve GPA to remove academic warning.
SE1803193,Excellent,4,9.2,120,73,47,60.83,18.25,27,0,0,0,0,0,5,2,Low,0,False,76.5,Complete at least 27 more credits.
SE1803194,AtRisk,3,5.85,120,49,71,40.83,16.33,51,5,5,3,2,0,6,19,High,1,False,11.5,Complete at least 51 more credits. Complete all prerequisite courses. Retake failed courses as soon as possible. Improve GPA to remove academic warning.
SE1803195,Good,5,7.95,120,100,20,83.33,20.0,0,0,1,1,0,0,6,3,Low,0,False,82.0,Complete all prerequisite courses.
SE1803196,Average,5,6.8,120,91,29,75.83,18.2,9,2,4,2,0,0,6,8,Medium,0,False,59.5,Complete at least 9 more credits. Complete all prerequisite courses. Retake failed courses as soon as possible.
SE1803197,Recovery,4,6.13,120,62,58,51.67,15.5,38,2,4,1,0,0,6,9,Medium,0,False,51.0,Complete at least 38 more credits. Complete all prerequisite courses. Retake failed courses as soon as possible.
SE1803198,Average,2,6.72,120,31,89,25.83,15.5,69,3,4,0,1,0,5,10,Medium,0,False,33.5,Complete at least 69 more credits. Retake failed courses as soon as possible. Improve GPA to remove academic warning.
SE1803199,Average,5,6.11,120,93,27,77.5,18.6,7,1,1,1,1,0,7,8,Medium,0,False,70.5,Complete at least 7 more credits. Complete all prerequisite courses. Retake failed courses as soon as possible. Improve GPA to remove academic warning.
SE1803200,Good,5,8.44,120,97,23,80.83,19.4,3,0,0,1,0,0,6,3,Low,0,False,82.5,Complete at least 3 more credits. Complete all prerequisite courses.
SE1803201,AtRisk,3,5.91,120,39,81,32.5,13.0,61,5,5,3,1,0,6,18,High,1,False,11.5,Complete at least 61 more credits. Complete all prerequisite courses. Retake failed courses as soon as possible. Improve GPA to remove academic warning.
SE1803202,LateStarter,5,7.17,120,95,25,79.17,19.0,5,4,5,1,0,0,7,8,Medium,0,False,59.5,Complete at least 5 more credits. Complete all prerequisite courses. Retake failed courses as soon as possible.
SE1803203,Average,6,6.63,120,102,18,85.0,17.0,0,1,2,1,0,0,6,5,Low,0,False,78.0,Complete all prerequisite courses. Retake failed courses as soon as possible.
SE1803204,AtRisk,5,5.55,120,68,52,56.67,13.6,32,5,4,1,2,1,6,18,High,1,False,27.0,Complete at least 32 more credits. Complete all prerequisite courses. Retake failed courses as soon as possible. Improve GPA to remove academic warning.
SE1803205,Average,5,6.41,120,80,40,66.67,16.0,20,1,4,1,0,0,7,8,Medium,0,False,63.0,Complete at least 20 more credits. Complete all prerequisite courses. Retake failed courses as soon as possible.
SE1803206,Average,4,6.4,120,64,56,53.33,16.0,36,1,1,0,0,0,5,6,Medium,0,False,67.0,Complete at least 36 more credits. Retake failed courses as soon as possible.
SE1803207,AtRisk,5,5.83,120,68,52,56.67,13.6,32,4,3,1,2,0,7,15,High,1,False,40.0,Complete at least 32 more credits. Complete all prerequisite courses. Retake failed courses as soon as possible. Improve GPA to remove academic warning.
SE1803208,Recovery,5,6.23,120,90,30,75.0,18.0,10,1,2,0,1,0,6,6,Medium,0,False,73.0,Complete at least 10 more credits. Retake failed courses as soon as possible. Improve GPA to remove academic warning.
SE1803209,Good,3,7.23,120,61,59,50.83,20.33,39,1,1,1,0,0,5,7,Medium,0,False,59.5,Complete at least 39 more credits. Complete all prerequisite courses. Retake failed courses as soon as possible.
SE1803210,Average,4,6.84,120,69,51,57.5,17.25,31,3,3,1,1,0,6,12,High,1,False,48.5,Complete at least 31 more credits. Complete all prerequisite courses. Retake failed courses as soon as possible. Improve GPA to remove academic warning.
SE1803211,Good,4,7.54,120,72,48,60.0,18.0,28,0,2,0,0,0,6,3,Low,0,False,72.0,Complete at least 28 more credits.
SE1803212,Average,5,6.0,120,81,39,67.5,16.2,19,1,3,1,0,0,6,8,Medium,0,False,65.5,Complete at least 19 more credits. Complete all prerequisite courses. Retake failed courses as soon as possible.
SE1803213,Good,8,7.59,120,115,5,95.83,14.38,0,0,0,0,0,0,8,0,Low,0,True,97.5,You are ready for OJT.
SE1803214,Good,7,7.55,120,115,5,95.83,16.43,0,0,0,0,0,0,8,0,Low,0,True,97.5,You are ready for OJT.
SE1803215,AtRisk,6,5.77,120,83,37,69.17,13.83,17,5,6,1,2,0,7,16,High,1,False,38.5,Complete at least 17 more credits. Complete all prerequisite courses. Retake failed courses as soon as possible. Improve GPA to remove academic warning.
SE1803216,Average,2,6.15,120,37,83,30.83,18.5,63,2,4,1,0,0,6,9,Medium,0,False,38.5,Complete at least 63 more credits. Complete all prerequisite courses. Retake failed courses as soon as possible.
SE1803217,AtRisk,3,5.75,120,45,75,37.5,15.0,55,5,3,1,2,0,6,16,High,1,False,25.5,Complete at least 55 more credits. Complete all prerequisite courses. Retake failed courses as soon as possible. Improve GPA to remove academic warning.
SE1803218,AtRisk,5,5.59,120,74,46,61.67,14.8,26,3,4,2,2,0,6,15,High,1,False,38.0,Complete at least 26 more credits. Complete all prerequisite courses. Retake failed courses as soon as possible. Improve GPA to remove academic warning.
SE1803219,LateStarter,2,6.73,120,27,93,22.5,13.5,73,4,5,0,0,0,5,9,Medium,0,False,31.5,Complete at least 73 more credits. Retake failed courses as soon as possible.
SE1803220,Critical,6,4.71,120,80,40,66.67,13.33,20,6,6,3,2,1,6,21,High,1,False,14.0,Complete at least 20 more credits. Complete all prerequisite courses. Retake failed courses as soon as possible. Improve GPA to remove academic warning.
SE1803221,Good,3,7.7,120,62,58,51.67,20.67,38,0,0,1,0,0,6,5,Low,0,False,65.0,Complete at least 38 more credits. Complete all prerequisite courses.
SE1803222,Recovery,1,6.54,120,15,105,12.5,15.0,85,2,2,0,0,0,5,6,Medium,0,False,37.5,Complete at least 85 more credits. Retake failed courses as soon as possible.
SE1803223,Average,4,6.8,120,66,54,55.0,16.5,34,3,3,1,1,0,5,12,High,1,False,47.0,Complete at least 34 more credits. Complete all prerequisite courses. Retake failed courses as soon as possible. Improve GPA to remove academic warning.
SE1803224,Good,4,7.82,120,82,38,68.33,20.5,18,0,1,1,0,0,5,5,Low,0,False,73.0,Complete at least 18 more credits. Complete all prerequisite courses.
SE1803225,Average,6,6.64,120,103,17,85.83,17.17,0,3,1,1,1,0,6,8,Medium,0,False,69.5,Complete all prerequisite courses. Retake failed courses as soon as possible. Improve GPA to remove academic warning.
SE1803226,Critical,5,4.08,120,66,54,55.0,13.2,34,7,7,3,2,1,7,22,High,1,False,2.0,Complete at least 34 more credits. Complete all prerequisite courses. Retake failed courses as soon as possible. Improve GPA to remove academic warning.
SE1803227,Average,5,6.78,120,94,26,78.33,18.8,6,3,2,1,1,0,7,9,Medium,0,False,63.0,Complete at least 6 more credits. Complete all prerequisite courses. Retake failed courses as soon as possible. Improve GPA to remove academic warning.
SE1803228,Good,2,8.23,120,37,83,30.83,18.5,63,1,2,1,0,0,5,7,Medium,0,False,45.5,Complete at least 63 more credits. Complete all prerequisite courses. Retake failed courses as soon as possible.
SE1803229,Average,5,6.63,120,81,39,67.5,16.2,19,1,4,2,1,0,6,11,High,1,False,52.5,Complete at least 19 more credits. Complete all prerequisite courses. Retake failed courses as soon as possible. Improve GPA to remove academic warning.
SE1803230,Excellent,4,8.86,120,73,47,60.83,18.25,27,0,0,0,0,0,5,2,Low,0,False,76.5,Complete at least 27 more credits.
SE1803231,Good,1,7.65,120,22,98,18.33,22.0,78,1,2,0,0,0,5,5,Low,0,False,44.0,Complete at least 78 more credits. Retake failed courses as soon as possible.
SE1803232,LateStarter,4,6.67,120,64,56,53.33,16.0,36,4,5,0,0,0,5,9,Medium,0,False,50.0,Complete at least 36 more credits. Retake failed courses as soon as possible.
SE1803233,Critical,1,4.29,120,11,109,9.17,11.0,89,7,6,3,3,1,5,22,High,1,False,0.0,Complete at least 89 more credits. Complete all prerequisite courses. Retake failed courses as soon as possible. Improve GPA to remove academic warning.
SE1803234,Good,4,8.13,120,71,49,59.17,17.75,29,1,1,0,0,0,6,4,Low,0,False,70.5,Complete at least 29 more credits. Retake failed courses as soon as possible.
SE1803235,Average,7,6.29,120,106,14,88.33,15.14,0,3,3,1,1,0,8,9,Medium,0,False,67.0,Complete all prerequisite courses. Retake failed courses as soon as possible. Improve GPA to remove academic warning.
SE1803236,Good,6,7.97,120,103,17,85.83,17.17,0,0,1,0,0,0,6,1,Low,0,True,89.5,You are ready for OJT.
SE1803237,Excellent,5,8.64,120,94,26,78.33,18.8,6,0,0,0,0,0,6,1,Low,0,False,87.0,Complete at least 6 more credits.
SE1803238,Good,4,8.18,120,71,49,59.17,17.75,29,0,0,0,0,0,6,2,Low,0,False,75.5,Complete at least 29 more credits.
SE1803239,Average,5,6.06,120,92,28,76.67,18.4,8,1,1,2,0,0,6,7,Medium,0,False,69.0,Complete at least 8 more credits. Complete all prerequisite courses. Retake failed courses as soon as possible.
SE1803240,Good,4,7.59,120,79,41,65.83,19.75,21,0,2,1,0,0,6,5,Low,0,False,69.5,Complete at least 21 more credits. Complete all prerequisite courses.
SE1803241,Good,7,7.67,120,116,4,96.67,16.57,0,0,2,1,0,0,8,3,Low,0,False,88.0,Complete all prerequisite courses.
SE1803242,Average,3,6.48,120,51,69,42.5,17.0,49,1,1,2,0,0,5,9,Medium,0,False,48.5,Complete at least 49 more credits. Complete all prerequisite courses. Retake failed courses as soon as possible.
SE1803243,Recovery,3,6.74,120,53,67,44.17,17.67,47,2,4,0,0,0,6,7,Medium,0,False,52.5,Complete at least 47 more credits. Retake failed courses as soon as possible.
SE1803244,AtRisk,6,5.71,120,95,25,79.17,15.83,5,4,5,2,2,0,6,15,High,1,False,43.5,Complete at least 5 more credits. Complete all prerequisite courses. Retake failed courses as soon as possible. Improve GPA to remove academic warning.
SE1803245,Average,5,6.87,120,90,30,75.0,18.0,10,1,1,2,1,0,7,9,Medium,0,False,63.0,Complete at least 10 more credits. Complete all prerequisite courses. Retake failed courses as soon as possible. Improve GPA to remove academic warning.
SE1803246,Good,8,7.82,120,119,1,99.17,14.88,0,1,2,1,0,0,8,4,Low,0,False,86.5,Complete all prerequisite courses. Retake failed courses as soon as possible.
SE1803247,Average,7,6.53,120,107,13,89.17,15.29,0,2,3,0,1,0,8,6,Medium,0,True,76.5,Retake failed courses as soon as possible. Improve GPA to remove academic warning.
SE1803248,Excellent,6,9.26,120,114,6,95.0,19.0,0,0,0,0,0,0,6,0,Low,0,True,97.0,You are ready for OJT.
SE1803249,Good,1,8.28,120,22,98,18.33,22.0,78,1,1,1,0,0,5,7,Medium,0,False,40.0,Complete at least 78 more credits. Complete all prerequisite courses. Retake failed courses as soon as possible.
SE1803250,Good,6,7.53,120,108,12,90.0,18.0,0,1,2,1,0,0,6,4,Low,0,False,81.0,Complete all prerequisite courses. Retake failed courses as soon as possible.
SE1803251,AtRisk,5,5.38,120,75,45,62.5,15.0,25,5,6,1,1,0,6,15,High,1,False,39.5,Complete at least 25 more credits. Complete all prerequisite courses. Retake failed courses as soon as possible. Improve GPA to remove academic warning.
SE1803252,Good,3,7.93,120,56,64,46.67,18.67,44,1,0,1,0,0,6,6,Medium,0,False,59.0,Complete at least 44 more credits. Complete all prerequisite courses. Retake failed courses as soon as possible.
SE1803253,Average,4,6.45,120,63,57,52.5,15.75,37,3,1,1,0,0,5,9,Medium,0,False,54.5,Complete at least 37 more credits. Complete all prerequisite courses. Retake failed courses as soon as possible.
SE1803254,Good,4,8.47,120,71,49,59.17,17.75,29,1,2,1,0,0,5,6,Medium,0,False,62.5,Complete at least 29 more credits. Complete all prerequisite courses. Retake failed courses as soon as possible.
SE1803255,Average,7,6.04,120,109,11,90.83,15.57,0,1,3,2,0,0,8,7,Medium,0,False,73.5,Complete all prerequisite courses. Retake failed courses as soon as possible.
SE1803256,Good,2,7.81,120,45,75,37.5,22.5,55,1,0,0,0,0,6,4,Low,0,False,59.5,Complete at least 55 more credits. Retake failed courses as soon as possible.
SE1803257,AtRisk,5,5.03,120,78,42,65.0,15.6,22,4,4,3,1,0,6,15,High,1,False,36.0,Complete at least 22 more credits. Complete all prerequisite courses. Retake failed courses as soon as possible. Improve GPA to remove academic warning.
SE1803258,Excellent,6,9.72,120,112,8,93.33,18.67,0,0,0,0,0,0,6,0,Low,0,True,96.0,You are ready for OJT.
SE1803259,Average,5,6.76,120,83,37,69.17,16.6,17,1,4,2,1,0,7,11,High,1,False,53.5,Complete at least 17 more credits. Complete all prerequisite courses. Retake failed courses as soon as possible. Improve GPA to remove academic warning.
SE1803260,Good,5,8.0,120,99,21,82.5,19.8,1,0,2,1,0,0,7,4,Low,0,False,79.5,Complete at least 1 more credits. Complete all prerequisite courses.
SE1803261,AtRisk,4,5.48,120,67,53,55.83,16.75,33,3,5,3,1,0,5,17,High,1,False,31.5,Complete at least 33 more credits. Complete all prerequisite courses. Retake failed courses as soon as possible. Improve GPA to remove academic warning.
SE1803262,AtRisk,7,5.84,120,103,17,85.83,14.71,0,3,6,3,1,1,8,16,High,1,False,39.5,Complete all prerequisite courses. Retake failed courses as soon as possible. Improve GPA to remove academic warning.
SE1803263,Excellent,7,8.83,120,114,6,95.0,16.29,0,0,0,0,0,0,8,0,Low,0,True,97.0,You are ready for OJT.
SE1803264,LateStarter,1,7.07,120,18,102,15.0,18.0,82,3,2,2,0,0,6,9,Medium,0,False,24.0,Complete at least 82 more credits. Complete all prerequisite courses. Retake failed courses as soon as possible.
SE1803265,Critical,2,4.88,120,25,95,20.83,12.5,75,7,7,3,2,2,6,24,High,1,False,0.0,Complete at least 75 more credits. Complete all prerequisite courses. Retake failed courses as soon as possible. Improve GPA to remove academic warning.
SE1803266,Average,4,6.11,120,65,55,54.17,16.25,35,2,2,2,0,0,5,9,Medium,0,False,50.5,Complete at least 35 more credits. Complete all prerequisite courses. Retake failed courses as soon as possible.
SE1803267,LateStarter,5,7.03,120,80,40,66.67,16.0,20,3,4,1,0,0,6,8,Medium,0,False,57.0,Complete at least 20 more credits. Complete all prerequisite courses. Retake failed courses as soon as possible.
SE1803268,Good,4,8.24,120,69,51,57.5,17.25,31,0,0,0,0,0,5,3,Low,0,False,74.5,Complete at least 31 more credits.
SE1803269,Excellent,3,9.38,120,65,55,54.17,21.67,35,0,0,0,0,0,5,3,Low,0,False,72.5,Complete at least 35 more credits.
SE1803270,Good,3,7.99,120,59,61,49.17,19.67,41,1,2,0,0,0,5,5,Low,0,False,62.5,Complete at least 41 more credits. Retake failed courses as soon as possible.
SE1803271,Average,4,6.54,120,69,51,57.5,17.25,31,2,1,1,0,0,5,8,Medium,0,False,60.5,Complete at least 31 more credits. Complete all prerequisite courses. Retake failed courses as soon as possible.
SE1803272,Good,1,7.32,120,21,99,17.5,21.0,79,0,2,0,0,0,5,4,Low,0,False,46.5,Complete at least 79 more credits.
SE1803273,Recovery,6,6.57,120,94,26,78.33,15.67,6,2,4,1,0,0,7,7,Medium,0,False,67.0,Complete at least 6 more credits. Complete all prerequisite courses. Retake failed courses as soon as possible.
SE1803274,Recovery,3,6.6,120,50,70,41.67,16.67,50,1,3,1,1,0,6,11,High,1,False,45.0,Complete at least 50 more credits. Complete all prerequisite courses. Retake failed courses as soon as possible. Improve GPA to remove academic warning.
SE1803275,Average,4,6.81,120,60,60,50.0,15.0,40,3,3,2,0,0,5,11,High,1,False,43.0,Complete at least 40 more credits. Complete all prerequisite courses. Retake failed courses as soon as possible.
SE1803276,Average,4,6.34,120,73,47,60.83,18.25,27,3,2,2,1,0,6,11,High,1,False,46.5,Complete at least 27 more credits. Complete all prerequisite courses. Retake failed courses as soon as possible. Improve GPA to remove academic warning.
SE1803277,Good,5,7.41,120,92,28,76.67,18.4,8,0,2,0,0,0,7,2,Low,0,False,82.0,Complete at least 8 more credits.
SE1803278,Recovery,8,6.24,120,114,6,95.0,14.25,0,1,3,0,1,0,8,6,Medium,0,True,83.0,Retake failed courses as soon as possible. Improve GPA to remove academic warning.
SE1803279,Average,4,6.08,120,71,49,59.17,17.75,29,1,1,0,1,0,6,7,Medium,0,False,65.5,Complete at least 29 more credits. Retake failed courses as soon as possible. Improve GPA to remove academic warning.
SE1803280,Good,8,7.6,120,119,1,99.17,14.88,0,1,2,1,0,0,8,4,Low,0,False,86.5,Complete all prerequisite courses. Retake failed courses as soon as possible.
SE1803281,Good,6,8.02,120,102,18,85.0,17.0,0,1,1,0,0,0,7,2,Low,0,True,86.0,Retake failed courses as soon as possible.
SE1803282,Good,5,7.59,120,88,32,73.33,17.6,12,0,1,0,0,0,7,2,Low,0,False,82.0,Complete at least 12 more credits.
SE1803283,Average,1,6.39,120,19,101,15.83,19.0,81,1,4,2,1,0,5,12,High,1,False,21.5,Complete at least 81 more credits. Complete all prerequisite courses. Retake failed courses as soon as possible. Improve GPA to remove academic warning.
SE1803284,Good,6,8.22,120,107,13,89.17,17.83,0,0,0,0,0,0,6,0,Low,0,True,93.5,You are ready for OJT.
SE1803285,Good,7,7.51,120,113,7,94.17,16.14,0,1,0,0,0,0,8,1,Low,0,True,93.5,Retake failed courses as soon as possible.
SE1803286,Average,6,6.45,120,95,25,79.17,15.83,5,2,1,1,0,0,7,6,Medium,0,False,73.5,Complete at least 5 more credits. Complete all prerequisite courses. Retake failed courses as soon as possible.
SE1803287,Recovery,6,6.13,120,102,18,85.0,17.0,0,1,2,0,1,0,7,5,Low,0,True,79.0,Retake failed courses as soon as possible. Improve GPA to remove academic warning.
SE1803288,Excellent,5,9.74,120,97,23,80.83,19.4,3,0,0,0,0,0,6,1,Low,0,False,88.5,Complete at least 3 more credits.
SE1803289,Excellent,2,8.72,120,45,75,37.5,22.5,55,0,0,0,0,0,5,3,Low,0,False,62.5,Complete at least 55 more credits.
SE1803290,Good,1,8.35,120,21,99,17.5,21.0,79,0,1,0,0,0,5,4,Low,0,False,48.5,Complete at least 79 more credits.
SE1803291,Average,3,6.75,120,46,74,38.33,15.33,54,1,4,2,0,0,5,10,Medium,0,False,40.0,Complete at least 54 more credits. Complete all prerequisite courses. Retake failed courses as soon as possible.
SE1803292,Good,5,7.84,120,98,22,81.67,19.6,2,0,2,0,0,0,7,2,Low,0,False,85.0,Complete at least 2 more credits.
SE1803293,Good,3,8.45,120,55,65,45.83,18.33,45,1,2,1,0,0,6,7,Medium,0,False,54.5,Complete at least 45 more credits. Complete all prerequisite courses. Retake failed courses as soon as possible.
SE1803294,Average,4,6.28,120,71,49,59.17,17.75,29,1,4,0,1,0,5,8,Medium,0,False,59.5,Complete at least 29 more credits. Retake failed courses as soon as possible. Improve GPA to remove academic warning.
SE1803295,AtRisk,8,5.82,120,104,16,86.67,13.0,0,4,5,2,1,0,8,13,High,1,False,53.0,Complete all prerequisite courses. Retake failed courses as soon as possible. Improve GPA to remove academic warning.
SE1803296,Average,3,6.12,120,52,68,43.33,17.33,48,3,2,2,0,0,5,10,Medium,0,False,41.0,Complete at least 48 more credits. Complete all prerequisite courses. Retake failed courses as soon as possible.
SE1803297,LateStarter,3,6.57,120,40,80,33.33,13.33,60,4,5,0,0,0,6,9,Medium,0,False,38.0,Complete at least 60 more credits. Retake failed courses as soon as possible.
SE1803298,Good,4,8.36,120,79,41,65.83,19.75,21,0,2,0,0,0,6,3,Low,0,False,75.5,Complete at least 21 more credits.
SE1803299,AtRisk,6,5.44,120,86,34,71.67,14.33,14,3,6,2,1,0,6,14,High,1,False,45.0,Complete at least 14 more credits. Complete all prerequisite courses. Retake failed courses as soon as possible. Improve GPA to remove academic warning.
SE1803300,AtRisk,4,5.36,120,56,64,46.67,14.0,44,3,5,3,1,1,5,19,High,1,False,18.0,Complete at least 44 more credits. Complete all prerequisite courses. Retake failed courses as soon as possible. Improve GPA to remove academic warning.
SE1803301,Excellent,5,9.22,120,99,21,82.5,19.8,1,0,0,0,0,0,6,1,Low,0,False,89.5,Complete at least 1 more credits.
SE1803302,Excellent,4,8.92,120,76,44,63.33,19.0,24,0,0,0,0,0,6,2,Low,0,False,78.0,Complete at least 24 more credits.
SE1803303,Good,7,7.32,120,117,3,97.5,16.71,0,1,0,0,0,0,8,1,Low,0,True,95.5,Retake failed courses as soon as possible.
SE1803304,Good,3,7.41,120,59,61,49.17,19.67,41,1,0,1,0,0,5,6,Medium,0,False,60.5,Complete at least 41 more credits. Complete all prerequisite courses. Retake failed courses as soon as possible.
SE1803305,Excellent,1,8.81,120,23,97,19.17,23.0,77,0,0,0,0,0,6,3,Low,0,False,51.5,Complete at least 77 more credits.
SE1803306,AtRisk,4,5.35,120,67,53,55.83,16.75,33,5,6,3,1,0,6,18,High,1,False,23.5,Complete at least 33 more credits. Complete all prerequisite courses. Retake failed courses as soon as possible. Improve GPA to remove academic warning.
SE1803307,Average,2,6.7,120,42,78,35.0,21.0,58,1,1,1,0,0,6,8,Medium,0,False,50.0,Complete at least 58 more credits. Complete all prerequisite courses. Retake failed courses as soon as possible.
SE1803308,Good,4,8.37,120,76,44,63.33,19.0,24,0,1,1,0,0,5,5,Low,0,False,70.0,Complete at least 24 more credits. Complete all prerequisite courses.
SE1803309,Good,3,7.34,120,59,61,49.17,19.67,41,1,1,0,0,0,6,5,Low,0,False,64.5,Complete at least 41 more credits. Retake failed courses as soon as possible.
SE1803310,Average,5,6.97,120,86,34,71.67,17.2,14,2,4,1,1,0,7,9,Medium,0,False,58.0,Complete at least 14 more credits. Complete all prerequisite courses. Retake failed courses as soon as possible. Improve GPA to remove academic warning.
SE1803311,Good,4,7.33,120,74,46,61.67,18.5,26,1,1,1,0,0,6,6,Medium,0,False,66.0,Complete at least 26 more credits. Complete all prerequisite courses. Retake failed courses as soon as possible.
SE1803312,Good,5,7.24,120,96,24,80.0,19.2,4,0,0,0,0,0,6,1,Low,0,False,88.0,Complete at least 4 more credits.
SE1803313,Critical,4,4.79,120,57,63,47.5,14.25,43,6,8,4,3,2,5,24,High,1,False,0.0,Complete at least 43 more credits. Complete all prerequisite courses. Retake failed courses as soon as possible. Improve GPA to remove academic warning.
SE1803314,Average,5,6.21,120,86,34,71.67,17.2,14,1,1,1,1,0,6,8,Medium,0,False,67.0,Complete at least 14 more credits. Complete all prerequisite courses. Retake failed courses as soon as possible. Improve GPA to remove academic warning.
SE1803315,Average,1,6.4,120,19,101,15.83,19.0,81,1,3,2,1,0,5,12,High,1,False,23.5,Complete at least 81 more credits. Complete all prerequisite courses. Retake failed courses as soon as possible. Improve GPA to remove academic warning.
SE1803316,Good,3,8.36,120,53,67,44.17,17.67,47,1,2,1,0,0,6,7,Medium,0,False,53.5,Complete at least 47 more credits. Complete all prerequisite courses. Retake failed courses as soon as possible.
SE1803317,LateStarter,6,6.55,120,96,24,80.0,16.0,4,3,3,0,0,0,6,6,Medium,0,False,73.0,Complete at least 4 more credits. Retake failed courses as soon as possible.
SE1803318,Average,5,6.47,120,80,40,66.67,16.0,20,2,2,1,1,0,6,9,Medium,0,False,59.0,Complete at least 20 more credits. Complete all prerequisite courses. Retake failed courses as soon as possible. Improve GPA to remove academic warning.
SE1803319,Average,5,6.57,120,91,29,75.83,18.2,9,3,3,2,1,0,6,11,High,1,False,53.5,Complete at least 9 more credits. Complete all prerequisite courses. Retake failed courses as soon as possible. Improve GPA to remove academic warning.
SE1803320,Average,4,6.75,120,63,57,52.5,15.75,37,1,4,0,1,0,6,9,Medium,0,False,55.5,Complete at least 37 more credits. Retake failed courses as soon as possible. Improve GPA to remove academic warning.
SE1803321,Good,4,7.64,120,75,45,62.5,18.75,25,1,1,1,0,0,6,6,Medium,0,False,66.5,Complete at least 25 more credits. Complete all prerequisite courses. Retake failed courses as soon as possible.
SE1803322,Excellent,6,8.96,120,112,8,93.33,18.67,0,0,0,0,0,0,7,0,Low,0,True,96.0,You are ready for OJT.
SE1803323,Good,6,8.27,120,103,17,85.83,17.17,0,0,2,0,0,0,6,1,Low,0,True,87.5,You are ready for OJT.
SE1803324,Good,1,7.14,120,18,102,15.0,18.0,82,0,2,0,0,0,5,4,Low,0,False,45.0,Complete at least 82 more credits.
SE1803325,Good,3,7.3,120,54,66,45.0,18.0,46,1,2,0,0,0,5,5,Low,0,False,60.0,Complete at least 46 more credits. Retake failed courses as soon as possible.
SE1803326,Excellent,6,9.29,120,111,9,92.5,18.5,0,0,0,0,0,0,7,0,Low,0,True,95.5,You are ready for OJT.
SE1803327,AtRisk,8,5.65,120,102,18,85.0,12.75,0,4,6,1,1,1,8,14,High,1,False,48.0,Complete all prerequisite courses. Retake failed courses as soon as possible. Improve GPA to remove academic warning.
SE1803328,Average,7,6.38,120,107,13,89.17,15.29,0,2,4,0,0,0,8,4,Low,0,True,79.5,Retake failed courses as soon as possible.
SE1803329,Good,6,8.13,120,107,13,89.17,17.83,0,0,1,1,0,0,6,3,Low,0,False,85.5,Complete all prerequisite courses.
SE1803330,Good,6,7.85,120,107,13,89.17,17.83,0,0,1,1,0,0,7,3,Low,0,False,85.5,Complete all prerequisite courses.
SE1803331,Good,5,7.92,120,90,30,75.0,18.0,10,1,1,0,0,0,7,3,Low,0,False,80.0,Complete at least 10 more credits. Retake failed courses as soon as possible.
SE1803332,Good,5,8.24,120,95,25,79.17,19.0,5,1,0,0,0,0,7,2,Low,0,False,84.5,Complete at least 5 more credits. Retake failed courses as soon as possible.
SE1803333,Average,4,6.55,120,73,47,60.83,18.25,27,1,1,2,1,0,5,10,Medium,0,False,54.5,Complete at least 27 more credits. Complete all prerequisite courses. Retake failed courses as soon as possible. Improve GPA to remove academic warning.
SE1803334,Recovery,4,6.79,120,65,55,54.17,16.25,35,2,2,0,1,0,6,8,Medium,0,False,57.5,Complete at least 35 more credits. Retake failed courses as soon as possible. Improve GPA to remove academic warning.
SE1803335,Critical,2,4.07,120,20,100,16.67,10.0,80,8,8,3,3,2,6,24,High,1,False,0.0,Complete at least 80 more credits. Complete all prerequisite courses. Retake failed courses as soon as possible. Improve GPA to remove academic warning.
SE1803336,AtRisk,6,5.73,120,98,22,81.67,16.33,2,4,6,2,2,1,7,17,High,1,False,35.0,Complete at least 2 more credits. Complete all prerequisite courses. Retake failed courses as soon as possible. Improve GPA to remove academic warning.
SE1803337,AtRisk,4,5.83,120,57,63,47.5,14.25,43,4,6,2,2,0,5,17,High,1,False,22.5,Complete at least 43 more credits. Complete all prerequisite courses. Retake failed courses as soon as possible. Improve GPA to remove academic warning.
SE1803338,Good,6,7.36,120,107,13,89.17,17.83,0,0,2,0,0,0,7,1,Low,0,True,89.5,You are ready for OJT.
SE1803339,Critical,5,3.89,120,55,65,45.83,11.0,45,6,8,3,3,1,7,22,High,1,False,0.0,Complete at least 45 more credits. Complete all prerequisite courses. Retake failed courses as soon as possible. Improve GPA to remove academic warning.
SE1803340,Average,4,6.53,120,66,54,55.0,16.5,34,3,3,1,0,0,5,10,Medium,0,False,52.0,Complete at least 34 more credits. Complete all prerequisite courses. Retake failed courses as soon as possible.
SE1803341,Good,5,7.45,120,99,21,82.5,19.8,1,0,2,1,0,0,6,4,Low,0,False,79.5,Complete at least 1 more credits. Complete all prerequisite courses.
SE1803342,Average,2,6.79,120,34,86,28.33,17.0,66,1,3,0,1,0,5,9,Medium,0,False,43.0,Complete at least 66 more credits. Retake failed courses as soon as possible. Improve GPA to remove academic warning.
SE1803343,AtRisk,5,5.83,120,78,42,65.0,15.6,22,3,3,3,1,1,7,17,High,1,False,33.0,Complete at least 22 more credits. Complete all prerequisite courses. Retake failed courses as soon as possible. Improve GPA to remove academic warning.
SE1803344,Average,6,6.45,120,105,15,87.5,17.5,0,1,2,1,1,0,7,7,Medium,0,False,74.5,Complete all prerequisite courses. Retake failed courses as soon as possible. Improve GPA to remove academic warning.
SE1803345,Average,3,6.97,120,57,63,47.5,19.0,43,2,4,2,0,0,5,10,Medium,0,False,42.5,Complete at least 43 more credits. Complete all prerequisite courses. Retake failed courses as soon as possible.
SE1803346,Critical,7,4.85,120,84,36,70.0,12.0,16,8,7,2,3,1,8,20,High,1,False,9.0,Complete at least 16 more credits. Complete all prerequisite courses. Retake failed courses as soon as possible. Improve GPA to remove academic warning.
SE1803347,AtRisk,5,5.75,120,77,43,64.17,15.4,23,3,3,1,1,0,7,13,High,1,False,52.5,Complete at least 23 more credits. Complete all prerequisite courses. Retake failed courses as soon as possible. Improve GPA to remove academic warning.
SE1803348,Average,4,6.53,120,70,50,58.33,17.5,30,1,4,1,1,0,6,10,Medium,0,False,53.0,Complete at least 30 more credits. Complete all prerequisite courses. Retake failed courses as soon as possible. Improve GPA to remove academic warning.
SE1803349,Average,4,6.51,120,67,53,55.83,16.75,33,1,4,0,1,0,5,9,Medium,0,False,57.5,Complete at least 33 more credits. Retake failed courses as soon as possible. Improve GPA to remove academic warning.
SE1803350,Critical,4,4.48,120,48,72,40.0,12.0,52,8,6,3,2,2,5,24,High,1,False,0.0,Complete at least 52 more credits. Complete all prerequisite courses. Retake failed courses as soon as possible. Improve GPA to remove academic warning.
SE1803351,Average,3,6.46,120,56,64,46.67,18.67,44,2,4,1,1,0,5,11,High,1,False,43.0,Complete at least 44 more credits. Complete all prerequisite courses. Retake failed courses as soon as possible. Improve GPA to remove academic warning.
SE1803352,Average,5,6.91,120,83,37,69.17,16.6,17,1,2,0,1,0,6,7,Medium,0,False,69.5,Complete at least 17 more credits. Retake failed courses as soon as possible. Improve GPA to remove academic warning.
SE1803353,Average,2,6.49,120,34,86,28.33,17.0,66,2,3,2,0,0,5,10,Medium,0,False,33.0,Complete at least 66 more credits. Complete all prerequisite courses. Retake failed courses as soon as possible.
SE1803354,Average,7,6.44,120,110,10,91.67,15.71,0,3,1,1,0,0,8,6,Medium,0,False,78.0,Complete all prerequisite courses. Retake failed courses as soon as possible.
SE1803355,Average,5,6.84,120,91,29,75.83,18.2,9,1,1,1,1,0,7,8,Medium,0,False,69.5,Complete at least 9 more credits. Complete all prerequisite courses. Retake failed courses as soon as possible. Improve GPA to remove academic warning.
SE1803356,Excellent,4,8.81,120,80,40,66.67,20.0,20,0,0,0,0,0,5,2,Low,0,False,80.0,Complete at least 20 more credits.
SE1803357,Good,6,7.52,120,103,17,85.83,17.17,0,1,1,1,0,0,7,4,Low,0,False,80.5,Complete all prerequisite courses. Retake failed courses as soon as possible.
SE1803358,Average,4,6.51,120,60,60,50.0,15.0,40,1,1,1,0,0,6,8,Medium,0,False,59.0,Complete at least 40 more credits. Complete all prerequisite courses. Retake failed courses as soon as possible.
SE1803359,Good,7,7.64,120,116,4,96.67,16.57,0,1,2,1,0,0,8,4,Low,0,False,85.0,Complete all prerequisite courses. Retake failed courses as soon as possible.
SE1803360,Critical,5,4.48,120,65,55,54.17,13.0,35,6,5,2,2,1,7,21,High,1,False,14.5,Complete at least 35 more credits. Complete all prerequisite courses. Retake failed courses as soon as possible. Improve GPA to remove academic warning.
SE1803361,Average,4,6.01,120,70,50,58.33,17.5,30,1,4,2,0,0,6,9,Medium,0,False,52.0,Complete at least 30 more credits. Complete all prerequisite courses. Retake failed courses as soon as possible.
SE1803362,Good,6,7.97,120,102,18,85.0,17.0,0,1,1,0,0,0,6,2,Low,0,True,86.0,Retake failed courses as soon as possible.
SE1803363,Recovery,4,6.76,120,63,57,52.5,15.75,37,2,2,0,0,0,5,6,Medium,0,False,61.5,Complete at least 37 more credits. Retake failed courses as soon as possible.
SE1803364,AtRisk,3,5.79,120,36,84,30.0,12.0,64,3,6,1,1,0,5,15,High,1,False,26.0,Complete at least 64 more credits. Complete all prerequisite courses. Retake failed courses as soon as possible. Improve GPA to remove academic warning.
SE1803365,Good,8,7.91,120,115,5,95.83,14.38,0,0,2,1,0,0,8,3,Low,0,False,87.5,Complete all prerequisite courses.
SE1803366,Good,3,7.99,120,58,62,48.33,19.33,42,0,2,0,0,0,5,4,Low,0,False,65.0,Complete at least 42 more credits.
SE1803367,Good,6,8.16,120,100,20,83.33,16.67,0,0,0,1,0,0,7,2,Low,0,False,84.0,Complete all prerequisite courses.
SE1803368,Good,4,7.66,120,81,39,67.5,20.25,19,1,2,1,0,0,6,6,Medium,0,False,67.5,Complete at least 19 more credits. Complete all prerequisite courses. Retake failed courses as soon as possible.
SE1803369,AtRisk,3,5.67,120,39,81,32.5,13.0,61,5,3,2,1,0,6,16,High,1,False,21.5,Complete at least 61 more credits. Complete all prerequisite courses. Retake failed courses as soon as possible. Improve GPA to remove academic warning.
SE1803370,Good,5,8.14,120,90,30,75.0,18.0,10,1,1,0,0,0,7,3,Low,0,False,80.0,Complete at least 10 more credits. Retake failed courses as soon as possible.
SE1803371,Good,4,7.96,120,78,42,65.0,19.5,22,1,2,0,0,0,5,4,Low,0,False,72.0,Complete at least 22 more credits. Retake failed courses as soon as possible.
SE1803372,Good,7,7.18,120,114,6,95.0,16.29,0,1,1,1,0,0,8,4,Low,0,False,86.0,Complete all prerequisite courses. Retake failed courses as soon as possible.
SE1803373,Good,6,7.02,120,111,9,92.5,18.5,0,1,2,1,0,0,6,4,Low,0,False,82.5,Complete all prerequisite courses. Retake failed courses as soon as possible.
SE1803374,Average,2,6.25,120,36,84,30.0,18.0,64,3,3,0,0,0,5,8,Medium,0,False,43.0,Complete at least 64 more credits. Retake failed courses as soon as possible.
SE1803375,Average,6,6.59,120,103,17,85.83,17.17,0,2,3,2,0,0,7,7,Medium,0,False,67.5,Complete all prerequisite courses. Retake failed courses as soon as possible.
SE1803376,Average,2,6.06,120,42,78,35.0,21.0,58,3,2,2,0,0,6,10,Medium,0,False,36.0,Complete at least 58 more credits. Complete all prerequisite courses. Retake failed courses as soon as possible.
SE1803377,AtRisk,3,5.76,120,43,77,35.83,14.33,57,5,6,2,2,1,5,20,High,1,False,4.5,Complete at least 57 more credits. Complete all prerequisite courses. Retake failed courses as soon as possible. Improve GPA to remove academic warning.
SE1803378,Good,6,7.18,120,103,17,85.83,17.17,0,1,0,1,0,0,7,3,Low,0,False,82.5,Complete all prerequisite courses. Retake failed courses as soon as possible.
SE1803379,Average,1,6.06,120,18,102,15.0,18.0,82,2,3,2,1,0,6,12,High,1,False,20.0,Complete at least 82 more credits. Complete all prerequisite courses. Retake failed courses as soon as possible. Improve GPA to remove academic warning.
SE1803380,Average,3,6.71,120,46,74,38.33,15.33,54,2,4,0,0,0,6,7,Medium,0,False,49.0,Complete at least 54 more credits. Retake failed courses as soon as possible.
SE1803381,Average,4,6.15,120,71,49,59.17,17.75,29,3,2,1,0,0,6,8,Medium,0,False,56.5,Complete at least 29 more credits. Complete all prerequisite courses. Retake failed courses as soon as possible.
SE1803382,Average,3,6.73,120,45,75,37.5,15.0,55,2,3,0,0,0,6,7,Medium,0,False,50.5,Complete at least 55 more credits. Retake failed courses as soon as possible.
SE1803383,Good,4,7.54,120,80,40,66.67,20.0,20,0,1,1,0,0,6,5,Low,0,False,72.0,Complete at least 20 more credits. Complete all prerequisite courses.
SE1803384,Good,7,7.95,120,108,12,90.0,15.43,0,0,1,1,0,0,8,3,Low,0,False,86.0,Complete all prerequisite courses.
SE1803385,Average,6,6.35,120,102,18,85.0,17.0,0,2,4,0,0,0,6,4,Low,0,True,77.0,Retake failed courses as soon as possible.
SE1803386,Good,6,8.38,120,107,13,89.17,17.83,0,1,1,0,0,0,7,2,Low,0,True,88.5,Retake failed courses as soon as possible.
SE1803387,LateStarter,5,6.29,120,94,26,78.33,18.8,6,3,2,1,0,0,7,7,Medium,0,False,68.0,Complete at least 6 more credits. Complete all prerequisite courses. Retake failed courses as soon as possible.
SE1803388,Excellent,7,9.52,120,120,0,100.0,17.14,0,0,0,0,0,0,8,0,Low,0,True,100.0,You are ready for OJT.
SE1803389,Good,5,8.32,120,100,20,83.33,20.0,0,0,0,1,0,0,6,2,Low,0,False,84.0,Complete all prerequisite courses.
SE1803390,LateStarter,1,6.57,120,18,102,15.0,18.0,82,4,3,2,0,0,5,11,High,1,False,19.0,Complete at least 82 more credits. Complete all prerequisite courses. Retake failed courses as soon as possible.
SE1803391,Good,3,7.07,120,56,64,46.67,18.67,44,1,0,0,0,0,5,4,Low,0,False,65.0,Complete at least 44 more credits. Retake failed courses as soon as possible.
SE1803392,Recovery,4,6.3,120,58,62,48.33,14.5,42,1,2,0,1,0,5,8,Medium,0,False,57.0,Complete at least 42 more credits. Retake failed courses as soon as possible. Improve GPA to remove academic warning.
SE1803393,Average,5,6.52,120,89,31,74.17,17.8,11,2,1,1,1,0,7,8,Medium,0,False,65.5,Complete at least 11 more credits. Complete all prerequisite courses. Retake failed courses as soon as possible. Improve GPA to remove academic warning.
SE1803394,Good,6,8.31,120,112,8,93.33,18.67,0,0,2,0,0,0,6,1,Low,0,True,92.0,You are ready for OJT.
SE1803395,Good,3,8.14,120,56,64,46.67,18.67,44,1,1,1,0,0,6,7,Medium,0,False,57.0,Complete at least 44 more credits. Complete all prerequisite courses. Retake failed courses as soon as possible.
SE1803396,Good,1,7.69,120,22,98,18.33,22.0,78,0,2,0,0,0,6,4,Low,0,False,47.0,Complete at least 78 more credits.
SE1803397,Good,5,7.97,120,96,24,80.0,19.2,4,0,2,1,0,0,7,4,Low,0,False,78.0,Complete at least 4 more credits. Complete all prerequisite courses.
SE1803398,Average,3,6.38,120,52,68,43.33,17.33,48,3,1,1,1,0,5,11,High,1,False,44.0,Complete at least 48 more credits. Complete all prerequisite courses. Retake failed courses as soon as possible. Improve GPA to remove academic warning.
SE1803399,LateStarter,5,6.9,120,85,35,70.83,17.0,15,2,4,1,1,0,7,9,Medium,0,False,57.5,Complete at least 15 more credits. Complete all prerequisite courses. Retake failed courses as soon as possible. Improve GPA to remove academic warning.
SE1803400,Average,3,6.28,120,47,73,39.17,15.67,53,3,4,2,0,0,6,11,High,1,False,34.5,Complete at least 53 more credits. Complete all prerequisite courses. Retake failed courses as soon as possible.
SE1803401,AtRisk,5,5.39,120,84,36,70.0,16.8,16,3,3,3,1,0,6,15,High,1,False,44.0,Complete at least 16 more credits. Complete all prerequisite courses. Retake failed courses as soon as possible. Improve GPA to remove academic warning.
SE1803402,Good,6,7.94,120,110,10,91.67,18.33,0,0,1,1,0,0,6,3,Low,0,False,87.0,Complete all prerequisite courses.
SE1803403,Recovery,3,6.01,120,49,71,40.83,16.33,51,2,2,1,0,0,6,8,Medium,0,False,48.5,Complete at least 51 more credits. Complete all prerequisite courses. Retake failed courses as soon as possible.
SE1803404,Average,3,6.87,120,53,67,44.17,17.67,47,2,4,2,0,0,6,10,Medium,0,False,40.5,Complete at least 47 more credits. Complete all prerequisite courses. Retake failed courses as soon as possible.
SE1803405,AtRisk,3,5.38,120,48,72,40.0,16.0,52,4,6,3,2,1,6,20,High,1,False,4.0,Complete at least 52 more credits. Complete all prerequisite courses. Retake failed courses as soon as possible. Improve GPA to remove academic warning.
SE1803406,Average,5,6.0,120,91,29,75.83,18.2,9,2,1,2,0,0,7,7,Medium,0,False,65.5,Complete at least 9 more credits. Complete all prerequisite courses. Retake failed courses as soon as possible.
SE1803407,Average,3,6.25,120,54,66,45.0,18.0,46,2,2,1,0,0,6,8,Medium,0,False,51.0,Complete at least 46 more credits. Complete all prerequisite courses. Retake failed courses as soon as possible.
SE1803408,Excellent,4,8.88,120,78,42,65.0,19.5,22,0,0,0,0,0,5,2,Low,0,False,79.0,Complete at least 22 more credits.
SE1803409,Excellent,3,9.97,120,62,58,51.67,20.67,38,0,0,0,0,0,6,3,Low,0,False,71.0,Complete at least 38 more credits.
SE1803410,Good,3,7.12,120,59,61,49.17,19.67,41,0,2,1,0,0,6,6,Medium,0,False,59.5,Complete at least 41 more credits. Complete all prerequisite courses.
SE1803411,Good,2,7.33,120,42,78,35.0,21.0,58,1,0,0,0,0,5,4,Low,0,False,58.0,Complete at least 58 more credits. Retake failed courses as soon as possible.
SE1803412,AtRisk,5,5.5,120,83,37,69.17,16.6,17,4,6,3,1,0,7,16,High,1,False,34.5,Complete at least 17 more credits. Complete all prerequisite courses. Retake failed courses as soon as possible. Improve GPA to remove academic warning.
SE1803413,Average,5,6.05,120,88,32,73.33,17.6,12,1,2,0,0,0,7,4,Low,0,False,77.0,Complete at least 12 more credits. Retake failed courses as soon as possible.
SE1803414,Excellent,8,9.7,120,119,1,99.17,14.88,0,0,0,0,0,0,8,0,Low,0,True,99.5,You are ready for OJT.
SE1803415,Good,5,7.79,120,93,27,77.5,18.6,7,1,2,1,0,0,6,5,Low,0,False,73.5,Complete at least 7 more credits. Complete all prerequisite courses. Retake failed courses as soon as possible.
SE1803416,Good,2,7.03,120,36,84,30.0,18.0,64,1,2,1,0,0,6,7,Medium,0,False,45.0,Complete at least 64 more credits. Complete all prerequisite courses. Retake failed courses as soon as possible.
SE1803417,Good,7,7.75,120,111,9,92.5,15.86,0,0,1,0,0,0,8,1,Low,0,True,93.5,You are ready for OJT.
SE1803418,AtRisk,5,5.36,120,75,45,62.5,15.0,25,3,6,1,1,0,6,14,High,1,False,45.5,Complete at least 25 more credits. Complete all prerequisite courses. Retake failed courses as soon as possible. Improve GPA to remove academic warning.
SE1803419,Good,4,7.68,120,73,47,60.83,18.25,27,0,1,0,0,0,5,3,Low,0,False,74.5,Complete at least 27 more credits.
SE1803420,LateStarter,3,6.48,120,37,83,30.83,12.33,63,4,3,1,1,0,5,12,High,1,False,29.5,Complete at least 63 more credits. Complete all prerequisite courses. Retake failed courses as soon as possible. Improve GPA to remove academic warning.
SE1803421,Good,4,7.52,120,81,39,67.5,20.25,19,0,0,0,0,0,5,2,Low,0,False,80.5,Complete at least 19 more credits.
SE1803422,Recovery,7,6.14,120,102,18,85.0,14.57,0,2,2,1,1,0,8,7,Medium,0,False,70.0,Complete all prerequisite courses. Retake failed courses as soon as possible. Improve GPA to remove academic warning.
SE1803423,Good,2,7.68,120,36,84,30.0,18.0,64,0,2,0,0,0,5,4,Low,0,False,54.0,Complete at least 64 more credits.
SE1803424,Good,5,7.17,120,88,32,73.33,17.6,12,1,2,1,0,0,7,5,Low,0,False,71.0,Complete at least 12 more credits. Complete all prerequisite courses. Retake failed courses as soon as possible.
SE1803425,Average,3,6.95,120,57,63,47.5,19.0,43,1,2,0,0,0,6,6,Medium,0,False,61.5,Complete at least 43 more credits. Retake failed courses as soon as possible.
SE1803426,Critical,5,4.71,120,62,58,51.67,12.4,38,7,6,4,2,1,6,22,High,1,False,0.0,Complete at least 38 more credits. Complete all prerequisite courses. Retake failed courses as soon as possible. Improve GPA to remove academic warning.
SE1803427,Average,4,6.52,120,70,50,58.33,17.5,30,1,4,1,1,0,6,10,Medium,0,False,53.0,Complete at least 30 more credits. Complete all prerequisite courses. Retake failed courses as soon as possible. Improve GPA to remove academic warning.
SE1803428,Average,3,6.85,120,56,64,46.67,18.67,44,3,2,0,0,0,5,7,Medium,0,False,55.0,Complete at least 44 more credits. Retake failed courses as soon as possible.
SE1803429,Good,3,8.12,120,62,58,51.67,20.67,38,1,2,1,0,0,5,7,Medium,0,False,58.0,Complete at least 38 more credits. Complete all prerequisite courses. Retake failed courses as soon as possible.
SE1803430,AtRisk,3,5.85,120,46,74,38.33,15.33,54,3,5,3,2,0,6,18,High,1,False,16.0,Complete at least 54 more credits. Complete all prerequisite courses. Retake failed courses as soon as possible. Improve GPA to remove academic warning.
SE1803431,Excellent,5,8.79,120,102,18,85.0,20.4,0,0,0,0,0,0,6,0,Low,0,True,91.0,You are ready for OJT.
SE1803432,Excellent,4,9.66,120,83,37,69.17,20.75,17,0,0,0,0,0,6,2,Low,0,False,81.5,Complete at least 17 more credits.
SE1803433,Good,6,7.39,120,107,13,89.17,17.83,0,1,0,0,0,0,6,1,Low,0,True,90.5,Retake failed courses as soon as possible.
SE1803434,AtRisk,5,5.44,120,71,49,59.17,14.2,29,3,5,3,1,0,6,16,High,1,False,33.5,Complete at least 29 more credits. Complete all prerequisite courses. Retake failed courses as soon as possible. Improve GPA to remove academic warning.
SE1803435,Recovery,5,6.37,120,85,35,70.83,17.0,15,1,3,1,1,0,7,9,Medium,0,False,62.5,Complete at least 15 more credits. Complete all prerequisite courses. Retake failed courses as soon as possible. Improve GPA to remove academic warning.
SE1803436,Good,4,7.05,120,77,43,64.17,19.25,23,0,1,0,0,0,5,3,Low,0,False,76.5,Complete at least 23 more credits.
SE1803437,LateStarter,5,6.92,120,80,40,66.67,16.0,20,3,3,0,0,0,6,7,Medium,0,False,65.0,Complete at least 20 more credits. Retake failed courses as soon as possible.
SE1803438,LateStarter,4,6.84,120,55,65,45.83,13.75,45,4,4,2,1,0,6,13,High,1,False,30.5,Complete at least 45 more credits. Complete all prerequisite courses. Retake failed courses as soon as possible. Improve GPA to remove academic warning.
SE1803439,Good,5,7.94,120,93,27,77.5,18.6,7,0,2,1,0,0,7,4,Low,0,False,76.5,Complete at least 7 more credits. Complete all prerequisite courses.
SE1803440,Excellent,4,9.91,120,78,42,65.0,19.5,22,0,0,0,0,0,5,2,Low,0,False,79.0,Complete at least 22 more credits.
SE1803441,Average,6,6.32,120,96,24,80.0,16.0,4,3,2,1,0,0,7,7,Medium,0,False,69.0,Complete at least 4 more credits. Complete all prerequisite courses. Retake failed courses as soon as possible.
SE1803442,Excellent,2,9.9,120,46,74,38.33,23.0,54,0,0,0,0,0,5,3,Low,0,False,63.0,Complete at least 54 more credits.
SE1803443,Excellent,5,9.91,120,97,23,80.83,19.4,3,0,0,0,0,0,6,1,Low,0,False,88.5,Complete at least 3 more credits.
SE1803444,Average,1,6.86,120,17,103,14.17,17.0,83,2,4,2,0,0,6,10,Medium,0,False,22.5,Complete at least 83 more credits. Complete all prerequisite courses. Retake failed courses as soon as possible.
SE1803445,Recovery,6,6.47,120,98,22,81.67,16.33,2,2,3,1,1,0,6,9,Medium,0,False,66.0,Complete at least 2 more credits. Complete all prerequisite courses. Retake failed courses as soon as possible. Improve GPA to remove academic warning.
SE1803446,Good,5,7.2,120,94,26,78.33,18.8,6,0,0,0,0,0,7,1,Low,0,False,87.0,Complete at least 6 more credits.
SE1803447,Good,1,7.73,120,19,101,15.83,19.0,81,1,2,1,0,0,5,7,Medium,0,False,36.5,Complete at least 81 more credits. Complete all prerequisite courses. Retake failed courses as soon as possible.
SE1803448,Good,4,8.22,120,81,39,67.5,20.25,19,0,0,1,0,0,6,4,Low,0,False,74.5,Complete at least 19 more credits. Complete all prerequisite courses.
SE1803449,AtRisk,5,5.77,120,73,47,60.83,14.6,27,4,3,1,2,1,6,16,High,1,False,34.5,Complete at least 27 more credits. Complete all prerequisite courses. Retake failed courses as soon as possible. Improve GPA to remove academic warning.
SE1803450,Average,5,6.87,120,93,27,77.5,18.6,7,3,4,0,1,0,6,8,Medium,0,False,64.5,Complete at least 7 more credits. Retake failed courses as soon as possible. Improve GPA to remove academic warning.
SE1803451,AtRisk,4,5.49,120,66,54,55.0,16.5,34,4,5,2,2,0,6,17,High,1,False,29.0,Complete at least 34 more credits. Complete all prerequisite courses. Retake failed courses as soon as possible. Improve GPA to remove academic warning.
SE1803452,Critical,5,4.43,120,65,55,54.17,13.0,35,7,6,4,2,2,7,24,High,1,False,0.0,Complete at least 35 more credits. Complete all prerequisite courses. Retake failed courses as soon as possible. Improve GPA to remove academic warning.
SE1803453,Average,5,6.74,120,85,35,70.83,17.0,15,2,2,0,0,0,6,4,Low,0,False,72.5,Complete at least 15 more credits. Retake failed courses as soon as possible.
SE1803454,Average,6,6.42,120,95,25,79.17,15.83,5,1,4,1,0,0,7,7,Medium,0,False,70.5,Complete at least 5 more credits. Complete all prerequisite courses. Retake failed courses as soon as possible.
SE1803455,LateStarter,5,6.41,120,85,35,70.83,17.0,15,4,2,0,0,0,7,5,Low,0,False,66.5,Complete at least 15 more credits. Retake failed courses as soon as possible.
SE1803456,Average,1,6.63,120,20,100,16.67,20.0,80,1,4,1,0,0,6,9,Medium,0,False,33.0,Complete at least 80 more credits. Complete all prerequisite courses. Retake failed courses as soon as possible.
SE1803457,AtRisk,3,5.68,120,36,84,30.0,12.0,64,3,5,3,2,1,6,20,High,1,False,3.0,Complete at least 64 more credits. Complete all prerequisite courses. Retake failed courses as soon as possible. Improve GPA to remove academic warning.
SE1803458,Average,2,6.55,120,36,84,30.0,18.0,64,3,2,1,1,0,6,11,High,1,False,34.0,Complete at least 64 more credits. Complete all prerequisite courses. Retake failed courses as soon as possible. Improve GPA to remove academic warning.
SE1803459,Good,8,8.19,120,114,6,95.0,14.25,0,0,0,1,0,0,8,2,Low,0,False,91.0,Complete all prerequisite courses.
SE1803460,Good,7,8.18,120,117,3,97.5,16.71,0,1,2,1,0,0,8,4,Low,0,False,85.5,Complete all prerequisite courses. Retake failed courses as soon as possible.
SE1803461,Good,7,8.03,120,115,5,95.83,16.43,0,1,2,0,0,0,8,2,Low,0,True,90.5,Retake failed courses as soon as possible.
SE1803462,Good,7,8.0,120,111,9,92.5,15.86,0,1,2,1,0,0,8,4,Low,0,False,82.5,Complete all prerequisite courses. Retake failed courses as soon as possible.
SE1803463,Good,7,7.11,120,113,7,94.17,16.14,0,1,1,0,0,0,8,2,Low,0,True,91.5,Retake failed courses as soon as possible.
SE1803464,Good,5,7.77,120,99,21,82.5,19.8,1,0,1,1,0,0,7,4,Low,0,False,81.5,Complete at least 1 more credits. Complete all prerequisite courses.
SE1803465,Good,5,7.29,120,97,23,80.83,19.4,3,0,1,1,0,0,7,4,Low,0,False,80.5,Complete at least 3 more credits. Complete all prerequisite courses.
SE1803466,Good,4,8.13,120,71,49,59.17,17.75,29,1,1,0,0,0,5,4,Low,0,False,70.5,Complete at least 29 more credits. Retake failed courses as soon as possible.
SE1803467,Good,6,8.16,120,109,11,90.83,18.17,0,1,1,0,0,0,6,2,Low,0,True,89.5,Retake failed courses as soon as possible.
SE1803468,Good,7,7.16,120,116,4,96.67,16.57,0,0,2,1,0,0,8,3,Low,0,False,88.0,Complete all prerequisite courses.
SE1803469,LateStarter,5,7.06,120,85,35,70.83,17.0,15,3,5,1,0,0,6,8,Medium,0,False,57.5,Complete at least 15 more credits. Complete all prerequisite courses. Retake failed courses as soon as possible.
SE1803470,Good,3,7.74,120,63,57,52.5,21.0,37,0,1,1,0,0,5,6,Medium,0,False,63.5,Complete at least 37 more credits. Complete all prerequisite courses.
SE1803471,Average,6,6.83,120,101,19,84.17,16.83,0,3,2,1,0,0,7,6,Medium,0,False,71.5,Complete all prerequisite courses. Retake failed courses as soon as possible.
SE1803472,Recovery,3,6.79,120,42,78,35.0,14.0,58,1,2,0,1,0,6,8,Medium,0,False,49.0,Complete at least 58 more credits. Retake failed courses as soon as possible. Improve GPA to remove academic warning.
SE1803473,Average,5,6.14,120,87,33,72.5,17.4,13,3,3,0,1,0,7,8,Medium,0,False,63.5,Complete at least 13 more credits. Retake failed courses as soon as possible. Improve GPA to remove academic warning.
SE1803474,Good,3,7.41,120,56,64,46.67,18.67,44,0,2,1,0,0,5,6,Medium,0,False,58.0,Complete at least 44 more credits. Complete all prerequisite courses.
SE1803475,AtRisk,2,5.05,120,36,84,30.0,18.0,64,3,3,1,2,1,5,17,High,1,False,19.0,Complete at least 64 more credits. Complete all prerequisite courses. Retake failed courses as soon as possible. Improve GPA to remove academic warning.
SE1803476,Good,4,7.11,120,78,42,65.0,19.5,22,0,2,0,0,0,5,3,Low,0,False,75.0,Complete at least 22 more credits.
SE1803477,Good,2,7.5,120,35,85,29.17,17.5,65,1,2,0,0,0,6,5,Low,0,False,50.5,Complete at least 65 more credits. Retake failed courses as soon as possible.
SE1803478,Average,2,6.72,120,35,85,29.17,17.5,65,2,1,0,0,0,6,6,Medium,0,False,49.5,Complete at least 65 more credits. Retake failed courses as soon as possible.
SE1803479,Good,5,7.02,120,96,24,80.0,19.2,4,1,2,0,0,0,7,3,Low,0,False,81.0,Complete at least 4 more credits. Retake failed courses as soon as possible.
SE1803480,Average,4,6.61,120,71,49,59.17,17.75,29,3,4,2,0,0,6,10,Medium,0,False,46.5,Complete at least 29 more credits. Complete all prerequisite courses. Retake failed courses as soon as possible.
SE1803481,Good,6,7.88,120,102,18,85.0,17.0,0,0,2,0,0,0,6,1,Low,0,True,87.0,You are ready for OJT.
SE1803482,Average,7,6.27,120,103,17,85.83,14.71,0,2,1,1,0,0,8,5,Low,0,False,77.5,Complete all prerequisite courses. Retake failed courses as soon as possible.
SE1803483,Good,4,7.54,120,79,41,65.83,19.75,21,1,2,0,0,0,5,4,Low,0,False,72.5,Complete at least 21 more credits. Retake failed courses as soon as possible.
SE1803484,Average,3,6.9,120,58,62,48.33,19.33,42,1,1,0,1,0,5,8,Medium,0,False,59.0,Complete at least 42 more credits. Retake failed courses as soon as possible. Improve GPA to remove academic warning.
SE1803485,Good,5,7.75,120,92,28,76.67,18.4,8,1,1,1,0,0,7,5,Low,0,False,75.0,Complete at least 8 more credits. Complete all prerequisite courses. Retake failed courses as soon as possible.
SE1803486,Average,5,6.15,120,85,35,70.83,17.0,15,3,1,0,1,0,7,7,Medium,0,False,66.5,Complete at least 15 more credits. Retake failed courses as soon as possible. Improve GPA to remove academic warning.
SE1803487,Recovery,7,6.71,120,106,14,88.33,15.14,0,2,4,0,1,0,8,6,Medium,0,True,74.0,Retake failed courses as soon as possible. Improve GPA to remove academic warning.
SE1803488,AtRisk,5,5.55,120,68,52,56.67,13.6,32,3,3,1,1,1,6,16,High,1,False,40.0,Complete at least 32 more credits. Complete all prerequisite courses. Retake failed courses as soon as possible. Improve GPA to remove academic warning.
SE1803489,Good,4,8.23,120,76,44,63.33,19.0,24,0,0,1,0,0,5,4,Low,0,False,72.0,Complete at least 24 more credits. Complete all prerequisite courses.
SE1803490,AtRisk,2,5.72,120,35,85,29.17,17.5,65,4,6,1,2,1,5,18,High,1,False,9.5,Complete at least 65 more credits. Complete all prerequisite courses. Retake failed courses as soon as possible. Improve GPA to remove academic warning.
SE1803491,Average,8,6.16,120,110,10,91.67,13.75,0,2,2,1,0,0,8,5,Low,0,False,79.0,Complete all prerequisite courses. Retake failed courses as soon as possible.
SE1803492,Average,4,6.04,120,74,46,61.67,18.5,26,2,4,0,1,0,5,8,Medium,0,False,58.0,Complete at least 26 more credits. Retake failed courses as soon as possible. Improve GPA to remove academic warning.
SE1803493,Average,5,6.65,120,95,25,79.17,19.0,5,3,4,2,1,0,7,11,High,1,False,53.5,Complete at least 5 more credits. Complete all prerequisite courses. Retake failed courses as soon as possible. Improve GPA to remove academic warning.
SE1803494,Excellent,4,9.81,120,79,41,65.83,19.75,21,0,0,0,0,0,6,2,Low,0,False,79.5,Complete at least 21 more credits.
SE1803495,Good,3,8.03,120,50,70,41.67,16.67,50,0,0,0,0,0,5,3,Low,0,False,65.0,Complete at least 50 more credits.
SE1803496,Average,6,6.75,120,107,13,89.17,17.83,0,1,3,1,0,0,7,6,Medium,0,False,78.5,Complete all prerequisite courses. Retake failed courses as soon as possible.
SE1803497,Good,4,8.32,120,74,46,61.67,18.5,26,0,2,0,0,0,5,3,Low,0,False,73.0,Complete at least 26 more credits.
SE1803498,Average,3,6.18,120,53,67,44.17,17.67,47,3,1,2,0,0,6,10,Medium,0,False,43.5,Complete at least 47 more credits. Complete all prerequisite courses. Retake failed courses as soon as possible.
SE1803499,Average,8,6.62,120,120,0,100.0,15.0,0,2,4,2,0,0,8,7,Medium,0,False,74.0,Complete all prerequisite courses. Retake failed courses as soon as possible.
SE1803500,Critical,5,3.56,120,60,60,50.0,12.0,40,6,7,3,2,1,7,22,High,1,False,2.0,Complete at least 40 more credits. Complete all prerequisite courses. Retake failed courses as soon as possible. Improve GPA to remove academic warning.
SE1803501,Average,2,6.08,120,36,84,30.0,18.0,64,3,2,2,0,0,6,10,Medium,0,False,33.0,Complete at least 64 more credits. Complete all prerequisite courses. Retake failed courses as soon as possible.
SE1803502,Good,5,8.07,120,93,27,77.5,18.6,7,0,1,0,0,0,7,2,Low,0,False,84.5,Complete at least 7 more credits.
SE1803503,Excellent,5,9.88,120,99,21,82.5,19.8,1,0,0,0,0,0,7,1,Low,0,False,89.5,Complete at least 1 more credits.
SE1803504,Average,5,6.41,120,82,38,68.33,16.4,18,1,1,1,1,0,7,9,Medium,0,False,65.0,Complete at least 18 more credits. Complete all prerequisite courses. Retake failed courses as soon as possible. Improve GPA to remove academic warning.
SE1803505,Average,5,6.28,120,85,35,70.83,17.0,15,1,3,2,1,0,6,10,Medium,0,False,56.5,Complete at least 15 more credits. Complete all prerequisite courses. Retake failed courses as soon as possible. Improve GPA to remove academic warning.
SE1803506,Good,6,7.28,120,100,20,83.33,16.67,0,1,2,0,0,0,6,2,Low,0,True,83.0,Retake failed courses as soon as possible.
SE1803507,Average,3,6.68,120,46,74,38.33,15.33,54,3,1,0,1,0,6,9,Medium,0,False,47.0,Complete at least 54 more credits. Retake failed courses as soon as possible. Improve GPA to remove academic warning.
SE1803508,Good,5,8.46,120,100,20,83.33,20.0,0,1,0,1,0,0,7,3,Low,0,False,81.0,Complete all prerequisite courses. Retake failed courses as soon as possible.
SE1803509,AtRisk,3,5.49,120,43,77,35.83,14.33,57,3,4,1,2,0,6,15,High,1,False,28.5,Complete at least 57 more credits. Complete all prerequisite courses. Retake failed courses as soon as possible. Improve GPA to remove academic warning.
SE1803510,Critical,4,4.25,120,54,66,45.0,13.5,46,5,6,4,2,1,5,22,High,1,False,0.0,Complete at least 46 more credits. Complete all prerequisite courses. Retake failed courses as soon as possible. Improve GPA to remove academic warning.
SE1803511,Good,2,7.09,120,46,74,38.33,23.0,54,0,1,1,0,0,5,6,Medium,0,False,55.0,Complete at least 54 more credits. Complete all prerequisite courses.
SE1803512,LateStarter,2,7.1,120,29,91,24.17,14.5,71,4,4,2,1,0,6,12,High,1,False,17.5,Complete at least 71 more credits. Complete all prerequisite courses. Retake failed courses as soon as possible. Improve GPA to remove academic warning.
SE1803513,Critical,3,3.63,120,37,83,30.83,12.33,63,6,6,2,2,2,5,23,High,1,False,0.0,Complete at least 63 more credits. Complete all prerequisite courses. Retake failed courses as soon as possible. Improve GPA to remove academic warning.
SE1803514,LateStarter,2,6.63,120,34,86,28.33,17.0,66,3,4,2,0,0,5,11,High,1,False,28.0,Complete at least 66 more credits. Complete all prerequisite courses. Retake failed courses as soon as possible.
SE1803515,AtRisk,4,5.5,120,50,70,41.67,12.5,50,3,6,2,2,0,5,17,High,1,False,22.0,Complete at least 50 more credits. Complete all prerequisite courses. Retake failed courses as soon as possible. Improve GPA to remove academic warning.
SE1803516,Recovery,2,6.3,120,32,88,26.67,16.0,68,1,4,1,0,0,6,9,Medium,0,False,39.0,Complete at least 68 more credits. Complete all prerequisite courses. Retake failed courses as soon as possible.
SE1803517,Excellent,4,9.96,120,73,47,60.83,18.25,27,0,0,0,0,0,5,2,Low,0,False,76.5,Complete at least 27 more credits.
SE1803518,Good,5,7.71,120,88,32,73.33,17.6,12,0,2,0,0,0,6,2,Low,0,False,80.0,Complete at least 12 more credits.
SE1803519,Average,5,6.25,120,86,34,71.67,17.2,14,2,3,0,0,0,7,5,Low,0,False,71.0,Complete at least 14 more credits. Retake failed courses as soon as possible.
SE1803520,Good,6,8.2,120,104,16,86.67,17.33,0,1,0,0,0,0,6,1,Low,0,True,89.0,Retake failed courses as soon as possible.
SE1803521,Good,3,7.55,120,61,59,50.83,20.33,39,1,2,1,0,0,6,7,Medium,0,False,57.5,Complete at least 39 more credits. Complete all prerequisite courses. Retake failed courses as soon as possible.
SE1803522,AtRisk,8,5.68,120,104,16,86.67,13.0,0,5,4,3,2,1,8,17,High,1,False,33.0,Complete all prerequisite courses. Retake failed courses as soon as possible. Improve GPA to remove academic warning.
SE1803523,AtRisk,8,5.46,120,102,18,85.0,12.75,0,4,6,1,2,1,8,15,High,1,False,43.0,Complete all prerequisite courses. Retake failed courses as soon as possible. Improve GPA to remove academic warning.
SE1803524,Average,4,6.43,120,71,49,59.17,17.75,29,1,2,2,1,0,5,10,Medium,0,False,51.5,Complete at least 29 more credits. Complete all prerequisite courses. Retake failed courses as soon as possible. Improve GPA to remove academic warning.
SE1803525,Good,3,7.8,120,58,62,48.33,19.33,42,0,2,1,0,0,6,6,Medium,0,False,59.0,Complete at least 42 more credits. Complete all prerequisite courses.
SE1803526,Average,3,6.27,120,46,74,38.33,15.33,54,3,3,1,1,0,5,12,High,1,False,37.0,Complete at least 54 more credits. Complete all prerequisite courses. Retake failed courses as soon as possible. Improve GPA to remove academic warning.
SE1803527,Average,6,6.82,120,99,21,82.5,16.5,1,2,1,2,0,0,7,7,Medium,0,False,69.5,Complete at least 1 more credits. Complete all prerequisite courses. Retake failed courses as soon as possible.
SE1803528,AtRisk,5,5.04,120,71,49,59.17,14.2,29,4,6,2,2,0,6,16,High,1,False,29.5,Complete at least 29 more credits. Complete all prerequisite courses. Retake failed courses as soon as possible. Improve GPA to remove academic warning.
SE1803529,AtRisk,4,5.32,120,62,58,51.67,15.5,38,5,4,1,2,1,6,18,High,1,False,24.0,Complete at least 38 more credits. Complete all prerequisite courses. Retake failed courses as soon as possible. Improve GPA to remove academic warning.
SE1803530,Average,5,6.58,120,94,26,78.33,18.8,6,1,3,1,0,0,6,7,Medium,0,False,72.0,Complete at least 6 more credits. Complete all prerequisite courses. Retake failed courses as soon as possible.
SE1803531,Average,6,6.89,120,92,28,76.67,15.33,8,1,1,2,1,0,7,9,Medium,0,False,64.0,Complete at least 8 more credits. Complete all prerequisite courses. Retake failed courses as soon as possible. Improve GPA to remove academic warning.
SE1803532,Good,5,7.42,120,88,32,73.33,17.6,12,1,1,1,0,0,7,5,Low,0,False,73.0,Complete at least 12 more credits. Complete all prerequisite courses. Retake failed courses as soon as possible.
SE1803533,Good,7,8.27,120,115,5,95.83,16.43,0,1,1,1,0,0,8,4,Low,0,False,86.5,Complete all prerequisite courses. Retake failed courses as soon as possible.
SE1803534,LateStarter,6,6.96,120,93,27,77.5,15.5,7,4,2,1,0,0,7,7,Medium,0,False,64.5,Complete at least 7 more credits. Complete all prerequisite courses. Retake failed courses as soon as possible.
SE1803535,Excellent,5,8.97,120,92,28,76.67,18.4,8,0,0,0,0,0,7,1,Low,0,False,86.0,Complete at least 8 more credits.
SE1803536,Good,4,8.03,120,82,38,68.33,20.5,18,1,0,0,0,0,6,3,Low,0,False,78.0,Complete at least 18 more credits. Retake failed courses as soon as possible.
SE1803537,Average,4,6.25,120,68,52,56.67,17.0,32,1,4,0,1,0,6,9,Medium,0,False,58.0,Complete at least 32 more credits. Retake failed courses as soon as possible. Improve GPA to remove academic warning.
SE1803538,Excellent,3,9.32,120,61,59,50.83,20.33,39,0,0,0,0,0,6,3,Low,0,False,70.5,Complete at least 39 more credits.
SE1803539,AtRisk,3,5.16,120,43,77,35.83,14.33,57,3,5,3,2,0,5,18,High,1,False,14.5,Complete at least 57 more credits. Complete all prerequisite courses. Retake failed courses as soon as possible. Improve GPA to remove academic warning.
SE1803540,Average,2,6.83,120,40,80,33.33,20.0,60,2,4,2,1,0,5,12,High,1,False,29.0,Complete at least 60 more credits. Complete all prerequisite courses. Retake failed courses as soon as possible. Improve GPA to remove academic warning.
SE1803541,Average,2,6.79,120,33,87,27.5,16.5,67,3,1,1,1,0,6,11,High,1,False,34.5,Complete at least 67 more credits. Complete all prerequisite courses. Retake failed courses as soon as possible. Improve GPA to remove academic warning.
SE1803542,Average,5,6.28,120,80,40,66.67,16.0,20,2,1,0,0,0,6,5,Low,0,False,72.0,Complete at least 20 more credits. Retake failed courses as soon as possible.
SE1803543,Average,5,6.29,120,84,36,70.0,16.8,16,1,1,1,1,0,7,9,Medium,0,False,66.0,Complete at least 16 more credits. Complete all prerequisite courses. Retake failed courses as soon as possible. Improve GPA to remove academic warning.
SE1803544,Excellent,6,8.75,120,110,10,91.67,18.33,0,0,0,0,0,0,7,0,Low,0,True,95.0,You are ready for OJT.
SE1803545,Good,5,7.4,120,99,21,82.5,19.8,1,0,1,1,0,0,6,4,Low,0,False,81.5,Complete at least 1 more credits. Complete all prerequisite courses.
SE1803546,LateStarter,6,6.98,120,102,18,85.0,17.0,0,2,5,0,1,0,6,7,Medium,0,True,70.0,Retake failed courses as soon as possible. Improve GPA to remove academic warning.
SE1803547,Good,2,7.5,120,35,85,29.17,17.5,65,0,0,0,0,0,6,3,Low,0,False,57.5,Complete at least 65 more credits.
SE1803548,Excellent,2,9.61,120,46,74,38.33,23.0,54,0,0,0,0,0,5,3,Low,0,False,63.0,Complete at least 54 more credits.
SE1803549,Excellent,5,8.9,120,103,17,85.83,20.6,0,0,0,0,0,0,6,0,Low,0,True,91.5,You are ready for OJT.
SE1803550,Good,4,7.18,120,74,46,61.67,18.5,26,0,2,1,0,0,5,5,Low,0,False,67.0,Complete at least 26 more credits. Complete all prerequisite courses.
SE1803551,Average,5,6.53,120,90,30,75.0,18.0,10,2,2,1,1,0,7,8,Medium,0,False,64.0,Complete at least 10 more credits. Complete all prerequisite courses. Retake failed courses as soon as possible. Improve GPA to remove academic warning.
SE1803552,Average,5,6.62,120,81,39,67.5,16.2,19,3,1,1,1,0,6,10,Medium,0,False,58.5,Complete at least 19 more credits. Complete all prerequisite courses. Retake failed courses as soon as possible. Improve GPA to remove academic warning.
SE1803553,AtRisk,2,5.34,120,29,91,24.17,14.5,71,5,4,2,1,0,6,16,High,1,False,14.5,Complete at least 71 more credits. Complete all prerequisite courses. Retake failed courses as soon as possible. Improve GPA to remove academic warning.
SE1803554,Critical,3,4.27,120,33,87,27.5,11.0,67,5,8,3,2,2,5,24,High,1,False,0.0,Complete at least 67 more credits. Complete all prerequisite courses. Retake failed courses as soon as possible. Improve GPA to remove academic warning.
SE1803555,Average,6,6.62,120,106,14,88.33,17.67,0,1,3,1,1,0,7,8,Medium,0,False,73.0,Complete all prerequisite courses. Retake failed courses as soon as possible. Improve GPA to remove academic warning.
SE1803556,Good,5,7.71,120,95,25,79.17,19.0,5,1,1,1,0,0,7,5,Low,0,False,76.5,Complete at least 5 more credits. Complete all prerequisite courses. Retake failed courses as soon as possible.
SE1803557,AtRisk,3,5.3,120,40,80,33.33,13.33,60,3,3,2,1,1,5,17,High,1,False,20.0,Complete at least 60 more credits. Complete all prerequisite courses. Retake failed courses as soon as possible. Improve GPA to remove academic warning.
SE1803558,Good,4,7.19,120,79,41,65.83,19.75,21,1,1,1,0,0,6,6,Medium,0,False,68.5,Complete at least 21 more credits. Complete all prerequisite courses. Retake failed courses as soon as possible.
SE1803559,Average,6,6.81,120,103,17,85.83,17.17,0,3,3,2,1,0,6,10,Medium,0,False,59.5,Complete all prerequisite courses. Retake failed courses as soon as possible. Improve GPA to remove academic warning.
SE1803560,Good,1,8.26,120,18,102,15.0,18.0,82,1,0,1,0,0,5,6,Medium,0,False,40.0,Complete at least 82 more credits. Complete all prerequisite courses. Retake failed courses as soon as possible.
SE1803561,Average,1,6.75,120,16,104,13.33,16.0,84,3,2,0,1,0,5,9,Medium,0,False,30.0,Complete at least 84 more credits. Retake failed courses as soon as possible. Improve GPA to remove academic warning.
SE1803562,Average,2,6.94,120,35,85,29.17,17.5,65,3,1,2,1,0,5,12,High,1,False,29.5,Complete at least 65 more credits. Complete all prerequisite courses. Retake failed courses as soon as possible. Improve GPA to remove academic warning.
SE1803563,Good,4,7.08,120,70,50,58.33,17.5,30,1,0,0,0,0,6,3,Low,0,False,72.0,Complete at least 30 more credits. Retake failed courses as soon as possible.
SE1803564,Recovery,7,6.26,120,111,9,92.5,15.86,0,2,2,0,1,0,8,5,Low,0,True,80.5,Retake failed courses as soon as possible. Improve GPA to remove academic warning.
SE1803565,AtRisk,4,5.9,120,68,52,56.67,17.0,32,4,5,2,2,1,6,19,High,1,False,22.0,Complete at least 32 more credits. Complete all prerequisite courses. Retake failed courses as soon as possible. Improve GPA to remove academic warning.
SE1803566,AtRisk,5,5.87,120,73,47,60.83,14.6,27,4,4,3,1,1,7,17,High,1,False,25.5,Complete at least 27 more credits. Complete all prerequisite courses. Retake failed courses as soon as possible. Improve GPA to remove academic warning.
SE1803567,Average,6,6.79,120,106,14,88.33,17.67,0,3,1,2,0,0,6,7,Medium,0,False,70.0,Complete all prerequisite courses. Retake failed courses as soon as possible.
SE1803568,Recovery,3,5.82,120,45,75,37.5,15.0,55,1,3,0,1,0,5,11,High,1,False,48.5,Complete at least 55 more credits. Retake failed courses as soon as possible. Improve GPA to remove academic warning.
SE1803569,Average,7,6.27,120,100,20,83.33,14.29,0,3,3,0,1,0,8,7,Medium,0,True,70.0,Retake failed courses as soon as possible. Improve GPA to remove academic warning.
SE1803570,Good,4,7.12,120,76,44,63.33,19.0,24,1,0,0,0,0,6,3,Low,0,False,75.0,Complete at least 24 more credits. Retake failed courses as soon as possible.
SE1803571,Excellent,2,9.8,120,38,82,31.67,19.0,62,0,0,0,0,0,6,3,Low,0,False,59.0,Complete at least 62 more credits.
SE1803572,Good,7,7.78,120,110,10,91.67,15.71,0,1,1,1,0,0,8,4,Low,0,False,84.0,Complete all prerequisite courses. Retake failed courses as soon as possible.
SE1803573,Good,5,7.47,120,92,28,76.67,18.4,8,0,0,1,0,0,7,3,Low,0,False,80.0,Complete at least 8 more credits. Complete all prerequisite courses.
SE1803574,Average,3,6.41,120,56,64,46.67,18.67,44,3,2,0,1,0,5,9,Medium,0,False,50.0,Complete at least 44 more credits. Retake failed courses as soon as possible. Improve GPA to remove academic warning.
SE1803575,Excellent,4,9.23,120,84,36,70.0,21.0,16,0,0,0,0,0,6,2,Low,0,False,82.0,Complete at least 16 more credits.
SE1803576,LateStarter,5,6.99,120,88,32,73.33,17.6,12,2,5,0,1,0,7,8,Medium,0,False,63.0,Complete at least 12 more credits. Retake failed courses as soon as possible. Improve GPA to remove academic warning.
SE1803577,Good,7,7.53,120,108,12,90.0,15.43,0,0,0,1,0,0,8,2,Low,0,False,88.0,Complete all prerequisite courses.
SE1803578,Average,5,6.36,120,95,25,79.17,19.0,5,3,2,0,1,0,6,7,Medium,0,False,69.5,Complete at least 5 more credits. Retake failed courses as soon as possible. Improve GPA to remove academic warning.
SE1803579,Good,2,7.71,120,37,83,30.83,18.5,63,1,0,1,0,0,5,6,Medium,0,False,49.5,Complete at least 63 more credits. Complete all prerequisite courses. Retake failed courses as soon as possible.
SE1803580,Average,4,6.9,120,71,49,59.17,17.75,29,3,1,2,0,0,5,9,Medium,0,False,52.5,Complete at least 29 more credits. Complete all prerequisite courses. Retake failed courses as soon as possible.
SE1803581,Excellent,2,8.73,120,36,84,30.0,18.0,64,0,0,0,0,0,6,3,Low,0,False,58.0,Complete at least 64 more credits.
SE1803582,Good,5,7.96,120,93,27,77.5,18.6,7,1,0,0,0,0,6,2,Low,0,False,83.5,Complete at least 7 more credits. Retake failed courses as soon as possible.
SE1803583,AtRisk,6,5.9,120,98,22,81.67,16.33,2,5,6,2,1,1,7,17,High,1,False,37.0,Complete at least 2 more credits. Complete all prerequisite courses. Retake failed courses as soon as possible. Improve GPA to remove academic warning.
SE1803584,Average,5,6.2,120,86,34,71.67,17.2,14,1,1,1,0,0,6,6,Medium,0,False,72.0,Complete at least 14 more credits. Complete all prerequisite courses. Retake failed courses as soon as possible.
SE1803585,Average,1,6.95,120,18,102,15.0,18.0,82,1,2,0,0,0,6,6,Medium,0,False,42.0,Complete at least 82 more credits. Retake failed courses as soon as possible.
SE1803586,Average,4,6.69,120,75,45,62.5,18.75,25,2,3,2,1,0,6,11,High,1,False,48.5,Complete at least 25 more credits. Complete all prerequisite courses. Retake failed courses as soon as possible. Improve GPA to remove academic warning.
SE1803587,Average,2,6.33,120,34,86,28.33,17.0,66,3,4,0,0,0,6,8,Medium,0,False,40.0,Complete at least 66 more credits. Retake failed courses as soon as possible.
SE1803588,Average,5,6.13,120,85,35,70.83,17.0,15,3,4,1,0,0,7,8,Medium,0,False,59.5,Complete at least 15 more credits. Complete all prerequisite courses. Retake failed courses as soon as possible.
SE1803589,AtRisk,2,5.31,120,27,93,22.5,13.5,73,5,5,3,2,0,6,19,High,1,False,0.5,Complete at least 73 more credits. Complete all prerequisite courses. Retake failed courses as soon as possible. Improve GPA to remove academic warning.
SE1803590,Recovery,2,6.29,120,34,86,28.33,17.0,66,2,4,0,1,0,6,9,Medium,0,False,38.0,Complete at least 66 more credits. Retake failed courses as soon as possible. Improve GPA to remove academic warning.
SE1803591,Good,6,8.37,120,111,9,92.5,18.5,0,1,1,1,0,0,7,4,Low,0,False,84.5,Complete all prerequisite courses. Retake failed courses as soon as possible.
SE1803592,Average,5,6.86,120,91,29,75.83,18.2,9,3,3,1,1,0,6,10,Medium,0,False,59.5,Complete at least 9 more credits. Complete all prerequisite courses. Retake failed courses as soon as possible. Improve GPA to remove academic warning.
SE1803593,Excellent,5,9.91,120,104,16,86.67,20.8,0,0,0,0,0,0,6,0,Low,0,True,92.0,You are ready for OJT.
SE1803594,Average,4,6.61,120,70,50,58.33,17.5,30,1,4,1,0,0,5,8,Medium,0,False,58.0,Complete at least 30 more credits. Complete all prerequisite courses. Retake failed courses as soon as possible.
SE1803595,Good,3,8.26,120,56,64,46.67,18.67,44,1,1,0,0,0,6,5,Low,0,False,63.0,Complete at least 44 more credits. Retake failed courses as soon as possible.
SE1803596,Average,3,6.0,120,45,75,37.5,15.0,55,2,2,1,1,0,6,10,Medium,0,False,41.5,Complete at least 55 more credits. Complete all prerequisite courses. Retake failed courses as soon as possible. Improve GPA to remove academic warning.
SE1803597,Good,6,7.27,120,106,14,88.33,17.67,0,0,0,0,0,0,6,0,Low,0,True,93.0,You are ready for OJT.
SE1803598,LateStarter,6,6.32,120,103,17,85.83,17.17,0,3,5,0,0,0,6,6,Medium,0,True,72.5,Retake failed courses as soon as possible.
SE1803599,Excellent,5,9.01,120,101,19,84.17,20.2,0,0,0,0,0,0,6,0,Low,0,True,90.5,You are ready for OJT.
SE1803600,Good,4,7.03,120,77,43,64.17,19.25,23,0,1,1,0,0,5,5,Low,0,False,70.5,Complete at least 23 more credits. Complete all prerequisite courses.
SE1803601,Average,3,6.2,120,49,71,40.83,16.33,51,1,2,2,1,0,5,11,High,1,False,40.5,Complete at least 51 more credits. Complete all prerequisite courses. Retake failed courses as soon as possible. Improve GPA to remove academic warning.
SE1803602,Good,4,7.65,120,82,38,68.33,20.5,18,1,2,1,0,0,6,6,Medium,0,False,68.0,Complete at least 18 more credits. Complete all prerequisite courses. Retake failed courses as soon as possible.
SE1803603,AtRisk,4,5.02,120,58,62,48.33,14.5,42,4,3,2,1,0,6,15,High,1,False,34.0,Complete at least 42 more credits. Complete all prerequisite courses. Retake failed courses as soon as possible. Improve GPA to remove academic warning.
SE1803604,Excellent,2,8.92,120,45,75,37.5,22.5,55,0,0,0,0,0,6,3,Low,0,False,62.5,Complete at least 55 more credits.
SE1803605,Average,2,6.72,120,36,84,30.0,18.0,64,1,4,1,0,0,6,9,Medium,0,False,41.0,Complete at least 64 more credits. Complete all prerequisite courses. Retake failed courses as soon as possible.
SE1803606,Critical,5,4.69,120,55,65,45.83,11.0,45,7,7,3,3,2,6,24,High,1,False,0.0,Complete at least 45 more credits. Complete all prerequisite courses. Retake failed courses as soon as possible. Improve GPA to remove academic warning.
SE1803607,Average,3,6.53,120,52,68,43.33,17.33,48,2,1,1,0,0,6,8,Medium,0,False,52.0,Complete at least 48 more credits. Complete all prerequisite courses. Retake failed courses as soon as possible.
SE1803608,Critical,5,3.87,120,74,46,61.67,14.8,26,8,6,3,2,2,6,23,High,1,False,0.0,Complete at least 26 more credits. Complete all prerequisite courses. Retake failed courses as soon as possible. Improve GPA to remove academic warning.
SE1803609,Excellent,3,8.81,120,57,63,47.5,19.0,43,0,0,0,0,0,6,3,Low,0,False,68.5,Complete at least 43 more credits.
SE1803610,Average,2,6.85,120,32,88,26.67,16.0,68,3,1,1,1,0,6,11,High,1,False,34.0,Complete at least 68 more credits. Complete all prerequisite courses. Retake failed courses as soon as possible. Improve GPA to remove academic warning.
SE1803611,Average,7,6.48,120,111,9,92.5,15.86,0,3,3,0,1,0,8,7,Medium,0,True,75.5,Retake failed courses as soon as possible. Improve GPA to remove academic warning.
SE1803612,Good,3,7.62,120,59,61,49.17,19.67,41,0,2,0,0,0,6,4,Low,0,False,65.5,Complete at least 41 more credits.
SE1803613,Good,5,7.73,120,100,20,83.33,20.0,0,1,1,1,0,0,7,4,Low,0,False,79.0,Complete all prerequisite courses. Retake failed courses as soon as possible.
SE1803614,Average,3,6.96,120,45,75,37.5,15.0,55,3,3,0,0,0,5,8,Medium,0,False,47.5,Complete at least 55 more credits. Retake failed courses as soon as possible.
SE1803615,Average,3,6.87,120,47,73,39.17,15.67,53,1,4,1,0,0,6,9,Medium,0,False,46.5,Complete at least 53 more credits. Complete all prerequisite courses. Retake failed courses as soon as possible.
SE1803616,Average,5,6.5,120,84,36,70.0,16.8,16,2,3,1,1,0,6,10,Medium,0,False,59.0,Complete at least 16 more credits. Complete all prerequisite courses. Retake failed courses as soon as possible. Improve GPA to remove academic warning.
SE1803617,Excellent,2,9.55,120,41,79,34.17,20.5,59,0,0,0,0,0,6,3,Low,0,False,60.5,Complete at least 59 more credits.
SE1803618,AtRisk,3,5.06,120,48,72,40.0,16.0,52,4,4,2,2,1,5,18,High,1,False,14.0,Complete at least 52 more credits. Complete all prerequisite courses. Retake failed courses as soon as possible. Improve GPA to remove academic warning.
SE1803619,Average,3,6.79,120,46,74,38.33,15.33,54,2,2,0,0,0,5,6,Medium,0,False,53.0,Complete at least 54 more credits. Retake failed courses as soon as possible.
SE1803620,LateStarter,6,6.44,120,92,28,76.67,15.33,8,2,2,0,1,0,7,6,Medium,0,False,71.0,Complete at least 8 more credits. Retake failed courses as soon as possible. Improve GPA to remove academic warning.
SE1803621,Good,4,7.48,120,76,44,63.33,19.0,24,1,1,1,0,0,6,6,Medium,0,False,67.0,Complete at least 24 more credits. Complete all prerequisite courses. Retake failed courses as soon as possible.
SE1803622,Good,4,7.51,120,72,48,60.0,18.0,28,0,1,1,0,0,6,5,Low,0,False,68.0,Complete at least 28 more credits. Complete all prerequisite courses.
SE1803623,AtRisk,4,5.31,120,64,56,53.33,16.0,36,5,4,3,2,0,5,18,High,1,False,21.0,Complete at least 36 more credits. Complete all prerequisite courses. Retake failed courses as soon as possible. Improve GPA to remove academic warning.
SE1803624,Good,7,8.42,120,117,3,97.5,16.71,0,1,0,0,0,0,8,1,Low,0,True,95.5,Retake failed courses as soon as possible.
SE1803625,Average,2,6.65,120,32,88,26.67,16.0,68,2,4,0,0,0,6,7,Medium,0,False,42.0,Complete at least 68 more credits. Retake failed courses as soon as possible.
SE1803626,Good,6,8.39,120,104,16,86.67,17.33,0,1,1,0,0,0,7,2,Low,0,True,87.0,Retake failed courses as soon as possible.
SE1803627,Good,4,7.54,120,69,51,57.5,17.25,31,1,2,1,0,0,6,7,Medium,0,False,61.5,Complete at least 31 more credits. Complete all prerequisite courses. Retake failed courses as soon as possible.
SE1803628,Average,6,6.88,120,93,27,77.5,15.5,7,1,1,0,1,0,6,6,Medium,0,False,76.5,Complete at least 7 more credits. Retake failed courses as soon as possible. Improve GPA to remove academic warning.
SE1803629,Average,8,6.31,120,119,1,99.17,14.88,0,3,2,0,0,0,8,4,Low,0,True,86.5,Retake failed courses as soon as possible.
SE1803630,Good,7,7.19,120,113,7,94.17,16.14,0,0,2,0,0,0,8,1,Low,0,True,92.5,You are ready for OJT.
SE1803631,AtRisk,4,5.82,120,58,62,48.33,14.5,42,4,4,1,1,0,6,14,High,1,False,38.0,Complete at least 42 more credits. Complete all prerequisite courses. Retake failed courses as soon as possible. Improve GPA to remove academic warning.
SE1803632,Good,4,7.94,120,71,49,59.17,17.75,29,0,2,1,0,0,6,5,Low,0,False,65.5,Complete at least 29 more credits. Complete all prerequisite courses.
SE1803633,Good,2,7.19,120,37,83,30.83,18.5,63,0,1,0,0,0,6,4,Low,0,False,56.5,Complete at least 63 more credits.
SE1803634,Good,7,7.89,120,116,4,96.67,16.57,0,1,0,1,0,0,8,3,Low,0,False,89.0,Complete all prerequisite courses. Retake failed courses as soon as possible.
SE1803635,Good,3,7.44,120,62,58,51.67,20.67,38,1,0,1,0,0,5,6,Medium,0,False,62.0,Complete at least 38 more credits. Complete all prerequisite courses. Retake failed courses as soon as possible.
SE1803636,AtRisk,5,5.21,120,75,45,62.5,15.0,25,3,3,3,2,0,6,16,High,1,False,34.5,Complete at least 25 more credits. Complete all prerequisite courses. Retake failed courses as soon as possible. Improve GPA to remove academic warning.
SE1803637,Good,1,8.38,120,19,101,15.83,19.0,81,0,0,0,0,0,5,3,Low,0,False,49.5,Complete at least 81 more credits.
SE1803638,Average,3,6.67,120,56,64,46.67,18.67,44,3,2,0,1,0,5,9,Medium,0,False,50.0,Complete at least 44 more credits. Retake failed courses as soon as possible. Improve GPA to remove academic warning.
SE1803639,Average,4,6.25,120,72,48,60.0,18.0,28,1,4,0,1,0,6,8,Medium,0,False,60.0,Complete at least 28 more credits. Retake failed courses as soon as possible. Improve GPA to remove academic warning.
SE1803640,Recovery,4,6.11,120,72,48,60.0,18.0,28,1,3,1,0,0,6,8,Medium,0,False,61.0,Complete at least 28 more credits. Complete all prerequisite courses. Retake failed courses as soon as possible.
SE1803641,Average,2,6.88,120,33,87,27.5,16.5,67,3,2,2,0,0,5,10,Medium,0,False,31.5,Complete at least 67 more credits. Complete all prerequisite courses. Retake failed courses as soon as possible.
SE1803642,Average,2,6.14,120,31,89,25.83,15.5,69,2,1,2,0,0,6,9,Medium,0,False,35.5,Complete at least 69 more credits. Complete all prerequisite courses. Retake failed courses as soon as possible.
SE1803643,AtRisk,3,5.25,120,36,84,30.0,12.0,64,4,4,2,2,0,6,16,High,1,False,16.0,Complete at least 64 more credits. Complete all prerequisite courses. Retake failed courses as soon as possible. Improve GPA to remove academic warning.
SE1803644,AtRisk,4,5.21,120,68,52,56.67,17.0,32,3,4,3,1,0,6,16,High,1,False,34.0,Complete at least 32 more credits. Complete all prerequisite courses. Retake failed courses as soon as possible. Improve GPA to remove academic warning.
SE1803645,Recovery,5,5.91,120,85,35,70.83,17.0,15,2,4,0,1,0,7,9,Medium,0,False,63.5,Complete at least 15 more credits. Retake failed courses as soon as possible. Improve GPA to remove academic warning.
SE1803646,Average,2,6.28,120,32,88,26.67,16.0,68,1,1,1,0,0,5,8,Medium,0,False,45.0,Complete at least 68 more credits. Complete all prerequisite courses. Retake failed courses as soon as possible.
SE1803647,AtRisk,5,5.85,120,78,42,65.0,15.6,22,5,3,1,1,1,7,16,High,1,False,39.0,Complete at least 22 more credits. Complete all prerequisite courses. Retake failed courses as soon as possible. Improve GPA to remove academic warning.
SE1803648,Good,3,7.32,120,54,66,45.0,18.0,46,1,1,0,0,0,5,5,Low,0,False,62.0,Complete at least 46 more credits. Retake failed courses as soon as possible.
SE1803649,Good,3,8.13,120,64,56,53.33,21.33,36,0,2,0,0,0,5,4,Low,0,False,68.0,Complete at least 36 more credits.
SE1803650,Recovery,7,6.2,120,110,10,91.67,15.71,0,1,3,0,1,0,8,6,Medium,0,True,81.0,Retake failed courses as soon as possible. Improve GPA to remove academic warning.
SE1803651,AtRisk,4,5.87,120,64,56,53.33,16.0,36,5,5,3,2,0,5,19,High,1,False,19.0,Complete at least 36 more credits. Complete all prerequisite courses. Retake failed courses as soon as possible. Improve GPA to remove academic warning.
SE1803652,Average,3,6.54,120,50,70,41.67,16.67,50,1,1,0,0,0,5,6,Medium,0,False,60.0,Complete at least 50 more credits. Retake failed courses as soon as possible.
SE1803653,Average,3,6.97,120,50,70,41.67,16.67,50,3,4,2,1,0,6,13,High,1,False,31.0,Complete at least 50 more credits. Complete all prerequisite courses. Retake failed courses as soon as possible. Improve GPA to remove academic warning.
SE1803654,Good,4,7.62,120,75,45,62.5,18.75,25,0,2,1,0,0,5,5,Low,0,False,67.5,Complete at least 25 more credits. Complete all prerequisite courses.
SE1803655,Good,6,7.95,120,103,17,85.83,17.17,0,0,2,1,0,0,7,3,Low,0,False,81.5,Complete all prerequisite courses.
SE1803656,Critical,4,4.9,120,42,78,35.0,10.5,58,7,7,4,3,1,6,22,High,1,False,0.0,Complete at least 58 more credits. Complete all prerequisite courses. Retake failed courses as soon as possible. Improve GPA to remove academic warning.
SE1803657,Good,3,7.3,120,62,58,51.67,20.67,38,0,2,1,0,0,6,6,Medium,0,False,61.0,Complete at least 38 more credits. Complete all prerequisite courses.
SE1803658,Average,4,6.7,120,71,49,59.17,17.75,29,3,4,1,1,0,5,11,High,1,False,47.5,Complete at least 29 more credits. Complete all prerequisite courses. Retake failed courses as soon as possible. Improve GPA to remove academic warning.
SE1803659,AtRisk,5,5.76,120,75,45,62.5,15.0,25,5,4,2,2,0,6,16,High,1,False,32.5,Complete at least 25 more credits. Complete all prerequisite courses. Retake failed courses as soon as possible. Improve GPA to remove academic warning.
SE1803660,Average,4,6.27,120,68,52,56.67,17.0,32,3,2,0,0,0,5,7,Medium,0,False,61.0,Complete at least 32 more credits. Retake failed courses as soon as possible.
SE1803661,LateStarter,2,6.29,120,26,94,21.67,13.0,74,3,4,1,1,0,6,12,High,1,False,25.0,Complete at least 74 more credits. Complete all prerequisite courses. Retake failed courses as soon as possible. Improve GPA to remove academic warning.
SE1803662,Average,3,6.39,120,45,75,37.5,15.0,55,2,1,1,0,0,6,8,Medium,0,False,48.5,Complete at least 55 more credits. Complete all prerequisite courses. Retake failed courses as soon as possible.
SE1803663,Good,3,8.26,120,50,70,41.67,16.67,50,0,0,1,0,0,5,5,Low,0,False,59.0,Complete at least 50 more credits. Complete all prerequisite courses.
SE1803664,Good,5,7.3,120,98,22,81.67,19.6,2,0,1,0,0,0,7,2,Low,0,False,87.0,Complete at least 2 more credits.
SE1803665,Excellent,5,9.51,120,99,21,82.5,19.8,1,0,0,0,0,0,7,1,Low,0,False,89.5,Complete at least 1 more credits.
SE1803666,Average,5,6.8,120,86,34,71.67,17.2,14,3,1,2,1,0,7,10,Medium,0,False,55.0,Complete at least 14 more credits. Complete all prerequisite courses. Retake failed courses as soon as possible. Improve GPA to remove academic warning.
SE1803667,AtRisk,4,5.68,120,50,70,41.67,12.5,50,3,6,3,1,1,6,19,High,1,False,13.0,Complete at least 50 more credits. Complete all prerequisite courses. Retake failed courses as soon as possible. Improve GPA to remove academic warning.
SE1803668,Good,8,7.56,120,116,4,96.67,14.5,0,0,1,0,0,0,8,1,Low,0,True,96.0,You are ready for OJT.
SE1803669,Average,4,6.87,120,71,49,59.17,17.75,29,3,1,2,1,0,5,11,High,1,False,47.5,Complete at least 29 more credits. Complete all prerequisite courses. Retake failed courses as soon as possible. Improve GPA to remove academic warning.
SE1803670,Good,5,7.25,120,95,25,79.17,19.0,5,0,1,1,0,0,6,4,Low,0,False,79.5,Complete at least 5 more credits. Complete all prerequisite courses.
SE1803671,Good,5,7.24,120,91,29,75.83,18.2,9,1,2,1,0,0,6,5,Low,0,False,72.5,Complete at least 9 more credits. Complete all prerequisite courses. Retake failed courses as soon as possible.
SE1803672,AtRisk,3,5.18,120,48,72,40.0,16.0,52,5,4,2,2,1,6,19,High,1,False,11.0,Complete at least 52 more credits. Complete all prerequisite courses. Retake failed courses as soon as possible. Improve GPA to remove academic warning.
SE1803673,Good,1,7.15,120,20,100,16.67,20.0,80,1,0,0,0,0,5,4,Low,0,False,47.0,Complete at least 80 more credits. Retake failed courses as soon as possible.
SE1803674,Average,4,6.75,120,75,45,62.5,18.75,25,3,2,1,1,0,5,10,Medium,0,False,53.5,Complete at least 25 more credits. Complete all prerequisite courses. Retake failed courses as soon as possible. Improve GPA to remove academic warning.
SE1803675,AtRisk,5,5.79,120,79,41,65.83,15.8,21,3,6,3,2,1,6,19,High,1,False,22.5,Complete at least 21 more credits. Complete all prerequisite courses. Retake failed courses as soon as possible. Improve GPA to remove academic warning.
SE1803676,Good,3,7.07,120,58,62,48.33,19.33,42,0,2,0,0,0,5,4,Low,0,False,65.0,Complete at least 42 more credits.
SE1803677,Good,5,7.28,120,95,25,79.17,19.0,5,1,2,0,0,0,7,3,Low,0,False,80.5,Complete at least 5 more credits. Retake failed courses as soon as possible.
SE1803678,LateStarter,5,6.99,120,95,25,79.17,19.0,5,2,2,2,0,0,6,7,Medium,0,False,65.5,Complete at least 5 more credits. Complete all prerequisite courses. Retake failed courses as soon as possible.
SE1803679,Excellent,3,9.25,120,59,61,49.17,19.67,41,0,0,0,0,0,5,3,Low,0,False,69.5,Complete at least 41 more credits.
SE1803680,Good,3,8.38,120,53,67,44.17,17.67,47,1,2,0,0,0,5,5,Low,0,False,59.5,Complete at least 47 more credits. Retake failed courses as soon as possible.
SE1803681,Average,3,6.17,120,45,75,37.5,15.0,55,1,2,0,1,0,5,8,Medium,0,False,50.5,Complete at least 55 more credits. Retake failed courses as soon as possible. Improve GPA to remove academic warning.
SE1803682,Excellent,2,9.43,120,45,75,37.5,22.5,55,0,0,0,0,0,6,3,Low,0,False,62.5,Complete at least 55 more credits.
SE1803683,Good,5,8.03,120,88,32,73.33,17.6,12,0,2,0,0,0,7,2,Low,0,False,80.0,Complete at least 12 more credits.
SE1803684,Critical,6,4.82,120,70,50,58.33,11.67,30,7,7,4,2,2,6,23,High,1,False,0.0,Complete at least 30 more credits. Complete all prerequisite courses. Retake failed courses as soon as possible. Improve GPA to remove academic warning.
SE1803685,AtRisk,4,5.77,120,53,67,44.17,13.25,47,4,3,2,2,1,6,18,High,1,False,18.5,Complete at least 47 more credits. Complete all prerequisite courses. Retake failed courses as soon as possible. Improve GPA to remove academic warning.
SE1803686,Average,2,6.46,120,40,80,33.33,20.0,60,1,4,0,0,0,5,7,Medium,0,False,49.0,Complete at least 60 more credits. Retake failed courses as soon as possible.
SE1803687,Average,3,6.03,120,49,71,40.83,16.33,51,1,1,2,0,0,5,9,Medium,0,False,47.5,Complete at least 51 more credits. Complete all prerequisite courses. Retake failed courses as soon as possible.
SE1803688,Good,5,7.96,120,90,30,75.0,18.0,10,0,0,0,0,0,6,1,Low,0,False,85.0,Complete at least 10 more credits.
SE1803689,Good,5,8.06,120,90,30,75.0,18.0,10,1,2,0,0,0,7,3,Low,0,False,78.0,Complete at least 10 more credits. Retake failed courses as soon as possible.
SE1803690,Good,4,7.24,120,70,50,58.33,17.5,30,0,0,0,0,0,5,2,Low,0,False,75.0,Complete at least 30 more credits.
SE1803691,Average,5,6.72,120,85,35,70.83,17.0,15,3,2,0,1,0,6,7,Medium,0,False,64.5,Complete at least 15 more credits. Retake failed courses as soon as possible. Improve GPA to remove academic warning.
SE1803692,Good,5,7.6,120,96,24,80.0,19.2,4,0,0,1,0,0,6,3,Low,0,False,82.0,Complete at least 4 more credits. Complete all prerequisite courses.
SE1803693,LateStarter,1,6.52,120,14,106,11.67,14.0,86,2,5,1,0,0,6,10,Medium,0,False,25.0,Complete at least 86 more credits. Complete all prerequisite courses. Retake failed courses as soon as possible.
SE1803694,Good,1,7.25,120,22,98,18.33,22.0,78,1,0,1,0,0,5,6,Medium,0,False,42.0,Complete at least 78 more credits. Complete all prerequisite courses. Retake failed courses as soon as possible.
SE1803695,Good,5,7.54,120,91,29,75.83,18.2,9,0,2,1,0,0,7,4,Low,0,False,75.5,Complete at least 9 more credits. Complete all prerequisite courses.
SE1803696,Excellent,3,8.98,120,62,58,51.67,20.67,38,0,0,0,0,0,6,3,Low,0,False,71.0,Complete at least 38 more credits.
SE1803697,Average,3,6.49,120,49,71,40.83,16.33,51,2,4,2,1,0,5,12,High,1,False,33.5,Complete at least 51 more credits. Complete all prerequisite courses. Retake failed courses as soon as possible. Improve GPA to remove academic warning.
SE1803698,Average,5,6.99,120,94,26,78.33,18.8,6,2,3,2,1,0,7,10,Medium,0,False,58.0,Complete at least 6 more credits. Complete all prerequisite courses. Retake failed courses as soon as possible. Improve GPA to remove academic warning.
SE1803699,Recovery,3,6.13,120,42,78,35.0,14.0,58,1,3,0,1,0,6,9,Medium,0,False,47.0,Complete at least 58 more credits. Retake failed courses as soon as possible. Improve GPA to remove academic warning.
SE1803700,Average,8,6.24,120,119,1,99.17,14.88,0,1,2,2,0,0,8,6,Medium,0,False,80.5,Complete all prerequisite courses. Retake failed courses as soon as possible.
SE1803701,AtRisk,4,5.23,120,50,70,41.67,12.5,50,4,3,1,1,0,5,14,High,1,False,36.0,Complete at least 50 more credits. Complete all prerequisite courses. Retake failed courses as soon as possible. Improve GPA to remove academic warning.
SE1803702,Good,4,7.29,120,74,46,61.67,18.5,26,0,0,0,0,0,5,2,Low,0,False,77.0,Complete at least 26 more credits.
SE1803703,Good,4,7.1,120,78,42,65.0,19.5,22,1,2,1,0,0,5,6,Medium,0,False,66.0,Complete at least 22 more credits. Complete all prerequisite courses. Retake failed courses as soon as possible.
SE1803704,Average,5,6.27,120,91,29,75.83,18.2,9,2,4,2,1,0,6,10,Medium,0,False,54.5,Complete at least 9 more credits. Complete all prerequisite courses. Retake failed courses as soon as possible. Improve GPA to remove academic warning.
SE1803705,Good,7,8.18,120,108,12,90.0,15.43,0,1,2,0,0,0,8,2,Low,0,True,87.0,Retake failed courses as soon as possible.
SE1803706,Average,2,6.24,120,40,80,33.33,20.0,60,3,1,2,0,0,5,10,Medium,0,False,37.0,Complete at least 60 more credits. Complete all prerequisite courses. Retake failed courses as soon as possible.
SE1803707,LateStarter,7,6.47,120,107,13,89.17,15.29,0,4,5,1,1,0,8,10,Medium,0,False,60.5,Complete all prerequisite courses. Retake failed courses as soon as possible. Improve GPA to remove academic warning.
SE1803708,Average,7,6.58,120,110,10,91.67,15.71,0,1,3,2,1,0,8,9,Medium,0,False,69.0,Complete all prerequisite courses. Retake failed courses as soon as possible. Improve GPA to remove academic warning.
SE1803709,Excellent,1,8.73,120,18,102,15.0,18.0,82,0,0,0,0,0,6,3,Low,0,False,49.0,Complete at least 82 more credits.
SE1803710,Critical,4,4.69,120,44,76,36.67,11.0,56,6,6,4,2,2,6,24,High,1,False,0.0,Complete at least 56 more credits. Complete all prerequisite courses. Retake failed courses as soon as possible. Improve GPA to remove academic warning.
SE1803711,LateStarter,3,6.7,120,40,80,33.33,13.33,60,3,5,2,0,0,5,12,High,1,False,29.0,Complete at least 60 more credits. Complete all prerequisite courses. Retake failed courses as soon as possible.
SE1803712,AtRisk,2,5.91,120,34,86,28.33,17.0,66,5,4,3,2,1,5,20,High,1,False,0.0,Complete at least 66 more credits. Complete all prerequisite courses. Retake failed courses as soon as possible. Improve GPA to remove academic warning.
SE1803713,Good,4,7.26,120,75,45,62.5,18.75,25,0,2,0,0,0,6,3,Low,0,False,73.5,Complete at least 25 more credits.
SE1803714,Critical,5,3.74,120,63,57,52.5,12.6,37,5,6,4,3,2,6,24,High,1,False,0.0,Complete at least 37 more credits. Complete all prerequisite courses. Retake failed courses as soon as possible. Improve GPA to remove academic warning.
SE1803715,AtRisk,6,5.31,120,94,26,78.33,15.67,6,4,5,2,1,1,6,16,High,1,False,40.0,Complete at least 6 more credits. Complete all prerequisite courses. Retake failed courses as soon as possible. Improve GPA to remove academic warning.
SE1803716,Average,3,6.72,120,51,69,42.5,17.0,49,3,3,0,0,0,6,8,Medium,0,False,50.5,Complete at least 49 more credits. Retake failed courses as soon as possible.
SE1803717,Average,4,6.78,120,64,56,53.33,16.0,36,2,2,1,0,0,6,8,Medium,0,False,56.0,Complete at least 36 more credits. Complete all prerequisite courses. Retake failed courses as soon as possible.
SE1803718,Critical,7,4.44,120,79,41,65.83,11.29,21,5,8,3,2,1,8,21,High,1,False,12.5,Complete at least 21 more credits. Complete all prerequisite courses. Retake failed courses as soon as possible. Improve GPA to remove academic warning.
SE1803719,Good,2,7.39,120,36,84,30.0,18.0,64,0,1,1,0,0,6,6,Medium,0,False,50.0,Complete at least 64 more credits. Complete all prerequisite courses.
SE1803720,Good,6,7.32,120,102,18,85.0,17.0,0,1,0,0,0,0,7,1,Low,0,True,88.0,Retake failed courses as soon as possible.
SE1803721,Excellent,3,9.05,120,66,54,55.0,22.0,34,0,0,0,0,0,5,3,Low,0,False,73.0,Complete at least 34 more credits.
SE1803722,Excellent,2,9.01,120,45,75,37.5,22.5,55,0,0,0,0,0,5,3,Low,0,False,62.5,Complete at least 55 more credits.
SE1803723,AtRisk,2,5.55,120,35,85,29.17,17.5,65,4,4,3,2,1,5,19,High,1,False,1.5,Complete at least 65 more credits. Complete all prerequisite courses. Retake failed courses as soon as possible. Improve GPA to remove academic warning.
SE1803724,Average,6,6.07,120,95,25,79.17,15.83,5,1,4,1,1,0,7,9,Medium,0,False,65.5,Complete at least 5 more credits. Complete all prerequisite courses. Retake failed courses as soon as possible. Improve GPA to remove academic warning.
SE1803725,Average,3,6.58,120,53,67,44.17,17.67,47,2,2,1,1,0,6,10,Medium,0,False,45.5,Complete at least 47 more credits. Complete all prerequisite courses. Retake failed courses as soon as possible. Improve GPA to remove academic warning.
SE1803726,Good,7,7.92,120,115,5,95.83,16.43,0,1,2,0,0,0,8,2,Low,0,True,90.5,Retake failed courses as soon as possible.
SE1803727,Critical,2,3.97,120,19,101,15.83,9.5,81,7,7,4,2,1,6,22,High,1,False,0.0,Complete at least 81 more credits. Complete all prerequisite courses. Retake failed courses as soon as possible. Improve GPA to remove academic warning.
SE1803728,Average,5,6.91,120,87,33,72.5,17.4,13,1,3,1,0,0,7,7,Medium,0,False,68.5,Complete at least 13 more credits. Complete all prerequisite courses. Retake failed courses as soon as possible.
SE1803729,AtRisk,8,5.03,120,102,18,85.0,12.75,0,3,5,2,2,0,8,14,High,1,False,50.0,Complete all prerequisite courses. Retake failed courses as soon as possible. Improve GPA to remove academic warning.
SE1803730,AtRisk,4,5.67,120,62,58,51.67,15.5,38,3,5,1,1,0,6,15,High,1,False,41.0,Complete at least 38 more credits. Complete all prerequisite courses. Retake failed courses as soon as possible. Improve GPA to remove academic warning.
SE1803731,Average,1,6.42,120,20,100,16.67,20.0,80,2,1,2,0,0,6,9,Medium,0,False,30.0,Complete at least 80 more credits. Complete all prerequisite courses. Retake failed courses as soon as possible.
SE1803732,Good,4,7.46,120,69,51,57.5,17.25,31,0,0,1,0,0,6,5,Low,0,False,68.5,Complete at least 31 more credits. Complete all prerequisite courses.
SE1803733,Excellent,2,9.66,120,43,77,35.83,21.5,57,0,0,0,0,0,5,3,Low,0,False,61.5,Complete at least 57 more credits.
SE1803734,Good,2,8.48,120,35,85,29.17,17.5,65,1,0,0,0,0,5,4,Low,0,False,54.5,Complete at least 65 more credits. Retake failed courses as soon as possible.
SE1803735,Recovery,4,6.36,120,70,50,58.33,17.5,30,2,4,0,0,0,5,6,Medium,0,False,61.0,Complete at least 30 more credits. Retake failed courses as soon as possible.
SE1803736,Excellent,4,8.62,120,83,37,69.17,20.75,17,0,0,0,0,0,6,2,Low,0,False,81.5,Complete at least 17 more credits.
SE1803737,AtRisk,5,5.81,120,82,38,68.33,16.4,18,5,5,1,1,0,6,15,High,1,False,45.0,Complete at least 18 more credits. Complete all prerequisite courses. Retake failed courses as soon as possible. Improve GPA to remove academic warning.
SE1803738,Good,3,7.4,120,54,66,45.0,18.0,46,1,0,1,0,0,5,6,Medium,0,False,58.0,Complete at least 46 more credits. Complete all prerequisite courses. Retake failed courses as soon as possible.
SE1803739,Good,6,8.37,120,101,19,84.17,16.83,0,1,2,1,0,0,7,4,Low,0,False,77.5,Complete all prerequisite courses. Retake failed courses as soon as possible.
SE1803740,Average,3,6.47,120,51,69,42.5,17.0,49,1,4,2,0,0,5,10,Medium,0,False,42.5,Complete at least 49 more credits. Complete all prerequisite courses. Retake failed courses as soon as possible.
SE1803741,Good,4,7.86,120,78,42,65.0,19.5,22,0,1,1,0,0,6,5,Low,0,False,71.0,Complete at least 22 more credits. Complete all prerequisite courses.
SE1803742,Good,5,7.06,120,97,23,80.83,19.4,3,0,2,1,0,0,6,4,Low,0,False,78.5,Complete at least 3 more credits. Complete all prerequisite courses.
SE1803743,AtRisk,6,5.23,120,83,37,69.17,13.83,17,3,5,2,1,0,7,15,High,1,False,45.5,Complete at least 17 more credits. Complete all prerequisite courses. Retake failed courses as soon as possible. Improve GPA to remove academic warning.
SE1803744,AtRisk,5,5.61,120,80,40,66.67,16.0,20,4,3,3,2,0,7,16,High,1,False,34.0,Complete at least 20 more credits. Complete all prerequisite courses. Retake failed courses as soon as possible. Improve GPA to remove academic warning.
SE1803745,Good,4,8.37,120,68,52,56.67,17.0,32,1,1,0,0,0,5,5,Low,0,False,69.0,Complete at least 32 more credits. Retake failed courses as soon as possible.
SE1803746,Excellent,3,9.08,120,64,56,53.33,21.33,36,0,0,0,0,0,5,3,Low,0,False,72.0,Complete at least 36 more credits.
SE1803747,Critical,2,3.91,120,27,93,22.5,13.5,73,7,5,4,3,1,6,22,High,1,False,0.0,Complete at least 73 more credits. Complete all prerequisite courses. Retake failed courses as soon as possible. Improve GPA to remove academic warning.
SE1803748,Average,3,6.16,120,49,71,40.83,16.33,51,3,2,1,1,0,5,11,High,1,False,40.5,Complete at least 51 more credits. Complete all prerequisite courses. Retake failed courses as soon as possible. Improve GPA to remove academic warning.
SE1803749,AtRisk,5,5.41,120,79,41,65.83,15.8,21,4,6,1,2,1,7,17,High,1,False,31.5,Complete at least 21 more credits. Complete all prerequisite courses. Retake failed courses as soon as possible. Improve GPA to remove academic warning.
SE1803750,AtRisk,5,5.33,120,73,47,60.83,14.6,27,3,5,3,2,1,7,19,High,1,False,21.5,Complete at least 27 more credits. Complete all prerequisite courses. Retake failed courses as soon as possible. Improve GPA to remove academic warning.
SE1803751,AtRisk,6,5.05,120,97,23,80.83,16.17,3,4,4,1,2,0,7,13,High,1,False,52.5,Complete at least 3 more credits. Complete all prerequisite courses. Retake failed courses as soon as possible. Improve GPA to remove academic warning.
SE1803752,Average,5,6.98,120,90,30,75.0,18.0,10,1,2,2,1,0,7,9,Medium,0,False,61.0,Complete at least 10 more credits. Complete all prerequisite courses. Retake failed courses as soon as possible. Improve GPA to remove academic warning.
SE1803753,Average,5,6.93,120,81,39,67.5,16.2,19,1,1,0,1,0,6,7,Medium,0,False,70.5,Complete at least 19 more credits. Retake failed courses as soon as possible. Improve GPA to remove academic warning.
SE1803754,Average,2,6.26,120,31,89,25.83,15.5,69,2,1,0,1,0,6,8,Medium,0,False,42.5,Complete at least 69 more credits. Retake failed courses as soon as possible. Improve GPA to remove academic warning.
SE1803755,Average,3,6.88,120,48,72,40.0,16.0,52,3,3,0,0,0,6,8,Medium,0,False,49.0,Complete at least 52 more credits. Retake failed courses as soon as possible.
SE1803756,AtRisk,4,5.61,120,63,57,52.5,15.75,37,3,5,1,2,0,5,16,High,1,False,36.5,Complete at least 37 more credits. Complete all prerequisite courses. Retake failed courses as soon as possible. Improve GPA to remove academic warning.
SE1803757,Good,4,7.21,120,74,46,61.67,18.5,26,0,0,1,0,0,5,4,Low,0,False,71.0,Complete at least 26 more credits. Complete all prerequisite courses.
SE1803758,Average,4,6.49,120,74,46,61.67,18.5,26,1,2,2,1,0,5,10,Medium,0,False,53.0,Complete at least 26 more credits. Complete all prerequisite courses. Retake failed courses as soon as possible. Improve GPA to remove academic warning.
SE1803759,Average,5,6.04,120,83,37,69.17,16.6,17,3,1,1,0,0,6,8,Medium,0,False,64.5,Complete at least 17 more credits. Complete all prerequisite courses. Retake failed courses as soon as possible.
SE1803760,LateStarter,3,7.03,120,42,78,35.0,14.0,58,2,4,1,1,0,6,10,Medium,0,False,36.0,Complete at least 58 more credits. Complete all prerequisite courses. Retake failed courses as soon as possible. Improve GPA to remove academic warning.
SE1803761,Good,5,8.29,120,88,32,73.33,17.6,12,0,2,0,0,0,6,2,Low,0,False,80.0,Complete at least 12 more credits.
SE1803762,Average,5,6.05,120,85,35,70.83,17.0,15,3,1,0,0,0,7,5,Low,0,False,71.5,Complete at least 15 more credits. Retake failed courses as soon as possible.
SE1803763,AtRisk,5,5.41,120,82,38,68.33,16.4,18,4,6,1,2,1,7,17,High,1,False,33.0,Complete at least 18 more credits. Complete all prerequisite courses. Retake failed courses as soon as possible. Improve GPA to remove academic warning.
SE1803764,Good,4,7.45,120,77,43,64.17,19.25,23,0,0,1,0,0,6,4,Low,0,False,72.5,Complete at least 23 more credits. Complete all prerequisite courses.
SE1803765,Good,6,8.08,120,101,19,84.17,16.83,0,0,0,1,0,0,7,2,Low,0,False,84.5,Complete all prerequisite courses.
SE1803766,Good,6,7.8,120,111,9,92.5,18.5,0,0,0,0,0,0,6,0,Low,0,True,95.5,You are ready for OJT.
SE1803767,Good,5,7.1,120,98,22,81.67,19.6,2,1,1,0,0,0,6,3,Low,0,False,84.0,Complete at least 2 more credits. Retake failed courses as soon as possible.
SE1803768,Good,1,7.21,120,21,99,17.5,21.0,79,0,1,1,0,0,6,6,Medium,0,False,42.5,Complete at least 79 more credits. Complete all prerequisite courses.
SE1803769,Average,2,6.82,120,34,86,28.33,17.0,66,3,4,1,0,0,6,10,Medium,0,False,34.0,Complete at least 66 more credits. Complete all prerequisite courses. Retake failed courses as soon as possible.
SE1803770,LateStarter,5,6.44,120,86,34,71.67,17.2,14,4,3,1,1,0,6,10,Medium,0,False,54.0,Complete at least 14 more credits. Complete all prerequisite courses. Retake failed courses as soon as possible. Improve GPA to remove academic warning.
SE1803771,Good,3,7.65,120,55,65,45.83,18.33,45,1,0,1,0,0,5,6,Medium,0,False,58.5,Complete at least 45 more credits. Complete all prerequisite courses. Retake failed courses as soon as possible.
SE1803772,Good,6,8.43,120,108,12,90.0,18.0,0,0,1,1,0,0,7,3,Low,0,False,86.0,Complete all prerequisite courses.
SE1803773,Average,4,6.53,120,62,58,51.67,15.5,38,3,3,2,1,0,6,13,High,1,False,39.0,Complete at least 38 more credits. Complete all prerequisite courses. Retake failed courses as soon as possible. Improve GPA to remove academic warning.
SE1803774,Average,4,6.58,120,68,52,56.67,17.0,32,2,4,2,1,0,6,12,High,1,False,43.0,Complete at least 32 more credits. Complete all prerequisite courses. Retake failed courses as soon as possible. Improve GPA to remove academic warning.
SE1803775,Good,3,7.36,120,59,61,49.17,19.67,41,0,0,1,0,0,5,5,Low,0,False,63.5,Complete at least 41 more credits. Complete all prerequisite courses.
SE1803776,Good,3,8.31,120,63,57,52.5,21.0,37,1,1,1,0,0,6,7,Medium,0,False,60.5,Complete at least 37 more credits. Complete all prerequisite courses. Retake failed courses as soon as possible.
SE1803777,Critical,6,4.25,120,80,40,66.67,13.33,20,8,7,2,2,2,7,22,High,1,False,4.0,Complete at least 20 more credits. Complete all prerequisite courses. Retake failed courses as soon as possible. Improve GPA to remove academic warning.
SE1803778,Average,1,6.92,120,17,103,14.17,17.0,83,2,4,0,1,0,5,9,Medium,0,False,29.5,Complete at least 83 more credits. Retake failed courses as soon as possible. Improve GPA to remove academic warning.
SE1803779,Recovery,5,5.86,120,89,31,74.17,17.8,11,2,4,0,1,0,6,9,Medium,0,False,65.5,Complete at least 11 more credits. Retake failed courses as soon as possible. Improve GPA to remove academic warning.
SE1803780,AtRisk,4,5.27,120,63,57,52.5,15.75,37,3,4,1,2,0,5,15,High,1,False,38.5,Complete at least 37 more credits. Complete all prerequisite courses. Retake failed courses as soon as possible. Improve GPA to remove academic warning.
SE1803781,Average,1,6.48,120,20,100,16.67,20.0,80,1,1,1,1,0,6,10,Medium,0,False,34.0,Complete at least 80 more credits. Complete all prerequisite courses. Retake failed courses as soon as possible. Improve GPA to remove academic warning.
SE1803782,Good,3,7.51,120,60,60,50.0,20.0,40,0,2,0,0,0,6,4,Low,0,False,66.0,Complete at least 40 more credits.
SE1803783,Average,4,6.91,120,71,49,59.17,17.75,29,3,1,1,1,0,6,10,Medium,0,False,53.5,Complete at least 29 more credits. Complete all prerequisite courses. Retake failed courses as soon as possible. Improve GPA to remove academic warning.
SE1803784,Good,4,8.03,120,73,47,60.83,18.25,27,1,2,1,0,0,6,6,Medium,0,False,63.5,Complete at least 27 more credits. Complete all prerequisite courses. Retake failed courses as soon as possible.
SE1803785,Average,5,6.3,120,81,39,67.5,16.2,19,3,2,1,0,0,7,8,Medium,0,False,61.5,Complete at least 19 more credits. Complete all prerequisite courses. Retake failed courses as soon as possible.
SE1803786,Average,1,6.56,120,18,102,15.0,18.0,82,2,1,2,1,0,5,11,High,1,False,24.0,Complete at least 82 more credits. Complete all prerequisite courses. Retake failed courses as soon as possible. Improve GPA to remove academic warning.
SE1803787,Good,5,7.62,120,91,29,75.83,18.2,9,0,0,1,0,0,6,3,Low,0,False,79.5,Complete at least 9 more credits. Complete all prerequisite courses.
SE1803788,Good,5,7.1,120,90,30,75.0,18.0,10,0,0,1,0,0,7,3,Low,0,False,79.0,Complete at least 10 more credits. Complete all prerequisite courses.
SE1803789,Average,5,6.52,120,93,27,77.5,18.6,7,3,2,0,1,0,6,7,Medium,0,False,68.5,Complete at least 7 more credits. Retake failed courses as soon as possible. Improve GPA to remove academic warning.
SE1803790,Good,4,7.08,120,79,41,65.83,19.75,21,0,1,0,0,0,5,3,Low,0,False,77.5,Complete at least 21 more credits.
SE1803791,Average,2,6.0,120,31,89,25.83,15.5,69,1,4,1,1,0,5,11,High,1,False,33.5,Complete at least 69 more credits. Complete all prerequisite courses. Retake failed courses as soon as possible. Improve GPA to remove academic warning.
SE1803792,Average,3,6.11,120,54,66,45.0,18.0,46,1,4,0,1,0,6,9,Medium,0,False,51.0,Complete at least 46 more credits. Retake failed courses as soon as possible. Improve GPA to remove academic warning.
SE1803793,Average,3,6.38,120,51,69,42.5,17.0,49,1,2,0,0,0,5,6,Medium,0,False,58.5,Complete at least 49 more credits. Retake failed courses as soon as possible.
SE1803794,Good,4,7.96,120,73,47,60.83,18.25,27,1,1,1,0,0,5,6,Medium,0,False,65.5,Complete at least 27 more credits. Complete all prerequisite courses. Retake failed courses as soon as possible.
SE1803795,AtRisk,4,5.79,120,50,70,41.67,12.5,50,4,3,3,1,0,5,16,High,1,False,24.0,Complete at least 50 more credits. Complete all prerequisite courses. Retake failed courses as soon as possible. Improve GPA to remove academic warning.
SE1803796,Average,1,6.74,120,18,102,15.0,18.0,82,3,2,2,1,0,6,12,High,1,False,19.0,Complete at least 82 more credits. Complete all prerequisite courses. Retake failed courses as soon as possible. Improve GPA to remove academic warning.
SE1803797,Good,6,7.19,120,111,9,92.5,18.5,0,0,1,1,0,0,6,3,Low,0,False,87.5,Complete all prerequisite courses.
SE1803798,Excellent,3,9.96,120,54,66,45.0,18.0,46,0,0,0,0,0,6,3,Low,0,False,67.0,Complete at least 46 more credits.
SE1803799,Good,5,7.99,120,89,31,74.17,17.8,11,0,0,0,0,0,7,1,Low,0,False,84.5,Complete at least 11 more credits.
SE1803800,AtRisk,1,5.93,120,17,103,14.17,17.0,83,4,6,2,1,1,6,18,High,1,False,0.0,Complete at least 83 more credits. Complete all prerequisite courses. Retake failed courses as soon as possible. Improve GPA to remove academic warning.
SE1803801,Average,4,6.64,120,65,55,54.17,16.25,35,2,3,2,1,0,5,12,High,1,False,43.5,Complete at least 35 more credits. Complete all prerequisite courses. Retake failed courses as soon as possible. Improve GPA to remove academic warning.
SE1803802,Good,8,7.73,120,112,8,93.33,14.0,0,0,2,1,0,0,8,3,Low,0,False,86.0,Complete all prerequisite courses.
SE1803803,Average,3,6.63,120,48,72,40.0,16.0,52,3,1,2,0,0,6,10,Medium,0,False,41.0,Complete at least 52 more credits. Complete all prerequisite courses. Retake failed courses as soon as possible.
SE1803804,AtRisk,2,5.68,120,35,85,29.17,17.5,65,4,6,2,1,1,5,18,High,1,False,8.5,Complete at least 65 more credits. Complete all prerequisite courses. Retake failed courses as soon as possible. Improve GPA to remove academic warning.
SE1803805,AtRisk,6,5.72,120,83,37,69.17,13.83,17,4,6,3,2,0,7,17,High,1,False,29.5,Complete at least 17 more credits. Complete all prerequisite courses. Retake failed courses as soon as possible. Improve GPA to remove academic warning.
SE1803806,AtRisk,2,5.85,120,30,90,25.0,15.0,70,4,4,2,2,0,6,16,High,1,False,13.0,Complete at least 70 more credits. Complete all prerequisite courses. Retake failed courses as soon as possible. Improve GPA to remove academic warning.
SE1803807,Good,5,8.42,120,91,29,75.83,18.2,9,0,0,0,0,0,7,1,Low,0,False,85.5,Complete at least 9 more credits.
SE1803808,Average,4,6.41,120,62,58,51.67,15.5,38,1,4,2,0,0,6,10,Medium,0,False,48.0,Complete at least 38 more credits. Complete all prerequisite courses. Retake failed courses as soon as possible.
SE1803809,Average,6,6.14,120,97,23,80.83,16.17,3,1,4,0,1,0,6,7,Medium,0,False,72.5,Complete at least 3 more credits. Retake failed courses as soon as possible. Improve GPA to remove academic warning.
SE1803810,Critical,7,4.34,120,95,25,79.17,13.57,5,7,7,2,3,2,8,21,High,1,False,9.5,Complete at least 5 more credits. Complete all prerequisite courses. Retake failed courses as soon as possible. Improve GPA to remove academic warning.
SE1803811,Average,6,6.98,120,104,16,86.67,17.33,0,1,2,2,1,0,7,8,Medium,0,False,68.0,Complete all prerequisite courses. Retake failed courses as soon as possible. Improve GPA to remove academic warning.
SE1803812,Excellent,5,9.82,120,91,29,75.83,18.2,9,0,0,0,0,0,6,1,Low,0,False,85.5,Complete at least 9 more credits.
SE1803813,Good,3,8.04,120,61,59,50.83,20.33,39,1,2,0,0,0,5,5,Low,0,False,63.5,Complete at least 39 more credits. Retake failed courses as soon as possible.
SE1803814,Average,3,6.15,120,52,68,43.33,17.33,48,1,4,1,0,0,5,9,Medium,0,False,49.0,Complete at least 48 more credits. Complete all prerequisite courses. Retake failed courses as soon as possible.
SE1803815,Average,5,6.49,120,81,39,67.5,16.2,19,2,2,0,0,0,6,5,Low,0,False,70.5,Complete at least 19 more credits. Retake failed courses as soon as possible.
SE1803816,Recovery,5,6.35,120,86,34,71.67,17.2,14,1,2,0,0,0,7,4,Low,0,False,76.0,Complete at least 14 more credits. Retake failed courses as soon as possible.
SE1803817,Critical,4,3.83,120,45,75,37.5,11.25,55,5,6,4,3,1,6,22,High,1,False,0.0,Complete at least 55 more credits. Complete all prerequisite courses. Retake failed courses as soon as possible. Improve GPA to remove academic warning.
SE1803818,AtRisk,4,5.98,120,62,58,51.67,15.5,38,4,6,2,1,1,5,18,High,1,False,22.0,Complete at least 38 more credits. Complete all prerequisite courses. Retake failed courses as soon as possible. Improve GPA to remove academic warning.
SE1803819,Average,5,6.34,120,90,30,75.0,18.0,10,2,3,0,1,0,7,7,Medium,0,False,68.0,Complete at least 10 more credits. Retake failed courses as soon as possible. Improve GPA to remove academic warning.
SE1803820,Excellent,3,9.73,120,57,63,47.5,19.0,43,0,0,0,0,0,6,3,Low,0,False,68.5,Complete at least 43 more credits.
SE1803821,Good,4,7.82,120,76,44,63.33,19.0,24,1,2,0,0,0,6,4,Low,0,False,71.0,Complete at least 24 more credits. Retake failed courses as soon as possible.
SE1803822,Average,2,6.16,120,33,87,27.5,16.5,67,1,2,2,0,0,6,9,Medium,0,False,37.5,Complete at least 67 more credits. Complete all prerequisite courses. Retake failed courses as soon as possible.
SE1803823,Good,3,7.74,120,58,62,48.33,19.33,42,0,2,0,0,0,6,4,Low,0,False,65.0,Complete at least 42 more credits.
SE1803824,Excellent,2,8.94,120,37,83,30.83,18.5,63,0,0,0,0,0,5,3,Low,0,False,58.5,Complete at least 63 more credits.
SE1803825,Recovery,5,6.77,120,78,42,65.0,15.6,22,2,2,1,1,0,7,9,Medium,0,False,58.0,Complete at least 22 more credits. Complete all prerequisite courses. Retake failed courses as soon as possible. Improve GPA to remove academic warning.
SE1803826,Recovery,5,6.43,120,89,31,74.17,17.8,11,2,3,0,1,0,6,7,Medium,0,False,67.5,Complete at least 11 more credits. Retake failed courses as soon as possible. Improve GPA to remove academic warning.
SE1803827,Average,3,6.21,120,54,66,45.0,18.0,46,3,3,2,1,0,5,13,High,1,False,35.0,Complete at least 46 more credits. Complete all prerequisite courses. Retake failed courses as soon as possible. Improve GPA to remove academic warning.
SE1803828,Average,2,6.2,120,30,90,25.0,15.0,70,2,3,0,1,0,6,9,Medium,0,False,38.0,Complete at least 70 more credits. Retake failed courses as soon as possible. Improve GPA to remove academic warning.
SE1803829,Average,2,6.96,120,39,81,32.5,19.5,61,3,1,0,1,0,5,9,Medium,0,False,43.5,Complete at least 61 more credits. Retake failed courses as soon as possible. Improve GPA to remove academic warning.
SE1803830,Average,3,6.57,120,46,74,38.33,15.33,54,1,3,2,1,0,5,12,High,1,False,37.0,Complete at least 54 more credits. Complete all prerequisite courses. Retake failed courses as soon as possible. Improve GPA to remove academic warning.
SE1803831,AtRisk,2,5.55,120,35,85,29.17,17.5,65,4,6,2,2,1,5,19,High,1,False,3.5,Complete at least 65 more credits. Complete all prerequisite courses. Retake failed courses as soon as possible. Improve GPA to remove academic warning.
SE1803832,LateStarter,4,6.37,120,71,49,59.17,17.75,29,4,4,0,0,0,5,7,Medium,0,False,55.5,Complete at least 29 more credits. Retake failed courses as soon as possible.
SE1803833,Average,5,6.81,120,95,25,79.17,19.0,5,3,2,2,1,0,7,10,Medium,0,False,57.5,Complete at least 5 more credits. Complete all prerequisite courses. Retake failed courses as soon as possible. Improve GPA to remove academic warning.
SE1803834,Average,5,6.02,120,83,37,69.17,16.6,17,3,2,1,0,0,6,8,Medium,0,False,62.5,Complete at least 17 more credits. Complete all prerequisite courses. Retake failed courses as soon as possible.
SE1803835,Average,6,6.81,120,92,28,76.67,15.33,8,1,4,1,0,0,6,7,Medium,0,False,69.0,Complete at least 8 more credits. Complete all prerequisite courses. Retake failed courses as soon as possible.
SE1803836,Average,4,6.31,120,62,58,51.67,15.5,38,3,3,0,0,0,5,8,Medium,0,False,56.0,Complete at least 38 more credits. Retake failed courses as soon as possible.
SE1803837,Excellent,4,9.12,120,77,43,64.17,19.25,23,0,0,0,0,0,5,2,Low,0,False,78.5,Complete at least 23 more credits.
SE1803838,Average,8,6.77,120,118,2,98.33,14.75,0,3,2,0,0,0,8,4,Low,0,True,86.0,Retake failed courses as soon as possible.
SE1803839,Recovery,4,6.78,120,65,55,54.17,16.25,35,2,3,1,0,0,5,9,Medium,0,False,54.5,Complete at least 35 more credits. Complete all prerequisite courses. Retake failed courses as soon as possible.
SE1803840,Good,6,7.31,120,100,20,83.33,16.67,0,1,1,1,0,0,6,4,Low,0,False,79.0,Complete all prerequisite courses. Retake failed courses as soon as possible.
SE1803841,Good,5,7.99,120,90,30,75.0,18.0,10,1,1,1,0,0,6,5,Low,0,False,74.0,Complete at least 10 more credits. Complete all prerequisite courses. Retake failed courses as soon as possible.
SE1803842,Recovery,3,6.64,120,49,71,40.83,16.33,51,2,4,1,0,0,6,9,Medium,0,False,44.5,Complete at least 51 more credits. Complete all prerequisite courses. Retake failed courses as soon as possible.
SE1803843,Good,4,7.26,120,75,45,62.5,18.75,25,1,1,0,0,0,6,4,Low,0,False,72.5,Complete at least 25 more credits. Retake failed courses as soon as possible.
SE1803844,Average,7,6.57,120,101,19,84.17,14.43,0,3,1,2,1,0,8,9,Medium,0,False,62.5,Complete all prerequisite courses. Retake failed courses as soon as possible. Improve GPA to remove academic warning.
SE1803845,AtRisk,2,5.11,120,35,85,29.17,17.5,65,4,6,1,1,1,5,17,High,1,False,14.5,Complete at least 65 more credits. Complete all prerequisite courses. Retake failed courses as soon as possible. Improve GPA to remove academic warning.
SE1803846,Good,4,8.1,120,75,45,62.5,18.75,25,0,2,1,0,0,5,5,Low,0,False,67.5,Complete at least 25 more credits. Complete all prerequisite courses.
SE1803847,LateStarter,4,6.7,120,61,59,50.83,15.25,39,2,3,1,1,0,5,11,High,1,False,47.5,Complete at least 39 more credits. Complete all prerequisite courses. Retake failed courses as soon as possible. Improve GPA to remove academic warning.
SE1803848,Good,4,7.76,120,74,46,61.67,18.5,26,0,0,1,0,0,5,4,Low,0,False,71.0,Complete at least 26 more credits. Complete all prerequisite courses.
SE1803849,Average,6,6.77,120,96,24,80.0,16.0,4,1,3,2,1,0,7,10,Medium,0,False,62.0,Complete at least 4 more credits. Complete all prerequisite courses. Retake failed courses as soon as possible. Improve GPA to remove academic warning.
SE1803850,AtRisk,4,5.34,120,60,60,50.0,15.0,40,4,6,3,1,1,5,19,High,1,False,15.0,Complete at least 40 more credits. Complete all prerequisite courses. Retake failed courses as soon as possible. Improve GPA to remove academic warning.
SE1803851,Average,1,6.63,120,17,103,14.17,17.0,83,2,2,1,0,0,5,8,Medium,0,False,32.5,Complete at least 83 more credits. Complete all prerequisite courses. Retake failed courses as soon as possible.
SE1803852,Average,5,6.39,120,85,35,70.83,17.0,15,3,4,2,1,0,7,11,High,1,False,48.5,Complete at least 15 more credits. Complete all prerequisite courses. Retake failed courses as soon as possible. Improve GPA to remove academic warning.
SE1803853,Average,6,6.94,120,98,22,81.67,16.33,2,3,4,0,0,0,7,6,Medium,0,False,72.0,Complete at least 2 more credits. Retake failed courses as soon as possible.
SE1803854,Average,5,6.74,120,85,35,70.83,17.0,15,2,1,2,0,0,6,7,Medium,0,False,62.5,Complete at least 15 more credits. Complete all prerequisite courses. Retake failed courses as soon as possible.
SE1803855,Good,5,7.42,120,100,20,83.33,20.0,0,0,2,0,0,0,7,1,Low,0,True,86.0,You are ready for OJT.
SE1803856,Good,3,7.86,120,63,57,52.5,21.0,37,0,2,1,0,0,6,6,Medium,0,False,61.5,Complete at least 37 more credits. Complete all prerequisite courses.
SE1803857,Good,6,7.91,120,105,15,87.5,17.5,0,0,0,1,0,0,6,2,Low,0,False,86.5,Complete all prerequisite courses.
SE1803858,Good,3,7.3,120,64,56,53.33,21.33,36,0,2,0,0,0,5,4,Low,0,False,68.0,Complete at least 36 more credits.
SE1803859,Good,3,7.91,120,54,66,45.0,18.0,46,1,2,1,0,0,5,7,Medium,0,False,54.0,Complete at least 46 more credits. Complete all prerequisite courses. Retake failed courses as soon as possible.
SE1803860,Average,6,6.58,120,105,15,87.5,17.5,0,3,2,0,0,0,7,4,Low,0,True,79.5,Retake failed courses as soon as possible.
SE1803861,Excellent,4,9.78,120,78,42,65.0,19.5,22,0,0,0,0,0,6,2,Low,0,False,79.0,Complete at least 22 more credits.
SE1803862,Good,5,7.78,120,96,24,80.0,19.2,4,0,0,0,0,0,7,1,Low,0,False,88.0,Complete at least 4 more credits.
SE1803863,Good,5,7.97,120,92,28,76.67,18.4,8,1,1,0,0,0,6,3,Low,0,False,81.0,Complete at least 8 more credits. Retake failed courses as soon as possible.
SE1803864,Good,3,8.27,120,54,66,45.0,18.0,46,1,0,0,0,0,6,4,Low,0,False,64.0,Complete at least 46 more credits. Retake failed courses as soon as possible.
SE1803865,LateStarter,3,6.97,120,42,78,35.0,14.0,58,2,5,1,0,0,6,10,Medium,0,False,39.0,Complete at least 58 more credits. Complete all prerequisite courses. Retake failed courses as soon as possible.
SE1803866,Good,2,7.13,120,46,74,38.33,23.0,54,0,1,0,0,0,5,4,Low,0,False,61.0,Complete at least 54 more credits.
SE1803867,Excellent,7,8.65,120,118,2,98.33,16.86,0,0,0,0,0,0,8,0,Low,0,True,99.0,You are ready for OJT.
SE1803868,Average,4,6.31,120,62,58,51.67,15.5,38,2,1,2,1,0,6,11,High,1,False,46.0,Complete at least 38 more credits. Complete all prerequisite courses. Retake failed courses as soon as possible. Improve GPA to remove academic warning.
SE1803869,Good,6,7.52,120,112,8,93.33,18.67,0,0,2,0,0,0,6,1,Low,0,True,92.0,You are ready for OJT.
SE1803870,Excellent,5,9.66,120,91,29,75.83,18.2,9,0,0,0,0,0,7,1,Low,0,False,85.5,Complete at least 9 more credits.
SE1803871,Average,5,6.44,120,90,30,75.0,18.0,10,1,1,2,1,0,7,9,Medium,0,False,63.0,Complete at least 10 more credits. Complete all prerequisite courses. Retake failed courses as soon as possible. Improve GPA to remove academic warning.
SE1803872,Good,7,7.62,120,118,2,98.33,16.86,0,1,2,1,0,0,8,4,Low,0,False,86.0,Complete all prerequisite courses. Retake failed courses as soon as possible.
SE1803873,Critical,3,4.73,120,42,78,35.0,14.0,58,5,8,3,2,1,6,22,High,1,False,0.0,Complete at least 58 more credits. Complete all prerequisite courses. Retake failed courses as soon as possible. Improve GPA to remove academic warning.
SE1803874,Good,3,7.78,120,53,67,44.17,17.67,47,1,1,1,0,0,5,7,Medium,0,False,55.5,Complete at least 47 more credits. Complete all prerequisite courses. Retake failed courses as soon as possible.
SE1803875,AtRisk,5,5.02,120,82,38,68.33,16.4,18,3,5,1,1,0,6,14,High,1,False,51.0,Complete at least 18 more credits. Complete all prerequisite courses. Retake failed courses as soon as possible. Improve GPA to remove academic warning.
SE1803876,LateStarter,5,6.95,120,91,29,75.83,18.2,9,3,5,0,1,0,6,9,Medium,0,False,61.5,Complete at least 9 more credits. Retake failed courses as soon as possible. Improve GPA to remove academic warning.
SE1803877,Recovery,5,6.58,120,85,35,70.83,17.0,15,1,3,1,1,0,7,9,Medium,0,False,62.5,Complete at least 15 more credits. Complete all prerequisite courses. Retake failed courses as soon as possible. Improve GPA to remove academic warning.
SE1803878,AtRisk,2,5.56,120,36,84,30.0,18.0,64,5,4,2,1,0,5,16,High,1,False,18.0,Complete at least 64 more credits. Complete all prerequisite courses. Retake failed courses as soon as possible. Improve GPA to remove academic warning.
SE1803879,AtRisk,3,5.95,120,50,70,41.67,16.67,50,5,3,2,1,0,6,16,High,1,False,27.0,Complete at least 50 more credits. Complete all prerequisite courses. Retake failed courses as soon as possible. Improve GPA to remove academic warning.
SE1803880,Good,6,8.3,120,108,12,90.0,18.0,0,0,0,0,0,0,6,0,Low,0,True,94.0,You are ready for OJT.
SE1803881,Good,1,7.49,120,18,102,15.0,18.0,82,1,2,0,0,0,5,5,Low,0,False,42.0,Complete at least 82 more credits. Retake failed courses as soon as possible.
SE1803882,Good,5,7.36,120,91,29,75.83,18.2,9,0,1,0,0,0,7,2,Low,0,False,83.5,Complete at least 9 more credits.
SE1803883,Average,6,6.78,120,99,21,82.5,16.5,1,3,2,2,1,0,6,10,Medium,0,False,59.5,Complete at least 1 more credits. Complete all prerequisite courses. Retake failed courses as soon as possible. Improve GPA to remove academic warning.
SE1803884,AtRisk,7,5.96,120,99,21,82.5,14.14,1,4,6,2,2,0,8,15,High,1,False,43.5,Complete at least 1 more credits. Complete all prerequisite courses. Retake failed courses as soon as possible. Improve GPA to remove academic warning.
SE1803885,Average,5,6.15,120,91,29,75.83,18.2,9,3,1,0,0,0,7,5,Low,0,False,74.5,Complete at least 9 more credits. Retake failed courses as soon as possible.
SE1803886,Average,6,6.28,120,105,15,87.5,17.5,0,3,2,0,0,0,6,4,Low,0,True,79.5,Retake failed courses as soon as possible.
SE1803887,Good,2,8.24,120,44,76,36.67,22.0,56,1,2,0,0,0,6,5,Low,0,False,55.0,Complete at least 56 more credits. Retake failed courses as soon as possible.
SE1803888,Good,2,7.31,120,41,79,34.17,20.5,59,0,0,0,0,0,6,3,Low,0,False,60.5,Complete at least 59 more credits.
SE1803889,Good,4,8.03,120,77,43,64.17,19.25,23,0,2,0,0,0,6,3,Low,0,False,74.5,Complete at least 23 more credits.
SE1803890,Recovery,6,5.81,120,93,27,77.5,15.5,7,2,3,1,1,0,7,11,High,1,False,63.5,Complete at least 7 more credits. Complete all prerequisite courses. Retake failed courses as soon as possible. Improve GPA to remove academic warning.
SE1803891,Average,4,6.21,120,69,51,57.5,17.25,31,2,4,1,1,0,6,11,High,1,False,49.5,Complete at least 31 more credits. Complete all prerequisite courses. Retake failed courses as soon as possible. Improve GPA to remove academic warning.
SE1803892,Good,4,8.09,120,80,40,66.67,20.0,20,1,1,1,0,0,5,6,Medium,0,False,69.0,Complete at least 20 more credits. Complete all prerequisite courses. Retake failed courses as soon as possible.
SE1803893,Average,4,6.19,120,66,54,55.0,16.5,34,3,2,1,0,0,5,9,Medium,0,False,54.0,Complete at least 34 more credits. Complete all prerequisite courses. Retake failed courses as soon as possible.
SE1803894,Good,5,8.15,120,89,31,74.17,17.8,11,1,0,0,0,0,7,2,Low,0,False,81.5,Complete at least 11 more credits. Retake failed courses as soon as possible.
SE1803895,LateStarter,4,6.89,120,68,52,56.67,17.0,32,3,4,2,0,0,5,11,High,1,False,45.0,Complete at least 32 more credits. Complete all prerequisite courses. Retake failed courses as soon as possible.
SE1803896,Average,4,6.52,120,74,46,61.67,18.5,26,2,2,1,0,0,6,7,Medium,0,False,61.0,Complete at least 26 more credits. Complete all prerequisite courses. Retake failed courses as soon as possible.
SE1803897,Good,4,7.4,120,77,43,64.17,19.25,23,0,2,0,0,0,6,3,Low,0,False,74.5,Complete at least 23 more credits.
SE1803898,Good,4,8.1,120,82,38,68.33,20.5,18,1,0,1,0,0,6,5,Low,0,False,72.0,Complete at least 18 more credits. Complete all prerequisite courses. Retake failed courses as soon as possible.
SE1803899,Critical,3,4.79,120,29,91,24.17,9.67,71,5,7,4,3,2,6,24,High,1,False,0.0,Complete at least 71 more credits. Complete all prerequisite courses. Retake failed courses as soon as possible. Improve GPA to remove academic warning.
SE1803900,LateStarter,3,6.69,120,49,71,40.83,16.33,51,3,2,1,0,0,6,9,Medium,0,False,45.5,Complete at least 51 more credits. Complete all prerequisite courses. Retake failed courses as soon as possible.
SE1803901,Average,5,6.36,120,92,28,76.67,18.4,8,2,4,1,0,0,6,7,Medium,0,False,66.0,Complete at least 8 more credits. Complete all prerequisite courses. Retake failed courses as soon as possible.
SE1803902,AtRisk,1,5.2,120,16,104,13.33,16.0,84,3,5,2,1,1,5,18,High,1,False,4.0,Complete at least 84 more credits. Complete all prerequisite courses. Retake failed courses as soon as possible. Improve GPA to remove academic warning.
SE1803903,Recovery,4,6.55,120,62,58,51.67,15.5,38,1,4,1,1,0,6,11,High,1,False,49.0,Complete at least 38 more credits. Complete all prerequisite courses. Retake failed courses as soon as possible. Improve GPA to remove academic warning.
SE1803904,Critical,1,4.77,120,11,109,9.17,11.0,89,5,8,4,3,1,6,22,High,1,False,0.0,Complete at least 89 more credits. Complete all prerequisite courses. Retake failed courses as soon as possible. Improve GPA to remove academic warning.
SE1803905,LateStarter,5,6.3,120,88,32,73.33,17.6,12,4,5,0,0,0,6,7,Medium,0,False,62.0,Complete at least 12 more credits. Retake failed courses as soon as possible.
SE1803906,Good,2,7.05,120,42,78,35.0,21.0,58,1,1,1,0,0,5,7,Medium,0,False,50.0,Complete at least 58 more credits. Complete all prerequisite courses. Retake failed courses as soon as possible.
SE1803907,Good,6,8.03,120,108,12,90.0,18.0,0,0,2,0,0,0,7,1,Low,0,True,90.0,You are ready for OJT.
SE1803908,AtRisk,5,5.84,120,84,36,70.0,16.8,16,4,4,2,1,1,6,16,High,1,False,37.0,Complete at least 16 more credits. Complete all prerequisite courses. Retake failed courses as soon as possible. Improve GPA to remove academic warning.
SE1803909,Average,3,6.71,120,50,70,41.67,16.67,50,3,3,1,0,0,5,10,Medium,0,False,44.0,Complete at least 50 more credits. Complete all prerequisite courses. Retake failed courses as soon as possible.
SE1803910,Excellent,6,8.82,120,111,9,92.5,18.5,0,0,0,0,0,0,7,0,Low,0,True,95.5,You are ready for OJT.
SE1803911,Excellent,6,9.15,120,114,6,95.0,19.0,0,0,0,0,0,0,6,0,Low,0,True,97.0,You are ready for OJT.
SE1803912,Excellent,5,8.91,120,104,16,86.67,20.8,0,0,0,0,0,0,6,0,Low,0,True,92.0,You are ready for OJT.
SE1803913,Excellent,4,9.95,120,72,48,60.0,18.0,28,0,0,0,0,0,5,2,Low,0,False,76.0,Complete at least 28 more credits.
SE1803914,AtRisk,4,5.89,120,59,61,49.17,14.75,41,3,6,1,2,1,6,18,High,1,False,24.5,Complete at least 41 more credits. Complete all prerequisite courses. Retake failed courses as soon as possible. Improve GPA to remove academic warning.
SE1803915,Average,5,6.15,120,91,29,75.83,18.2,9,1,4,2,0,0,7,8,Medium,0,False,62.5,Complete at least 9 more credits. Complete all prerequisite courses. Retake failed courses as soon as possible.
SE1803916,Average,6,6.98,120,106,14,88.33,17.67,0,3,3,2,1,0,7,10,Medium,0,False,61.0,Complete all prerequisite courses. Retake failed courses as soon as possible. Improve GPA to remove academic warning.
SE1803917,Recovery,7,6.64,120,107,13,89.17,15.29,0,1,4,0,1,0,8,6,Medium,0,True,77.5,Retake failed courses as soon as possible. Improve GPA to remove academic warning.
SE1803918,AtRisk,5,5.49,120,71,49,59.17,14.2,29,5,5,1,2,0,6,16,High,1,False,34.5,Complete at least 29 more credits. Complete all prerequisite courses. Retake failed courses as soon as possible. Improve GPA to remove academic warning.
SE1803919,Average,7,6.69,120,108,12,90.0,15.43,0,1,2,1,1,0,8,7,Medium,0,False,76.0,Complete all prerequisite courses. Retake failed courses as soon as possible. Improve GPA to remove academic warning.
SE1803920,Excellent,2,9.85,120,42,78,35.0,21.0,58,0,0,0,0,0,6,3,Low,0,False,61.0,Complete at least 58 more credits.
SE1803921,AtRisk,1,5.11,120,15,105,12.5,15.0,85,4,6,1,2,1,5,18,High,1,False,0.0,Complete at least 85 more credits. Complete all prerequisite courses. Retake failed courses as soon as possible. Improve GPA to remove academic warning.
SE1803922,AtRisk,3,5.41,120,48,72,40.0,16.0,52,4,4,3,2,0,5,17,High,1,False,16.0,Complete at least 52 more credits. Complete all prerequisite courses. Retake failed courses as soon as possible. Improve GPA to remove academic warning.
SE1803923,Average,3,6.54,120,46,74,38.33,15.33,54,2,4,1,1,0,5,11,High,1,False,38.0,Complete at least 54 more credits. Complete all prerequisite courses. Retake failed courses as soon as possible. Improve GPA to remove academic warning.
SE1803924,AtRisk,4,5.14,120,61,59,50.83,15.25,39,4,4,1,2,0,5,15,High,1,False,34.5,Complete at least 39 more credits. Complete all prerequisite courses. Retake failed courses as soon as possible. Improve GPA to remove academic warning.
SE1803925,Good,3,7.63,120,64,56,53.33,21.33,36,1,0,1,0,0,6,6,Medium,0,False,63.0,Complete at least 36 more credits. Complete all prerequisite courses. Retake failed courses as soon as possible.
SE1803926,Good,4,8.33,120,70,50,58.33,17.5,30,0,2,0,0,0,6,3,Low,0,False,71.0,Complete at least 30 more credits.
SE1803927,Average,2,6.7,120,41,79,34.17,20.5,59,2,1,2,0,0,5,9,Medium,0,False,40.5,Complete at least 59 more credits. Complete all prerequisite courses. Retake failed courses as soon as possible.
SE1803928,Good,1,7.93,120,21,99,17.5,21.0,79,0,0,0,0,0,6,3,Low,0,False,50.5,Complete at least 79 more credits.
SE1803929,Good,4,8.45,120,72,48,60.0,18.0,28,0,1,0,0,0,5,3,Low,0,False,74.0,Complete at least 28 more credits.
SE1803930,Average,5,6.68,120,93,27,77.5,18.6,7,3,3,0,1,0,6,8,Medium,0,False,66.5,Complete at least 7 more credits. Retake failed courses as soon as possible. Improve GPA to remove academic warning.
SE1803931,Recovery,4,6.23,120,59,61,49.17,14.75,41,2,4,0,1,0,5,9,Medium,0,False,50.5,Complete at least 41 more credits. Retake failed courses as soon as possible. Improve GPA to remove academic warning.
SE1803932,LateStarter,4,7.15,120,69,51,57.5,17.25,31,2,3,0,0,0,6,6,Medium,0,False,62.5,Complete at least 31 more credits. Retake failed courses as soon as possible.
SE1803933,Critical,5,4.86,120,72,48,60.0,14.4,28,8,7,3,3,2,6,23,High,1,False,0.0,Complete at least 28 more credits. Complete all prerequisite courses. Retake failed courses as soon as possible. Improve GPA to remove academic warning.
SE1803934,Average,3,6.03,120,45,75,37.5,15.0,55,3,3,2,1,0,5,13,High,1,False,30.5,Complete at least 55 more credits. Complete all prerequisite courses. Retake failed courses as soon as possible. Improve GPA to remove academic warning.
SE1803935,Good,7,7.93,120,113,7,94.17,16.14,0,0,2,1,0,0,8,3,Low,0,False,86.5,Complete all prerequisite courses.
SE1803936,Good,2,7.28,120,44,76,36.67,22.0,56,1,2,0,0,0,5,5,Low,0,False,55.0,Complete at least 56 more credits. Retake failed courses as soon as possible.
SE1803937,Critical,3,4.14,120,28,92,23.33,9.33,72,8,6,3,3,1,6,22,High,1,False,0.0,Complete at least 72 more credits. Complete all prerequisite courses. Retake failed courses as soon as possible. Improve GPA to remove academic warning.
SE1803938,Excellent,6,9.93,120,112,8,93.33,18.67,0,0,0,0,0,0,7,0,Low,0,True,96.0,You are ready for OJT.
SE1803939,Good,6,7.26,120,112,8,93.33,18.67,0,0,1,1,0,0,6,3,Low,0,False,88.0,Complete all prerequisite courses.
SE1803940,Average,4,6.68,120,63,57,52.5,15.75,37,1,3,1,0,0,6,9,Medium,0,False,56.5,Complete at least 37 more credits. Complete all prerequisite courses. Retake failed courses as soon as possible.
SE1803941,Average,2,6.15,120,41,79,34.17,20.5,59,2,3,0,0,0,5,7,Medium,0,False,48.5,Complete at least 59 more credits. Retake failed courses as soon as possible.
SE1803942,AtRisk,6,5.89,120,96,24,80.0,16.0,4,3,3,1,1,1,6,14,High,1,False,54.0,Complete at least 4 more credits. Complete all prerequisite courses. Retake failed courses as soon as possible. Improve GPA to remove academic warning.
SE1803943,Good,5,7.11,120,96,24,80.0,19.2,4,1,0,1,0,0,7,4,Low,0,False,79.0,Complete at least 4 more credits. Complete all prerequisite courses. Retake failed courses as soon as possible.
SE1803944,Average,5,6.86,120,83,37,69.17,16.6,17,1,4,2,0,0,6,9,Medium,0,False,58.5,Complete at least 17 more credits. Complete all prerequisite courses. Retake failed courses as soon as possible.
SE1803945,Excellent,1,9.78,120,20,100,16.67,20.0,80,0,0,0,0,0,5,3,Low,0,False,50.0,Complete at least 80 more credits.
SE1803946,Good,3,8.25,120,55,65,45.83,18.33,45,0,2,0,0,0,6,4,Low,0,False,63.5,Complete at least 45 more credits.
SE1803947,LateStarter,5,6.54,120,94,26,78.33,18.8,6,4,5,2,0,0,6,10,Medium,0,False,53.0,Complete at least 6 more credits. Complete all prerequisite courses. Retake failed courses as soon as possible.
SE1803948,AtRisk,8,5.1,120,113,7,94.17,14.12,0,5,5,2,1,0,8,14,High,1,False,54.5,Complete all prerequisite courses. Retake failed courses as soon as possible. Improve GPA to remove academic warning.
SE1803949,LateStarter,2,7.11,120,26,94,21.67,13.0,74,3,5,1,1,0,5,12,High,1,False,23.0,Complete at least 74 more credits. Complete all prerequisite courses. Retake failed courses as soon as possible. Improve GPA to remove academic warning.
SE1803950,Good,5,8.08,120,97,23,80.83,19.4,3,0,1,0,0,0,7,2,Low,0,False,86.5,Complete at least 3 more credits.
SE1803951,Average,6,6.78,120,100,20,83.33,16.67,0,3,3,2,0,0,7,8,Medium,0,False,63.0,Complete all prerequisite courses. Retake failed courses as soon as possible.
SE1803952,Excellent,5,8.5,120,97,23,80.83,19.4,3,0,0,0,0,0,7,1,Low,0,False,88.5,Complete at least 3 more credits.
SE1803953,Average,7,6.12,120,113,7,94.17,16.14,0,2,3,1,0,0,8,6,Medium,0,False,78.5,Complete all prerequisite courses. Retake failed courses as soon as possible.
SE1803954,Excellent,8,9.44,120,115,5,95.83,14.38,0,0,0,0,0,0,8,0,Low,0,True,97.5,You are ready for OJT.
SE1803955,Good,4,7.79,120,70,50,58.33,17.5,30,1,0,0,0,0,5,3,Low,0,False,72.0,Complete at least 30 more credits. Retake failed courses as soon as possible.
SE1803956,Average,2,6.27,120,41,79,34.17,20.5,59,3,4,1,1,0,5,12,High,1,False,32.5,Complete at least 59 more credits. Complete all prerequisite courses. Retake failed courses as soon as possible. Improve GPA to remove academic warning.
SE1803957,Average,6,6.66,120,103,17,85.83,17.17,0,2,4,1,1,0,6,8,Medium,0,False,66.5,Complete all prerequisite courses. Retake failed courses as soon as possible. Improve GPA to remove academic warning.
SE1803958,Average,1,6.32,120,20,100,16.67,20.0,80,1,2,1,0,0,6,8,Medium,0,False,37.0,Complete at least 80 more credits. Complete all prerequisite courses. Retake failed courses as soon as possible.
SE1803959,Good,6,7.42,120,102,18,85.0,17.0,0,1,2,1,0,0,6,4,Low,0,False,78.0,Complete all prerequisite courses. Retake failed courses as soon as possible.
SE1803960,Average,4,6.38,120,66,54,55.0,16.5,34,1,3,2,1,0,6,12,High,1,False,47.0,Complete at least 34 more credits. Complete all prerequisite courses. Retake failed courses as soon as possible. Improve GPA to remove academic warning.
SE1803961,Average,3,6.24,120,53,67,44.17,17.67,47,1,1,0,1,0,5,8,Medium,0,False,56.5,Complete at least 47 more credits. Retake failed courses as soon as possible. Improve GPA to remove academic warning.
SE1803962,Recovery,2,6.01,120,39,81,32.5,19.5,61,2,3,1,0,0,5,9,Medium,0,False,41.5,Complete at least 61 more credits. Complete all prerequisite courses. Retake failed courses as soon as possible.
SE1803963,Critical,1,4.78,120,13,107,10.83,13.0,87,5,5,3,2,2,6,24,High,1,False,0.0,Complete at least 87 more credits. Complete all prerequisite courses. Retake failed courses as soon as possible. Improve GPA to remove academic warning.
SE1803964,Critical,1,4.62,120,15,105,12.5,15.0,85,7,7,3,2,2,5,24,High,1,False,0.0,Complete at least 85 more credits. Complete all prerequisite courses. Retake failed courses as soon as possible. Improve GPA to remove academic warning.
SE1803965,Good,8,8.25,120,116,4,96.67,14.5,0,0,2,0,0,0,8,1,Low,0,True,94.0,You are ready for OJT.
SE1803966,Good,3,8.04,120,63,57,52.5,21.0,37,1,2,1,0,0,6,7,Medium,0,False,58.5,Complete at least 37 more credits. Complete all prerequisite courses. Retake failed courses as soon as possible.
SE1803967,Average,4,6.74,120,75,45,62.5,18.75,25,2,2,0,0,0,5,5,Low,0,False,67.5,Complete at least 25 more credits. Retake failed courses as soon as possible.
SE1803968,Good,5,7.76,120,91,29,75.83,18.2,9,1,2,0,0,0,6,3,Low,0,False,78.5,Complete at least 9 more credits. Retake failed courses as soon as possible.
SE1803969,Average,4,6.7,120,71,49,59.17,17.75,29,3,2,0,1,0,5,8,Medium,0,False,57.5,Complete at least 29 more credits. Retake failed courses as soon as possible. Improve GPA to remove academic warning.
SE1803970,Good,5,8.4,120,90,30,75.0,18.0,10,0,1,0,0,0,7,2,Low,0,False,83.0,Complete at least 10 more credits.
SE1803971,Average,3,6.45,120,50,70,41.67,16.67,50,2,3,0,0,0,6,7,Medium,0,False,53.0,Complete at least 50 more credits. Retake failed courses as soon as possible.
SE1803972,Good,2,8.38,120,42,78,35.0,21.0,58,1,1,0,0,0,5,5,Low,0,False,56.0,Complete at least 58 more credits. Retake failed courses as soon as possible.
SE1803973,Average,5,6.39,120,95,25,79.17,19.0,5,3,3,0,0,0,7,6,Medium,0,False,72.5,Complete at least 5 more credits. Retake failed courses as soon as possible.
SE1803974,Good,5,8.03,120,97,23,80.83,19.4,3,0,1,1,0,0,6,4,Low,0,False,80.5,Complete at least 3 more credits. Complete all prerequisite courses.
SE1803975,Critical,5,4.92,120,62,58,51.67,12.4,38,6,7,2,2,1,6,21,High,1,False,9.0,Complete at least 38 more credits. Complete all prerequisite courses. Retake failed courses as soon as possible. Improve GPA to remove academic warning.
SE1803976,LateStarter,7,6.51,120,103,17,85.83,14.71,0,3,5,2,1,0,8,11,High,1,False,55.5,Complete all prerequisite courses. Retake failed courses as soon as possible. Improve GPA to remove academic warning.
SE1803977,AtRisk,4,5.45,120,52,68,43.33,13.0,48,5,6,1,2,0,5,17,High,1,False,23.0,Complete at least 48 more credits. Complete all prerequisite courses. Retake failed courses as soon as possible. Improve GPA to remove academic warning.
SE1803978,Critical,3,4.57,120,40,80,33.33,13.33,60,7,6,4,2,1,6,22,High,1,False,0.0,Complete at least 60 more credits. Complete all prerequisite courses. Retake failed courses as soon as possible. Improve GPA to remove academic warning.
SE1803979,AtRisk,3,5.94,120,41,79,34.17,13.67,59,5,3,1,2,1,5,18,High,1,False,15.5,Complete at least 59 more credits. Complete all prerequisite courses. Retake failed courses as soon as possible. Improve GPA to remove academic warning.
SE1803980,Average,5,6.14,120,86,34,71.67,17.2,14,3,4,1,1,0,7,10,Medium,0,False,55.0,Complete at least 14 more credits. Complete all prerequisite courses. Retake failed courses as soon as possible. Improve GPA to remove academic warning.
SE1803981,Average,5,6.55,120,84,36,70.0,16.8,16,1,1,0,0,0,6,5,Low,0,False,77.0,Complete at least 16 more credits. Retake failed courses as soon as possible.
SE1803982,Excellent,3,9.26,120,60,60,50.0,20.0,40,0,0,0,0,0,5,3,Low,0,False,70.0,Complete at least 40 more credits.
SE1803983,Good,3,7.51,120,54,66,45.0,18.0,46,0,2,1,0,0,5,6,Medium,0,False,57.0,Complete at least 46 more credits. Complete all prerequisite courses.
SE1803984,Average,1,6.71,120,18,102,15.0,18.0,82,3,4,0,1,0,5,10,Medium,0,False,27.0,Complete at least 82 more credits. Retake failed courses as soon as possible. Improve GPA to remove academic warning.
SE1803985,Average,5,6.63,120,92,28,76.67,18.4,8,2,3,2,0,0,6,8,Medium,0,False,62.0,Complete at least 8 more credits. Complete all prerequisite courses. Retake failed courses as soon as possible.
SE1803986,Critical,7,4.01,120,92,28,76.67,13.14,8,5,8,2,3,1,8,19,High,1,False,20.0,Complete at least 8 more credits. Complete all prerequisite courses. Retake failed courses as soon as possible. Improve GPA to remove academic warning.
SE1803987,Good,3,8.36,120,53,67,44.17,17.67,47,0,1,0,0,0,6,4,Low,0,False,64.5,Complete at least 47 more credits.
SE1803988,Average,5,6.49,120,86,34,71.67,17.2,14,2,2,1,1,0,7,8,Medium,0,False,62.0,Complete at least 14 more credits. Complete all prerequisite courses. Retake failed courses as soon as possible. Improve GPA to remove academic warning.
SE1803989,Excellent,5,8.51,120,104,16,86.67,20.8,0,0,0,0,0,0,6,0,Low,0,True,92.0,You are ready for OJT.
SE1803990,Average,5,6.18,120,80,40,66.67,16.0,20,2,1,2,0,0,7,8,Medium,0,False,60.0,Complete at least 20 more credits. Complete all prerequisite courses. Retake failed courses as soon as possible.
SE1803991,LateStarter,4,6.91,120,68,52,56.67,17.0,32,4,5,2,1,0,5,14,High,1,False,35.0,Complete at least 32 more credits. Complete all prerequisite courses. Retake failed courses as soon as possible. Improve GPA to remove academic warning.
SE1803992,AtRisk,6,5.74,120,96,24,80.0,16.0,4,3,4,2,1,1,7,15,High,1,False,46.0,Complete at least 4 more credits. Complete all prerequisite courses. Retake failed courses as soon as possible. Improve GPA to remove academic warning.
SE1803993,Average,5,6.24,120,81,39,67.5,16.2,19,1,2,1,0,0,7,7,Medium,0,False,67.5,Complete at least 19 more credits. Complete all prerequisite courses. Retake failed courses as soon as possible.
SE1803994,AtRisk,6,5.32,120,96,24,80.0,16.0,4,5,6,2,1,1,6,17,High,1,False,36.0,Complete at least 4 more credits. Complete all prerequisite courses. Retake failed courses as soon as possible. Improve GPA to remove academic warning.
SE1803995,Average,5,6.09,120,81,39,67.5,16.2,19,3,4,0,0,0,7,7,Medium,0,False,63.5,Complete at least 19 more credits. Retake failed courses as soon as possible.
SE1803996,AtRisk,3,5.72,120,47,73,39.17,15.67,53,5,3,1,2,0,6,16,High,1,False,26.5,Complete at least 53 more credits. Complete all prerequisite courses. Retake failed courses as soon as possible. Improve GPA to remove academic warning.
SE1803997,Average,5,6.6,120,92,28,76.67,18.4,8,3,2,0,1,0,7,7,Medium,0,False,68.0,Complete at least 8 more credits. Retake failed courses as soon as possible. Improve GPA to remove academic warning.
SE1803998,Good,5,7.38,120,97,23,80.83,19.4,3,0,2,1,0,0,7,4,Low,0,False,78.5,Complete at least 3 more credits. Complete all prerequisite courses.
SE1803999,Critical,4,4.99,120,41,79,34.17,10.25,59,8,6,3,2,1,5,22,High,1,False,0.0,Complete at least 59 more credits. Complete all prerequisite courses. Retake failed courses as soon as possible. Improve GPA to remove academic warning.
SE1804000,Good,2,7.39,120,41,79,34.17,20.5,59,1,2,0,0,0,5,5,Low,0,False,53.5,Complete at least 59 more credits. Retake failed courses as soon as possible.
SE1804001,Good,5,8.14,120,100,20,83.33,20.0,0,0,2,1,0,0,7,3,Low,0,False,80.0,Complete all prerequisite courses.
SE1804002,Recovery,4,6.43,120,60,60,50.0,15.0,40,2,4,1,1,0,6,11,High,1,False,45.0,Complete at least 40 more credits. Complete all prerequisite courses. Retake failed courses as soon as possible. Improve GPA to remove academic warning.
SE1804003,Average,4,6.3,120,61,59,50.83,15.25,39,2,1,0,1,0,6,8,Medium,0,False,57.5,Complete at least 39 more credits. Retake failed courses as soon as possible. Improve GPA to remove academic warning.
SE1804004,Good,4,8.45,120,75,45,62.5,18.75,25,0,0,0,0,0,5,2,Low,0,False,77.5,Complete at least 25 more credits.
SE1804005,Good,2,7.76,120,37,83,30.83,18.5,63,1,1,1,0,0,5,7,Medium,0,False,47.5,Complete at least 63 more credits. Complete all prerequisite courses. Retake failed courses as soon as possible.
SE1804006,Good,5,8.26,120,92,28,76.67,18.4,8,0,1,1,0,0,6,4,Low,0,False,78.0,Complete at least 8 more credits. Complete all prerequisite courses.
SE1804007,AtRisk,8,5.52,120,105,15,87.5,13.12,0,5,5,1,2,1,8,16,High,1,False,43.5,Complete all prerequisite courses. Retake failed courses as soon as possible. Improve GPA to remove academic warning.
SE1804008,AtRisk,4,5.66,120,61,59,50.83,15.25,39,4,4,1,1,1,6,16,High,1,False,31.5,Complete at least 39 more credits. Complete all prerequisite courses. Retake failed courses as soon as possible. Improve GPA to remove academic warning.
SE1804009,Critical,5,3.98,120,70,50,58.33,14.0,30,5,8,2,2,1,6,20,High,1,False,14.0,Complete at least 30 more credits. Complete all prerequisite courses. Retake failed courses as soon as possible. Improve GPA to remove academic warning.
SE1804010,Average,6,6.18,120,99,21,82.5,16.5,1,1,3,0,1,0,6,7,Medium,0,False,75.5,Complete at least 1 more credits. Retake failed courses as soon as possible. Improve GPA to remove academic warning.
SE1804011,Good,6,7.52,120,109,11,90.83,18.17,0,1,1,1,0,0,7,4,Low,0,False,83.5,Complete all prerequisite courses. Retake failed courses as soon as possible.
SE1804012,Critical,4,4.11,120,51,69,42.5,12.75,49,7,5,3,2,1,5,22,High,1,False,0.0,Complete at least 49 more credits. Complete all prerequisite courses. Retake failed courses as soon as possible. Improve GPA to remove academic warning.
SE1804013,AtRisk,7,5.12,120,103,17,85.83,14.71,0,5,3,3,1,1,8,16,High,1,False,39.5,Complete all prerequisite courses. Retake failed courses as soon as possible. Improve GPA to remove academic warning.
SE1804014,Good,5,8.22,120,93,27,77.5,18.6,7,0,2,1,0,0,7,4,Low,0,False,76.5,Complete at least 7 more credits. Complete all prerequisite courses.
SE1804015,Average,2,6.56,120,40,80,33.33,20.0,60,3,4,1,1,0,6,12,High,1,False,32.0,Complete at least 60 more credits. Complete all prerequisite courses. Retake failed courses as soon as possible. Improve GPA to remove academic warning.
SE1804016,Average,2,6.21,120,38,82,31.67,19.0,62,3,4,1,0,0,6,10,Medium,0,False,36.0,Complete at least 62 more credits. Complete all prerequisite courses. Retake failed courses as soon as possible.
SE1804017,Good,4,8.39,120,71,49,59.17,17.75,29,1,1,1,0,0,5,6,Medium,0,False,64.5,Complete at least 29 more credits. Complete all prerequisite courses. Retake failed courses as soon as possible.
SE1804018,Good,4,8.33,120,70,50,58.33,17.5,30,0,2,1,0,0,5,5,Low,0,False,65.0,Complete at least 30 more credits. Complete all prerequisite courses.
SE1804019,Good,3,7.72,120,53,67,44.17,17.67,47,1,0,1,0,0,6,6,Medium,0,False,57.5,Complete at least 47 more credits. Complete all prerequisite courses. Retake failed courses as soon as possible.
SE1804020,LateStarter,2,6.49,120,27,93,22.5,13.5,73,4,2,1,1,0,6,11,High,1,False,26.5,Complete at least 73 more credits. Complete all prerequisite courses. Retake failed courses as soon as possible. Improve GPA to remove academic warning.
SE1804021,Excellent,4,9.86,120,81,39,67.5,20.25,19,0,0,0,0,0,6,2,Low,0,False,80.5,Complete at least 19 more credits.
SE1804022,Average,8,6.41,120,108,12,90.0,13.5,0,3,3,2,0,0,8,8,Medium,0,False,67.0,Complete all prerequisite courses. Retake failed courses as soon as possible.
SE1804023,Average,3,6.97,120,48,72,40.0,16.0,52,2,4,1,0,0,6,9,Medium,0,False,44.0,Complete at least 52 more credits. Complete all prerequisite courses. Retake failed courses as soon as possible.
SE1804024,Average,6,6.5,120,103,17,85.83,17.17,0,3,3,1,0,0,6,7,Medium,0,False,70.5,Complete all prerequisite courses. Retake failed courses as soon as possible.
SE1804025,AtRisk,5,5.25,120,76,44,63.33,15.2,24,4,6,1,2,0,7,15,High,1,False,38.0,Complete at least 24 more credits. Complete all prerequisite courses. Retake failed courses as soon as possible. Improve GPA to remove academic warning.
SE1804026,Good,4,7.71,120,75,45,62.5,18.75,25,1,0,1,0,0,5,5,Low,0,False,68.5,Complete at least 25 more credits. Complete all prerequisite courses. Retake failed courses as soon as possible.
SE1804027,Good,3,7.68,120,55,65,45.83,18.33,45,1,0,0,0,0,6,4,Low,0,False,64.5,Complete at least 45 more credits. Retake failed courses as soon as possible.
SE1804028,Average,6,6.53,120,99,21,82.5,16.5,1,1,2,2,0,0,6,7,Medium,0,False,70.5,Complete at least 1 more credits. Complete all prerequisite courses. Retake failed courses as soon as possible.
SE1804029,Good,1,7.43,120,18,102,15.0,18.0,82,1,0,1,0,0,6,6,Medium,0,False,40.0,Complete at least 82 more credits. Complete all prerequisite courses. Retake failed courses as soon as possible.
SE1804030,Excellent,5,8.6,120,97,23,80.83,19.4,3,0,0,0,0,0,6,1,Low,0,False,88.5,Complete at least 3 more credits.
SE1804031,Critical,5,4.2,120,59,61,49.17,11.8,41,6,6,2,2,2,7,23,High,1,False,1.5,Complete at least 41 more credits. Complete all prerequisite courses. Retake failed courses as soon as possible. Improve GPA to remove academic warning.
SE1804032,Good,4,8.18,120,82,38,68.33,20.5,18,1,2,1,0,0,6,6,Medium,0,False,68.0,Complete at least 18 more credits. Complete all prerequisite courses. Retake failed courses as soon as possible.
SE1804033,LateStarter,3,6.39,120,38,82,31.67,12.67,62,4,5,0,1,0,6,11,High,1,False,32.0,Complete at least 62 more credits. Retake failed courses as soon as possible. Improve GPA to remove academic warning.
SE1804034,Average,4,6.85,120,64,56,53.33,16.0,36,3,4,0,1,0,5,10,Medium,0,False,50.0,Complete at least 36 more credits. Retake failed courses as soon as possible. Improve GPA to remove academic warning.
SE1804035,Excellent,7,9.18,120,120,0,100.0,17.14,0,0,0,0,0,0,8,0,Low,0,True,100.0,You are ready for OJT.
SE1804036,Average,5,6.99,120,90,30,75.0,18.0,10,2,1,0,1,0,7,6,Medium,0,False,72.0,Complete at least 10 more credits. Retake failed courses as soon as possible. Improve GPA to remove academic warning.
SE1804037,Average,4,6.14,120,72,48,60.0,18.0,28,1,1,2,0,0,6,8,Medium,0,False,59.0,Complete at least 28 more credits. Complete all prerequisite courses. Retake failed courses as soon as possible.
SE1804038,Average,5,6.68,120,84,36,70.0,16.8,16,2,3,0,1,0,7,8,Medium,0,False,65.0,Complete at least 16 more credits. Retake failed courses as soon as possible. Improve GPA to remove academic warning.
SE1804039,Good,3,7.5,120,54,66,45.0,18.0,46,0,2,1,0,0,5,6,Medium,0,False,57.0,Complete at least 46 more credits. Complete all prerequisite courses.
SE1804040,Excellent,4,8.8,120,80,40,66.67,20.0,20,0,0,0,0,0,6,2,Low,0,False,80.0,Complete at least 20 more credits.
SE1804041,Average,8,6.66,120,112,8,93.33,14.0,0,1,4,1,1,0,8,8,Medium,0,False,74.0,Complete all prerequisite courses. Retake failed courses as soon as possible. Improve GPA to remove academic warning.
SE1804042,Average,6,6.36,120,104,16,86.67,17.33,0,2,4,0,1,0,7,6,Medium,0,True,73.0,Retake failed courses as soon as possible. Improve GPA to remove academic warning.
SE1804043,Excellent,4,9.55,120,72,48,60.0,18.0,28,0,0,0,0,0,6,2,Low,0,False,76.0,Complete at least 28 more credits.
SE1804044,Average,2,6.13,120,31,89,25.83,15.5,69,2,4,2,0,0,5,10,Medium,0,False,29.5,Complete at least 69 more credits. Complete all prerequisite courses. Retake failed courses as soon as possible.
SE1804045,AtRisk,3,5.86,120,44,76,36.67,14.67,56,4,4,2,1,0,6,15,High,1,False,25.0,Complete at least 56 more credits. Complete all prerequisite courses. Retake failed courses as soon as possible. Improve GPA to remove academic warning.
SE1804046,LateStarter,5,6.37,120,80,40,66.67,16.0,20,2,5,0,1,0,6,9,Medium,0,False,59.0,Complete at least 20 more credits. Retake failed courses as soon as possible. Improve GPA to remove academic warning.
SE1804047,Critical,4,3.79,120,41,79,34.17,10.25,59,7,6,2,3,2,5,23,High,1,False,0.0,Complete at least 59 more credits. Complete all prerequisite courses. Retake failed courses as soon as possible. Improve GPA to remove academic warning.
SE1804048,LateStarter,4,7.13,120,71,49,59.17,17.75,29,2,5,1,0,0,6,8,Medium,0,False,53.5,Complete at least 29 more credits. Complete all prerequisite courses. Retake failed courses as soon as possible.
SE1804049,Average,5,6.05,120,92,28,76.67,18.4,8,2,4,1,1,0,7,9,Medium,0,False,61.0,Complete at least 8 more credits. Complete all prerequisite courses. Retake failed courses as soon as possible. Improve GPA to remove academic warning.
SE1804050,AtRisk,5,5.75,120,78,42,65.0,15.6,22,4,3,1,2,1,7,16,High,1,False,37.0,Complete at least 22 more credits. Complete all prerequisite courses. Retake failed courses as soon as possible. Improve GPA to remove academic warning.
SE1804051,Recovery,2,6.78,120,32,88,26.67,16.0,68,1,2,1,0,0,6,8,Medium,0,False,43.0,Complete at least 68 more credits. Complete all prerequisite courses. Retake failed courses as soon as possible.
SE1804052,AtRisk,4,5.15,120,60,60,50.0,15.0,40,4,5,2,2,0,5,17,High,1,False,26.0,Complete at least 40 more credits. Complete all prerequisite courses. Retake failed courses as soon as possible. Improve GPA to remove academic warning.
SE1804053,Average,3,6.93,120,45,75,37.5,15.0,55,2,1,1,0,0,6,8,Medium,0,False,48.5,Complete at least 55 more credits. Complete all prerequisite courses. Retake failed courses as soon as possible.
SE1804054,Average,2,6.38,120,38,82,31.67,19.0,62,3,1,1,0,0,6,9,Medium,0,False,42.0,Complete at least 62 more credits. Complete all prerequisite courses. Retake failed courses as soon as possible.
SE1804055,Average,5,6.96,120,82,38,68.33,16.4,18,1,3,0,1,0,7,8,Medium,0,False,67.0,Complete at least 18 more credits. Retake failed courses as soon as possible. Improve GPA to remove academic warning.
SE1804056,Excellent,1,9.74,120,20,100,16.67,20.0,80,0,0,0,0,0,5,3,Low,0,False,50.0,Complete at least 80 more credits.
SE1804057,Average,6,6.62,120,93,27,77.5,15.5,7,3,4,1,1,0,7,10,Medium,0,False,58.5,Complete at least 7 more credits. Complete all prerequisite courses. Retake failed courses as soon as possible. Improve GPA to remove academic warning.
SE1804058,Average,4,6.69,120,61,59,50.83,15.25,39,3,2,2,1,0,5,12,High,1,False,40.5,Complete at least 39 more credits. Complete all prerequisite courses. Retake failed courses as soon as possible. Improve GPA to remove academic warning.
SE1804059,Average,4,6.86,120,69,51,57.5,17.25,31,2,3,2,0,0,5,10,Medium,0,False,50.5,Complete at least 31 more credits. Complete all prerequisite courses. Retake failed courses as soon as possible.
SE1804060,Average,3,6.35,120,57,63,47.5,19.0,43,2,2,1,1,0,6,10,Medium,0,False,47.5,Complete at least 43 more credits. Complete all prerequisite courses. Retake failed courses as soon as possible. Improve GPA to remove academic warning.
SE1804061,AtRisk,5,5.03,120,69,51,57.5,13.8,31,5,3,2,2,0,6,17,High,1,False,31.5,Complete at least 31 more credits. Complete all prerequisite courses. Retake failed courses as soon as possible. Improve GPA to remove academic warning.
SE1804062,Good,8,8.34,120,120,0,100.0,15.0,0,1,1,0,0,0,8,2,Low,0,True,95.0,Retake failed courses as soon as possible.
SE1804063,Good,5,7.56,120,99,21,82.5,19.8,1,1,0,1,0,0,7,4,Low,0,False,80.5,Complete at least 1 more credits. Complete all prerequisite courses. Retake failed courses as soon as possible.
SE1804064,AtRisk,7,5.5,120,95,25,79.17,13.57,5,4,6,3,1,0,8,15,High,1,False,40.5,Complete at least 5 more credits. Complete all prerequisite courses. Retake failed courses as soon as possible. Improve GPA to remove academic warning.
SE1804065,Critical,3,4.43,120,32,88,26.67,10.67,68,8,5,4,2,1,6,22,High,1,False,0.0,Complete at least 68 more credits. Complete all prerequisite courses. Retake failed courses as soon as possible. Improve GPA to remove academic warning.
SE1804066,Excellent,4,8.99,120,78,42,65.0,19.5,22,0,0,0,0,0,5,2,Low,0,False,79.0,Complete at least 22 more credits.
SE1804067,Good,4,7.63,120,70,50,58.33,17.5,30,1,1,1,0,0,5,6,Medium,0,False,64.0,Complete at least 30 more credits. Complete all prerequisite courses. Retake failed courses as soon as possible.
SE1804068,AtRisk,7,5.58,120,107,13,89.17,15.29,0,5,5,2,2,1,8,17,High,1,False,38.5,Complete all prerequisite courses. Retake failed courses as soon as possible. Improve GPA to remove academic warning.
SE1804069,Excellent,2,9.35,120,44,76,36.67,22.0,56,0,0,0,0,0,5,3,Low,0,False,62.0,Complete at least 56 more credits.
SE1804070,AtRisk,6,5.09,120,95,25,79.17,15.83,5,3,5,1,2,0,7,14,High,1,False,52.5,Complete at least 5 more credits. Complete all prerequisite courses. Retake failed courses as soon as possible. Improve GPA to remove academic warning.
SE1804071,AtRisk,5,5.44,120,81,39,67.5,16.2,19,4,3,2,2,0,7,15,High,1,False,40.5,Complete at least 19 more credits. Complete all prerequisite courses. Retake failed courses as soon as possible. Improve GPA to remove academic warning.
SE1804072,Good,3,8.44,120,60,60,50.0,20.0,40,0,2,1,0,0,6,6,Medium,0,False,60.0,Complete at least 40 more credits. Complete all prerequisite courses.
SE1804073,Excellent,5,9.36,120,93,27,77.5,18.6,7,0,0,0,0,0,7,1,Low,0,False,86.5,Complete at least 7 more credits.
SE1804074,Good,5,8.21,120,100,20,83.33,20.0,0,0,1,0,0,0,6,1,Low,0,True,88.0,You are ready for OJT.
SE1804075,Good,3,7.71,120,56,64,46.67,18.67,44,0,2,1,0,0,6,6,Medium,0,False,58.0,Complete at least 44 more credits. Complete all prerequisite courses.
SE1804076,Average,6,6.88,120,92,28,76.67,15.33,8,1,4,2,0,0,7,8,Medium,0,False,63.0,Complete at least 8 more credits. Complete all prerequisite courses. Retake failed courses as soon as possible.
SE1804077,Good,3,7.53,120,56,64,46.67,18.67,44,0,2,0,0,0,5,4,Low,0,False,64.0,Complete at least 44 more credits.
SE1804078,AtRisk,3,5.25,120,37,83,30.83,12.33,63,5,5,2,1,0,6,17,High,1,False,16.5,Complete at least 63 more credits. Complete all prerequisite courses. Retake failed courses as soon as possible. Improve GPA to remove academic warning.
SE1804079,Good,2,8.44,120,39,81,32.5,19.5,61,0,1,1,0,0,6,6,Medium,0,False,51.5,Complete at least 61 more credits. Complete all prerequisite courses.
SE1804080,Recovery,4,5.86,120,72,48,60.0,18.0,28,2,4,0,0,0,5,8,Medium,0,False,62.0,Complete at least 28 more credits. Retake failed courses as soon as possible.
SE1804081,Average,3,6.19,120,49,71,40.83,16.33,51,1,2,2,0,0,5,9,Medium,0,False,45.5,Complete at least 51 more credits. Complete all prerequisite courses. Retake failed courses as soon as possible.
SE1804082,AtRisk,3,5.4,120,38,82,31.67,12.67,62,4,4,1,1,1,5,16,High,1,False,20.0,Complete at least 62 more credits. Complete all prerequisite courses. Retake failed courses as soon as possible. Improve GPA to remove academic warning.
SE1804083,Average,7,6.43,120,109,11,90.83,15.57,0,2,3,2,0,0,8,7,Medium,0,False,70.5,Complete all prerequisite courses. Retake failed courses as soon as possible.
SE1804084,AtRisk,4,5.44,120,64,56,53.33,16.0,36,4,4,3,2,1,5,19,High,1,False,16.0,Complete at least 36 more credits. Complete all prerequisite courses. Retake failed courses as soon as possible. Improve GPA to remove academic warning.
SE1804085,AtRisk,3,5.48,120,46,74,38.33,15.33,54,4,4,3,2,1,6,19,High,1,False,7.0,Complete at least 54 more credits. Complete all prerequisite courses. Retake failed courses as soon as possible. Improve GPA to remove academic warning.
SE1804086,AtRisk,5,5.87,120,78,42,65.0,15.6,22,3,6,3,2,1,6,19,High,1,False,22.0,Complete at least 22 more credits. Complete all prerequisite courses. Retake failed courses as soon as possible. Improve GPA to remove academic warning.
SE1804087,AtRisk,1,5.07,120,14,106,11.67,14.0,86,5,4,1,2,1,5,18,High,1,False,0.0,Complete at least 86 more credits. Complete all prerequisite courses. Retake failed courses as soon as possible. Improve GPA to remove academic warning.
SE1804088,Good,3,8.36,120,58,62,48.33,19.33,42,0,0,0,0,0,5,3,Low,0,False,69.0,Complete at least 42 more credits.
SE1804089,Average,2,6.4,120,38,82,31.67,19.0,62,1,2,0,1,0,5,8,Medium,0,False,47.0,Complete at least 62 more credits. Retake failed courses as soon as possible. Improve GPA to remove academic warning.
SE1804090,Critical,6,3.83,120,81,39,67.5,13.5,19,7,6,2,2,2,7,22,High,1,False,9.5,Complete at least 19 more credits. Complete all prerequisite courses. Retake failed courses as soon as possible. Improve GPA to remove academic warning.
SE1804091,AtRisk,5,5.24,120,83,37,69.17,16.6,17,5,3,2,2,0,7,16,High,1,False,38.5,Complete at least 17 more credits. Complete all prerequisite courses. Retake failed courses as soon as possible. Improve GPA to remove academic warning.
SE1804092,AtRisk,6,5.57,120,84,36,70.0,14.0,16,3,6,2,1,1,6,17,High,1,False,36.0,Complete at least 16 more credits. Complete all prerequisite courses. Retake failed courses as soon as possible. Improve GPA to remove academic warning.
SE1804093,Good,4,7.09,120,74,46,61.67,18.5,26,0,0,1,0,0,6,4,Low,0,False,71.0,Complete at least 26 more credits. Complete all prerequisite courses.
SE1804094,Critical,4,4.45,120,44,76,36.67,11.0,56,6,7,2,2,2,5,23,High,1,False,0.0,Complete at least 56 more credits. Complete all prerequisite courses. Retake failed courses as soon as possible. Improve GPA to remove academic warning.
SE1804095,Recovery,6,6.14,120,96,24,80.0,16.0,4,1,2,0,1,0,6,6,Medium,0,False,76.0,Complete at least 4 more credits. Retake failed courses as soon as possible. Improve GPA to remove academic warning.
SE1804096,Good,4,7.91,120,77,43,64.17,19.25,23,1,2,0,0,0,5,4,Low,0,False,71.5,Complete at least 23 more credits. Retake failed courses as soon as possible.
SE1804097,Excellent,8,9.22,120,117,3,97.5,14.62,0,0,0,0,0,0,8,0,Low,0,True,98.5,You are ready for OJT.
SE1804098,Excellent,4,9.13,120,73,47,60.83,18.25,27,0,0,0,0,0,6,2,Low,0,False,76.5,Complete at least 27 more credits.
SE1804099,LateStarter,4,6.4,120,71,49,59.17,17.75,29,4,5,0,1,0,5,10,Medium,0,False,48.5,Complete at least 29 more credits. Retake failed courses as soon as possible. Improve GPA to remove academic warning.
SE1804100,Good,1,8.33,120,19,101,15.83,19.0,81,0,0,1,0,0,6,5,Low,0,False,43.5,Complete at least 81 more credits. Complete all prerequisite courses.
SE1804101,AtRisk,4,5.63,120,59,61,49.17,14.75,41,4,5,3,2,1,5,20,High,1,False,11.5,Complete at least 41 more credits. Complete all prerequisite courses. Retake failed courses as soon as possible. Improve GPA to remove academic warning.
SE1804102,Excellent,3,8.84,120,55,65,45.83,18.33,45,0,0,0,0,0,5,3,Low,0,False,67.5,Complete at least 45 more credits.
SE1804103,Average,5,6.17,120,90,30,75.0,18.0,10,2,1,0,1,0,7,6,Medium,0,False,72.0,Complete at least 10 more credits. Retake failed courses as soon as possible. Improve GPA to remove academic warning.
SE1804104,Average,6,6.29,120,94,26,78.33,15.67,6,3,4,1,1,0,7,10,Medium,0,False,59.0,Complete at least 6 more credits. Complete all prerequisite courses. Retake failed courses as soon as possible. Improve GPA to remove academic warning.
SE1804105,Average,2,6.81,120,39,81,32.5,19.5,61,1,3,1,0,0,6,9,Medium,0,False,44.5,Complete at least 61 more credits. Complete all prerequisite courses. Retake failed courses as soon as possible.
SE1804106,LateStarter,6,6.44,120,103,17,85.83,17.17,0,3,4,2,0,0,7,8,Medium,0,False,62.5,Complete all prerequisite courses. Retake failed courses as soon as possible.
SE1804107,Average,4,6.36,120,60,60,50.0,15.0,40,3,4,2,1,0,5,13,High,1,False,36.0,Complete at least 40 more credits. Complete all prerequisite courses. Retake failed courses as soon as possible. Improve GPA to remove academic warning.
SE1804108,AtRisk,2,5.78,120,25,95,20.83,12.5,75,5,3,1,2,0,6,16,High,1,False,15.5,Complete at least 75 more credits. Complete all prerequisite courses. Retake failed courses as soon as possible. Improve GPA to remove academic warning.
SE1804109,Good,3,8.2,120,55,65,45.83,18.33,45,1,2,1,0,0,5,7,Medium,0,False,54.5,Complete at least 45 more credits. Complete all prerequisite courses. Retake failed courses as soon as possible.
SE1804110,Excellent,3,8.55,120,63,57,52.5,21.0,37,0,0,0,0,0,6,3,Low,0,False,71.5,Complete at least 37 more credits.
SE1804111,Good,3,8.45,120,50,70,41.67,16.67,50,0,0,1,0,0,6,5,Low,0,False,59.0,Complete at least 50 more credits. Complete all prerequisite courses.
SE1804112,Good,7,7.34,120,114,6,95.0,16.29,0,0,1,0,0,0,8,1,Low,0,True,95.0,You are ready for OJT.
SE1804113,Good,2,7.13,120,41,79,34.17,20.5,59,0,2,1,0,0,6,6,Medium,0,False,50.5,Complete at least 59 more credits. Complete all prerequisite courses.
SE1804114,Excellent,5,9.41,120,101,19,84.17,20.2,0,0,0,0,0,0,7,0,Low,0,True,90.5,You are ready for OJT.
SE1804115,AtRisk,6,5.23,120,93,27,77.5,15.5,7,3,6,1,2,1,6,16,High,1,False,41.5,Complete at least 7 more credits. Complete all prerequisite courses. Retake failed courses as soon as possible. Improve GPA to remove academic warning.
SE1804116,Average,4,6.36,120,68,52,56.67,17.0,32,1,2,2,0,0,5,9,Medium,0,False,55.0,Complete at least 32 more credits. Complete all prerequisite courses. Retake failed courses as soon as possible.
SE1804117,AtRisk,8,5.78,120,112,8,93.33,14.0,0,4,3,1,2,1,8,14,High,1,False,54.0,Complete all prerequisite courses. Retake failed courses as soon as possible. Improve GPA to remove academic warning.
SE1804118,Good,4,7.25,120,77,43,64.17,19.25,23,0,0,1,0,0,6,4,Low,0,False,72.5,Complete at least 23 more credits. Complete all prerequisite courses.
SE1804119,Good,5,7.86,120,93,27,77.5,18.6,7,1,0,1,0,0,6,4,Low,0,False,77.5,Complete at least 7 more credits. Complete all prerequisite courses. Retake failed courses as soon as possible.
SE1804120,Good,4,8.02,120,82,38,68.33,20.5,18,1,2,1,0,0,5,6,Medium,0,False,68.0,Complete at least 18 more credits. Complete all prerequisite courses. Retake failed courses as soon as possible.
SE1804121,Good,4,8.36,120,77,43,64.17,19.25,23,0,1,0,0,0,5,3,Low,0,False,76.5,Complete at least 23 more credits.
SE1804122,Good,7,7.14,120,112,8,93.33,16.0,0,0,2,1,0,0,8,3,Low,0,False,86.0,Complete all prerequisite courses.
SE1804123,Good,6,7.46,120,105,15,87.5,17.5,0,1,1,1,0,0,6,4,Low,0,False,81.5,Complete all prerequisite courses. Retake failed courses as soon as possible.
SE1804124,Average,7,6.47,120,108,12,90.0,15.43,0,1,1,2,1,0,8,8,Medium,0,False,72.0,Complete all prerequisite courses. Retake failed courses as soon as possible. Improve GPA to remove academic warning.
SE1804125,Average,3,6.93,120,55,65,45.83,18.33,45,1,3,1,0,0,6,9,Medium,0,False,52.5,Complete at least 45 more credits. Complete all prerequisite courses. Retake failed courses as soon as possible.
SE1804126,Excellent,2,9.97,120,37,83,30.83,18.5,63,0,0,0,0,0,6,3,Low,0,False,58.5,Complete at least 63 more credits.
SE1804127,Good,5,7.05,120,89,31,74.17,17.8,11,0,1,0,0,0,6,2,Low,0,False,82.5,Complete at least 11 more credits.
SE1804128,Average,1,6.24,120,18,102,15.0,18.0,82,2,4,1,1,0,5,11,High,1,False,24.0,Complete at least 82 more credits. Complete all prerequisite courses. Retake failed courses as soon as possible. Improve GPA to remove academic warning.
SE1804129,Excellent,5,9.5,120,100,20,83.33,20.0,0,0,0,0,0,0,6,0,Low,0,True,90.0,You are ready for OJT.
SE1804130,Critical,2,4.13,120,22,98,18.33,11.0,78,6,7,4,2,2,5,24,High,1,False,0.0,Complete at least 78 more credits. Complete all prerequisite courses. Retake failed courses as soon as possible. Improve GPA to remove academic warning.
SE1804131,AtRisk,3,5.99,120,41,79,34.17,13.67,59,4,6,2,1,1,5,18,High,1,False,11.5,Complete at least 59 more credits. Complete all prerequisite courses. Retake failed courses as soon as possible. Improve GPA to remove academic warning.
SE1804132,Good,7,7.09,120,114,6,95.0,16.29,0,1,0,0,0,0,8,1,Low,0,True,94.0,Retake failed courses as soon as possible.
SE1804133,Recovery,3,5.85,120,50,70,41.67,16.67,50,2,2,1,0,0,6,10,Medium,0,False,49.0,Complete at least 50 more credits. Complete all prerequisite courses. Retake failed courses as soon as possible.
SE1804134,Recovery,4,6.12,120,59,61,49.17,14.75,41,2,3,1,1,0,5,11,High,1,False,46.5,Complete at least 41 more credits. Complete all prerequisite courses. Retake failed courses as soon as possible. Improve GPA to remove academic warning.
SE1804135,AtRisk,3,5.94,120,48,72,40.0,16.0,52,4,5,1,2,0,6,16,High,1,False,26.0,Complete at least 52 more credits. Complete all prerequisite courses. Retake failed courses as soon as possible. Improve GPA to remove academic warning.
SE1804136,Average,3,6.1,120,48,72,40.0,16.0,52,2,1,0,1,0,5,8,Medium,0,False,51.0,Complete at least 52 more credits. Retake failed courses as soon as possible. Improve GPA to remove academic warning.
SE1804137,Average,5,6.01,120,95,25,79.17,19.0,5,3,1,2,1,0,7,10,Medium,0,False,59.5,Complete at least 5 more credits. Complete all prerequisite courses. Retake failed courses as soon as possible. Improve GPA to remove academic warning.
SE1804138,Average,4,6.11,120,67,53,55.83,16.75,33,1,3,0,1,0,6,9,Medium,0,False,59.5,Complete at least 33 more credits. Retake failed courses as soon as possible. Improve GPA to remove academic warning.
SE1804139,Average,6,6.24,120,100,20,83.33,16.67,0,3,2,1,1,0,7,8,Medium,0,False,66.0,Complete all prerequisite courses. Retake failed courses as soon as possible. Improve GPA to remove academic warning.
SE1804140,AtRisk,4,5.09,120,63,57,52.5,15.75,37,5,5,1,2,0,5,17,High,1,False,30.5,Complete at least 37 more credits. Complete all prerequisite courses. Retake failed courses as soon as possible. Improve GPA to remove academic warning.
SE1804141,Average,6,6.48,120,102,18,85.0,17.0,0,1,3,0,0,0,6,4,Low,0,True,82.0,Retake failed courses as soon as possible.
SE1804142,Excellent,5,9.28,120,102,18,85.0,20.4,0,0,0,0,0,0,6,0,Low,0,True,91.0,You are ready for OJT.
SE1804143,Good,6,8.4,120,100,20,83.33,16.67,0,1,1,0,0,0,7,2,Low,0,True,85.0,Retake failed courses as soon as possible.
SE1804144,AtRisk,4,5.5,120,62,58,51.67,15.5,38,3,4,2,1,1,5,17,High,1,False,29.0,Complete at least 38 more credits. Complete all prerequisite courses. Retake failed courses as soon as possible. Improve GPA to remove academic warning.
SE1804145,Excellent,4,8.9,120,84,36,70.0,21.0,16,0,0,0,0,0,6,2,Low,0,False,82.0,Complete at least 16 more credits.
SE1804146,Average,3,6.75,120,47,73,39.17,15.67,53,3,1,1,1,0,5,11,High,1,False,41.5,Complete at least 53 more credits. Complete all prerequisite courses. Retake failed courses as soon as possible. Improve GPA to remove academic warning.
SE1804147,AtRisk,6,5.21,120,84,36,70.0,14.0,16,3,5,2,2,1,6,18,High,1,False,33.0,Complete at least 16 more credits. Complete all prerequisite courses. Retake failed courses as soon as possible. Improve GPA to remove academic warning.
SE1804148,Good,6,8.06,120,103,17,85.83,17.17,0,1,1,0,0,0,7,2,Low,0,True,86.5,Retake failed courses as soon as possible.
SE1804149,Average,7,6.26,120,106,14,88.33,15.14,0,2,2,1,1,0,8,7,Medium,0,False,72.0,Complete all prerequisite courses. Retake failed courses as soon as possible. Improve GPA to remove academic warning.
SE1804150,Good,3,7.73,120,61,59,50.83,20.33,39,1,1,0,0,0,5,5,Low,0,False,65.5,Complete at least 39 more credits. Retake failed courses as soon as possible.
SE1804151,Excellent,3,8.55,120,63,57,52.5,21.0,37,0,0,0,0,0,6,3,Low,0,False,71.5,Complete at least 37 more credits.
SE1804152,Excellent,5,8.93,120,100,20,83.33,20.0,0,0,0,0,0,0,6,0,Low,0,True,90.0,You are ready for OJT.
SE1804153,Critical,5,4.03,120,72,48,60.0,14.4,28,8,8,4,2,2,7,23,High,1,False,0.0,Complete at least 28 more credits. Complete all prerequisite courses. Retake failed courses as soon as possible. Improve GPA to remove academic warning.
SE1804154,Average,3,6.21,120,54,66,45.0,18.0,46,2,4,0,0,0,6,7,Medium,0,False,53.0,Complete at least 46 more credits. Retake failed courses as soon as possible.
SE1804155,LateStarter,6,6.27,120,96,24,80.0,16.0,4,2,3,1,0,0,6,7,Medium,0,False,70.0,Complete at least 4 more credits. Complete all prerequisite courses. Retake failed courses as soon as possible.
SE1804156,Good,3,7.16,120,57,63,47.5,19.0,43,1,0,1,0,0,6,6,Medium,0,False,59.5,Complete at least 43 more credits. Complete all prerequisite courses. Retake failed courses as soon as possible.
SE1804157,Average,5,6.95,120,89,31,74.17,17.8,11,3,1,0,0,0,6,5,Low,0,False,73.5,Complete at least 11 more credits. Retake failed courses as soon as possible.
SE1804158,Good,6,8.35,120,108,12,90.0,18.0,0,1,0,1,0,0,7,3,Low,0,False,85.0,Complete all prerequisite courses. Retake failed courses as soon as possible.
SE1804159,Good,6,7.16,120,107,13,89.17,17.83,0,0,2,1,0,0,7,3,Low,0,False,83.5,Complete all prerequisite courses.
SE1804160,Average,2,6.94,120,31,89,25.83,15.5,69,2,2,0,1,0,5,8,Medium,0,False,40.5,Complete at least 69 more credits. Retake failed courses as soon as possible. Improve GPA to remove academic warning.
SE1804161,Average,6,6.21,120,94,26,78.33,15.67,6,2,1,2,0,0,7,7,Medium,0,False,67.0,Complete at least 6 more credits. Complete all prerequisite courses. Retake failed courses as soon as possible.
SE1804162,AtRisk,3,5.71,120,44,76,36.67,14.67,56,5,4,3,1,0,6,17,High,1,False,16.0,Complete at least 56 more credits. Complete all prerequisite courses. Retake failed courses as soon as possible. Improve GPA to remove academic warning.
SE1804163,Average,8,6.43,120,119,1,99.17,14.88,0,1,1,0,0,0,8,3,Low,0,True,94.5,Retake failed courses as soon as possible.
SE1804164,Average,5,6.57,120,92,28,76.67,18.4,8,1,3,1,1,0,6,9,Medium,0,False,66.0,Complete at least 8 more credits. Complete all prerequisite courses. Retake failed courses as soon as possible. Improve GPA to remove academic warning.
SE1804165,Average,4,6.97,120,60,60,50.0,15.0,40,2,2,1,1,0,5,10,Medium,0,False,49.0,Complete at least 40 more credits. Complete all prerequisite courses. Retake failed courses as soon as possible. Improve GPA to remove academic warning.
SE1804166,Recovery,5,5.9,120,79,41,65.83,15.8,21,1,4,0,0,0,6,8,Medium,0,False,68.5,Complete at least 21 more credits. Retake failed courses as soon as possible.
SE1804167,AtRisk,2,5.9,120,28,92,23.33,14.0,72,4,6,3,1,1,6,19,High,1,False,0.0,Complete at least 72 more credits. Complete all prerequisite courses. Retake failed courses as soon as possible. Improve GPA to remove academic warning.
SE1804168,AtRisk,3,5.07,120,41,79,34.17,13.67,59,4,5,1,2,0,5,16,High,1,False,22.5,Complete at least 59 more credits. Complete all prerequisite courses. Retake failed courses as soon as possible. Improve GPA to remove academic warning.
SE1804169,AtRisk,4,5.02,120,63,57,52.5,15.75,37,4,6,1,2,0,5,16,High,1,False,31.5,Complete at least 37 more credits. Complete all prerequisite courses. Retake failed courses as soon as possible. Improve GPA to remove academic warning.
SE1804170,Excellent,5,9.98,120,103,17,85.83,20.6,0,0,0,0,0,0,6,0,Low,0,True,91.5,You are ready for OJT.
SE1804171,Average,4,6.72,120,66,54,55.0,16.5,34,2,1,0,1,0,5,8,Medium,0,False,60.0,Complete at least 34 more credits. Retake failed courses as soon as possible. Improve GPA to remove academic warning.
SE1804172,LateStarter,1,7.15,120,15,105,12.5,15.0,85,4,3,0,1,0,5,9,Medium,0,False,24.5,Complete at least 85 more credits. Retake failed courses as soon as possible. Improve GPA to remove academic warning.
SE1804173,Critical,6,3.93,120,76,44,63.33,12.67,24,6,5,3,2,1,7,21,High,1,False,14.0,Complete at least 24 more credits. Complete all prerequisite courses. Retake failed courses as soon as possible. Improve GPA to remove academic warning.
SE1804174,Good,3,8.45,120,54,66,45.0,18.0,46,0,1,1,0,0,5,6,Medium,0,False,59.0,Complete at least 46 more credits. Complete all prerequisite courses.
SE1804175,Good,6,8.37,120,100,20,83.33,16.67,0,1,1,0,0,0,6,2,Low,0,True,85.0,Retake failed courses as soon as possible.
SE1804176,Good,7,7.66,120,118,2,98.33,16.86,0,0,0,0,0,0,8,0,Low,0,True,99.0,You are ready for OJT.
SE1804177,Recovery,5,5.83,120,83,37,69.17,16.6,17,2,4,0,0,0,7,8,Medium,0,False,67.5,Complete at least 17 more credits. Retake failed courses as soon as possible.
SE1804178,Excellent,8,8.65,120,119,1,99.17,14.88,0,0,0,0,0,0,8,0,Low,0,True,99.5,You are ready for OJT.
SE1804179,Good,5,8.49,120,99,21,82.5,19.8,1,0,2,1,0,0,6,4,Low,0,False,79.5,Complete at least 1 more credits. Complete all prerequisite courses.
SE1804180,Excellent,3,8.58,120,64,56,53.33,21.33,36,0,0,0,0,0,6,3,Low,0,False,72.0,Complete at least 36 more credits.
SE1804181,AtRisk,3,5.56,120,38,82,31.67,12.67,62,3,3,3,2,1,6,19,High,1,False,8.0,Complete at least 62 more credits. Complete all prerequisite courses. Retake failed courses as soon as possible. Improve GPA to remove academic warning.
SE1804182,Average,5,6.24,120,80,40,66.67,16.0,20,1,2,1,0,0,6,7,Medium,0,False,67.0,Complete at least 20 more credits. Complete all prerequisite courses. Retake failed courses as soon as possible.
SE1804183,Good,5,7.08,120,98,22,81.67,19.6,2,1,0,0,0,0,7,2,Low,0,False,86.0,Complete at least 2 more credits. Retake failed courses as soon as possible.
SE1804184,Good,4,7.01,120,68,52,56.67,17.0,32,0,0,1,0,0,6,5,Low,0,False,68.0,Complete at least 32 more credits. Complete all prerequisite courses.
SE1804185,AtRisk,3,5.36,120,45,75,37.5,15.0,55,4,6,3,1,1,6,19,High,1,False,7.5,Complete at least 55 more credits. Complete all prerequisite courses. Retake failed courses as soon as possible. Improve GPA to remove academic warning.
SE1804186,Good,4,7.03,120,82,38,68.33,20.5,18,0,1,1,0,0,6,5,Low,0,False,73.0,Complete at least 18 more credits. Complete all prerequisite courses.
SE1804187,Average,2,6.96,120,38,82,31.67,19.0,62,1,4,2,1,0,5,12,High,1,False,31.0,Complete at least 62 more credits. Complete all prerequisite courses. Retake failed courses as soon as possible. Improve GPA to remove academic warning.
SE1804188,LateStarter,2,6.87,120,23,97,19.17,11.5,77,3,4,0,1,0,5,10,Medium,0,False,29.5,Complete at least 77 more credits. Retake failed courses as soon as possible. Improve GPA to remove academic warning.
SE1804189,Good,3,7.03,120,53,67,44.17,17.67,47,0,1,0,0,0,6,4,Low,0,False,64.5,Complete at least 47 more credits.
SE1804190,Good,5,8.02,120,95,25,79.17,19.0,5,1,2,1,0,0,6,5,Low,0,False,74.5,Complete at least 5 more credits. Complete all prerequisite courses. Retake failed courses as soon as possible.
SE1804191,Average,6,6.77,120,97,23,80.83,16.17,3,3,2,0,1,0,7,7,Medium,0,False,70.5,Complete at least 3 more credits. Retake failed courses as soon as possible. Improve GPA to remove academic warning.
SE1804192,Excellent,4,9.95,120,73,47,60.83,18.25,27,0,0,0,0,0,6,2,Low,0,False,76.5,Complete at least 27 more credits.
SE1804193,Good,5,7.96,120,97,23,80.83,19.4,3,0,1,1,0,0,6,4,Low,0,False,80.5,Complete at least 3 more credits. Complete all prerequisite courses.
SE1804194,Average,6,6.86,120,99,21,82.5,16.5,1,2,2,1,1,0,6,8,Medium,0,False,68.5,Complete at least 1 more credits. Complete all prerequisite courses. Retake failed courses as soon as possible. Improve GPA to remove academic warning.
SE1804195,AtRisk,4,5.71,120,68,52,56.67,17.0,32,3,5,2,2,0,5,17,High,1,False,33.0,Complete at least 32 more credits. Complete all prerequisite courses. Retake failed courses as soon as possible. Improve GPA to remove academic warning.
SE1804196,Average,3,6.34,120,57,63,47.5,19.0,43,3,3,1,0,0,6,10,Medium,0,False,47.5,Complete at least 43 more credits. Complete all prerequisite courses. Retake failed courses as soon as possible.
SE1804197,Average,6,6.5,120,92,28,76.67,15.33,8,3,4,0,1,0,7,8,Medium,0,False,64.0,Complete at least 8 more credits. Retake failed courses as soon as possible. Improve GPA to remove academic warning.
SE1804198,Average,3,6.57,120,48,72,40.0,16.0,52,2,1,1,0,0,5,8,Medium,0,False,50.0,Complete at least 52 more credits. Complete all prerequisite courses. Retake failed courses as soon as possible.
SE1804199,Good,5,8.27,120,95,25,79.17,19.0,5,0,1,0,0,0,7,2,Low,0,False,85.5,Complete at least 5 more credits.
SE1804200,Average,4,6.42,120,72,48,60.0,18.0,28,1,1,2,0,0,6,8,Medium,0,False,59.0,Complete at least 28 more credits. Complete all prerequisite courses. Retake failed courses as soon as possible.
SE1804201,Good,6,7.19,120,109,11,90.83,18.17,0,0,0,1,0,0,6,2,Low,0,False,88.5,Complete all prerequisite courses.
SE1804202,Average,4,6.74,120,74,46,61.67,18.5,26,2,1,0,1,0,5,7,Medium,0,False,64.0,Complete at least 26 more credits. Retake failed courses as soon as possible. Improve GPA to remove academic warning.
SE1804203,AtRisk,5,5.65,120,81,39,67.5,16.2,19,4,3,3,2,1,7,18,High,1,False,26.5,Complete at least 19 more credits. Complete all prerequisite courses. Retake failed courses as soon as possible. Improve GPA to remove academic warning.
SE1804204,Average,4,6.82,120,63,57,52.5,15.75,37,2,1,1,1,0,5,10,Medium,0,False,52.5,Complete at least 37 more credits. Complete all prerequisite courses. Retake failed courses as soon as possible. Improve GPA to remove academic warning.
SE1804205,Good,4,8.42,120,68,52,56.67,17.0,32,0,1,1,0,0,6,6,Medium,0,False,66.0,Complete at least 32 more credits. Complete all prerequisite courses.
SE1804206,Excellent,6,9.43,120,114,6,95.0,19.0,0,0,0,0,0,0,7,0,Low,0,True,97.0,You are ready for OJT.
SE1804207,LateStarter,3,6.46,120,43,77,35.83,14.33,57,4,4,1,1,0,6,12,High,1,False,30.5,Complete at least 57 more credits. Complete all prerequisite courses. Retake failed courses as soon as possible. Improve GPA to remove academic warning.
SE1804208,Good,6,8.12,120,106,14,88.33,17.67,0,0,0,1,0,0,6,2,Low,0,False,87.0,Complete all prerequisite courses.
SE1804209,AtRisk,8,5.03,120,110,10,91.67,13.75,0,3,3,3,2,0,8,14,High,1,False,52.0,Complete all prerequisite courses. Retake failed courses as soon as possible. Improve GPA to remove academic warning.
SE1804210,Average,5,6.13,120,84,36,70.0,16.8,16,2,4,2,1,0,6,11,High,1,False,51.0,Complete at least 16 more credits. Complete all prerequisite courses. Retake failed courses as soon as possible. Improve GPA to remove academic warning.
SE1804211,Recovery,5,6.79,120,80,40,66.67,16.0,20,2,3,0,0,0,7,6,Medium,0,False,68.0,Complete at least 20 more credits. Retake failed courses as soon as possible.
SE1804212,AtRisk,4,5.78,120,55,65,45.83,13.75,45,4,6,3,2,1,5,20,High,1,False,7.5,Complete at least 45 more credits. Complete all prerequisite courses. Retake failed courses as soon as possible. Improve GPA to remove academic warning.
SE1804213,Average,6,6.95,120,101,19,84.17,16.83,0,1,3,0,0,0,7,4,Low,0,True,81.5,Retake failed courses as soon as possible.
SE1804214,AtRisk,4,5.22,120,65,55,54.17,16.25,35,4,5,1,2,1,5,18,High,1,False,26.5,Complete at least 35 more credits. Complete all prerequisite courses. Retake failed courses as soon as possible. Improve GPA to remove academic warning.
SE1804215,Average,3,6.99,120,54,66,45.0,18.0,46,1,4,0,1,0,5,9,Medium,0,False,51.0,Complete at least 46 more credits. Retake failed courses as soon as possible. Improve GPA to remove academic warning.
SE1804216,Critical,5,4.7,120,65,55,54.17,13.0,35,6,7,2,2,2,6,23,High,1,False,2.5,Complete at least 35 more credits. Complete all prerequisite courses. Retake failed courses as soon as possible. Improve GPA to remove academic warning.
SE1804217,Good,5,7.79,120,95,25,79.17,19.0,5,0,0,0,0,0,6,1,Low,0,False,87.5,Complete at least 5 more credits.
SE1804218,Average,3,6.75,120,56,64,46.67,18.67,44,2,1,0,0,0,6,6,Medium,0,False,60.0,Complete at least 44 more credits. Retake failed courses as soon as possible.
SE1804219,Good,6,7.64,120,111,9,92.5,18.5,0,0,1,1,0,0,6,3,Low,0,False,87.5,Complete all prerequisite courses.
SE1804220,Average,5,6.63,120,83,37,69.17,16.6,17,1,2,2,1,0,7,10,Medium,0,False,57.5,Complete at least 17 more credits. Complete all prerequisite courses. Retake failed courses as soon as possible. Improve GPA to remove academic warning.
SE1804221,Excellent,2,8.66,120,38,82,31.67,19.0,62,0,0,0,0,0,6,3,Low,0,False,59.0,Complete at least 62 more credits.
SE1804222,Excellent,2,8.72,120,48,72,40.0,24.0,52,0,0,0,0,0,6,3,Low,0,False,64.0,Complete at least 52 more credits.
SE1804223,Average,5,6.25,120,86,34,71.67,17.2,14,3,3,0,0,0,7,6,Medium,0,False,68.0,Complete at least 14 more credits. Retake failed courses as soon as possible.
SE1804224,Critical,5,4.82,120,64,56,53.33,12.8,36,6,7,3,2,2,7,24,High,1,False,0.0,Complete at least 36 more credits. Complete all prerequisite courses. Retake failed courses as soon as possible. Improve GPA to remove academic warning.
SE1804225,Good,5,7.94,120,93,27,77.5,18.6,7,0,2,0,0,0,7,2,Low,0,False,82.5,Complete at least 7 more credits.
SE1804226,Average,2,6.78,120,37,83,30.83,18.5,63,3,2,0,1,0,6,9,Medium,0,False,40.5,Complete at least 63 more credits. Retake failed courses as soon as possible. Improve GPA to remove academic warning.
SE1804227,Excellent,6,9.03,120,107,13,89.17,17.83,0,0,0,0,0,0,6,0,Low,0,True,93.5,You are ready for OJT.
SE1804228,Average,2,6.94,120,41,79,34.17,20.5,59,2,4,2,0,0,5,10,Medium,0,False,34.5,Complete at least 59 more credits. Complete all prerequisite courses. Retake failed courses as soon as possible.
SE1804229,AtRisk,6,5.96,120,96,24,80.0,16.0,4,3,6,2,2,1,7,17,High,1,False,37.0,Complete at least 4 more credits. Complete all prerequisite courses. Retake failed courses as soon as possible. Improve GPA to remove academic warning.
SE1804230,Recovery,2,6.09,120,35,85,29.17,17.5,65,2,4,0,1,0,6,9,Medium,0,False,38.5,Complete at least 65 more credits. Retake failed courses as soon as possible. Improve GPA to remove academic warning.
SE1804231,Good,5,7.15,120,93,27,77.5,18.6,7,1,0,0,0,0,6,2,Low,0,False,83.5,Complete at least 7 more credits. Retake failed courses as soon as possible.
SE1804232,Good,3,8.05,120,50,70,41.67,16.67,50,1,0,0,0,0,5,4,Low,0,False,62.0,Complete at least 50 more credits. Retake failed courses as soon as possible.
SE1804233,AtRisk,3,5.06,120,50,70,41.67,16.67,50,3,6,2,2,0,6,17,High,1,False,22.0,Complete at least 50 more credits. Complete all prerequisite courses. Retake failed courses as soon as possible. Improve GPA to remove academic warning.
SE1804234,Average,3,6.35,120,45,75,37.5,15.0,55,1,2,1,0,0,5,8,Medium,0,False,49.5,Complete at least 55 more credits. Complete all prerequisite courses. Retake failed courses as soon as possible.
SE1804235,Excellent,2,8.98,120,40,80,33.33,20.0,60,0,0,0,0,0,5,3,Low,0,False,60.0,Complete at least 60 more credits.
SE1804236,Average,5,6.72,120,82,38,68.33,16.4,18,3,4,1,0,0,7,9,Medium,0,False,58.0,Complete at least 18 more credits. Complete all prerequisite courses. Retake failed courses as soon as possible.
SE1804237,Good,7,8.19,120,111,9,92.5,15.86,0,0,0,0,0,0,8,0,Low,0,True,95.5,You are ready for OJT.
SE1804238,Average,3,6.59,120,57,63,47.5,19.0,43,3,1,0,0,0,6,7,Medium,0,False,57.5,Complete at least 43 more credits. Retake failed courses as soon as possible.
SE1804239,Average,4,6.08,120,65,55,54.17,16.25,35,1,3,0,0,0,5,7,Medium,0,False,63.5,Complete at least 35 more credits. Retake failed courses as soon as possible.
SE1804240,Good,4,7.4,120,79,41,65.83,19.75,21,1,1,0,0,0,5,4,Low,0,False,74.5,Complete at least 21 more credits. Retake failed courses as soon as possible.
SE1804241,LateStarter,3,6.54,120,36,84,30.0,12.0,64,3,5,0,0,0,5,9,Medium,0,False,39.0,Complete at least 64 more credits. Retake failed courses as soon as possible.
SE1804242,LateStarter,4,6.28,120,65,55,54.17,16.25,35,4,3,0,0,0,6,8,Medium,0,False,54.5,Complete at least 35 more credits. Retake failed courses as soon as possible.
SE1804243,Excellent,7,9.22,120,115,5,95.83,16.43,0,0,0,0,0,0,8,0,Low,0,True,97.5,You are ready for OJT.
SE1804244,Excellent,3,9.87,120,59,61,49.17,19.67,41,0,0,0,0,0,5,3,Low,0,False,69.5,Complete at least 41 more credits.
SE1804245,AtRisk,3,5.31,120,49,71,40.83,16.33,51,4,3,2,2,1,5,18,High,1,False,16.5,Complete at least 51 more credits. Complete all prerequisite courses. Retake failed courses as soon as possible. Improve GPA to remove academic warning.
SE1804246,AtRisk,5,5.33,120,76,44,63.33,15.2,24,3,4,2,2,0,6,15,High,1,False,39.0,Complete at least 24 more credits. Complete all prerequisite courses. Retake failed courses as soon as possible. Improve GPA to remove academic warning.
SE1804247,Good,5,8.18,120,94,26,78.33,18.8,6,0,1,0,0,0,7,2,Low,0,False,85.0,Complete at least 6 more credits.
SE1804248,Good,4,7.83,120,74,46,61.67,18.5,26,1,2,1,0,0,6,6,Medium,0,False,64.0,Complete at least 26 more credits. Complete all prerequisite courses. Retake failed courses as soon as possible.
SE1804249,Good,3,8.34,120,64,56,53.33,21.33,36,1,2,0,0,0,6,5,Low,0,False,65.0,Complete at least 36 more credits. Retake failed courses as soon as possible.
SE1804250,Average,5,6.52,120,81,39,67.5,16.2,19,3,3,0,0,0,6,7,Medium,0,False,65.5,Complete at least 19 more credits. Retake failed courses as soon as possible.
SE1804251,Good,5,7.98,120,100,20,83.33,20.0,0,0,1,1,0,0,7,3,Low,0,False,82.0,Complete all prerequisite courses.
SE1804252,Good,2,8.08,120,44,76,36.67,22.0,56,0,1,0,0,0,6,4,Low,0,False,60.0,Complete at least 56 more credits.
SE1804253,Average,2,6.65,120,30,90,25.0,15.0,70,2,1,1,0,0,6,8,Medium,0,False,41.0,Complete at least 70 more credits. Complete all prerequisite courses. Retake failed courses as soon as possible.
SE1804254,Average,3,6.92,120,54,66,45.0,18.0,46,3,4,1,1,0,5,12,High,1,False,39.0,Complete at least 46 more credits. Complete all prerequisite courses. Retake failed courses as soon as possible. Improve GPA to remove academic warning.
SE1804255,Good,2,7.68,120,35,85,29.17,17.5,65,1,0,0,0,0,5,4,Low,0,False,54.5,Complete at least 65 more credits. Retake failed courses as soon as possible.
SE1804256,Excellent,6,9.19,120,106,14,88.33,17.67,0,0,0,0,0,0,6,0,Low,0,True,93.0,You are ready for OJT.
SE1804257,Average,8,6.36,120,114,6,95.0,14.25,0,1,4,1,1,0,8,8,Medium,0,False,75.0,Complete all prerequisite courses. Retake failed courses as soon as possible. Improve GPA to remove academic warning.
SE1804258,Average,4,6.68,120,65,55,54.17,16.25,35,1,2,1,0,0,5,8,Medium,0,False,59.5,Complete at least 35 more credits. Complete all prerequisite courses. Retake failed courses as soon as possible.
SE1804259,Excellent,5,9.69,120,93,27,77.5,18.6,7,0,0,0,0,0,7,1,Low,0,False,86.5,Complete at least 7 more credits.
SE1804260,Average,3,6.94,120,52,68,43.33,17.33,48,2,1,2,0,0,5,9,Medium,0,False,46.0,Complete at least 48 more credits. Complete all prerequisite courses. Retake failed courses as soon as possible.
SE1804261,Good,5,7.4,120,92,28,76.67,18.4,8,1,2,1,0,0,6,5,Low,0,False,73.0,Complete at least 8 more credits. Complete all prerequisite courses. Retake failed courses as soon as possible.
SE1804262,Average,3,6.75,120,57,63,47.5,19.0,43,1,1,2,0,0,5,9,Medium,0,False,51.5,Complete at least 43 more credits. Complete all prerequisite courses. Retake failed courses as soon as possible.
SE1804263,AtRisk,6,5.53,120,86,34,71.67,14.33,14,4,6,3,1,0,7,15,High,1,False,36.0,Complete at least 14 more credits. Complete all prerequisite courses. Retake failed courses as soon as possible. Improve GPA to remove academic warning.
SE1804264,Critical,3,3.57,120,38,82,31.67,12.67,62,8,6,3,2,1,6,22,High,1,False,0.0,Complete at least 62 more credits. Complete all prerequisite courses. Retake failed courses as soon as possible. Improve GPA to remove academic warning.
SE1804265,Recovery,5,6.68,120,87,33,72.5,17.4,13,1,3,0,1,0,7,7,Medium,0,False,69.5,Complete at least 13 more credits. Retake failed courses as soon as possible. Improve GPA to remove academic warning.
SE1804266,AtRisk,4,5.41,120,68,52,56.67,17.0,32,4,5,3,2,0,6,18,High,1,False,24.0,Complete at least 32 more credits. Complete all prerequisite courses. Retake failed courses as soon as possible. Improve GPA to remove academic warning.
SE1804267,Critical,2,4.66,120,21,99,17.5,10.5,79,8,8,2,2,1,5,21,High,1,False,0.0,Complete at least 79 more credits. Complete all prerequisite courses. Retake failed courses as soon as possible. Improve GPA to remove academic warning.
SE1804268,Good,6,7.54,120,112,8,93.33,18.67,0,0,1,1,0,0,7,3,Low,0,False,88.0,Complete all prerequisite courses.
SE1804269,AtRisk,6,5.9,120,97,23,80.83,16.17,3,3,4,3,2,0,6,15,High,1,False,43.5,Complete at least 3 more credits. Complete all prerequisite courses. Retake failed courses as soon as possible. Improve GPA to remove academic warning.
SE1804270,LateStarter,5,6.64,120,88,32,73.33,17.6,12,4,4,2,1,0,6,11,High,1,False,47.0,Complete at least 12 more credits. Complete all prerequisite courses. Retake failed courses as soon as possible. Improve GPA to remove academic warning.
SE1804271,LateStarter,5,6.48,120,79,41,65.83,15.8,21,2,4,2,1,0,7,11,High,1,False,48.5,Complete at least 21 more credits. Complete all prerequisite courses. Retake failed courses as soon as possible. Improve GPA to remove academic warning.
SE1804272,Critical,4,4.34,120,47,73,39.17,11.75,53,8,7,4,2,2,6,24,High,1,False,0.0,Complete at least 53 more credits. Complete all prerequisite courses. Retake failed courses as soon as possible. Improve GPA to remove academic warning.
SE1804273,Average,5,6.05,120,90,30,75.0,18.0,10,3,2,0,1,0,6,7,Medium,0,False,67.0,Complete at least 10 more credits. Retake failed courses as soon as possible. Improve GPA to remove academic warning.
SE1804274,Good,5,7.86,120,90,30,75.0,18.0,10,1,1,1,0,0,6,5,Low,0,False,74.0,Complete at least 10 more credits. Complete all prerequisite courses. Retake failed courses as soon as possible.
SE1804275,Excellent,7,8.57,120,112,8,93.33,16.0,0,0,0,0,0,0,8,0,Low,0,True,96.0,You are ready for OJT.
SE1804276,Average,7,6.5,120,100,20,83.33,14.29,0,3,3,0,1,0,8,7,Medium,0,True,70.0,Retake failed courses as soon as possible. Improve GPA to remove academic warning.
SE1804277,Excellent,3,8.75,120,59,61,49.17,19.67,41,0,0,0,0,0,5,3,Low,0,False,69.5,Complete at least 41 more credits.
SE1804278,Good,4,7.21,120,76,44,63.33,19.0,24,1,0,1,0,0,5,5,Low,0,False,69.0,Complete at least 24 more credits. Complete all prerequisite courses. Retake failed courses as soon as possible.
SE1804279,Good,3,7.7,120,51,69,42.5,17.0,49,1,2,1,0,0,6,7,Medium,0,False,52.5,Complete at least 49 more credits. Complete all prerequisite courses. Retake failed courses as soon as possible.
SE1804280,Good,8,7.93,120,113,7,94.17,14.12,0,1,0,0,0,0,8,1,Low,0,True,93.5,Retake failed courses as soon as possible.
SE1804281,AtRisk,2,5.02,120,35,85,29.17,17.5,65,3,6,2,1,1,6,18,High,1,False,11.5,Complete at least 65 more credits. Complete all prerequisite courses. Retake failed courses as soon as possible. Improve GPA to remove academic warning.
SE1804282,Excellent,4,9.41,120,75,45,62.5,18.75,25,0,0,0,0,0,6,2,Low,0,False,77.5,Complete at least 25 more credits.
SE1804283,Average,6,6.58,120,106,14,88.33,17.67,0,1,4,2,0,0,6,7,Medium,0,False,70.0,Complete all prerequisite courses. Retake failed courses as soon as possible.
SE1804284,Average,3,6.2,120,45,75,37.5,15.0,55,2,1,1,1,0,6,10,Medium,0,False,43.5,Complete at least 55 more credits. Complete all prerequisite courses. Retake failed courses as soon as possible. Improve GPA to remove academic warning.
SE1804285,AtRisk,4,5.15,120,53,67,44.17,13.25,47,3,6,1,2,0,5,16,High,1,False,29.5,Complete at least 47 more credits. Complete all prerequisite courses. Retake failed courses as soon as possible. Improve GPA to remove academic warning.
SE1804286,Average,4,6.81,120,67,53,55.83,16.75,33,2,4,2,1,0,6,12,High,1,False,42.5,Complete at least 33 more credits. Complete all prerequisite courses. Retake failed courses as soon as possible. Improve GPA to remove academic warning.
SE1804287,Good,7,7.52,120,111,9,92.5,15.86,0,0,2,1,0,0,8,3,Low,0,False,85.5,Complete all prerequisite courses.
SE1804288,Good,4,8.13,120,73,47,60.83,18.25,27,0,2,1,0,0,6,5,Low,0,False,66.5,Complete at least 27 more credits. Complete all prerequisite courses.
SE1804289,AtRisk,6,5.92,120,85,35,70.83,14.17,15,5,6,3,2,1,6,19,High,1,False,19.5,Complete at least 15 more credits. Complete all prerequisite courses. Retake failed courses as soon as possible. Improve GPA to remove academic warning.
SE1804290,Good,5,7.07,120,91,29,75.83,18.2,9,0,1,0,0,0,6,2,Low,0,False,83.5,Complete at least 9 more credits.
SE1804291,Average,4,6.75,120,63,57,52.5,15.75,37,3,4,0,0,0,5,8,Medium,0,False,54.5,Complete at least 37 more credits. Retake failed courses as soon as possible.
SE1804292,Average,5,6.15,120,80,40,66.67,16.0,20,2,1,0,1,0,7,7,Medium,0,False,67.0,Complete at least 20 more credits. Retake failed courses as soon as possible. Improve GPA to remove academic warning.
SE1804293,Recovery,4,6.1,120,58,62,48.33,14.5,42,2,4,0,1,0,5,9,Medium,0,False,50.0,Complete at least 42 more credits. Retake failed courses as soon as possible. Improve GPA to remove academic warning.
SE1804294,Average,4,6.5,120,73,47,60.83,18.25,27,2,2,1,0,0,5,7,Medium,0,False,60.5,Complete at least 27 more credits. Complete all prerequisite courses. Retake failed courses as soon as possible.
SE1804295,LateStarter,4,6.73,120,72,48,60.0,18.0,28,4,3,0,0,0,6,7,Medium,0,False,58.0,Complete at least 28 more credits. Retake failed courses as soon as possible.
SE1804296,Excellent,5,9.99,120,95,25,79.17,19.0,5,0,0,0,0,0,7,1,Low,0,False,87.5,Complete at least 5 more credits.
SE1804297,Excellent,5,9.09,120,93,27,77.5,18.6,7,0,0,0,0,0,6,1,Low,0,False,86.5,Complete at least 7 more credits.
SE1804298,Average,5,6.87,120,92,28,76.67,18.4,8,1,1,1,1,0,6,8,Medium,0,False,70.0,Complete at least 8 more credits. Complete all prerequisite courses. Retake failed courses as soon as possible. Improve GPA to remove academic warning.
SE1804299,Average,1,6.72,120,17,103,14.17,17.0,83,2,2,2,1,0,6,11,High,1,False,21.5,Complete at least 83 more credits. Complete all prerequisite courses. Retake failed courses as soon as possible. Improve GPA to remove academic warning.
SE1804300,Average,1,6.54,120,16,104,13.33,16.0,84,3,4,2,0,0,6,11,High,1,False,19.0,Complete at least 84 more credits. Complete all prerequisite courses. Retake failed courses as soon as possible.
SE1804301,Good,5,8.17,120,97,23,80.83,19.4,3,1,0,0,0,0,6,2,Low,0,False,85.5,Complete at least 3 more credits. Retake failed courses as soon as possible.
SE1804302,Average,3,6.72,120,54,66,45.0,18.0,46,3,3,2,1,0,6,13,High,1,False,35.0,Complete at least 46 more credits. Complete all prerequisite courses. Retake failed courses as soon as possible. Improve GPA to remove academic warning.
SE1804303,Average,1,6.81,120,18,102,15.0,18.0,82,3,2,0,1,0,6,9,Medium,0,False,31.0,Complete at least 82 more credits. Retake failed courses as soon as possible. Improve GPA to remove academic warning.
SE1804304,Average,7,6.45,120,104,16,86.67,14.86,0,2,1,0,0,0,8,3,Low,0,True,84.0,Retake failed courses as soon as possible.
SE1804305,Excellent,8,9.53,120,118,2,98.33,14.75,0,0,0,0,0,0,8,0,Low,0,True,99.0,You are ready for OJT.
SE1804306,Recovery,5,6.38,120,88,32,73.33,17.6,12,2,2,0,1,0,6,6,Medium,0,False,69.0,Complete at least 12 more credits. Retake failed courses as soon as possible. Improve GPA to remove academic warning.
SE1804307,Average,3,6.97,120,57,63,47.5,19.0,43,2,2,1,0,0,6,8,Medium,0,False,52.5,Complete at least 43 more credits. Complete all prerequisite courses. Retake failed courses as soon as possible.
SE1804308,AtRisk,6,5.52,120,82,38,68.33,13.67,18,4,3,2,2,1,6,17,High,1,False,33.0,Complete at least 18 more credits. Complete all prerequisite courses. Retake failed courses as soon as possible. Improve GPA to remove academic warning.
SE1804309,Good,5,7.3,120,89,31,74.17,17.8,11,1,0,0,0,0,7,2,Low,0,False,81.5,Complete at least 11 more credits. Retake failed courses as soon as possible.
SE1804310,LateStarter,3,6.79,120,43,77,35.83,14.33,57,4,4,0,0,0,6,8,Medium,0,False,41.5,Complete at least 57 more credits. Retake failed courses as soon as possible.
SE1804311,LateStarter,3,6.43,120,36,84,30.0,12.0,64,3,5,1,1,0,5,13,High,1,False,28.0,Complete at least 64 more credits. Complete all prerequisite courses. Retake failed courses as soon as possible. Improve GPA to remove academic warning.
SE1804312,Average,6,6.91,120,106,14,88.33,17.67,0,3,3,2,1,0,6,10,Medium,0,False,61.0,Complete all prerequisite courses. Retake failed courses as soon as possible. Improve GPA to remove academic warning.
SE1804313,AtRisk,4,5.44,120,63,57,52.5,15.75,37,4,4,1,2,1,6,17,High,1,False,27.5,Complete at least 37 more credits. Complete all prerequisite courses. Retake failed courses as soon as possible. Improve GPA to remove academic warning.
SE1804314,Good,2,8.35,120,44,76,36.67,22.0,56,1,0,1,0,0,6,6,Medium,0,False,53.0,Complete at least 56 more credits. Complete all prerequisite courses. Retake failed courses as soon as possible.
SE1804315,Average,5,6.57,120,81,39,67.5,16.2,19,2,2,0,1,0,7,7,Medium,0,False,65.5,Complete at least 19 more credits. Retake failed courses as soon as possible. Improve GPA to remove academic warning.
SE1804316,Excellent,5,8.65,120,98,22,81.67,19.6,2,0,0,0,0,0,7,1,Low,0,False,89.0,Complete at least 2 more credits.
SE1804317,Average,4,6.98,120,64,56,53.33,16.0,36,1,4,0,0,0,6,7,Medium,0,False,61.0,Complete at least 36 more credits. Retake failed courses as soon as possible.
SE1804318,Average,4,6.42,120,73,47,60.83,18.25,27,2,1,0,0,0,6,5,Low,0,False,68.5,Complete at least 27 more credits. Retake failed courses as soon as possible.
SE1804319,Good,3,7.83,120,58,62,48.33,19.33,42,1,0,1,0,0,5,6,Medium,0,False,60.0,Complete at least 42 more credits. Complete all prerequisite courses. Retake failed courses as soon as possible.
SE1804320,Average,4,6.62,120,60,60,50.0,15.0,40,3,4,0,0,0,5,8,Medium,0,False,53.0,Complete at least 40 more credits. Retake failed courses as soon as possible.
SE1804321,AtRisk,4,5.28,120,62,58,51.67,15.5,38,5,3,3,2,0,6,18,High,1,False,22.0,Complete at least 38 more credits. Complete all prerequisite courses. Retake failed courses as soon as possible. Improve GPA to remove academic warning.
SE1804322,Average,1,6.9,120,16,104,13.33,16.0,84,1,1,2,0,0,6,9,Medium,0,False,31.0,Complete at least 84 more credits. Complete all prerequisite courses. Retake failed courses as soon as possible.
SE1804323,Good,5,8.3,120,92,28,76.67,18.4,8,1,1,0,0,0,6,3,Low,0,False,81.0,Complete at least 8 more credits. Retake failed courses as soon as possible.
SE1804324,Average,4,6.27,120,72,48,60.0,18.0,28,1,4,2,1,0,5,11,High,1,False,48.0,Complete at least 28 more credits. Complete all prerequisite courses. Retake failed courses as soon as possible. Improve GPA to remove academic warning.
SE1804325,Recovery,3,6.62,120,44,76,36.67,14.67,56,2,4,1,0,0,6,9,Medium,0,False,42.0,Complete at least 56 more credits. Complete all prerequisite courses. Retake failed courses as soon as possible.
SE1804326,AtRisk,3,5.11,120,42,78,35.0,14.0,58,4,6,3,1,0,6,17,High,1,False,14.0,Complete at least 58 more credits. Complete all prerequisite courses. Retake failed courses as soon as possible. Improve GPA to remove academic warning.
SE1804327,Excellent,4,9.5,120,84,36,70.0,21.0,16,0,0,0,0,0,6,2,Low,0,False,82.0,Complete at least 16 more credits.
SE1804328,Excellent,2,8.55,120,36,84,30.0,18.0,64,0,0,0,0,0,6,3,Low,0,False,58.0,Complete at least 64 more credits.
SE1804329,Recovery,3,6.11,120,51,69,42.5,17.0,49,2,4,1,1,0,6,11,High,1,False,40.5,Complete at least 49 more credits. Complete all prerequisite courses. Retake failed courses as soon as possible. Improve GPA to remove academic warning.
SE1804330,Average,7,6.06,120,110,10,91.67,15.71,0,1,3,1,1,0,8,8,Medium,0,False,75.0,Complete all prerequisite courses. Retake failed courses as soon as possible. Improve GPA to remove academic warning.
SE1804331,Excellent,8,8.52,120,119,1,99.17,14.88,0,0,0,0,0,0,8,0,Low,0,True,99.5,You are ready for OJT.
SE1804332,Good,5,7.84,120,93,27,77.5,18.6,7,0,0,1,0,0,7,3,Low,0,False,80.5,Complete at least 7 more credits. Complete all prerequisite courses.
SE1804333,Good,6,7.79,120,112,8,93.33,18.67,0,0,0,0,0,0,7,0,Low,0,True,96.0,You are ready for OJT.
SE1804334,AtRisk,1,5.65,120,15,105,12.5,15.0,85,5,6,2,2,1,6,20,High,1,False,0.0,Complete at least 85 more credits. Complete all prerequisite courses. Retake failed courses as soon as possible. Improve GPA to remove academic warning.
SE1804335,Good,6,8.45,120,109,11,90.83,18.17,0,1,1,1,0,0,7,4,Low,0,False,83.5,Complete all prerequisite courses. Retake failed courses as soon as possible.
SE1804336,Critical,2,4.99,120,25,95,20.83,12.5,75,8,6,3,3,2,6,24,High,1,False,0.0,Complete at least 75 more credits. Complete all prerequisite courses. Retake failed courses as soon as possible. Improve GPA to remove academic warning.
SE1804337,Good,6,8.1,120,108,12,90.0,18.0,0,0,2,1,0,0,7,3,Low,0,False,84.0,Complete all prerequisite courses.
SE1804338,Average,6,6.65,120,94,26,78.33,15.67,6,1,1,2,1,0,7,9,Medium,0,False,65.0,Complete at least 6 more credits. Complete all prerequisite courses. Retake failed courses as soon as possible. Improve GPA to remove academic warning.
SE1804339,LateStarter,5,6.37,120,85,35,70.83,17.0,15,2,5,2,1,0,6,11,High,1,False,49.5,Complete at least 15 more credits. Complete all prerequisite courses. Retake failed courses as soon as possible. Improve GPA to remove academic warning.
SE1804340,Good,2,7.53,120,39,81,32.5,19.5,61,1,0,0,0,0,5,4,Low,0,False,56.5,Complete at least 61 more credits. Retake failed courses as soon as possible.
SE1804341,Good,4,7.84,120,77,43,64.17,19.25,23,0,1,1,0,0,6,5,Low,0,False,70.5,Complete at least 23 more credits. Complete all prerequisite courses.
SE1804342,Critical,4,3.67,120,44,76,36.67,11.0,56,6,7,2,3,2,5,23,High,1,False,0.0,Complete at least 56 more credits. Complete all prerequisite courses. Retake failed courses as soon as possible. Improve GPA to remove academic warning.
SE1804343,AtRisk,4,5.03,120,50,70,41.67,12.5,50,4,4,1,1,1,6,16,High,1,False,26.0,Complete at least 50 more credits. Complete all prerequisite courses. Retake failed courses as soon as possible. Improve GPA to remove academic warning.
SE1804344,Good,7,7.8,120,118,2,98.33,16.86,0,1,1,0,0,0,8,2,Low,0,True,94.0,Retake failed courses as soon as possible.
SE1804345,LateStarter,5,6.32,120,94,26,78.33,18.8,6,2,2,2,0,0,6,7,Medium,0,False,65.0,Complete at least 6 more credits. Complete all prerequisite courses. Retake failed courses as soon as possible.
SE1804346,Good,5,7.14,120,98,22,81.67,19.6,2,0,1,1,0,0,6,4,Low,0,False,81.0,Complete at least 2 more credits. Complete all prerequisite courses.
SE1804347,AtRisk,5,5.45,120,83,37,69.17,16.6,17,3,5,1,2,0,7,15,High,1,False,46.5,Complete at least 17 more credits. Complete all prerequisite courses. Retake failed courses as soon as possible. Improve GPA to remove academic warning.
SE1804348,Recovery,5,6.44,120,80,40,66.67,16.0,20,2,4,0,0,0,7,6,Medium,0,False,66.0,Complete at least 20 more credits. Retake failed courses as soon as possible.
SE1804349,Good,3,7.98,120,62,58,51.67,20.67,38,0,0,1,0,0,5,5,Low,0,False,65.0,Complete at least 38 more credits. Complete all prerequisite courses.
SE1804350,Excellent,5,9.41,120,91,29,75.83,18.2,9,0,0,0,0,0,7,1,Low,0,False,85.5,Complete at least 9 more credits.
SE1804351,Average,4,6.49,120,70,50,58.33,17.5,30,1,2,2,1,0,6,10,Medium,0,False,51.0,Complete at least 30 more credits. Complete all prerequisite courses. Retake failed courses as soon as possible. Improve GPA to remove academic warning.
SE1804352,Average,2,6.51,120,35,85,29.17,17.5,65,2,3,0,0,0,6,7,Medium,0,False,45.5,Complete at least 65 more credits. Retake failed courses as soon as possible.
SE1804353,LateStarter,6,6.35,120,97,23,80.83,16.17,3,3,3,2,0,0,7,9,Medium,0,False,61.5,Complete at least 3 more credits. Complete all prerequisite courses. Retake failed courses as soon as possible.
SE1804354,AtRisk,4,5.31,120,68,52,56.67,17.0,32,4,4,2,2,1,6,18,High,1,False,24.0,Complete at least 32 more credits. Complete all prerequisite courses. Retake failed courses as soon as possible. Improve GPA to remove academic warning.
SE1804355,LateStarter,4,6.53,120,62,58,51.67,15.5,38,2,3,0,1,0,5,9,Medium,0,False,54.0,Complete at least 38 more credits. Retake failed courses as soon as possible. Improve GPA to remove academic warning.
SE1804356,AtRisk,3,5.3,120,43,77,35.83,14.33,57,4,6,1,2,0,6,16,High,1,False,21.5,Complete at least 57 more credits. Complete all prerequisite courses. Retake failed courses as soon as possible. Improve GPA to remove academic warning.
SE1804357,Good,5,7.21,120,100,20,83.33,20.0,0,0,0,0,0,0,7,0,Low,0,True,90.0,You are ready for OJT.
SE1804358,Good,5,7.84,120,96,24,80.0,19.2,4,1,0,0,0,0,6,2,Low,0,False,85.0,Complete at least 4 more credits. Retake failed courses as soon as possible.
SE1804359,Recovery,3,6.7,120,42,78,35.0,14.0,58,2,2,0,0,0,5,6,Medium,0,False,51.0,Complete at least 58 more credits. Retake failed courses as soon as possible.
SE1804360,Critical,6,4.07,120,84,36,70.0,14.0,16,6,6,4,3,1,7,21,High,1,False,5.0,Complete at least 16 more credits. Complete all prerequisite courses. Retake failed courses as soon as possible. Improve GPA to remove academic warning.
SE1804361,Good,6,7.57,120,102,18,85.0,17.0,0,0,1,1,0,0,6,3,Low,0,False,83.0,Complete all prerequisite courses.
SE1804362,Excellent,6,8.75,120,109,11,90.83,18.17,0,0,0,0,0,0,7,0,Low,0,True,94.5,You are ready for OJT.
SE1804363,Average,3,6.1,120,58,62,48.33,19.33,42,3,3,1,1,0,6,12,High,1,False,43.0,Complete at least 42 more credits. Complete all prerequisite courses. Retake failed courses as soon as possible. Improve GPA to remove academic warning.
SE1804364,Average,3,6.67,120,57,63,47.5,19.0,43,3,4,0,1,0,6,10,Medium,0,False,46.5,Complete at least 43 more credits. Retake failed courses as soon as possible. Improve GPA to remove academic warning.
SE1804365,Excellent,5,9.9,120,94,26,78.33,18.8,6,0,0,0,0,0,6,1,Low,0,False,87.0,Complete at least 6 more credits.
SE1804366,Average,4,6.33,120,74,46,61.67,18.5,26,1,3,2,0,0,6,9,Medium,0,False,56.0,Complete at least 26 more credits. Complete all prerequisite courses. Retake failed courses as soon as possible.
SE1804367,Excellent,7,9.69,120,115,5,95.83,16.43,0,0,0,0,0,0,8,0,Low,0,True,97.5,You are ready for OJT.
SE1804368,Average,5,6.27,120,91,29,75.83,18.2,9,2,4,0,1,0,7,7,Medium,0,False,66.5,Complete at least 9 more credits. Retake failed courses as soon as possible. Improve GPA to remove academic warning.
SE1804369,Average,6,6.96,120,102,18,85.0,17.0,0,1,3,0,1,0,6,6,Medium,0,True,77.0,Retake failed courses as soon as possible. Improve GPA to remove academic warning.
SE1804370,Excellent,3,9.48,120,59,61,49.17,19.67,41,0,0,0,0,0,6,3,Low,0,False,69.5,Complete at least 41 more credits.
SE1804371,AtRisk,6,5.83,120,94,26,78.33,15.67,6,4,6,1,1,1,7,15,High,1,False,44.0,Complete at least 6 more credits. Complete all prerequisite courses. Retake failed courses as soon as possible. Improve GPA to remove academic warning.
SE1804372,LateStarter,2,6.26,120,22,98,18.33,11.0,78,3,4,2,0,0,5,11,High,1,False,22.0,Complete at least 78 more credits. Complete all prerequisite courses. Retake failed courses as soon as possible.
SE1804373,Good,5,7.44,120,94,26,78.33,18.8,6,0,0,1,0,0,7,3,Low,0,False,81.0,Complete at least 6 more credits. Complete all prerequisite courses.
SE1804374,AtRisk,6,5.94,120,92,28,76.67,15.33,8,3,6,1,1,1,6,15,High,1,False,46.0,Complete at least 8 more credits. Complete all prerequisite courses. Retake failed courses as soon as possible. Improve GPA to remove academic warning.
SE1804375,AtRisk,6,5.16,120,82,38,68.33,13.67,18,4,3,3,2,0,6,16,High,1,False,35.0,Complete at least 18 more credits. Complete all prerequisite courses. Retake failed courses as soon as possible. Improve GPA to remove academic warning.
SE1804376,Excellent,5,9.47,120,93,27,77.5,18.6,7,0,0,0,0,0,7,1,Low,0,False,86.5,Complete at least 7 more credits.
SE1804377,Good,4,7.08,120,74,46,61.67,18.5,26,1,0,1,0,0,5,5,Low,0,False,68.0,Complete at least 26 more credits. Complete all prerequisite courses. Retake failed courses as soon as possible.
SE1804378,Good,5,7.86,120,98,22,81.67,19.6,2,1,1,1,0,0,7,5,Low,0,False,78.0,Complete at least 2 more credits. Complete all prerequisite courses. Retake failed courses as soon as possible.
SE1804379,Average,1,6.92,120,19,101,15.83,19.0,81,3,1,2,1,0,6,12,High,1,False,21.5,Complete at least 81 more credits. Complete all prerequisite courses. Retake failed courses as soon as possible. Improve GPA to remove academic warning.
SE1804380,AtRisk,6,5.15,120,98,22,81.67,16.33,2,3,3,3,2,1,7,17,High,1,False,38.0,Complete at least 2 more credits. Complete all prerequisite courses. Retake failed courses as soon as possible. Improve GPA to remove academic warning.
SE1804381,Average,5,6.5,120,84,36,70.0,16.8,16,2,2,1,1,0,7,9,Medium,0,False,61.0,Complete at least 16 more credits. Complete all prerequisite courses. Retake failed courses as soon as possible. Improve GPA to remove academic warning.
SE1804382,Average,4,6.18,120,68,52,56.67,17.0,32,3,2,2,0,0,5,10,Medium,0,False,49.0,Complete at least 32 more credits. Complete all prerequisite courses. Retake failed courses as soon as possible.
SE1804383,Average,4,6.89,120,68,52,56.67,17.0,32,2,3,2,1,0,5,12,High,1,False,45.0,Complete at least 32 more credits. Complete all prerequisite courses. Retake failed courses as soon as possible. Improve GPA to remove academic warning.
SE1804384,AtRisk,3,5.75,120,39,81,32.5,13.0,61,4,6,1,1,0,6,15,High,1,False,24.5,Complete at least 61 more credits. Complete all prerequisite courses. Retake failed courses as soon as possible. Improve GPA to remove academic warning.
SE1804385,Good,5,7.78,120,89,31,74.17,17.8,11,1,0,0,0,0,7,2,Low,0,False,81.5,Complete at least 11 more credits. Retake failed courses as soon as possible.
SE1804386,Good,5,8.24,120,100,20,83.33,20.0,0,0,2,0,0,0,7,1,Low,0,True,86.0,You are ready for OJT.
SE1804387,AtRisk,2,5.28,120,34,86,28.33,17.0,66,3,4,3,1,1,6,18,High,1,False,9.0,Complete at least 66 more credits. Complete all prerequisite courses. Retake failed courses as soon as possible. Improve GPA to remove academic warning.
SE1804388,Average,4,6.53,120,67,53,55.83,16.75,33,1,1,1,0,0,5,8,Medium,0,False,62.5,Complete at least 33 more credits. Complete all prerequisite courses. Retake failed courses as soon as possible.
SE1804389,Good,5,7.03,120,92,28,76.67,18.4,8,1,2,0,0,0,7,3,Low,0,False,79.0,Complete at least 8 more credits. Retake failed courses as soon as possible.
SE1804390,Good,3,8.15,120,60,60,50.0,20.0,40,0,1,0,0,0,5,4,Low,0,False,68.0,Complete at least 40 more credits.
SE1804391,Average,5,6.09,120,82,38,68.33,16.4,18,3,2,1,0,0,7,8,Medium,0,False,62.0,Complete at least 18 more credits. Complete all prerequisite courses. Retake failed courses as soon as possible.
SE1804392,LateStarter,1,6.62,120,16,104,13.33,16.0,84,2,4,1,0,0,6,9,Medium,0,False,28.0,Complete at least 84 more credits. Complete all prerequisite courses. Retake failed courses as soon as possible.
SE1804393,Critical,4,3.65,120,54,66,45.0,13.5,46,6,7,2,2,2,6,23,High,1,False,0.0,Complete at least 46 more credits. Complete all prerequisite courses. Retake failed courses as soon as possible. Improve GPA to remove academic warning.
SE1804394,Excellent,7,9.01,120,120,0,100.0,17.14,0,0,0,0,0,0,8,0,Low,0,True,100.0,You are ready for OJT.
SE1804395,Average,4,6.7,120,70,50,58.33,17.5,30,3,4,0,1,0,5,9,Medium,0,False,53.0,Complete at least 30 more credits. Retake failed courses as soon as possible. Improve GPA to remove academic warning.
SE1804396,Good,3,7.54,120,61,59,50.83,20.33,39,1,0,1,0,0,5,6,Medium,0,False,61.5,Complete at least 39 more credits. Complete all prerequisite courses. Retake failed courses as soon as possible.
SE1804397,AtRisk,5,5.6,120,82,38,68.33,16.4,18,4,5,3,1,1,7,18,High,1,False,28.0,Complete at least 18 more credits. Complete all prerequisite courses. Retake failed courses as soon as possible. Improve GPA to remove academic warning.
SE1804398,Critical,7,3.77,120,89,31,74.17,12.71,11,5,5,2,2,1,8,19,High,1,False,29.5,Complete at least 11 more credits. Complete all prerequisite courses. Retake failed courses as soon as possible. Improve GPA to remove academic warning.
SE1804399,Critical,6,3.85,120,73,47,60.83,12.17,27,6,6,3,3,2,6,23,High,1,False,0.0,Complete at least 27 more credits. Complete all prerequisite courses. Retake failed courses as soon as possible. Improve GPA to remove academic warning.
SE1804400,Average,5,6.84,120,85,35,70.83,17.0,15,2,2,0,1,0,7,6,Medium,0,False,67.5,Complete at least 15 more credits. Retake failed courses as soon as possible. Improve GPA to remove academic warning.
SE1804401,Good,3,7.8,120,52,68,43.33,17.33,48,0,0,0,0,0,6,3,Low,0,False,66.0,Complete at least 48 more credits.
SE1804402,Average,4,6.4,120,68,52,56.67,17.0,32,1,3,0,0,0,6,7,Medium,0,False,65.0,Complete at least 32 more credits. Retake failed courses as soon as possible.
SE1804403,AtRisk,3,5.9,120,39,81,32.5,13.0,61,4,5,1,1,1,5,17,High,1,False,18.5,Complete at least 61 more credits. Complete all prerequisite courses. Retake failed courses as soon as possible. Improve GPA to remove academic warning.
SE1804404,Good,3,7.25,120,55,65,45.83,18.33,45,0,2,0,0,0,5,4,Low,0,False,63.5,Complete at least 45 more credits.
SE1804405,Good,2,8.1,120,43,77,35.83,21.5,57,1,2,1,0,0,6,7,Medium,0,False,48.5,Complete at least 57 more credits. Complete all prerequisite courses. Retake failed courses as soon as possible.
SE1804406,Good,1,7.29,120,19,101,15.83,19.0,81,1,0,0,0,0,6,4,Low,0,False,46.5,Complete at least 81 more credits. Retake failed courses as soon as possible.
SE1804407,AtRisk,5,5.04,120,77,43,64.17,15.4,23,5,4,3,2,0,7,17,High,1,False,27.5,Complete at least 23 more credits. Complete all prerequisite courses. Retake failed courses as soon as possible. Improve GPA to remove academic warning.
SE1804408,Critical,4,4.27,120,45,75,37.5,11.25,55,7,7,4,3,1,5,22,High,1,False,0.0,Complete at least 55 more credits. Complete all prerequisite courses. Retake failed courses as soon as possible. Improve GPA to remove academic warning.
SE1804409,Critical,5,3.53,120,68,52,56.67,13.6,32,6,7,4,3,1,7,22,High,1,False,0.0,Complete at least 32 more credits. Complete all prerequisite courses. Retake failed courses as soon as possible. Improve GPA to remove academic warning.
SE1804410,Excellent,2,9.03,120,38,82,31.67,19.0,62,0,0,0,0,0,6,3,Low,0,False,59.0,Complete at least 62 more credits.
SE1804411,LateStarter,4,6.22,120,57,63,47.5,14.25,43,3,3,0,1,0,5,10,Medium,0,False,48.5,Complete at least 43 more credits. Retake failed courses as soon as possible. Improve GPA to remove academic warning.
SE1804412,AtRisk,5,5.82,120,77,43,64.17,15.4,23,4,6,2,2,1,6,18,High,1,False,24.5,Complete at least 23 more credits. Complete all prerequisite courses. Retake failed courses as soon as possible. Improve GPA to remove academic warning.
SE1804413,AtRisk,2,5.98,120,33,87,27.5,16.5,67,5,6,1,1,1,5,18,High,1,False,10.5,Complete at least 67 more credits. Complete all prerequisite courses. Retake failed courses as soon as possible. Improve GPA to remove academic warning.
SE1804414,Average,4,6.58,120,62,58,51.67,15.5,38,1,2,2,0,0,6,9,Medium,0,False,52.0,Complete at least 38 more credits. Complete all prerequisite courses. Retake failed courses as soon as possible.
SE1804415,Average,5,6.84,120,95,25,79.17,19.0,5,2,3,1,1,0,6,9,Medium,0,False,64.5,Complete at least 5 more credits. Complete all prerequisite courses. Retake failed courses as soon as possible. Improve GPA to remove academic warning.
SE1804416,Average,7,6.15,120,105,15,87.5,15.0,0,1,1,2,0,0,8,6,Medium,0,False,75.5,Complete all prerequisite courses. Retake failed courses as soon as possible.
SE1804417,AtRisk,6,5.67,120,86,34,71.67,14.33,14,5,6,1,1,0,7,14,High,1,False,45.0,Complete at least 14 more credits. Complete all prerequisite courses. Retake failed courses as soon as possible. Improve GPA to remove academic warning.
SE1804418,Excellent,5,9.91,120,91,29,75.83,18.2,9,0,0,0,0,0,6,1,Low,0,False,85.5,Complete at least 9 more credits.
SE1804419,LateStarter,5,6.73,120,94,26,78.33,18.8,6,4,3,2,0,0,7,9,Medium,0,False,57.0,Complete at least 6 more credits. Complete all prerequisite courses. Retake failed courses as soon as possible.
SE1804420,Good,5,8.49,120,94,26,78.33,18.8,6,0,1,0,0,0,7,2,Low,0,False,85.0,Complete at least 6 more credits.
SE1804421,AtRisk,2,5.06,120,30,90,25.0,15.0,70,5,4,3,1,1,6,19,High,1,False,1.0,Complete at least 70 more credits. Complete all prerequisite courses. Retake failed courses as soon as possible. Improve GPA to remove academic warning.
SE1804422,Average,5,6.64,120,93,27,77.5,18.6,7,1,3,2,0,0,7,8,Medium,0,False,65.5,Complete at least 7 more credits. Complete all prerequisite courses. Retake failed courses as soon as possible.
SE1804423,Excellent,3,8.75,120,62,58,51.67,20.67,38,0,0,0,0,0,5,3,Low,0,False,71.0,Complete at least 38 more credits.
SE1804424,Average,3,6.74,120,48,72,40.0,16.0,52,3,4,0,0,0,5,8,Medium,0,False,47.0,Complete at least 52 more credits. Retake failed courses as soon as possible.
SE1804425,Average,4,6.55,120,69,51,57.5,17.25,31,2,3,0,1,0,5,9,Medium,0,False,57.5,Complete at least 31 more credits. Retake failed courses as soon as possible. Improve GPA to remove academic warning.
SE1804426,AtRisk,3,5.85,120,47,73,39.17,15.67,53,5,6,2,2,0,5,18,High,1,False,14.5,Complete at least 53 more credits. Complete all prerequisite courses. Retake failed courses as soon as possible. Improve GPA to remove academic warning.
SE1804427,AtRisk,2,5.58,120,34,86,28.33,17.0,66,5,3,2,1,1,5,18,High,1,False,11.0,Complete at least 66 more credits. Complete all prerequisite courses. Retake failed courses as soon as possible. Improve GPA to remove academic warning.
SE1804428,Excellent,5,9.2,120,105,15,87.5,21.0,0,0,0,0,0,0,6,0,Low,0,True,92.5,You are ready for OJT.
SE1804429,Average,7,6.07,120,115,5,95.83,16.43,0,2,4,0,0,0,8,4,Low,0,True,83.5,Retake failed courses as soon as possible.
SE1804430,Good,3,7.58,120,59,61,49.17,19.67,41,1,1,1,0,0,5,7,Medium,0,False,58.5,Complete at least 41 more credits. Complete all prerequisite courses. Retake failed courses as soon as possible.
SE1804431,Good,3,7.2,120,57,63,47.5,19.0,43,0,1,0,0,0,5,4,Low,0,False,66.5,Complete at least 43 more credits.
SE1804432,Critical,4,3.97,120,57,63,47.5,14.25,43,5,5,4,3,1,5,22,High,1,False,0.0,Complete at least 43 more credits. Complete all prerequisite courses. Retake failed courses as soon as possible. Improve GPA to remove academic warning.
SE1804433,Average,1,6.26,120,19,101,15.83,19.0,81,2,2,1,0,0,5,8,Medium,0,False,33.5,Complete at least 81 more credits. Complete all prerequisite courses. Retake failed courses as soon as possible.
SE1804434,Average,5,6.01,120,91,29,75.83,18.2,9,1,1,0,0,0,7,4,Low,0,False,80.5,Complete at least 9 more credits. Retake failed courses as soon as possible.
SE1804435,Average,6,6.75,120,94,26,78.33,15.67,6,1,4,2,0,0,6,8,Medium,0,False,64.0,Complete at least 6 more credits. Complete all prerequisite courses. Retake failed courses as soon as possible.
SE1804436,Average,1,6.21,120,19,101,15.83,19.0,81,1,2,0,0,0,5,6,Medium,0,False,42.5,Complete at least 81 more credits. Retake failed courses as soon as possible.
SE1804437,Excellent,7,8.92,120,118,2,98.33,16.86,0,0,0,0,0,0,8,0,Low,0,True,99.0,You are ready for OJT.
SE1804438,Average,6,6.16,120,101,19,84.17,16.83,0,2,1,2,0,0,6,6,Medium,0,False,70.5,Complete all prerequisite courses. Retake failed courses as soon as possible.
SE1804439,Average,6,6.35,120,99,21,82.5,16.5,1,1,3,0,0,0,6,5,Low,0,False,80.5,Complete at least 1 more credits. Retake failed courses as soon as possible.
SE1804440,Average,3,6.07,120,49,71,40.83,16.33,51,3,3,1,0,0,5,10,Medium,0,False,43.5,Complete at least 51 more credits. Complete all prerequisite courses. Retake failed courses as soon as possible.
SE1804441,Excellent,6,9.5,120,110,10,91.67,18.33,0,0,0,0,0,0,7,0,Low,0,True,95.0,You are ready for OJT.
SE1804442,Average,2,6.86,120,39,81,32.5,19.5,61,1,3,0,1,0,5,9,Medium,0,False,45.5,Complete at least 61 more credits. Retake failed courses as soon as possible. Improve GPA to remove academic warning.
SE1804443,Average,3,6.56,120,55,65,45.83,18.33,45,2,4,1,0,0,5,9,Medium,0,False,47.5,Complete at least 45 more credits. Complete all prerequisite courses. Retake failed courses as soon as possible.
SE1804444,Good,4,7.98,120,76,44,63.33,19.0,24,1,1,1,0,0,5,6,Medium,0,False,67.0,Complete at least 24 more credits. Complete all prerequisite courses. Retake failed courses as soon as possible.
SE1804445,Average,6,6.02,120,92,28,76.67,15.33,8,1,3,0,1,0,7,7,Medium,0,False,72.0,Complete at least 8 more credits. Retake failed courses as soon as possible. Improve GPA to remove academic warning.
SE1804446,Average,1,6.71,120,19,101,15.83,19.0,81,3,2,2,0,0,6,10,Medium,0,False,24.5,Complete at least 81 more credits. Complete all prerequisite courses. Retake failed courses as soon as possible.
SE1804447,Good,7,8.16,120,111,9,92.5,15.86,0,1,2,1,0,0,8,4,Low,0,False,82.5,Complete all prerequisite courses. Retake failed courses as soon as possible.
SE1804448,Good,5,7.96,120,88,32,73.33,17.6,12,0,2,0,0,0,6,2,Low,0,False,80.0,Complete at least 12 more credits.
SE1804449,Good,2,8.46,120,35,85,29.17,17.5,65,0,1,0,0,0,6,4,Low,0,False,55.5,Complete at least 65 more credits.
SE1804450,Excellent,7,8.68,120,114,6,95.0,16.29,0,0,0,0,0,0,8,0,Low,0,True,97.0,You are ready for OJT.
SE1804451,Good,2,7.58,120,36,84,30.0,18.0,64,0,2,1,0,0,6,6,Medium,0,False,48.0,Complete at least 64 more credits. Complete all prerequisite courses.
SE1804452,Average,6,6.86,120,107,13,89.17,17.83,0,1,1,0,0,0,7,3,Low,0,True,88.5,Retake failed courses as soon as possible.
SE1804453,Excellent,1,8.84,120,24,96,20.0,24.0,76,0,0,0,0,0,6,3,Low,0,False,52.0,Complete at least 76 more credits.
SE1804454,Excellent,3,8.71,120,65,55,54.17,21.67,35,0,0,0,0,0,5,3,Low,0,False,72.5,Complete at least 35 more credits.
SE1804455,Excellent,3,9.37,120,59,61,49.17,19.67,41,0,0,0,0,0,6,3,Low,0,False,69.5,Complete at least 41 more credits.
SE1804456,AtRisk,4,5.47,120,60,60,50.0,15.0,40,4,5,1,2,0,6,16,High,1,False,32.0,Complete at least 40 more credits. Complete all prerequisite courses. Retake failed courses as soon as possible. Improve GPA to remove academic warning.
SE1804457,Good,5,7.06,120,100,20,83.33,20.0,0,0,2,0,0,0,6,1,Low,0,True,86.0,You are ready for OJT.
SE1804458,Average,2,6.7,120,40,80,33.33,20.0,60,2,4,0,0,0,6,7,Medium,0,False,46.0,Complete at least 60 more credits. Retake failed courses as soon as possible.
SE1804459,Excellent,3,9.24,120,66,54,55.0,22.0,34,0,0,0,0,0,5,3,Low,0,False,73.0,Complete at least 34 more credits.
SE1804460,Good,7,7.3,120,118,2,98.33,16.86,0,0,0,1,0,0,8,2,Low,0,False,93.0,Complete all prerequisite courses.
SE1804461,Average,8,6.54,120,117,3,97.5,14.62,0,2,3,0,1,0,8,6,Medium,0,True,81.5,Retake failed courses as soon as possible. Improve GPA to remove academic warning.
SE1804462,Good,1,7.58,120,21,99,17.5,21.0,79,0,1,1,0,0,6,6,Medium,0,False,42.5,Complete at least 79 more credits. Complete all prerequisite courses.
SE1804463,Good,3,8.13,120,59,61,49.17,19.67,41,1,2,0,0,0,6,5,Low,0,False,62.5,Complete at least 41 more credits. Retake failed courses as soon as possible.
SE1804464,Average,8,6.43,120,109,11,90.83,13.62,0,1,1,1,1,0,8,7,Medium,0,False,78.5,Complete all prerequisite courses. Retake failed courses as soon as possible. Improve GPA to remove academic warning.
SE1804465,Good,4,8.4,120,75,45,62.5,18.75,25,1,1,1,0,0,5,6,Medium,0,False,66.5,Complete at least 25 more credits. Complete all prerequisite courses. Retake failed courses as soon as possible.
SE1804466,Good,1,7.39,120,20,100,16.67,20.0,80,0,2,0,0,0,5,4,Low,0,False,46.0,Complete at least 80 more credits.
SE1804467,Good,6,8.31,120,109,11,90.83,18.17,0,0,2,1,0,0,6,3,Low,0,False,84.5,Complete all prerequisite courses.
SE1804468,Average,5,6.76,120,83,37,69.17,16.6,17,2,2,2,0,0,7,8,Medium,0,False,59.5,Complete at least 17 more credits. Complete all prerequisite courses. Retake failed courses as soon as possible.
SE1804469,Good,3,8.4,120,60,60,50.0,20.0,40,1,1,0,0,0,6,5,Low,0,False,65.0,Complete at least 40 more credits. Retake failed courses as soon as possible.
SE1804470,Good,6,8.21,120,112,8,93.33,18.67,0,0,1,0,0,0,7,1,Low,0,True,94.0,You are ready for OJT.
SE1804471,Good,1,8.0,120,19,101,15.83,19.0,81,0,0,1,0,0,6,5,Low,0,False,43.5,Complete at least 81 more credits. Complete all prerequisite courses.
SE1804472,Average,4,6.4,120,64,56,53.33,16.0,36,3,1,2,0,0,6,10,Medium,0,False,49.0,Complete at least 36 more credits. Complete all prerequisite courses. Retake failed courses as soon as possible.
SE1804473,Excellent,4,8.65,120,79,41,65.83,19.75,21,0,0,0,0,0,6,2,Low,0,False,79.5,Complete at least 21 more credits.
SE1804474,Recovery,3,6.65,120,51,69,42.5,17.0,49,1,3,0,1,0,6,9,Medium,0,False,51.5,Complete at least 49 more credits. Retake failed courses as soon as possible. Improve GPA to remove academic warning.
SE1804475,Good,5,7.37,120,100,20,83.33,20.0,0,1,2,1,0,0,7,4,Low,0,False,77.0,Complete all prerequisite courses. Retake failed courses as soon as possible.
SE1804476,Average,5,6.46,120,85,35,70.83,17.0,15,3,4,0,1,0,6,8,Medium,0,False,60.5,Complete at least 15 more credits. Retake failed courses as soon as possible. Improve GPA to remove academic warning.
SE1804477,AtRisk,3,5.95,120,39,81,32.5,13.0,61,4,3,1,1,0,6,14,High,1,False,30.5,Complete at least 61 more credits. Complete all prerequisite courses. Retake failed courses as soon as possible. Improve GPA to remove academic warning.
SE1804478,Average,5,6.68,120,83,37,69.17,16.6,17,2,1,2,0,0,6,8,Medium,0,False,61.5,Complete at least 17 more credits. Complete all prerequisite courses. Retake failed courses as soon as possible.
SE1804479,Excellent,4,9.28,120,75,45,62.5,18.75,25,0,0,0,0,0,5,2,Low,0,False,77.5,Complete at least 25 more credits.
SE1804480,Recovery,6,6.43,120,99,21,82.5,16.5,1,1,3,0,0,0,6,5,Low,0,False,80.5,Complete at least 1 more credits. Retake failed courses as soon as possible.
SE1804481,Critical,4,3.86,120,48,72,40.0,12.0,52,6,8,2,2,1,5,21,High,1,False,0.0,Complete at least 52 more credits. Complete all prerequisite courses. Retake failed courses as soon as possible. Improve GPA to remove academic warning.
SE1804482,LateStarter,4,6.46,120,64,56,53.33,16.0,36,2,3,1,1,0,6,11,High,1,False,49.0,Complete at least 36 more credits. Complete all prerequisite courses. Retake failed courses as soon as possible. Improve GPA to remove academic warning.
SE1804483,AtRisk,2,5.12,120,25,95,20.83,12.5,75,5,5,2,2,0,5,18,High,1,False,5.5,Complete at least 75 more credits. Complete all prerequisite courses. Retake failed courses as soon as possible. Improve GPA to remove academic warning.
SE1804484,Average,3,6.53,120,57,63,47.5,19.0,43,1,3,1,0,0,6,9,Medium,0,False,53.5,Complete at least 43 more credits. Complete all prerequisite courses. Retake failed courses as soon as possible.
SE1804485,Recovery,6,6.22,120,94,26,78.33,15.67,6,2,2,0,0,0,7,4,Low,0,False,77.0,Complete at least 6 more credits. Retake failed courses as soon as possible.
SE1804486,Average,4,6.23,120,60,60,50.0,15.0,40,1,3,0,0,0,5,7,Medium,0,False,61.0,Complete at least 40 more credits. Retake failed courses as soon as possible.
SE1804487,Good,5,7.71,120,99,21,82.5,19.8,1,0,1,1,0,0,6,4,Low,0,False,81.5,Complete at least 1 more credits. Complete all prerequisite courses.
SE1804488,Critical,6,3.89,120,67,53,55.83,11.17,33,5,6,3,3,2,6,24,High,1,False,0.0,Complete at least 33 more credits. Complete all prerequisite courses. Retake failed courses as soon as possible. Improve GPA to remove academic warning.
SE1804489,Average,6,6.43,120,106,14,88.33,17.67,0,1,3,2,1,0,7,9,Medium,0,False,67.0,Complete all prerequisite courses. Retake failed courses as soon as possible. Improve GPA to remove academic warning.
SE1804490,Good,6,8.24,120,101,19,84.17,16.83,0,1,2,0,0,0,6,2,Low,0,True,83.5,Retake failed courses as soon as possible.
SE1804491,Average,2,6.15,120,41,79,34.17,20.5,59,1,1,1,1,0,5,10,Medium,0,False,44.5,Complete at least 59 more credits. Complete all prerequisite courses. Retake failed courses as soon as possible. Improve GPA to remove academic warning.
SE1804492,Excellent,6,9.29,120,108,12,90.0,18.0,0,0,0,0,0,0,7,0,Low,0,True,94.0,You are ready for OJT.
SE1804493,Average,5,6.72,120,86,34,71.67,17.2,14,3,4,2,0,0,6,9,Medium,0,False,54.0,Complete at least 14 more credits. Complete all prerequisite courses. Retake failed courses as soon as possible.
SE1804494,Recovery,4,5.93,120,69,51,57.5,17.25,31,1,4,1,0,0,6,11,High,1,False,57.5,Complete at least 31 more credits. Complete all prerequisite courses. Retake failed courses as soon as possible.
SE1804495,Good,3,7.86,120,55,65,45.83,18.33,45,0,0,0,0,0,6,3,Low,0,False,67.5,Complete at least 45 more credits.
SE1804496,Average,4,6.65,120,67,53,55.83,16.75,33,3,3,0,1,0,6,10,Medium,0,False,53.5,Complete at least 33 more credits. Retake failed courses as soon as possible. Improve GPA to remove academic warning.
SE1804497,Excellent,4,8.96,120,72,48,60.0,18.0,28,0,0,0,0,0,5,2,Low,0,False,76.0,Complete at least 28 more credits.
SE1804498,Good,1,7.88,120,21,99,17.5,21.0,79,1,2,0,0,0,6,5,Low,0,False,43.5,Complete at least 79 more credits. Retake failed courses as soon as possible.
SE1804499,Average,3,6.64,120,50,70,41.67,16.67,50,3,2,0,0,0,6,7,Medium,0,False,52.0,Complete at least 50 more credits. Retake failed courses as soon as possible.
SE1804500,Average,4,6.27,120,71,49,59.17,17.75,29,1,3,0,1,0,5,8,Medium,0,False,61.5,Complete at least 29 more credits. Retake failed courses as soon as possible. Improve GPA to remove academic warning.
SE1804501,Recovery,6,5.84,120,92,28,76.67,15.33,8,2,4,1,0,0,7,9,Medium,0,False,66.0,Complete at least 8 more credits. Complete all prerequisite courses. Retake failed courses as soon as possible.
SE1804502,Average,6,6.82,120,97,23,80.83,16.17,3,1,1,2,1,0,6,9,Medium,0,False,66.5,Complete at least 3 more credits. Complete all prerequisite courses. Retake failed courses as soon as possible. Improve GPA to remove academic warning.
SE1804503,Excellent,5,9.08,120,91,29,75.83,18.2,9,0,0,0,0,0,7,1,Low,0,False,85.5,Complete at least 9 more credits.
SE1804504,Good,2,8.47,120,36,84,30.0,18.0,64,0,2,0,0,0,6,4,Low,0,False,54.0,Complete at least 64 more credits.
SE1804505,Average,3,6.33,120,47,73,39.17,15.67,53,1,4,2,1,0,6,12,High,1,False,35.5,Complete at least 53 more credits. Complete all prerequisite courses. Retake failed courses as soon as possible. Improve GPA to remove academic warning.
SE1804506,Recovery,6,5.93,120,97,23,80.83,16.17,3,2,3,0,1,0,7,9,Medium,0,False,71.5,Complete at least 3 more credits. Retake failed courses as soon as possible. Improve GPA to remove academic warning.
SE1804507,Average,5,6.4,120,81,39,67.5,16.2,19,2,3,1,1,0,7,10,Medium,0,False,57.5,Complete at least 19 more credits. Complete all prerequisite courses. Retake failed courses as soon as possible. Improve GPA to remove academic warning.
SE1804508,Average,3,6.22,120,51,69,42.5,17.0,49,2,2,2,0,0,6,9,Medium,0,False,43.5,Complete at least 49 more credits. Complete all prerequisite courses. Retake failed courses as soon as possible.
SE1804509,Average,2,6.85,120,34,86,28.33,17.0,66,2,2,1,1,0,6,10,Medium,0,False,36.0,Complete at least 66 more credits. Complete all prerequisite courses. Retake failed courses as soon as possible. Improve GPA to remove academic warning.
SE1804510,AtRisk,6,5.36,120,86,34,71.67,14.33,14,5,5,2,1,1,6,17,High,1,False,33.0,Complete at least 14 more credits. Complete all prerequisite courses. Retake failed courses as soon as possible. Improve GPA to remove academic warning.
SE1804511,Average,5,6.8,120,86,34,71.67,17.2,14,2,3,1,0,0,7,7,Medium,0,False,65.0,Complete at least 14 more credits. Complete all prerequisite courses. Retake failed courses as soon as possible.
SE1804512,Excellent,2,8.9,120,36,84,30.0,18.0,64,0,0,0,0,0,5,3,Low,0,False,58.0,Complete at least 64 more credits.
SE1804513,Good,4,7.77,120,77,43,64.17,19.25,23,1,2,0,0,0,5,4,Low,0,False,71.5,Complete at least 23 more credits. Retake failed courses as soon as possible.
SE1804514,LateStarter,4,6.61,120,60,60,50.0,15.0,40,4,4,0,0,0,6,8,Medium,0,False,50.0,Complete at least 40 more credits. Retake failed courses as soon as possible.
SE1804515,Good,3,7.93,120,56,64,46.67,18.67,44,0,2,1,0,0,5,6,Medium,0,False,58.0,Complete at least 44 more credits. Complete all prerequisite courses.
SE1804516,Excellent,4,9.78,120,81,39,67.5,20.25,19,0,0,0,0,0,5,2,Low,0,False,80.5,Complete at least 19 more credits.
SE1804517,Good,5,7.05,120,98,22,81.67,19.6,2,1,1,1,0,0,6,5,Low,0,False,78.0,Complete at least 2 more credits. Complete all prerequisite courses. Retake failed courses as soon as possible.
SE1804518,Excellent,7,9.06,120,117,3,97.5,16.71,0,0,0,0,0,0,8,0,Low,0,True,98.5,You are ready for OJT.
SE1804519,Good,2,7.11,120,34,86,28.33,17.0,66,1,2,0,0,0,5,5,Low,0,False,50.0,Complete at least 66 more credits. Retake failed courses as soon as possible.
SE1804520,Critical,4,3.97,120,46,74,38.33,11.5,54,7,5,2,3,1,5,21,High,1,False,0.0,Complete at least 54 more credits. Complete all prerequisite courses. Retake failed courses as soon as possible. Improve GPA to remove academic warning.
SE1804521,AtRisk,7,5.82,120,105,15,87.5,15.0,0,5,3,3,2,0,8,15,High,1,False,43.5,Complete all prerequisite courses. Retake failed courses as soon as possible. Improve GPA to remove academic warning.
SE1804522,LateStarter,4,6.61,120,60,60,50.0,15.0,40,3,4,2,1,0,6,13,High,1,False,36.0,Complete at least 40 more credits. Complete all prerequisite courses. Retake failed courses as soon as possible. Improve GPA to remove academic warning.
SE1804523,AtRisk,2,5.08,120,27,93,22.5,13.5,73,3,6,3,2,1,6,20,High,1,False,0.0,Complete at least 73 more credits. Complete all prerequisite courses. Retake failed courses as soon as possible. Improve GPA to remove academic warning.
SE1804524,Good,6,7.39,120,112,8,93.33,18.67,0,0,1,0,0,0,7,1,Low,0,True,94.0,You are ready for OJT.
SE1804525,Excellent,3,9.81,120,62,58,51.67,20.67,38,0,0,0,0,0,5,3,Low,0,False,71.0,Complete at least 38 more credits.
SE1804526,Average,6,6.93,120,95,25,79.17,15.83,5,3,4,1,0,0,6,8,Medium,0,False,64.5,Complete at least 5 more credits. Complete all prerequisite courses. Retake failed courses as soon as possible.
SE1804527,Good,1,7.62,120,19,101,15.83,19.0,81,1,2,1,0,0,5,7,Medium,0,False,36.5,Complete at least 81 more credits. Complete all prerequisite courses. Retake failed courses as soon as possible.
SE1804528,Good,5,7.18,120,97,23,80.83,19.4,3,0,1,0,0,0,6,2,Low,0,False,86.5,Complete at least 3 more credits.
SE1804529,Critical,5,4.52,120,64,56,53.33,12.8,36,6,5,4,2,1,6,22,High,1,False,2.0,Complete at least 36 more credits. Complete all prerequisite courses. Retake failed courses as soon as possible. Improve GPA to remove academic warning.
SE1804530,Good,6,7.48,120,107,13,89.17,17.83,0,0,0,1,0,0,7,2,Low,0,False,87.5,Complete all prerequisite courses.
SE1804531,Good,6,8.13,120,107,13,89.17,17.83,0,0,0,0,0,0,7,0,Low,0,True,93.5,You are ready for OJT.
SE1804532,Good,6,8.45,120,107,13,89.17,17.83,0,0,2,1,0,0,7,3,Low,0,False,83.5,Complete all prerequisite courses.
SE1804533,Excellent,4,9.18,120,78,42,65.0,19.5,22,0,0,0,0,0,6,2,Low,0,False,79.0,Complete at least 22 more credits.
SE1804534,Critical,4,3.83,120,42,78,35.0,10.5,58,8,8,3,3,2,5,24,High,1,False,0.0,Complete at least 58 more credits. Complete all prerequisite courses. Retake failed courses as soon as possible. Improve GPA to remove academic warning.
SE1804535,AtRisk,1,5.6,120,16,104,13.33,16.0,84,4,3,1,2,1,5,17,High,1,False,6.0,Complete at least 84 more credits. Complete all prerequisite courses. Retake failed courses as soon as possible. Improve GPA to remove academic warning.
SE1804536,Average,5,6.14,120,94,26,78.33,18.8,6,2,3,0,0,0,7,5,Low,0,False,75.0,Complete at least 6 more credits. Retake failed courses as soon as possible.
SE1804537,Average,5,6.52,120,92,28,76.67,18.4,8,3,1,2,1,0,6,10,Medium,0,False,58.0,Complete at least 8 more credits. Complete all prerequisite courses. Retake failed courses as soon as possible. Improve GPA to remove academic warning.
SE1804538,Average,2,6.94,120,31,89,25.83,15.5,69,3,2,1,0,0,5,9,Medium,0,False,36.5,Complete at least 69 more credits. Complete all prerequisite courses. Retake failed courses as soon as possible.
SE1804539,Average,6,6.26,120,100,20,83.33,16.67,0,1,4,0,1,0,7,6,Medium,0,True,74.0,Retake failed courses as soon as possible. Improve GPA to remove academic warning.
SE1804540,Good,4,7.22,120,76,44,63.33,19.0,24,1,0,0,0,0,6,3,Low,0,False,75.0,Complete at least 24 more credits. Retake failed courses as soon as possible.
SE1804541,AtRisk,3,5.47,120,50,70,41.67,16.67,50,3,6,2,1,0,5,16,High,1,False,27.0,Complete at least 50 more credits. Complete all prerequisite courses. Retake failed courses as soon as possible. Improve GPA to remove academic warning.
SE1804542,Recovery,4,5.81,120,65,55,54.17,16.25,35,1,4,0,0,0,6,9,Medium,0,False,61.5,Complete at least 35 more credits. Retake failed courses as soon as possible.
SE1804543,Average,5,6.68,120,80,40,66.67,16.0,20,3,3,2,1,0,7,12,High,1,False,48.0,Complete at least 20 more credits. Complete all prerequisite courses. Retake failed courses as soon as possible. Improve GPA to remove academic warning.
SE1804544,Excellent,5,9.04,120,93,27,77.5,18.6,7,0,0,0,0,0,7,1,Low,0,False,86.5,Complete at least 7 more credits.
SE1804545,AtRisk,7,5.99,120,107,13,89.17,15.29,0,5,5,3,2,0,8,16,High,1,False,40.5,Complete all prerequisite courses. Retake failed courses as soon as possible. Improve GPA to remove academic warning.
SE1804546,Excellent,8,9.67,120,115,5,95.83,14.38,0,0,0,0,0,0,8,0,Low,0,True,97.5,You are ready for OJT.
SE1804547,AtRisk,6,5.41,120,94,26,78.33,15.67,6,3,4,3,2,0,6,15,High,1,False,42.0,Complete at least 6 more credits. Complete all prerequisite courses. Retake failed courses as soon as possible. Improve GPA to remove academic warning.
SE1804548,Good,7,7.21,120,114,6,95.0,16.29,0,0,1,1,0,0,8,3,Low,0,False,89.0,Complete all prerequisite courses.
SE1804549,Average,4,6.36,120,68,52,56.67,17.0,32,3,4,1,0,0,5,10,Medium,0,False,51.0,Complete at least 32 more credits. Complete all prerequisite courses. Retake failed courses as soon as possible.
SE1804550,Good,3,8.42,120,53,67,44.17,17.67,47,1,2,1,0,0,5,7,Medium,0,False,53.5,Complete at least 47 more credits. Complete all prerequisite courses. Retake failed courses as soon as possible.
SE1804551,Good,4,7.25,120,82,38,68.33,20.5,18,0,0,0,0,0,5,2,Low,0,False,81.0,Complete at least 18 more credits.
SE1804552,Average,7,6.78,120,105,15,87.5,15.0,0,1,3,0,1,0,8,6,Medium,0,True,78.5,Retake failed courses as soon as possible. Improve GPA to remove academic warning.
SE1804553,Excellent,5,9.1,120,103,17,85.83,20.6,0,0,0,0,0,0,6,0,Low,0,True,91.5,You are ready for OJT.
SE1804554,Good,6,7.47,120,112,8,93.33,18.67,0,1,0,1,0,0,7,3,Low,0,False,87.0,Complete all prerequisite courses. Retake failed courses as soon as possible.
SE1804555,Good,5,8.04,120,90,30,75.0,18.0,10,1,1,1,0,0,7,5,Low,0,False,74.0,Complete at least 10 more credits. Complete all prerequisite courses. Retake failed courses as soon as possible.
SE1804556,Average,7,6.95,120,106,14,88.33,15.14,0,1,2,0,1,0,8,5,Low,0,True,81.0,Retake failed courses as soon as possible. Improve GPA to remove academic warning.
SE1804557,Recovery,5,6.7,120,78,42,65.0,15.6,22,1,4,1,1,0,7,10,Medium,0,False,57.0,Complete at least 22 more credits. Complete all prerequisite courses. Retake failed courses as soon as possible. Improve GPA to remove academic warning.
SE1804558,Good,4,7.62,120,81,39,67.5,20.25,19,0,2,1,0,0,6,5,Low,0,False,70.5,Complete at least 19 more credits. Complete all prerequisite courses.
SE1804559,Excellent,3,9.3,120,55,65,45.83,18.33,45,0,0,0,0,0,5,3,Low,0,False,67.5,Complete at least 45 more credits.
SE1804560,Good,5,7.64,120,99,21,82.5,19.8,1,1,1,1,0,0,6,5,Low,0,False,78.5,Complete at least 1 more credits. Complete all prerequisite courses. Retake failed courses as soon as possible.
SE1804561,Good,5,7.42,120,94,26,78.33,18.8,6,1,2,0,0,0,7,3,Low,0,False,80.0,Complete at least 6 more credits. Retake failed courses as soon as possible.
SE1804562,Average,2,6.6,120,42,78,35.0,21.0,58,3,2,2,0,0,5,10,Medium,0,False,36.0,Complete at least 58 more credits. Complete all prerequisite courses. Retake failed courses as soon as possible.
SE1804563,AtRisk,8,5.34,120,108,12,90.0,13.5,0,3,5,3,2,0,8,15,High,1,False,47.0,Complete all prerequisite courses. Retake failed courses as soon as possible. Improve GPA to remove academic warning.
SE1804564,AtRisk,4,5.85,120,50,70,41.67,12.5,50,4,3,1,2,1,6,17,High,1,False,23.0,Complete at least 50 more credits. Complete all prerequisite courses. Retake failed courses as soon as possible. Improve GPA to remove academic warning.
SE1804565,AtRisk,3,5.76,120,48,72,40.0,16.0,52,3,6,3,2,0,6,18,High,1,False,15.0,Complete at least 52 more credits. Complete all prerequisite courses. Retake failed courses as soon as possible. Improve GPA to remove academic warning.
SE1804566,Excellent,5,9.3,120,94,26,78.33,18.8,6,0,0,0,0,0,7,1,Low,0,False,87.0,Complete at least 6 more credits.
SE1804567,AtRisk,2,5.06,120,33,87,27.5,16.5,67,3,6,1,1,1,6,17,High,1,False,16.5,Complete at least 67 more credits. Complete all prerequisite courses. Retake failed courses as soon as possible. Improve GPA to remove academic warning.
SE1804568,Good,4,7.49,120,80,40,66.67,20.0,20,0,0,0,0,0,6,2,Low,0,False,80.0,Complete at least 20 more credits.
SE1804569,Good,7,7.89,120,112,8,93.33,16.0,0,1,0,0,0,0,8,1,Low,0,True,93.0,Retake failed courses as soon as possible.
SE1804570,Average,2,6.98,120,42,78,35.0,21.0,58,3,2,0,1,0,6,9,Medium,0,False,43.0,Complete at least 58 more credits. Retake failed courses as soon as possible. Improve GPA to remove academic warning.
SE1804571,Average,3,6.87,120,50,70,41.67,16.67,50,3,2,2,0,0,5,10,Medium,0,False,40.0,Complete at least 50 more credits. Complete all prerequisite courses. Retake failed courses as soon as possible.
SE1804572,AtRisk,5,5.76,120,74,46,61.67,14.8,26,3,4,2,1,0,7,14,High,1,False,43.0,Complete at least 26 more credits. Complete all prerequisite courses. Retake failed courses as soon as possible. Improve GPA to remove academic warning.
SE1804573,Average,5,6.36,120,91,29,75.83,18.2,9,3,4,0,1,0,7,8,Medium,0,False,63.5,Complete at least 9 more credits. Retake failed courses as soon as possible. Improve GPA to remove academic warning.
SE1804574,Good,4,8.38,120,76,44,63.33,19.0,24,0,0,0,0,0,5,2,Low,0,False,78.0,Complete at least 24 more credits.
SE1804575,Excellent,5,8.62,120,101,19,84.17,20.2,0,0,0,0,0,0,7,0,Low,0,True,90.5,You are ready for OJT.
SE1804576,Good,6,7.76,120,109,11,90.83,18.17,0,1,2,0,0,0,7,2,Low,0,True,87.5,Retake failed courses as soon as possible.
SE1804577,AtRisk,5,5.58,120,84,36,70.0,16.8,16,4,6,3,1,1,7,18,High,1,False,27.0,Complete at least 16 more credits. Complete all prerequisite courses. Retake failed courses as soon as possible. Improve GPA to remove academic warning.
SE1804578,Good,4,8.0,120,78,42,65.0,19.5,22,1,2,1,0,0,5,6,Medium,0,False,66.0,Complete at least 22 more credits. Complete all prerequisite courses. Retake failed courses as soon as possible.
SE1804579,Average,7,6.8,120,114,6,95.0,16.29,0,2,4,1,0,0,8,6,Medium,0,False,77.0,Complete all prerequisite courses. Retake failed courses as soon as possible.
SE1804580,Average,1,6.34,120,17,103,14.17,17.0,83,1,3,1,0,0,6,9,Medium,0,False,33.5,Complete at least 83 more credits. Complete all prerequisite courses. Retake failed courses as soon as possible.
SE1804581,Good,1,7.59,120,20,100,16.67,20.0,80,1,1,1,0,0,5,7,Medium,0,False,39.0,Complete at least 80 more credits. Complete all prerequisite courses. Retake failed courses as soon as possible.
SE1804582,Good,5,7.38,120,100,20,83.33,20.0,0,1,0,1,0,0,7,3,Low,0,False,81.0,Complete all prerequisite courses. Retake failed courses as soon as possible.
SE1804583,Excellent,4,9.44,120,82,38,68.33,20.5,18,0,0,0,0,0,5,2,Low,0,False,81.0,Complete at least 18 more credits.
SE1804584,AtRisk,4,5.18,120,52,68,43.33,13.0,48,5,6,3,2,0,6,19,High,1,False,11.0,Complete at least 48 more credits. Complete all prerequisite courses. Retake failed courses as soon as possible. Improve GPA to remove academic warning.
SE1804585,Excellent,5,9.97,120,103,17,85.83,20.6,0,0,0,0,0,0,7,0,Low,0,True,91.5,You are ready for OJT.
SE1804586,Average,3,6.18,120,50,70,41.67,16.67,50,2,3,0,0,0,5,7,Medium,0,False,53.0,Complete at least 50 more credits. Retake failed courses as soon as possible.
SE1804587,LateStarter,7,6.96,120,105,15,87.5,15.0,0,2,2,0,1,0,8,5,Low,0,True,77.5,Retake failed courses as soon as possible. Improve GPA to remove academic warning.
SE1804588,Average,4,6.18,120,70,50,58.33,17.5,30,1,1,0,1,0,5,7,Medium,0,False,65.0,Complete at least 30 more credits. Retake failed courses as soon as possible. Improve GPA to remove academic warning.
SE1804589,AtRisk,4,5.37,120,58,62,48.33,14.5,42,3,3,3,2,0,6,17,High,1,False,26.0,Complete at least 42 more credits. Complete all prerequisite courses. Retake failed courses as soon as possible. Improve GPA to remove academic warning.
SE1804590,Good,6,7.35,120,106,14,88.33,17.67,0,1,0,0,0,0,7,1,Low,0,True,90.0,Retake failed courses as soon as possible.
SE1804591,AtRisk,3,5.28,120,37,83,30.83,12.33,63,3,6,1,2,0,6,16,High,1,False,21.5,Complete at least 63 more credits. Complete all prerequisite courses. Retake failed courses as soon as possible. Improve GPA to remove academic warning.
SE1804592,Average,5,6.49,120,94,26,78.33,18.8,6,3,2,0,1,0,6,7,Medium,0,False,69.0,Complete at least 6 more credits. Retake failed courses as soon as possible. Improve GPA to remove academic warning.
SE1804593,Excellent,4,9.71,120,72,48,60.0,18.0,28,0,0,0,0,0,6,2,Low,0,False,76.0,Complete at least 28 more credits.
SE1804594,Excellent,4,9.09,120,79,41,65.83,19.75,21,0,0,0,0,0,6,2,Low,0,False,79.5,Complete at least 21 more credits.
SE1804595,Average,6,6.8,120,99,21,82.5,16.5,1,2,4,2,1,0,7,10,Medium,0,False,58.5,Complete at least 1 more credits. Complete all prerequisite courses. Retake failed courses as soon as possible. Improve GPA to remove academic warning.
SE1804596,Recovery,8,6.63,120,108,12,90.0,13.5,0,1,4,1,1,0,8,8,Medium,0,False,72.0,Complete all prerequisite courses. Retake failed courses as soon as possible. Improve GPA to remove academic warning.
SE1804597,Good,3,7.06,120,50,70,41.67,16.67,50,1,1,0,0,0,5,5,Low,0,False,60.0,Complete at least 50 more credits. Retake failed courses as soon as possible.
SE1804598,Excellent,5,9.32,120,90,30,75.0,18.0,10,0,0,0,0,0,7,1,Low,0,False,85.0,Complete at least 10 more credits.
SE1804599,LateStarter,4,6.54,120,69,51,57.5,17.25,31,3,3,2,1,0,5,13,High,1,False,42.5,Complete at least 31 more credits. Complete all prerequisite courses. Retake failed courses as soon as possible. Improve GPA to remove academic warning.
SE1804600,Recovery,3,5.94,120,43,77,35.83,14.33,57,1,3,0,0,0,5,9,Medium,0,False,52.5,Complete at least 57 more credits. Retake failed courses as soon as possible.
SE1804601,AtRisk,4,5.16,120,65,55,54.17,16.25,35,3,6,1,1,0,5,15,High,1,False,40.5,Complete at least 35 more credits. Complete all prerequisite courses. Retake failed courses as soon as possible. Improve GPA to remove academic warning.
SE1804602,AtRisk,5,5.26,120,68,52,56.67,13.6,32,5,6,3,1,0,6,18,High,1,False,24.0,Complete at least 32 more credits. Complete all prerequisite courses. Retake failed courses as soon as possible. Improve GPA to remove academic warning.
SE1804603,AtRisk,4,5.3,120,57,63,47.5,14.25,43,3,6,2,2,1,5,19,High,1,False,17.5,Complete at least 43 more credits. Complete all prerequisite courses. Retake failed courses as soon as possible. Improve GPA to remove academic warning.
SE1804604,Excellent,2,8.66,120,42,78,35.0,21.0,58,0,0,0,0,0,6,3,Low,0,False,61.0,Complete at least 58 more credits.
SE1804605,LateStarter,7,6.33,120,107,13,89.17,15.29,0,2,5,1,0,0,8,7,Medium,0,False,71.5,Complete all prerequisite courses. Retake failed courses as soon as possible.
SE1804606,Good,1,8.14,120,21,99,17.5,21.0,79,1,2,1,0,0,6,7,Medium,0,False,37.5,Complete at least 79 more credits. Complete all prerequisite courses. Retake failed courses as soon as possible.
SE1804607,Good,4,7.35,120,81,39,67.5,20.25,19,1,1,1,0,0,6,6,Medium,0,False,69.5,Complete at least 19 more credits. Complete all prerequisite courses. Retake failed courses as soon as possible.
SE1804608,LateStarter,4,6.52,120,69,51,57.5,17.25,31,3,5,2,1,0,6,14,High,1,False,38.5,Complete at least 31 more credits. Complete all prerequisite courses. Retake failed courses as soon as possible. Improve GPA to remove academic warning.
SE1804609,Excellent,5,9.08,120,97,23,80.83,19.4,3,0,0,0,0,0,7,1,Low,0,False,88.5,Complete at least 3 more credits.
SE1804610,Average,1,6.61,120,16,104,13.33,16.0,84,3,4,2,0,0,5,11,High,1,False,19.0,Complete at least 84 more credits. Complete all prerequisite courses. Retake failed courses as soon as possible.
SE1804611,Average,7,6.72,120,107,13,89.17,15.29,0,1,2,0,1,0,8,5,Low,0,True,81.5,Retake failed courses as soon as possible. Improve GPA to remove academic warning.
SE1804612,Recovery,3,6.52,120,48,72,40.0,16.0,52,1,4,0,1,0,5,9,Medium,0,False,48.0,Complete at least 52 more credits. Retake failed courses as soon as possible. Improve GPA to remove academic warning.
SE1804613,Good,6,8.15,120,101,19,84.17,16.83,0,1,0,0,0,0,6,1,Low,0,True,87.5,Retake failed courses as soon as possible.
SE1804614,Good,5,7.61,120,88,32,73.33,17.6,12,0,0,0,0,0,6,1,Low,0,False,84.0,Complete at least 12 more credits.
SE1804615,Good,3,8.22,120,53,67,44.17,17.67,47,1,0,1,0,0,6,6,Medium,0,False,57.5,Complete at least 47 more credits. Complete all prerequisite courses. Retake failed courses as soon as possible.
SE1804616,Average,5,6.75,120,87,33,72.5,17.4,13,2,4,0,1,0,6,7,Medium,0,False,64.5,Complete at least 13 more credits. Retake failed courses as soon as possible. Improve GPA to remove academic warning.
SE1804617,AtRisk,4,5.14,120,67,53,55.83,16.75,33,4,5,1,1,1,6,17,High,1,False,32.5,Complete at least 33 more credits. Complete all prerequisite courses. Retake failed courses as soon as possible. Improve GPA to remove academic warning.
SE1804618,Average,2,6.63,120,32,88,26.67,16.0,68,2,2,2,1,0,5,11,High,1,False,29.0,Complete at least 68 more credits. Complete all prerequisite courses. Retake failed courses as soon as possible. Improve GPA to remove academic warning.
SE1804619,Average,7,6.17,120,110,10,91.67,15.71,0,1,4,2,0,0,8,7,Medium,0,False,72.0,Complete all prerequisite courses. Retake failed courses as soon as possible.
SE1804620,Average,4,6.52,120,64,56,53.33,16.0,36,2,2,1,1,0,5,10,Medium,0,False,51.0,Complete at least 36 more credits. Complete all prerequisite courses. Retake failed courses as soon as possible. Improve GPA to remove academic warning.
SE1804621,Good,7,7.5,120,109,11,90.83,15.57,0,0,2,1,0,0,8,3,Low,0,False,84.5,Complete all prerequisite courses.
SE1804622,Good,1,8.19,120,22,98,18.33,22.0,78,1,2,1,0,0,6,7,Medium,0,False,38.0,Complete at least 78 more credits. Complete all prerequisite courses. Retake failed courses as soon as possible.
SE1804623,Good,3,8.15,120,54,66,45.0,18.0,46,1,2,1,0,0,6,7,Medium,0,False,54.0,Complete at least 46 more credits. Complete all prerequisite courses. Retake failed courses as soon as possible.
SE1804624,Average,2,6.37,120,37,83,30.83,18.5,63,1,2,1,0,0,6,8,Medium,0,False,45.5,Complete at least 63 more credits. Complete all prerequisite courses. Retake failed courses as soon as possible.
SE1804625,Good,4,8.06,120,81,39,67.5,20.25,19,1,0,0,0,0,6,3,Low,0,False,77.5,Complete at least 19 more credits. Retake failed courses as soon as possible.
SE1804626,Average,5,6.95,120,95,25,79.17,19.0,5,2,4,1,1,0,6,9,Medium,0,False,62.5,Complete at least 5 more credits. Complete all prerequisite courses. Retake failed courses as soon as possible. Improve GPA to remove academic warning.
SE1804627,Good,5,7.18,120,95,25,79.17,19.0,5,1,0,1,0,0,7,4,Low,0,False,78.5,Complete at least 5 more credits. Complete all prerequisite courses. Retake failed courses as soon as possible.
SE1804628,Average,4,6.63,120,64,56,53.33,16.0,36,2,3,0,1,0,6,9,Medium,0,False,55.0,Complete at least 36 more credits. Retake failed courses as soon as possible. Improve GPA to remove academic warning.
SE1804629,Critical,5,4.81,120,62,58,51.67,12.4,38,7,5,3,3,2,7,24,High,1,False,0.0,Complete at least 38 more credits. Complete all prerequisite courses. Retake failed courses as soon as possible. Improve GPA to remove academic warning.
SE1804630,Average,6,6.1,120,95,25,79.17,15.83,5,1,1,1,1,0,6,8,Medium,0,False,71.5,Complete at least 5 more credits. Complete all prerequisite courses. Retake failed courses as soon as possible. Improve GPA to remove academic warning.
SE1804631,Average,6,6.5,120,99,21,82.5,16.5,1,2,3,1,0,0,6,7,Medium,0,False,71.5,Complete at least 1 more credits. Complete all prerequisite courses. Retake failed courses as soon as possible.
SE1804632,Average,2,6.88,120,37,83,30.83,18.5,63,3,1,1,1,0,5,11,High,1,False,36.5,Complete at least 63 more credits. Complete all prerequisite courses. Retake failed courses as soon as possible. Improve GPA to remove academic warning.
SE1804633,AtRisk,5,5.82,120,71,49,59.17,14.2,29,5,6,2,2,1,7,19,High,1,False,18.5,Complete at least 29 more credits. Complete all prerequisite courses. Retake failed courses as soon as possible. Improve GPA to remove academic warning.
SE1804634,Excellent,4,9.49,120,72,48,60.0,18.0,28,0,0,0,0,0,5,2,Low,0,False,76.0,Complete at least 28 more credits.
SE1804635,Average,5,6.32,120,89,31,74.17,17.8,11,1,2,2,0,0,7,7,Medium,0,False,65.5,Complete at least 11 more credits. Complete all prerequisite courses. Retake failed courses as soon as possible.
SE1804636,Good,2,7.62,120,39,81,32.5,19.5,61,1,0,0,0,0,6,4,Low,0,False,56.5,Complete at least 61 more credits. Retake failed courses as soon as possible.
SE1804637,Good,3,7.62,120,50,70,41.67,16.67,50,0,1,0,0,0,5,4,Low,0,False,63.0,Complete at least 50 more credits.
SE1804638,Average,1,6.33,120,17,103,14.17,17.0,83,2,2,2,1,0,5,11,High,1,False,21.5,Complete at least 83 more credits. Complete all prerequisite courses. Retake failed courses as soon as possible. Improve GPA to remove academic warning.
SE1804639,AtRisk,5,5.62,120,69,51,57.5,13.8,31,3,3,2,1,0,6,15,High,1,False,42.5,Complete at least 31 more credits. Complete all prerequisite courses. Retake failed courses as soon as possible. Improve GPA to remove academic warning.
SE1804640,Critical,4,4.6,120,45,75,37.5,11.25,55,6,8,3,3,1,5,22,High,1,False,0.0,Complete at least 55 more credits. Complete all prerequisite courses. Retake failed courses as soon as possible. Improve GPA to remove academic warning.
SE1804641,Good,2,8.27,120,45,75,37.5,22.5,55,0,2,0,0,0,5,4,Low,0,False,58.5,Complete at least 55 more credits.
SE1804642,Average,2,6.66,120,41,79,34.17,20.5,59,3,3,0,1,0,6,10,Medium,0,False,40.5,Complete at least 59 more credits. Retake failed courses as soon as possible. Improve GPA to remove academic warning.
SE1804643,Average,6,6.3,120,97,23,80.83,16.17,3,3,4,0,1,0,7,8,Medium,0,False,66.5,Complete at least 3 more credits. Retake failed courses as soon as possible. Improve GPA to remove academic warning.
SE1804644,Good,2,7.91,120,46,74,38.33,23.0,54,0,0,1,0,0,6,5,Low,0,False,57.0,Complete at least 54 more credits. Complete all prerequisite courses.
SE1804645,AtRisk,2,5.51,120,27,93,22.5,13.5,73,4,6,3,1,0,6,17,High,1,False,6.5,Complete at least 73 more credits. Complete all prerequisite courses. Retake failed courses as soon as possible. Improve GPA to remove academic warning.
SE1804646,Excellent,5,9.03,120,105,15,87.5,21.0,0,0,0,0,0,0,6,0,Low,0,True,92.5,You are ready for OJT.
SE1804647,Good,5,8.0,120,88,32,73.33,17.6,12,1,0,1,0,0,6,4,Low,0,False,75.0,Complete at least 12 more credits. Complete all prerequisite courses. Retake failed courses as soon as possible.
SE1804648,Average,3,6.59,120,53,67,44.17,17.67,47,3,1,1,1,0,5,11,High,1,False,44.5,Complete at least 47 more credits. Complete all prerequisite courses. Retake failed courses as soon as possible. Improve GPA to remove academic warning.
SE1804649,AtRisk,5,5.61,120,71,49,59.17,14.2,29,4,4,3,2,1,7,18,High,1,False,19.5,Complete at least 29 more credits. Complete all prerequisite courses. Retake failed courses as soon as possible. Improve GPA to remove academic warning.
SE1804650,Average,4,6.58,120,61,59,50.83,15.25,39,1,2,1,0,0,6,8,Medium,0,False,57.5,Complete at least 39 more credits. Complete all prerequisite courses. Retake failed courses as soon as possible.
SE1804651,AtRisk,6,5.97,120,97,23,80.83,16.17,3,5,4,1,1,0,7,13,High,1,False,54.5,Complete at least 3 more credits. Complete all prerequisite courses. Retake failed courses as soon as possible. Improve GPA to remove academic warning.
SE1804652,Average,1,6.56,120,19,101,15.83,19.0,81,2,2,2,1,0,6,11,High,1,False,22.5,Complete at least 81 more credits. Complete all prerequisite courses. Retake failed courses as soon as possible. Improve GPA to remove academic warning.
SE1804653,Average,5,6.61,120,90,30,75.0,18.0,10,2,3,2,1,0,7,10,Medium,0,False,56.0,Complete at least 10 more credits. Complete all prerequisite courses. Retake failed courses as soon as possible. Improve GPA to remove academic warning.
SE1804654,Average,5,6.01,120,83,37,69.17,16.6,17,2,1,0,0,0,6,5,Low,0,False,73.5,Complete at least 17 more credits. Retake failed courses as soon as possible.
SE1804655,Good,3,7.92,120,60,60,50.0,20.0,40,1,1,0,0,0,6,5,Low,0,False,65.0,Complete at least 40 more credits. Retake failed courses as soon as possible.
SE1804656,Good,5,7.59,120,98,22,81.67,19.6,2,1,0,1,0,0,6,4,Low,0,False,80.0,Complete at least 2 more credits. Complete all prerequisite courses. Retake failed courses as soon as possible.
SE1804657,Average,4,6.95,120,75,45,62.5,18.75,25,1,3,2,1,0,6,11,High,1,False,51.5,Complete at least 25 more credits. Complete all prerequisite courses. Retake failed courses as soon as possible. Improve GPA to remove academic warning.
SE1804658,Average,3,6.89,120,45,75,37.5,15.0,55,3,2,1,1,0,5,11,High,1,False,38.5,Complete at least 55 more credits. Complete all prerequisite courses. Retake failed courses as soon as possible. Improve GPA to remove academic warning.
SE1804659,Recovery,2,6.58,120,28,92,23.33,14.0,72,1,4,1,0,0,6,9,Medium,0,False,37.0,Complete at least 72 more credits. Complete all prerequisite courses. Retake failed courses as soon as possible.
SE1804660,Good,6,7.12,120,100,20,83.33,16.67,0,1,0,0,0,0,6,1,Low,0,True,87.0,Retake failed courses as soon as possible.
SE1804661,Excellent,6,9.35,120,110,10,91.67,18.33,0,0,0,0,0,0,7,0,Low,0,True,95.0,You are ready for OJT.
SE1804662,Good,7,7.54,120,113,7,94.17,16.14,0,1,0,1,0,0,8,3,Low,0,False,87.5,Complete all prerequisite courses. Retake failed courses as soon as possible.
SE1804663,Recovery,6,6.16,120,101,19,84.17,16.83,0,2,3,1,1,0,7,8,Medium,0,False,67.5,Complete all prerequisite courses. Retake failed courses as soon as possible. Improve GPA to remove academic warning.
SE1804664,Good,8,7.7,120,115,5,95.83,14.38,0,0,0,0,0,0,8,0,Low,0,True,97.5,You are ready for OJT.
SE1804665,Good,4,7.39,120,81,39,67.5,20.25,19,0,0,1,0,0,5,4,Low,0,False,74.5,Complete at least 19 more credits. Complete all prerequisite courses.
SE1804666,Average,5,6.97,120,89,31,74.17,17.8,11,2,4,0,1,0,7,7,Medium,0,False,65.5,Complete at least 11 more credits. Retake failed courses as soon as possible. Improve GPA to remove academic warning.
SE1804667,Good,3,8.11,120,53,67,44.17,17.67,47,0,1,0,0,0,5,4,Low,0,False,64.5,Complete at least 47 more credits.
SE1804668,Critical,4,4.38,120,43,77,35.83,10.75,57,6,8,3,3,2,6,24,High,1,False,0.0,Complete at least 57 more credits. Complete all prerequisite courses. Retake failed courses as soon as possible. Improve GPA to remove academic warning.
SE1804669,Good,5,8.4,120,98,22,81.67,19.6,2,0,0,0,0,0,7,1,Low,0,False,89.0,Complete at least 2 more credits.
SE1804670,AtRisk,6,5.71,120,84,36,70.0,14.0,16,5,3,1,2,1,7,17,High,1,False,37.0,Complete at least 16 more credits. Complete all prerequisite courses. Retake failed courses as soon as possible. Improve GPA to remove academic warning.
SE1804671,Good,6,7.56,120,104,16,86.67,17.33,0,0,2,1,0,0,6,3,Low,0,False,82.0,Complete all prerequisite courses.
SE1804672,LateStarter,3,6.62,120,43,77,35.83,14.33,57,3,4,2,0,0,6,11,High,1,False,32.5,Complete at least 57 more credits. Complete all prerequisite courses. Retake failed courses as soon as possible.
SE1804673,Good,7,7.79,120,111,9,92.5,15.86,0,1,0,1,0,0,8,3,Low,0,False,86.5,Complete all prerequisite courses. Retake failed courses as soon as possible.
SE1804674,AtRisk,4,5.96,120,60,60,50.0,15.0,40,5,3,3,2,0,5,18,High,1,False,21.0,Complete at least 40 more credits. Complete all prerequisite courses. Retake failed courses as soon as possible. Improve GPA to remove academic warning.
SE1804675,AtRisk,4,5.31,120,52,68,43.33,13.0,48,5,6,3,1,0,6,18,High,1,False,16.0,Complete at least 48 more credits. Complete all prerequisite courses. Retake failed courses as soon as possible. Improve GPA to remove academic warning.
SE1804676,Good,2,8.48,120,34,86,28.33,17.0,66,1,1,1,0,0,5,7,Medium,0,False,46.0,Complete at least 66 more credits. Complete all prerequisite courses. Retake failed courses as soon as possible.
SE1804677,Recovery,8,6.33,120,112,8,93.33,14.0,0,2,4,1,1,0,8,8,Medium,0,False,71.0,Complete all prerequisite courses. Retake failed courses as soon as possible. Improve GPA to remove academic warning.
SE1804678,Average,4,6.86,120,63,57,52.5,15.75,37,3,2,1,0,0,5,9,Medium,0,False,52.5,Complete at least 37 more credits. Complete all prerequisite courses. Retake failed courses as soon as possible.
SE1804679,Average,3,6.86,120,46,74,38.33,15.33,54,3,2,1,1,0,5,11,High,1,False,39.0,Complete at least 54 more credits. Complete all prerequisite courses. Retake failed courses as soon as possible. Improve GPA to remove academic warning.
SE1804680,AtRisk,5,5.98,120,78,42,65.0,15.6,22,5,4,1,1,1,6,16,High,1,False,37.0,Complete at least 22 more credits. Complete all prerequisite courses. Retake failed courses as soon as possible. Improve GPA to remove academic warning.
SE1804681,LateStarter,3,6.55,120,50,70,41.67,16.67,50,2,2,1,0,0,6,8,Medium,0,False,49.0,Complete at least 50 more credits. Complete all prerequisite courses. Retake failed courses as soon as possible.
SE1804682,AtRisk,4,5.9,120,59,61,49.17,14.75,41,5,4,3,2,0,5,18,High,1,False,18.5,Complete at least 41 more credits. Complete all prerequisite courses. Retake failed courses as soon as possible. Improve GPA to remove academic warning.
SE1804683,Average,2,6.2,120,37,83,30.83,18.5,63,2,1,0,0,0,6,6,Medium,0,False,50.5,Complete at least 63 more credits. Retake failed courses as soon as possible.
SE1804684,Excellent,5,9.23,120,97,23,80.83,19.4,3,0,0,0,0,0,7,1,Low,0,False,88.5,Complete at least 3 more credits.
SE1804685,Excellent,5,9.95,120,102,18,85.0,20.4,0,0,0,0,0,0,6,0,Low,0,True,91.0,You are ready for OJT.
SE1804686,AtRisk,5,5.59,120,85,35,70.83,17.0,15,5,6,1,1,1,6,16,High,1,False,36.5,Complete at least 15 more credits. Complete all prerequisite courses. Retake failed courses as soon as possible. Improve GPA to remove academic warning.
SE1804687,Excellent,5,9.81,120,98,22,81.67,19.6,2,0,0,0,0,0,6,1,Low,0,False,89.0,Complete at least 2 more credits.
SE1804688,Average,7,6.36,120,108,12,90.0,15.43,0,3,3,2,1,0,8,10,Medium,0,False,62.0,Complete all prerequisite courses. Retake failed courses as soon as possible. Improve GPA to remove academic warning.
SE1804689,Good,5,8.12,120,99,21,82.5,19.8,1,0,1,1,0,0,6,4,Low,0,False,81.5,Complete at least 1 more credits. Complete all prerequisite courses.
SE1804690,Good,6,8.38,120,105,15,87.5,17.5,0,0,0,1,0,0,6,2,Low,0,False,86.5,Complete all prerequisite courses.
SE1804691,Average,1,6.36,120,20,100,16.67,20.0,80,3,2,1,1,0,5,11,High,1,False,26.0,Complete at least 80 more credits. Complete all prerequisite courses. Retake failed courses as soon as possible. Improve GPA to remove academic warning.
SE1804692,Good,4,7.05,120,73,47,60.83,18.25,27,1,2,0,0,0,6,4,Low,0,False,69.5,Complete at least 27 more credits. Retake failed courses as soon as possible.
SE1804693,LateStarter,4,6.71,120,72,48,60.0,18.0,28,2,3,2,1,0,6,11,High,1,False,47.0,Complete at least 28 more credits. Complete all prerequisite courses. Retake failed courses as soon as possible. Improve GPA to remove academic warning.
SE1804694,Good,6,7.86,120,100,20,83.33,16.67,0,0,1,1,0,0,6,3,Low,0,False,82.0,Complete all prerequisite courses.
SE1804695,Recovery,1,6.42,120,16,104,13.33,16.0,84,2,4,1,0,0,5,9,Medium,0,False,28.0,Complete at least 84 more credits. Complete all prerequisite courses. Retake failed courses as soon as possible.
SE1804696,Good,4,8.35,120,68,52,56.67,17.0,32,0,1,1,0,0,6,6,Medium,0,False,66.0,Complete at least 32 more credits. Complete all prerequisite courses.
SE1804697,Average,4,6.77,120,61,59,50.83,15.25,39,3,4,1,1,0,5,12,High,1,False,42.5,Complete at least 39 more credits. Complete all prerequisite courses. Retake failed courses as soon as possible. Improve GPA to remove academic warning.
SE1804698,Good,3,7.27,120,54,66,45.0,18.0,46,0,0,0,0,0,5,3,Low,0,False,67.0,Complete at least 46 more credits.
SE1804699,Average,6,6.82,120,107,13,89.17,17.83,0,1,2,1,0,0,6,5,Low,0,False,80.5,Complete all prerequisite courses. Retake failed courses as soon as possible.
SE1804700,AtRisk,6,5.09,120,91,29,75.83,15.17,9,5,4,1,1,1,6,15,High,1,False,43.5,Complete at least 9 more credits. Complete all prerequisite courses. Retake failed courses as soon as possible. Improve GPA to remove academic warning.
SE1804701,Good,2,7.23,120,40,80,33.33,20.0,60,0,1,0,0,0,6,4,Low,0,False,58.0,Complete at least 60 more credits.
SE1804702,Good,2,8.1,120,36,84,30.0,18.0,64,0,1,0,0,0,5,4,Low,0,False,56.0,Complete at least 64 more credits.
SE1804703,Average,6,6.06,120,92,28,76.67,15.33,8,1,2,0,1,0,6,6,Medium,0,False,74.0,Complete at least 8 more credits. Retake failed courses as soon as possible. Improve GPA to remove academic warning.
SE1804704,Good,3,7.09,120,59,61,49.17,19.67,41,1,2,0,0,0,5,5,Low,0,False,62.5,Complete at least 41 more credits. Retake failed courses as soon as possible.
SE1804705,AtRisk,5,5.96,120,71,49,59.17,14.2,29,5,6,2,1,1,7,18,High,1,False,23.5,Complete at least 29 more credits. Complete all prerequisite courses. Retake failed courses as soon as possible. Improve GPA to remove academic warning.
SE1804706,Average,4,6.37,120,61,59,50.83,15.25,39,3,4,1,1,0,6,12,High,1,False,42.5,Complete at least 39 more credits. Complete all prerequisite courses. Retake failed courses as soon as possible. Improve GPA to remove academic warning.
SE1804707,Excellent,3,9.33,120,54,66,45.0,18.0,46,0,0,0,0,0,5,3,Low,0,False,67.0,Complete at least 46 more credits.
SE1804708,Good,2,8.41,120,35,85,29.17,17.5,65,1,1,1,0,0,5,7,Medium,0,False,46.5,Complete at least 65 more credits. Complete all prerequisite courses. Retake failed courses as soon as possible.
SE1804709,Average,7,6.77,120,113,7,94.17,16.14,0,1,2,1,1,0,8,7,Medium,0,False,78.5,Complete all prerequisite courses. Retake failed courses as soon as possible. Improve GPA to remove academic warning.
SE1804710,AtRisk,6,5.19,120,87,33,72.5,14.5,13,5,5,1,1,0,7,14,High,1,False,47.5,Complete at least 13 more credits. Complete all prerequisite courses. Retake failed courses as soon as possible. Improve GPA to remove academic warning.
SE1804711,Average,5,6.16,120,85,35,70.83,17.0,15,3,2,0,0,0,7,5,Low,0,False,69.5,Complete at least 15 more credits. Retake failed courses as soon as possible.
SE1804712,Good,3,7.5,120,50,70,41.67,16.67,50,1,0,1,0,0,5,6,Medium,0,False,56.0,Complete at least 50 more credits. Complete all prerequisite courses. Retake failed courses as soon as possible.
SE1804713,Critical,5,4.99,120,64,56,53.33,12.8,36,5,6,3,3,1,6,22,High,1,False,4.0,Complete at least 36 more credits. Complete all prerequisite courses. Retake failed courses as soon as possible. Improve GPA to remove academic warning.
SE1804714,Average,3,6.8,120,51,69,42.5,17.0,49,2,1,2,0,0,6,9,Medium,0,False,45.5,Complete at least 49 more credits. Complete all prerequisite courses. Retake failed courses as soon as possible.
SE1804715,Excellent,4,8.73,120,81,39,67.5,20.25,19,0,0,0,0,0,6,2,Low,0,False,80.5,Complete at least 19 more credits.
SE1804716,Recovery,6,6.35,120,102,18,85.0,17.0,0,1,2,1,1,0,6,7,Medium,0,False,73.0,Complete all prerequisite courses. Retake failed courses as soon as possible. Improve GPA to remove academic warning.
SE1804717,Good,5,7.86,120,99,21,82.5,19.8,1,1,1,1,0,0,6,5,Low,0,False,78.5,Complete at least 1 more credits. Complete all prerequisite courses. Retake failed courses as soon as possible.
SE1804718,Average,8,6.34,120,115,5,95.83,14.38,0,1,2,0,0,0,8,3,Low,0,True,90.5,Retake failed courses as soon as possible.
SE1804719,Excellent,1,9.13,120,18,102,15.0,18.0,82,0,0,0,0,0,6,3,Low,0,False,49.0,Complete at least 82 more credits.
SE1804720,Average,5,6.35,120,83,37,69.17,16.6,17,2,2,2,1,0,7,10,Medium,0,False,54.5,Complete at least 17 more credits. Complete all prerequisite courses. Retake failed courses as soon as possible. Improve GPA to remove academic warning.
SE1804721,Excellent,5,9.07,120,94,26,78.33,18.8,6,0,0,0,0,0,6,1,Low,0,False,87.0,Complete at least 6 more credits.
SE1804722,Average,4,6.79,120,68,52,56.67,17.0,32,3,1,0,0,0,6,7,Medium,0,False,63.0,Complete at least 32 more credits. Retake failed courses as soon as possible.
SE1804723,AtRisk,3,5.3,120,37,83,30.83,12.33,63,3,6,3,2,1,6,20,High,1,False,1.5,Complete at least 63 more credits. Complete all prerequisite courses. Retake failed courses as soon as possible. Improve GPA to remove academic warning.
SE1804724,Critical,4,4.67,120,58,62,48.33,14.5,42,7,5,4,3,2,6,24,High,1,False,0.0,Complete at least 42 more credits. Complete all prerequisite courses. Retake failed courses as soon as possible. Improve GPA to remove academic warning.
SE1804725,Average,3,6.42,120,49,71,40.83,16.33,51,1,3,1,0,0,5,9,Medium,0,False,49.5,Complete at least 51 more credits. Complete all prerequisite courses. Retake failed courses as soon as possible.
SE1804726,Average,3,6.72,120,48,72,40.0,16.0,52,1,4,2,0,0,5,10,Medium,0,False,41.0,Complete at least 52 more credits. Complete all prerequisite courses. Retake failed courses as soon as possible.
SE1804727,Good,2,7.99,120,46,74,38.33,23.0,54,0,1,0,0,0,6,4,Low,0,False,61.0,Complete at least 54 more credits.
SE1804728,Good,2,7.91,120,39,81,32.5,19.5,61,1,2,0,0,0,5,5,Low,0,False,52.5,Complete at least 61 more credits. Retake failed courses as soon as possible.
SE1804729,AtRisk,7,5.74,120,97,23,80.83,13.86,3,3,5,1,2,1,8,16,High,1,False,45.5,Complete at least 3 more credits. Complete all prerequisite courses. Retake failed courses as soon as possible. Improve GPA to remove academic warning.
SE1804730,Average,3,6.54,120,45,75,37.5,15.0,55,2,4,2,1,0,6,12,High,1,False,31.5,Complete at least 55 more credits. Complete all prerequisite courses. Retake failed courses as soon as possible. Improve GPA to remove academic warning.
SE1804731,Good,4,8.4,120,71,49,59.17,17.75,29,0,1,0,0,0,5,3,Low,0,False,73.5,Complete at least 29 more credits.
SE1804732,AtRisk,5,5.11,120,77,43,64.17,15.4,23,4,3,2,2,1,6,17,High,1,False,30.5,Complete at least 23 more credits. Complete all prerequisite courses. Retake failed courses as soon as possible. Improve GPA to remove academic warning.
SE1804733,Good,5,7.72,120,99,21,82.5,19.8,1,0,0,1,0,0,6,3,Low,0,False,83.5,Complete at least 1 more credits. Complete all prerequisite courses.
SE1804734,Average,6,6.06,120,97,23,80.83,16.17,3,3,2,2,0,0,6,8,Medium,0,False,63.5,Complete at least 3 more credits. Complete all prerequisite courses. Retake failed courses as soon as possible.
SE1804735,LateStarter,3,6.8,120,35,85,29.17,11.67,65,4,5,1,0,0,5,11,High,1,False,29.5,Complete at least 65 more credits. Complete all prerequisite courses. Retake failed courses as soon as possible.
SE1804736,Good,2,7.06,120,38,82,31.67,19.0,62,0,0,0,0,0,5,3,Low,0,False,59.0,Complete at least 62 more credits.
SE1804737,Good,4,7.78,120,75,45,62.5,18.75,25,1,0,1,0,0,6,5,Low,0,False,68.5,Complete at least 25 more credits. Complete all prerequisite courses. Retake failed courses as soon as possible.
SE1804738,Average,6,6.64,120,100,20,83.33,16.67,0,1,3,2,0,0,6,7,Medium,0,False,69.0,Complete all prerequisite courses. Retake failed courses as soon as possible.
SE1804739,Good,1,7.52,120,20,100,16.67,20.0,80,0,1,1,0,0,5,6,Medium,0,False,42.0,Complete at least 80 more credits. Complete all prerequisite courses.
SE1804740,Good,3,7.58,120,51,69,42.5,17.0,49,1,0,0,0,0,5,4,Low,0,False,62.5,Complete at least 49 more credits. Retake failed courses as soon as possible.
SE1804741,Critical,4,3.64,120,46,74,38.33,11.5,54,7,6,3,2,1,6,22,High,1,False,0.0,Complete at least 54 more credits. Complete all prerequisite courses. Retake failed courses as soon as possible. Improve GPA to remove academic warning.
SE1804742,Good,6,8.44,120,100,20,83.33,16.67,0,1,2,1,0,0,7,4,Low,0,False,77.0,Complete all prerequisite courses. Retake failed courses as soon as possible.
SE1804743,Good,6,7.05,120,103,17,85.83,17.17,0,1,0,0,0,0,7,1,Low,0,True,88.5,Retake failed courses as soon as possible.
SE1804744,Good,5,7.81,120,92,28,76.67,18.4,8,1,2,0,0,0,7,3,Low,0,False,79.0,Complete at least 8 more credits. Retake failed courses as soon as possible.
SE1804745,AtRisk,1,5.6,120,18,102,15.0,18.0,82,3,5,1,1,1,5,17,High,1,False,11.0,Complete at least 82 more credits. Complete all prerequisite courses. Retake failed courses as soon as possible. Improve GPA to remove academic warning.
SE1804746,Excellent,1,9.9,120,23,97,19.17,23.0,77,0,0,0,0,0,5,3,Low,0,False,51.5,Complete at least 77 more credits.
SE1804747,AtRisk,5,5.5,120,73,47,60.83,14.6,27,5,6,3,1,0,6,17,High,1,False,26.5,Complete at least 27 more credits. Complete all prerequisite courses. Retake failed courses as soon as possible. Improve GPA to remove academic warning.
SE1804748,Average,4,6.89,120,62,58,51.67,15.5,38,2,3,2,0,0,6,10,Medium,0,False,47.0,Complete at least 38 more credits. Complete all prerequisite courses. Retake failed courses as soon as possible.
SE1804749,Average,3,6.33,120,45,75,37.5,15.0,55,1,4,1,1,0,6,11,High,1,False,40.5,Complete at least 55 more credits. Complete all prerequisite courses. Retake failed courses as soon as possible. Improve GPA to remove academic warning.
SE1804750,Good,7,7.65,120,117,3,97.5,16.71,0,1,1,1,0,0,8,4,Low,0,False,87.5,Complete all prerequisite courses. Retake failed courses as soon as possible.
SE1804751,Excellent,2,9.65,120,45,75,37.5,22.5,55,0,0,0,0,0,5,3,Low,0,False,62.5,Complete at least 55 more credits.
SE1804752,AtRisk,4,5.49,120,66,54,55.0,16.5,34,3,6,2,2,0,5,17,High,1,False,30.0,Complete at least 34 more credits. Complete all prerequisite courses. Retake failed courses as soon as possible. Improve GPA to remove academic warning.
SE1804753,Average,4,6.88,120,68,52,56.67,17.0,32,1,2,2,1,0,5,11,High,1,False,50.0,Complete at least 32 more credits. Complete all prerequisite courses. Retake failed courses as soon as possible. Improve GPA to remove academic warning.
SE1804754,Good,5,8.48,120,95,25,79.17,19.0,5,0,0,0,0,0,7,1,Low,0,False,87.5,Complete at least 5 more credits.
SE1804755,Excellent,5,9.46,120,90,30,75.0,18.0,10,0,0,0,0,0,6,1,Low,0,False,85.0,Complete at least 10 more credits.
SE1804756,Good,6,7.6,120,110,10,91.67,18.33,0,1,2,1,0,0,6,4,Low,0,False,82.0,Complete all prerequisite courses. Retake failed courses as soon as possible.
SE1804757,Average,1,6.24,120,16,104,13.33,16.0,84,3,2,2,1,0,6,12,High,1,False,18.0,Complete at least 84 more credits. Complete all prerequisite courses. Retake failed courses as soon as possible. Improve GPA to remove academic warning.
SE1804758,Good,4,8.15,120,74,46,61.67,18.5,26,0,0,0,0,0,6,2,Low,0,False,77.0,Complete at least 26 more credits.
SE1804759,Good,4,8.49,120,74,46,61.67,18.5,26,0,2,1,0,0,5,5,Low,0,False,67.0,Complete at least 26 more credits. Complete all prerequisite courses.
SE1804760,Average,4,6.91,120,61,59,50.83,15.25,39,3,2,0,1,0,6,9,Medium,0,False,52.5,Complete at least 39 more credits. Retake failed courses as soon as possible. Improve GPA to remove academic warning.
SE1804761,Excellent,5,9.64,120,91,29,75.83,18.2,9,0,0,0,0,0,6,1,Low,0,False,85.5,Complete at least 9 more credits.
SE1804762,Average,5,6.77,120,84,36,70.0,16.8,16,2,2,1,0,0,6,7,Medium,0,False,66.0,Complete at least 16 more credits. Complete all prerequisite courses. Retake failed courses as soon as possible.
SE1804763,Good,5,7.89,120,100,20,83.33,20.0,0,0,1,1,0,0,6,3,Low,0,False,82.0,Complete all prerequisite courses.
SE1804764,AtRisk,7,5.61,120,98,22,81.67,14.0,2,4,6,3,2,0,8,16,High,1,False,37.0,Complete at least 2 more credits. Complete all prerequisite courses. Retake failed courses as soon as possible. Improve GPA to remove academic warning.
SE1804765,Good,6,7.14,120,107,13,89.17,17.83,0,1,2,0,0,0,7,2,Low,0,True,86.5,Retake failed courses as soon as possible.
SE1804766,Average,4,6.96,120,61,59,50.83,15.25,39,2,2,1,1,0,5,10,Medium,0,False,49.5,Complete at least 39 more credits. Complete all prerequisite courses. Retake failed courses as soon as possible. Improve GPA to remove academic warning.
SE1804767,Good,4,7.96,120,78,42,65.0,19.5,22,0,0,1,0,0,6,4,Low,0,False,73.0,Complete at least 22 more credits. Complete all prerequisite courses.
SE1804768,Excellent,3,9.37,120,57,63,47.5,19.0,43,0,0,0,0,0,6,3,Low,0,False,68.5,Complete at least 43 more credits.
SE1804769,Critical,4,4.05,120,46,74,38.33,11.5,54,7,5,3,2,2,6,24,High,1,False,0.0,Complete at least 54 more credits. Complete all prerequisite courses. Retake failed courses as soon as possible. Improve GPA to remove academic warning.
SE1804770,Good,5,7.2,120,88,32,73.33,17.6,12,0,0,0,0,0,6,1,Low,0,False,84.0,Complete at least 12 more credits.
SE1804771,Good,4,8.28,120,69,51,57.5,17.25,31,0,0,0,0,0,5,3,Low,0,False,74.5,Complete at least 31 more credits.
SE1804772,Good,2,8.14,120,34,86,28.33,17.0,66,0,2,1,0,0,6,6,Medium,0,False,47.0,Complete at least 66 more credits. Complete all prerequisite courses.
SE1804773,Good,4,7.13,120,68,52,56.67,17.0,32,1,1,1,0,0,5,7,Medium,0,False,63.0,Complete at least 32 more credits. Complete all prerequisite courses. Retake failed courses as soon as possible.
SE1804774,Good,6,7.43,120,110,10,91.67,18.33,0,1,2,0,0,0,6,2,Low,0,True,88.0,Retake failed courses as soon as possible.
SE1804775,Average,8,6.68,120,115,5,95.83,14.38,0,1,4,0,0,0,8,4,Low,0,True,86.5,Retake failed courses as soon as possible.
SE1804776,Good,5,8.28,120,88,32,73.33,17.6,12,0,2,1,0,0,7,4,Low,0,False,74.0,Complete at least 12 more credits. Complete all prerequisite courses.
SE1804777,Critical,4,4.57,120,58,62,48.33,14.5,42,6,5,4,3,2,6,24,High,1,False,0.0,Complete at least 42 more credits. Complete all prerequisite courses. Retake failed courses as soon as possible. Improve GPA to remove academic warning.
SE1804778,Recovery,6,6.42,120,104,16,86.67,17.33,0,1,2,1,1,0,6,7,Medium,0,False,74.0,Complete all prerequisite courses. Retake failed courses as soon as possible. Improve GPA to remove academic warning.
SE1804779,Critical,7,4.29,120,83,37,69.17,11.86,17,6,7,4,3,2,8,23,High,1,False,0.0,Complete at least 17 more credits. Complete all prerequisite courses. Retake failed courses as soon as possible. Improve GPA to remove academic warning.
SE1804780,Excellent,5,8.96,120,97,23,80.83,19.4,3,0,0,0,0,0,6,1,Low,0,False,88.5,Complete at least 3 more credits.
SE1804781,Average,4,6.22,120,74,46,61.67,18.5,26,3,3,1,1,0,5,11,High,1,False,51.0,Complete at least 26 more credits. Complete all prerequisite courses. Retake failed courses as soon as possible. Improve GPA to remove academic warning.
SE1804782,Average,3,6.25,120,56,64,46.67,18.67,44,3,1,0,0,0,5,7,Medium,0,False,57.0,Complete at least 44 more credits. Retake failed courses as soon as possible.
SE1804783,Average,4,6.79,120,65,55,54.17,16.25,35,1,3,1,0,0,5,9,Medium,0,False,57.5,Complete at least 35 more credits. Complete all prerequisite courses. Retake failed courses as soon as possible.
SE1804784,AtRisk,6,5.16,120,95,25,79.17,15.83,5,4,6,3,1,1,6,17,High,1,False,32.5,Complete at least 5 more credits. Complete all prerequisite courses. Retake failed courses as soon as possible. Improve GPA to remove academic warning.
SE1804785,Excellent,4,9.84,120,77,43,64.17,19.25,23,0,0,0,0,0,6,2,Low,0,False,78.5,Complete at least 23 more credits.
SE1804786,Good,2,7.86,120,42,78,35.0,21.0,58,1,1,0,0,0,6,5,Low,0,False,56.0,Complete at least 58 more credits. Retake failed courses as soon as possible.
SE1804787,Excellent,3,9.36,120,60,60,50.0,20.0,40,0,0,0,0,0,5,3,Low,0,False,70.0,Complete at least 40 more credits.
SE1804788,Average,8,6.29,120,116,4,96.67,14.5,0,2,1,0,1,0,8,5,Low,0,True,85.0,Retake failed courses as soon as possible. Improve GPA to remove academic warning.
SE1804789,LateStarter,3,6.76,120,42,78,35.0,14.0,58,2,4,2,0,0,6,10,Medium,0,False,35.0,Complete at least 58 more credits. Complete all prerequisite courses. Retake failed courses as soon as possible.
SE1804790,Excellent,6,9.7,120,106,14,88.33,17.67,0,0,0,0,0,0,6,0,Low,0,True,93.0,You are ready for OJT.
SE1804791,Good,4,8.14,120,80,40,66.67,20.0,20,0,0,1,0,0,5,4,Low,0,False,74.0,Complete at least 20 more credits. Complete all prerequisite courses.
SE1804792,Average,2,6.98,120,41,79,34.17,20.5,59,2,3,1,0,0,5,9,Medium,0,False,42.5,Complete at least 59 more credits. Complete all prerequisite courses. Retake failed courses as soon as possible.
SE1804793,AtRisk,5,5.11,120,83,37,69.17,16.6,17,5,5,1,2,0,7,16,High,1,False,40.5,Complete at least 17 more credits. Complete all prerequisite courses. Retake failed courses as soon as possible. Improve GPA to remove academic warning.
SE1804794,AtRisk,3,5.52,120,38,82,31.67,12.67,62,3,4,3,2,0,5,17,High,1,False,14.0,Complete at least 62 more credits. Complete all prerequisite courses. Retake failed courses as soon as possible. Improve GPA to remove academic warning.
SE1804795,Average,4,6.44,120,70,50,58.33,17.5,30,2,1,0,1,0,6,7,Medium,0,False,62.0,Complete at least 30 more credits. Retake failed courses as soon as possible. Improve GPA to remove academic warning.
SE1804796,Average,7,6.63,120,112,8,93.33,16.0,0,3,1,2,0,0,8,7,Medium,0,False,73.0,Complete all prerequisite courses. Retake failed courses as soon as possible.
SE1804797,Critical,3,4.99,120,29,91,24.17,9.67,71,7,6,3,3,2,5,24,High,1,False,0.0,Complete at least 71 more credits. Complete all prerequisite courses. Retake failed courses as soon as possible. Improve GPA to remove academic warning.
SE1804798,LateStarter,5,6.29,120,91,29,75.83,18.2,9,4,3,0,1,0,7,8,Medium,0,False,62.5,Complete at least 9 more credits. Retake failed courses as soon as possible. Improve GPA to remove academic warning.
SE1804799,AtRisk,5,5.5,120,73,47,60.83,14.6,27,5,5,3,1,1,7,19,High,1,False,20.5,Complete at least 27 more credits. Complete all prerequisite courses. Retake failed courses as soon as possible. Improve GPA to remove academic warning.
SE1804800,Average,2,6.52,120,41,79,34.17,20.5,59,2,3,2,1,0,5,12,High,1,False,31.5,Complete at least 59 more credits. Complete all prerequisite courses. Retake failed courses as soon as possible. Improve GPA to remove academic warning.
SE1804801,Excellent,4,8.89,120,78,42,65.0,19.5,22,0,0,0,0,0,6,2,Low,0,False,79.0,Complete at least 22 more credits.
SE1804802,Good,6,7.09,120,111,9,92.5,18.5,0,0,1,1,0,0,7,3,Low,0,False,87.5,Complete all prerequisite courses.
SE1804803,AtRisk,4,5.25,120,67,53,55.83,16.75,33,4,6,2,2,1,6,19,High,1,False,19.5,Complete at least 33 more credits. Complete all prerequisite courses. Retake failed courses as soon as possible. Improve GPA to remove academic warning.
SE1804804,Excellent,3,9.91,120,61,59,50.83,20.33,39,0,0,0,0,0,6,3,Low,0,False,70.5,Complete at least 39 more credits.
SE1804805,Good,6,8.16,120,108,12,90.0,18.0,0,0,1,1,0,0,6,3,Low,0,False,86.0,Complete all prerequisite courses.
SE1804806,Average,7,6.37,120,111,9,92.5,15.86,0,2,2,1,1,0,8,7,Medium,0,False,74.5,Complete all prerequisite courses. Retake failed courses as soon as possible. Improve GPA to remove academic warning.
SE1804807,Good,6,7.02,120,112,8,93.33,18.67,0,1,2,0,0,0,7,2,Low,0,True,89.0,Retake failed courses as soon as possible.
SE1804808,Good,4,7.44,120,70,50,58.33,17.5,30,0,2,0,0,0,5,3,Low,0,False,71.0,Complete at least 30 more credits.
SE1804809,Good,6,7.74,120,106,14,88.33,17.67,0,1,2,0,0,0,7,2,Low,0,True,86.0,Retake failed courses as soon as possible.
SE1804810,Good,5,7.9,120,95,25,79.17,19.0,5,0,1,0,0,0,7,2,Low,0,False,85.5,Complete at least 5 more credits.
SE1804811,Excellent,6,9.65,120,113,7,94.17,18.83,0,0,0,0,0,0,6,0,Low,0,True,96.5,You are ready for OJT.
SE1804812,AtRisk,5,5.66,120,75,45,62.5,15.0,25,5,5,2,2,0,7,17,High,1,False,30.5,Complete at least 25 more credits. Complete all prerequisite courses. Retake failed courses as soon as possible. Improve GPA to remove academic warning.
SE1804813,Excellent,5,9.99,120,98,22,81.67,19.6,2,0,0,0,0,0,7,1,Low,0,False,89.0,Complete at least 2 more credits.
SE1804814,Average,6,6.83,120,97,23,80.83,16.17,3,2,2,1,1,0,6,8,Medium,0,False,67.5,Complete at least 3 more credits. Complete all prerequisite courses. Retake failed courses as soon as possible. Improve GPA to remove academic warning.
SE1804815,Good,4,7.68,120,75,45,62.5,18.75,25,0,1,1,0,0,5,5,Low,0,False,69.5,Complete at least 25 more credits. Complete all prerequisite courses.
SE1804816,Excellent,4,9.07,120,79,41,65.83,19.75,21,0,0,0,0,0,6,2,Low,0,False,79.5,Complete at least 21 more credits.
SE1804817,Excellent,5,8.82,120,92,28,76.67,18.4,8,0,0,0,0,0,7,1,Low,0,False,86.0,Complete at least 8 more credits.
SE1804818,Good,5,7.98,120,97,23,80.83,19.4,3,1,1,1,0,0,6,5,Low,0,False,77.5,Complete at least 3 more credits. Complete all prerequisite courses. Retake failed courses as soon as possible.
SE1804819,Good,4,8.45,120,78,42,65.0,19.5,22,0,0,1,0,0,6,4,Low,0,False,73.0,Complete at least 22 more credits. Complete all prerequisite courses.
SE1804820,Average,8,6.45,120,114,6,95.0,14.25,0,2,1,2,1,0,8,8,Medium,0,False,72.0,Complete all prerequisite courses. Retake failed courses as soon as possible. Improve GPA to remove academic warning.
SE1804821,Average,2,6.45,120,35,85,29.17,17.5,65,3,2,0,1,0,5,9,Medium,0,False,39.5,Complete at least 65 more credits. Retake failed courses as soon as possible. Improve GPA to remove academic warning.
SE1804822,LateStarter,1,6.82,120,14,106,11.67,14.0,86,2,3,1,0,0,6,9,Medium,0,False,29.0,Complete at least 86 more credits. Complete all prerequisite courses. Retake failed courses as soon as possible.
SE1804823,Good,8,7.71,120,113,7,94.17,14.12,0,0,1,1,0,0,8,3,Low,0,False,88.5,Complete all prerequisite courses.
SE1804824,Recovery,5,6.63,120,83,37,69.17,16.6,17,1,3,0,0,0,6,6,Medium,0,False,72.5,Complete at least 17 more credits. Retake failed courses as soon as possible.
SE1804825,Average,4,6.42,120,66,54,55.0,16.5,34,1,2,0,1,0,6,8,Medium,0,False,61.0,Complete at least 34 more credits. Retake failed courses as soon as possible. Improve GPA to remove academic warning.
SE1804826,Good,3,7.6,120,54,66,45.0,18.0,46,0,1,1,0,0,6,6,Medium,0,False,59.0,Complete at least 46 more credits. Complete all prerequisite courses.
SE1804827,Good,5,8.1,120,99,21,82.5,19.8,1,0,2,0,0,0,6,2,Low,0,False,85.5,Complete at least 1 more credits.
SE1804828,Good,3,7.6,120,55,65,45.83,18.33,45,0,1,1,0,0,5,6,Medium,0,False,59.5,Complete at least 45 more credits. Complete all prerequisite courses.
SE1804829,Good,5,7.72,120,93,27,77.5,18.6,7,1,2,0,0,0,6,3,Low,0,False,79.5,Complete at least 7 more credits. Retake failed courses as soon as possible.
SE1804830,Excellent,6,9.7,120,108,12,90.0,18.0,0,0,0,0,0,0,7,0,Low,0,True,94.0,You are ready for OJT.
SE1804831,Critical,5,4.27,120,62,58,51.67,12.4,38,8,8,2,3,2,7,23,High,1,False,0.0,Complete at least 38 more credits. Complete all prerequisite courses. Retake failed courses as soon as possible. Improve GPA to remove academic warning.
SE1804832,AtRisk,6,5.5,120,85,35,70.83,14.17,15,3,6,1,1,1,7,15,High,1,False,42.5,Complete at least 15 more credits. Complete all prerequisite courses. Retake failed courses as soon as possible. Improve GPA to remove academic warning.
SE1804833,AtRisk,5,5.63,120,80,40,66.67,16.0,20,5,3,2,1,1,6,17,High,1,False,34.0,Complete at least 20 more credits. Complete all prerequisite courses. Retake failed courses as soon as possible. Improve GPA to remove academic warning.
SE1804834,Average,6,6.75,120,94,26,78.33,15.67,6,3,2,1,1,0,6,9,Medium,0,False,63.0,Complete at least 6 more credits. Complete all prerequisite courses. Retake failed courses as soon as possible. Improve GPA to remove academic warning.
SE1804835,Average,6,6.34,120,105,15,87.5,17.5,0,3,4,2,0,0,6,8,Medium,0,False,63.5,Complete all prerequisite courses. Retake failed courses as soon as possible.
SE1804836,Average,2,6.12,120,32,88,26.67,16.0,68,1,2,2,0,0,5,9,Medium,0,False,37.0,Complete at least 68 more credits. Complete all prerequisite courses. Retake failed courses as soon as possible.
SE1804837,Good,6,8.16,120,112,8,93.33,18.67,0,1,2,1,0,0,7,4,Low,0,False,83.0,Complete all prerequisite courses. Retake failed courses as soon as possible.
SE1804838,Excellent,5,9.63,120,102,18,85.0,20.4,0,0,0,0,0,0,6,0,Low,0,True,91.0,You are ready for OJT.
SE1804839,Critical,3,4.96,120,32,88,26.67,10.67,68,8,5,2,2,1,6,21,High,1,False,0.0,Complete at least 68 more credits. Complete all prerequisite courses. Retake failed courses as soon as possible. Improve GPA to remove academic warning.
SE1804840,Good,3,7.0,120,55,65,45.83,18.33,45,1,1,0,0,0,5,5,Low,0,False,62.5,Complete at least 45 more credits. Retake failed courses as soon as possible.
SE1804841,Good,8,7.4,120,117,3,97.5,14.62,0,0,2,0,0,0,8,1,Low,0,True,94.5,You are ready for OJT.
SE1804842,Average,6,6.98,120,93,27,77.5,15.5,7,3,1,0,1,0,6,7,Medium,0,False,70.5,Complete at least 7 more credits. Retake failed courses as soon as possible. Improve GPA to remove academic warning.
SE1804843,Average,4,6.94,120,64,56,53.33,16.0,36,1,3,2,1,0,6,12,High,1,False,46.0,Complete at least 36 more credits. Complete all prerequisite courses. Retake failed courses as soon as possible. Improve GPA to remove academic warning.
SE1804844,Excellent,5,8.54,120,92,28,76.67,18.4,8,0,0,0,0,0,6,1,Low,0,False,86.0,Complete at least 8 more credits.
SE1804845,LateStarter,4,6.82,120,64,56,53.33,16.0,36,2,4,1,0,0,6,9,Medium,0,False,52.0,Complete at least 36 more credits. Complete all prerequisite courses. Retake failed courses as soon as possible.
SE1804846,Good,2,8.27,120,40,80,33.33,20.0,60,0,0,1,0,0,5,5,Low,0,False,54.0,Complete at least 60 more credits. Complete all prerequisite courses.
SE1804847,AtRisk,8,5.78,120,111,9,92.5,13.88,0,3,4,2,2,0,8,13,High,1,False,56.5,Complete all prerequisite courses. Retake failed courses as soon as possible. Improve GPA to remove academic warning.
SE1804848,Recovery,5,6.8,120,86,34,71.67,17.2,14,1,3,1,0,0,7,7,Medium,0,False,68.0,Complete at least 14 more credits. Complete all prerequisite courses. Retake failed courses as soon as possible.
SE1804849,Good,6,7.49,120,105,15,87.5,17.5,0,0,2,1,0,0,7,3,Low,0,False,82.5,Complete all prerequisite courses.
SE1804850,Excellent,4,9.65,120,79,41,65.83,19.75,21,0,0,0,0,0,5,2,Low,0,False,79.5,Complete at least 21 more credits.
SE1804851,Average,5,6.23,120,82,38,68.33,16.4,18,3,4,1,1,0,6,11,High,1,False,53.0,Complete at least 18 more credits. Complete all prerequisite courses. Retake failed courses as soon as possible. Improve GPA to remove academic warning.
SE1804852,Average,5,6.36,120,82,38,68.33,16.4,18,3,3,2,1,0,7,12,High,1,False,49.0,Complete at least 18 more credits. Complete all prerequisite courses. Retake failed courses as soon as possible. Improve GPA to remove academic warning.
SE1804853,Average,3,6.26,120,54,66,45.0,18.0,46,1,1,2,0,0,6,9,Medium,0,False,50.0,Complete at least 46 more credits. Complete all prerequisite courses. Retake failed courses as soon as possible.
SE1804854,Average,6,6.6,120,93,27,77.5,15.5,7,1,4,0,0,0,7,5,Low,0,False,75.5,Complete at least 7 more credits. Retake failed courses as soon as possible.
SE1804855,Good,2,7.08,120,42,78,35.0,21.0,58,1,2,1,0,0,5,7,Medium,0,False,48.0,Complete at least 58 more credits. Complete all prerequisite courses. Retake failed courses as soon as possible.
SE1804856,Average,4,6.94,120,62,58,51.67,15.5,38,1,3,0,1,0,6,9,Medium,0,False,57.0,Complete at least 38 more credits. Retake failed courses as soon as possible. Improve GPA to remove academic warning.
SE1804857,Excellent,2,8.61,120,37,83,30.83,18.5,63,0,0,0,0,0,5,3,Low,0,False,58.5,Complete at least 63 more credits.
SE1804858,Excellent,3,9.73,120,58,62,48.33,19.33,42,0,0,0,0,0,5,3,Low,0,False,69.0,Complete at least 42 more credits.
SE1804859,Critical,5,4.51,120,60,60,50.0,12.0,40,7,7,2,3,1,7,21,High,1,False,0.0,Complete at least 40 more credits. Complete all prerequisite courses. Retake failed courses as soon as possible. Improve GPA to remove academic warning.
SE1804860,AtRisk,4,5.27,120,53,67,44.17,13.25,47,3,6,1,1,0,5,15,High,1,False,34.5,Complete at least 47 more credits. Complete all prerequisite courses. Retake failed courses as soon as possible. Improve GPA to remove academic warning.
SE1804861,Average,2,6.14,120,34,86,28.33,17.0,66,1,4,1,0,0,5,9,Medium,0,False,40.0,Complete at least 66 more credits. Complete all prerequisite courses. Retake failed courses as soon as possible.
SE1804862,Critical,3,4.94,120,30,90,25.0,10.0,70,7,5,4,3,2,5,24,High,1,False,0.0,Complete at least 70 more credits. Complete all prerequisite courses. Retake failed courses as soon as possible. Improve GPA to remove academic warning.
SE1804863,Recovery,4,5.88,120,59,61,49.17,14.75,41,2,3,1,0,0,5,11,High,1,False,51.5,Complete at least 41 more credits. Complete all prerequisite courses. Retake failed courses as soon as possible.
SE1804864,Excellent,3,8.81,120,65,55,54.17,21.67,35,0,0,0,0,0,6,3,Low,0,False,72.5,Complete at least 35 more credits.
SE1804865,LateStarter,5,6.59,120,92,28,76.67,18.4,8,2,3,0,0,0,7,5,Low,0,False,74.0,Complete at least 8 more credits. Retake failed courses as soon as possible.
SE1804866,Excellent,3,8.92,120,56,64,46.67,18.67,44,0,0,0,0,0,6,3,Low,0,False,68.0,Complete at least 44 more credits.
SE1804867,LateStarter,4,7.2,120,55,65,45.83,13.75,45,3,4,0,1,0,5,9,Medium,0,False,45.5,Complete at least 45 more credits. Retake failed courses as soon as possible. Improve GPA to remove academic warning.
SE1804868,Average,3,6.15,120,52,68,43.33,17.33,48,2,2,0,0,0,5,6,Medium,0,False,56.0,Complete at least 48 more credits. Retake failed courses as soon as possible.
SE1804869,Average,7,6.12,120,101,19,84.17,14.43,0,2,1,1,1,0,8,7,Medium,0,False,71.5,Complete all prerequisite courses. Retake failed courses as soon as possible. Improve GPA to remove academic warning.
SE1804870,Good,4,7.82,120,77,43,64.17,19.25,23,1,2,1,0,0,6,6,Medium,0,False,65.5,Complete at least 23 more credits. Complete all prerequisite courses. Retake failed courses as soon as possible.
SE1804871,Good,3,7.21,120,57,63,47.5,19.0,43,0,0,1,0,0,6,5,Low,0,False,62.5,Complete at least 43 more credits. Complete all prerequisite courses.
SE1804872,Recovery,5,6.37,120,78,42,65.0,15.6,22,1,2,0,0,0,6,5,Low,0,False,72.0,Complete at least 22 more credits. Retake failed courses as soon as possible.
SE1804873,Good,6,7.97,120,103,17,85.83,17.17,0,1,0,0,0,0,7,1,Low,0,True,88.5,Retake failed courses as soon as possible.
SE1804874,Average,2,6.98,120,31,89,25.83,15.5,69,2,3,1,0,0,5,9,Medium,0,False,37.5,Complete at least 69 more credits. Complete all prerequisite courses. Retake failed courses as soon as possible.
SE1804875,Excellent,2,8.71,120,37,83,30.83,18.5,63,0,0,0,0,0,5,3,Low,0,False,58.5,Complete at least 63 more credits.
SE1804876,Excellent,4,9.75,120,74,46,61.67,18.5,26,0,0,0,0,0,5,2,Low,0,False,77.0,Complete at least 26 more credits.
SE1804877,LateStarter,4,6.86,120,59,61,49.17,14.75,41,4,3,1,1,0,5,12,High,1,False,40.5,Complete at least 41 more credits. Complete all prerequisite courses. Retake failed courses as soon as possible. Improve GPA to remove academic warning.
SE1804878,Average,5,6.56,120,92,28,76.67,18.4,8,3,4,2,1,0,7,11,High,1,False,52.0,Complete at least 8 more credits. Complete all prerequisite courses. Retake failed courses as soon as possible. Improve GPA to remove academic warning.
SE1804879,Average,5,6.64,120,89,31,74.17,17.8,11,1,1,0,1,0,7,6,Medium,0,False,74.5,Complete at least 11 more credits. Retake failed courses as soon as possible. Improve GPA to remove academic warning.
SE1804880,Average,6,6.61,120,104,16,86.67,17.33,0,2,2,2,1,0,6,8,Medium,0,False,65.0,Complete all prerequisite courses. Retake failed courses as soon as possible. Improve GPA to remove academic warning.
SE1804881,Good,4,7.04,120,68,52,56.67,17.0,32,1,0,0,0,0,6,4,Low,0,False,71.0,Complete at least 32 more credits. Retake failed courses as soon as possible.
SE1804882,Excellent,7,9.03,120,114,6,95.0,16.29,0,0,0,0,0,0,8,0,Low,0,True,97.0,You are ready for OJT.
SE1804883,Critical,6,4.22,120,65,55,54.17,10.83,35,7,6,2,3,1,6,21,High,1,False,4.5,Complete at least 35 more credits. Complete all prerequisite courses. Retake failed courses as soon as possible. Improve GPA to remove academic warning.
SE1804884,Average,7,6.21,120,102,18,85.0,14.57,0,2,2,0,0,0,8,3,Low,0,True,81.0,Retake failed courses as soon as possible.
SE1804885,Critical,7,4.14,120,90,30,75.0,12.86,10,8,7,4,3,2,8,22,High,1,False,0.0,Complete at least 10 more credits. Complete all prerequisite courses. Retake failed courses as soon as possible. Improve GPA to remove academic warning.
SE1804886,Average,1,6.11,120,20,100,16.67,20.0,80,3,3,0,0,0,6,8,Medium,0,False,35.0,Complete at least 80 more credits. Retake failed courses as soon as possible.
SE1804887,Average,7,6.13,120,101,19,84.17,14.43,0,1,4,0,1,0,8,6,Medium,0,True,74.5,Retake failed courses as soon as possible. Improve GPA to remove academic warning.
SE1804888,Recovery,4,5.81,120,64,56,53.33,16.0,36,2,2,0,1,0,6,10,Medium,0,False,57.0,Complete at least 36 more credits. Retake failed courses as soon as possible. Improve GPA to remove academic warning.
SE1804889,Good,4,8.07,120,72,48,60.0,18.0,28,1,2,0,0,0,6,4,Low,0,False,69.0,Complete at least 28 more credits. Retake failed courses as soon as possible.
SE1804890,Average,5,6.34,120,80,40,66.67,16.0,20,3,1,1,1,0,6,10,Medium,0,False,58.0,Complete at least 20 more credits. Complete all prerequisite courses. Retake failed courses as soon as possible. Improve GPA to remove academic warning.
SE1804891,Critical,6,4.24,120,73,47,60.83,12.17,27,7,7,2,2,1,7,20,High,1,False,11.5,Complete at least 27 more credits. Complete all prerequisite courses. Retake failed courses as soon as possible. Improve GPA to remove academic warning.
SE1804892,AtRisk,6,5.6,120,87,33,72.5,14.5,13,4,5,1,2,0,7,14,High,1,False,45.5,Complete at least 13 more credits. Complete all prerequisite courses. Retake failed courses as soon as possible. Improve GPA to remove academic warning.
SE1804893,Good,7,7.43,120,116,4,96.67,16.57,0,1,2,1,0,0,8,4,Low,0,False,85.0,Complete all prerequisite courses. Retake failed courses as soon as possible.
SE1804894,Average,2,6.07,120,32,88,26.67,16.0,68,3,4,2,1,0,6,13,High,1,False,22.0,Complete at least 68 more credits. Complete all prerequisite courses. Retake failed courses as soon as possible. Improve GPA to remove academic warning.
SE1804895,AtRisk,4,5.58,120,64,56,53.33,16.0,36,5,5,2,1,1,5,19,High,1,False,22.0,Complete at least 36 more credits. Complete all prerequisite courses. Retake failed courses as soon as possible. Improve GPA to remove academic warning.
SE1804896,Average,3,6.63,120,46,74,38.33,15.33,54,3,1,1,1,0,6,11,High,1,False,41.0,Complete at least 54 more credits. Complete all prerequisite courses. Retake failed courses as soon as possible. Improve GPA to remove academic warning.
SE1804897,Critical,2,3.82,120,23,97,19.17,11.5,77,7,7,3,3,2,5,24,High,1,False,0.0,Complete at least 77 more credits. Complete all prerequisite courses. Retake failed courses as soon as possible. Improve GPA to remove academic warning.
SE1804898,AtRisk,5,5.71,120,83,37,69.17,16.6,17,4,3,2,2,1,6,17,High,1,False,33.5,Complete at least 17 more credits. Complete all prerequisite courses. Retake failed courses as soon as possible. Improve GPA to remove academic warning.
SE1804899,Excellent,1,9.23,120,18,102,15.0,18.0,82,0,0,0,0,0,6,3,Low,0,False,49.0,Complete at least 82 more credits.
SE1804900,Average,2,6.18,120,40,80,33.33,20.0,60,3,3,1,1,0,6,12,High,1,False,34.0,Complete at least 60 more credits. Complete all prerequisite courses. Retake failed courses as soon as possible. Improve GPA to remove academic warning.
SE1804901,Excellent,4,9.68,120,82,38,68.33,20.5,18,0,0,0,0,0,6,2,Low,0,False,81.0,Complete at least 18 more credits.
SE1804902,Average,4,6.32,120,72,48,60.0,18.0,28,2,2,2,1,0,6,10,Medium,0,False,49.0,Complete at least 28 more credits. Complete all prerequisite courses. Retake failed courses as soon as possible. Improve GPA to remove academic warning.
SE1804903,Good,4,7.2,120,70,50,58.33,17.5,30,0,0,0,0,0,5,2,Low,0,False,75.0,Complete at least 30 more credits.
SE1804904,Excellent,3,9.36,120,54,66,45.0,18.0,46,0,0,0,0,0,5,3,Low,0,False,67.0,Complete at least 46 more credits.
SE1804905,LateStarter,6,6.31,120,100,20,83.33,16.67,0,4,5,1,0,0,7,8,Medium,0,False,62.0,Complete all prerequisite courses. Retake failed courses as soon as possible.
SE1804906,LateStarter,4,6.57,120,56,64,46.67,14.0,44,4,3,0,0,0,6,8,Medium,0,False,50.0,Complete at least 44 more credits. Retake failed courses as soon as possible.
SE1804907,AtRisk,8,5.19,120,105,15,87.5,13.12,0,3,5,3,1,1,8,16,High,1,False,42.5,Complete all prerequisite courses. Retake failed courses as soon as possible. Improve GPA to remove academic warning.
SE1804908,AtRisk,1,5.88,120,17,103,14.17,17.0,83,5,3,3,2,1,6,20,High,1,False,0.0,Complete at least 83 more credits. Complete all prerequisite courses. Retake failed courses as soon as possible. Improve GPA to remove academic warning.
SE1804909,Average,2,6.39,120,39,81,32.5,19.5,61,2,1,0,0,0,5,6,Medium,0,False,51.5,Complete at least 61 more credits. Retake failed courses as soon as possible.
SE1804910,Excellent,5,9.24,120,91,29,75.83,18.2,9,0,0,0,0,0,6,1,Low,0,False,85.5,Complete at least 9 more credits.
SE1804911,Excellent,4,9.54,120,79,41,65.83,19.75,21,0,0,0,0,0,6,2,Low,0,False,79.5,Complete at least 21 more credits.
SE1804912,Excellent,4,9.03,120,73,47,60.83,18.25,27,0,0,0,0,0,5,2,Low,0,False,76.5,Complete at least 27 more credits.
SE1804913,Average,1,6.28,120,16,104,13.33,16.0,84,3,1,1,1,0,5,11,High,1,False,26.0,Complete at least 84 more credits. Complete all prerequisite courses. Retake failed courses as soon as possible. Improve GPA to remove academic warning.
SE1804914,Good,4,7.92,120,77,43,64.17,19.25,23,1,2,0,0,0,6,4,Low,0,False,71.5,Complete at least 23 more credits. Retake failed courses as soon as possible.
SE1804915,Good,5,7.05,120,95,25,79.17,19.0,5,1,2,1,0,0,6,5,Low,0,False,74.5,Complete at least 5 more credits. Complete all prerequisite courses. Retake failed courses as soon as possible.
SE1804916,Good,2,7.31,120,44,76,36.67,22.0,56,1,0,0,0,0,6,4,Low,0,False,59.0,Complete at least 56 more credits. Retake failed courses as soon as possible.
SE1804917,Recovery,3,6.01,120,49,71,40.83,16.33,51,2,2,1,1,0,6,10,Medium,0,False,43.5,Complete at least 51 more credits. Complete all prerequisite courses. Retake failed courses as soon as possible. Improve GPA to remove academic warning.
SE1804918,Average,5,6.26,120,92,28,76.67,18.4,8,3,3,1,0,0,6,8,Medium,0,False,65.0,Complete at least 8 more credits. Complete all prerequisite courses. Retake failed courses as soon as possible.
SE1804919,Recovery,5,6.22,120,84,36,70.0,16.8,16,2,3,1,0,0,6,8,Medium,0,False,64.0,Complete at least 16 more credits. Complete all prerequisite courses. Retake failed courses as soon as possible.
SE1804920,Good,5,7.7,120,90,30,75.0,18.0,10,0,1,1,0,0,6,4,Low,0,False,77.0,Complete at least 10 more credits. Complete all prerequisite courses.
SE1804921,Good,5,7.11,120,90,30,75.0,18.0,10,1,2,1,0,0,6,5,Low,0,False,72.0,Complete at least 10 more credits. Complete all prerequisite courses. Retake failed courses as soon as possible.
SE1804922,Average,1,6.79,120,17,103,14.17,17.0,83,2,4,0,0,0,6,7,Medium,0,False,34.5,Complete at least 83 more credits. Retake failed courses as soon as possible.
SE1804923,Recovery,1,5.81,120,17,103,14.17,17.0,83,2,2,0,1,0,6,10,Medium,0,False,33.5,Complete at least 83 more credits. Retake failed courses as soon as possible. Improve GPA to remove academic warning.
SE1804924,Good,3,7.48,120,62,58,51.67,20.67,38,1,0,1,0,0,5,6,Medium,0,False,62.0,Complete at least 38 more credits. Complete all prerequisite courses. Retake failed courses as soon as possible.
SE1804925,Average,1,6.4,120,19,101,15.83,19.0,81,3,2,0,0,0,6,7,Medium,0,False,36.5,Complete at least 81 more credits. Retake failed courses as soon as possible.
SE1804926,Average,5,6.08,120,95,25,79.17,19.0,5,3,3,0,0,0,6,6,Medium,0,False,72.5,Complete at least 5 more credits. Retake failed courses as soon as possible.
SE1804927,Average,3,6.96,120,46,74,38.33,15.33,54,2,3,0,0,0,5,7,Medium,0,False,51.0,Complete at least 54 more credits. Retake failed courses as soon as possible.
SE1804928,Recovery,3,6.06,120,50,70,41.67,16.67,50,2,3,1,1,0,6,11,High,1,False,42.0,Complete at least 50 more credits. Complete all prerequisite courses. Retake failed courses as soon as possible. Improve GPA to remove academic warning.
SE1804929,Average,5,6.16,120,88,32,73.33,17.6,12,2,2,1,1,0,7,8,Medium,0,False,63.0,Complete at least 12 more credits. Complete all prerequisite courses. Retake failed courses as soon as possible. Improve GPA to remove academic warning.
SE1804930,Average,3,6.99,120,49,71,40.83,16.33,51,1,2,2,0,0,5,9,Medium,0,False,45.5,Complete at least 51 more credits. Complete all prerequisite courses. Retake failed courses as soon as possible.
SE1804931,Good,5,7.52,120,98,22,81.67,19.6,2,0,1,1,0,0,6,4,Low,0,False,81.0,Complete at least 2 more credits. Complete all prerequisite courses.
SE1804932,Average,1,6.58,120,19,101,15.83,19.0,81,2,2,0,0,0,5,6,Medium,0,False,39.5,Complete at least 81 more credits. Retake failed courses as soon as possible.
SE1804933,AtRisk,4,5.36,120,56,64,46.67,14.0,44,5,6,3,1,1,6,20,High,1,False,10.0,Complete at least 44 more credits. Complete all prerequisite courses. Retake failed courses as soon as possible. Improve GPA to remove academic warning.
SE1804934,Critical,5,4.33,120,62,58,51.67,12.4,38,6,8,2,3,1,6,21,High,1,False,2.0,Complete at least 38 more credits. Complete all prerequisite courses. Retake failed courses as soon as possible. Improve GPA to remove academic warning.
SE1804935,Good,4,7.67,120,70,50,58.33,17.5,30,1,2,0,0,0,6,4,Low,0,False,68.0,Complete at least 30 more credits. Retake failed courses as soon as possible.
SE1804936,LateStarter,5,6.82,120,88,32,73.33,17.6,12,3,3,1,1,0,6,10,Medium,0,False,58.0,Complete at least 12 more credits. Complete all prerequisite courses. Retake failed courses as soon as possible. Improve GPA to remove academic warning.
SE1804937,AtRisk,5,5.93,120,84,36,70.0,16.8,16,3,4,2,1,1,6,16,High,1,False,40.0,Complete at least 16 more credits. Complete all prerequisite courses. Retake failed courses as soon as possible. Improve GPA to remove academic warning.
SE1804938,AtRisk,4,5.77,120,61,59,50.83,15.25,39,5,3,3,2,0,5,18,High,1,False,21.5,Complete at least 39 more credits. Complete all prerequisite courses. Retake failed courses as soon as possible. Improve GPA to remove academic warning.
SE1804939,Average,4,6.74,120,61,59,50.83,15.25,39,2,1,2,0,0,6,9,Medium,0,False,50.5,Complete at least 39 more credits. Complete all prerequisite courses. Retake failed courses as soon as possible.
SE1804940,AtRisk,4,5.99,120,59,61,49.17,14.75,41,4,4,1,2,1,6,17,High,1,False,25.5,Complete at least 41 more credits. Complete all prerequisite courses. Retake failed courses as soon as possible. Improve GPA to remove academic warning.
SE1804941,Good,4,8.19,120,79,41,65.83,19.75,21,1,0,0,0,0,6,3,Low,0,False,76.5,Complete at least 21 more credits. Retake failed courses as soon as possible.
SE1804942,LateStarter,3,6.52,120,38,82,31.67,12.67,62,3,3,0,1,0,6,10,Medium,0,False,39.0,Complete at least 62 more credits. Retake failed courses as soon as possible. Improve GPA to remove academic warning.
SE1804943,Excellent,5,9.09,120,92,28,76.67,18.4,8,0,0,0,0,0,7,1,Low,0,False,86.0,Complete at least 8 more credits.
SE1804944,Critical,3,4.37,120,34,86,28.33,11.33,66,5,7,3,3,1,6,22,High,1,False,0.0,Complete at least 66 more credits. Complete all prerequisite courses. Retake failed courses as soon as possible. Improve GPA to remove academic warning.
SE1804945,Good,3,8.43,120,51,69,42.5,17.0,49,0,2,0,0,0,5,4,Low,0,False,61.5,Complete at least 49 more credits.
SE1804946,Average,3,6.57,120,54,66,45.0,18.0,46,3,1,2,1,0,6,12,High,1,False,39.0,Complete at least 46 more credits. Complete all prerequisite courses. Retake failed courses as soon as possible. Improve GPA to remove academic warning.
SE1804947,Recovery,6,6.58,120,104,16,86.67,17.33,0,1,3,1,0,0,7,6,Medium,0,False,77.0,Complete all prerequisite courses. Retake failed courses as soon as possible.
SE1804948,Critical,6,4.47,120,76,44,63.33,12.67,24,7,5,4,3,2,7,23,High,1,False,0.0,Complete at least 24 more credits. Complete all prerequisite courses. Retake failed courses as soon as possible. Improve GPA to remove academic warning.
SE1804949,Average,5,6.14,120,92,28,76.67,18.4,8,2,3,2,1,0,7,10,Medium,0,False,57.0,Complete at least 8 more credits. Complete all prerequisite courses. Retake failed courses as soon as possible. Improve GPA to remove academic warning.
SE1804950,Good,5,8.1,120,91,29,75.83,18.2,9,1,0,1,0,0,6,4,Low,0,False,76.5,Complete at least 9 more credits. Complete all prerequisite courses. Retake failed courses as soon as possible.
SE1804951,Average,2,6.46,120,42,78,35.0,21.0,58,2,3,0,0,0,5,7,Medium,0,False,49.0,Complete at least 58 more credits. Retake failed courses as soon as possible.
SE1804952,Critical,5,3.7,120,75,45,62.5,15.0,25,5,8,2,2,1,6,20,High,1,False,16.5,Complete at least 25 more credits. Complete all prerequisite courses. Retake failed courses as soon as possible. Improve GPA to remove academic warning.
SE1804953,Good,3,7.68,120,51,69,42.5,17.0,49,0,2,0,0,0,6,4,Low,0,False,61.5,Complete at least 49 more credits.
SE1804954,Excellent,5,8.85,120,105,15,87.5,21.0,0,0,0,0,0,0,7,0,Low,0,True,92.5,You are ready for OJT.
SE1804955,Excellent,3,9.48,120,65,55,54.17,21.67,35,0,0,0,0,0,5,3,Low,0,False,72.5,Complete at least 35 more credits.
SE1804956,Average,7,6.96,120,112,8,93.33,16.0,0,1,2,1,1,0,8,7,Medium,0,False,78.0,Complete all prerequisite courses. Retake failed courses as soon as possible. Improve GPA to remove academic warning.
SE1804957,Average,5,6.86,120,86,34,71.67,17.2,14,1,2,1,1,0,7,8,Medium,0,False,65.0,Complete at least 14 more credits. Complete all prerequisite courses. Retake failed courses as soon as possible. Improve GPA to remove academic warning.
SE1804958,AtRisk,4,5.95,120,54,66,45.0,13.5,46,3,6,3,1,1,6,19,High,1,False,15.0,Complete at least 46 more credits. Complete all prerequisite courses. Retake failed courses as soon as possible. Improve GPA to remove academic warning.
SE1804959,AtRisk,5,5.17,120,84,36,70.0,16.8,16,4,5,2,1,1,6,17,High,1,False,35.0,Complete at least 16 more credits. Complete all prerequisite courses. Retake failed courses as soon as possible. Improve GPA to remove academic warning.
SE1804960,AtRisk,5,5.51,120,70,50,58.33,14.0,30,4,4,2,2,0,6,15,High,1,False,33.0,Complete at least 30 more credits. Complete all prerequisite courses. Retake failed courses as soon as possible. Improve GPA to remove academic warning.
SE1804961,Recovery,3,6.53,120,47,73,39.17,15.67,53,1,2,0,1,0,5,8,Medium,0,False,51.5,Complete at least 53 more credits. Retake failed courses as soon as possible. Improve GPA to remove academic warning.
SE1804962,Average,5,6.84,120,82,38,68.33,16.4,18,2,1,1,0,0,7,7,Medium,0,False,67.0,Complete at least 18 more credits. Complete all prerequisite courses. Retake failed courses as soon as possible.
SE1804963,Good,4,7.03,120,80,40,66.67,20.0,20,0,1,1,0,0,6,5,Low,0,False,72.0,Complete at least 20 more credits. Complete all prerequisite courses.
SE1804964,AtRisk,4,5.41,120,61,59,50.83,15.25,39,3,3,1,1,1,6,16,High,1,False,36.5,Complete at least 39 more credits. Complete all prerequisite courses. Retake failed courses as soon as possible. Improve GPA to remove academic warning.
SE1804965,Critical,5,4.08,120,69,51,57.5,13.8,31,6,8,3,2,1,7,22,High,1,False,4.5,Complete at least 31 more credits. Complete all prerequisite courses. Retake failed courses as soon as possible. Improve GPA to remove academic warning.
SE1804966,Excellent,4,9.42,120,73,47,60.83,18.25,27,0,0,0,0,0,6,2,Low,0,False,76.5,Complete at least 27 more credits.
SE1804967,Average,4,6.26,120,63,57,52.5,15.75,37,3,2,2,1,0,5,12,High,1,False,41.5,Complete at least 37 more credits. Complete all prerequisite courses. Retake failed courses as soon as possible. Improve GPA to remove academic warning.
SE1804968,Critical,4,4.0,120,40,80,33.33,10.0,60,7,8,2,3,1,6,21,High,1,False,0.0,Complete at least 60 more credits. Complete all prerequisite courses. Retake failed courses as soon as possible. Improve GPA to remove academic warning.
SE1804969,AtRisk,4,5.73,120,58,62,48.33,14.5,42,3,4,3,2,0,6,17,High,1,False,24.0,Complete at least 42 more credits. Complete all prerequisite courses. Retake failed courses as soon as possible. Improve GPA to remove academic warning.
SE1804970,Average,3,6.44,120,58,62,48.33,19.33,42,3,1,2,1,0,6,12,High,1,False,41.0,Complete at least 42 more credits. Complete all prerequisite courses. Retake failed courses as soon as possible. Improve GPA to remove academic warning.
SE1804971,Good,7,8.12,120,117,3,97.5,16.71,0,1,1,0,0,0,8,2,Low,0,True,93.5,Retake failed courses as soon as possible.
SE1804972,Good,4,7.48,120,76,44,63.33,19.0,24,0,0,0,0,0,6,2,Low,0,False,78.0,Complete at least 24 more credits.
SE1804973,Average,3,6.81,120,49,71,40.83,16.33,51,1,3,2,1,0,6,12,High,1,False,38.5,Complete at least 51 more credits. Complete all prerequisite courses. Retake failed courses as soon as possible. Improve GPA to remove academic warning.
SE1804974,Critical,4,3.87,120,51,69,42.5,12.75,49,8,6,2,3,2,5,23,High,1,False,0.0,Complete at least 49 more credits. Complete all prerequisite courses. Retake failed courses as soon as possible. Improve GPA to remove academic warning.
SE1804975,Average,4,6.42,120,65,55,54.17,16.25,35,3,4,0,0,0,5,8,Medium,0,False,55.5,Complete at least 35 more credits. Retake failed courses as soon as possible.
SE1804976,LateStarter,4,7.06,120,65,55,54.17,16.25,35,4,4,1,0,0,6,9,Medium,0,False,46.5,Complete at least 35 more credits. Complete all prerequisite courses. Retake failed courses as soon as possible.
SE1804977,AtRisk,4,5.56,120,60,60,50.0,15.0,40,5,4,3,2,1,5,20,High,1,False,11.0,Complete at least 40 more credits. Complete all prerequisite courses. Retake failed courses as soon as possible. Improve GPA to remove academic warning.
SE1804978,AtRisk,2,5.57,120,31,89,25.83,15.5,69,5,4,3,2,1,6,20,High,1,False,0.0,Complete at least 69 more credits. Complete all prerequisite courses. Retake failed courses as soon as possible. Improve GPA to remove academic warning.
SE1804979,Good,5,8.04,120,100,20,83.33,20.0,0,1,0,0,0,0,7,1,Low,0,True,87.0,Retake failed courses as soon as possible.
SE1804980,Good,2,7.38,120,45,75,37.5,22.5,55,0,2,1,0,0,5,6,Medium,0,False,52.5,Complete at least 55 more credits. Complete all prerequisite courses.
SE1804981,Good,2,8.42,120,39,81,32.5,19.5,61,1,1,0,0,0,6,5,Low,0,False,54.5,Complete at least 61 more credits. Retake failed courses as soon as possible.
SE1804982,Good,5,7.72,120,99,21,82.5,19.8,1,1,0,0,0,0,7,2,Low,0,False,86.5,Complete at least 1 more credits. Retake failed courses as soon as possible.
SE1804983,Average,7,6.79,120,107,13,89.17,15.29,0,1,4,2,1,0,8,9,Medium,0,False,65.5,Complete all prerequisite courses. Retake failed courses as soon as possible. Improve GPA to remove academic warning.
SE1804984,Good,5,7.0,120,88,32,73.33,17.6,12,1,2,1,0,0,6,5,Low,0,False,71.0,Complete at least 12 more credits. Complete all prerequisite courses. Retake failed courses as soon as possible.
SE1804985,Average,6,6.96,120,100,20,83.33,16.67,0,2,1,1,0,0,6,5,Low,0,False,76.0,Complete all prerequisite courses. Retake failed courses as soon as possible.
SE1804986,AtRisk,2,5.05,120,26,94,21.67,13.0,74,5,4,1,1,0,6,15,High,1,False,19.0,Complete at least 74 more credits. Complete all prerequisite courses. Retake failed courses as soon as possible. Improve GPA to remove academic warning.
SE1804987,Excellent,5,9.43,120,90,30,75.0,18.0,10,0,0,0,0,0,7,1,Low,0,False,85.0,Complete at least 10 more credits.
SE1804988,Average,7,6.82,120,114,6,95.0,16.29,0,1,1,2,1,0,8,8,Medium,0,False,75.0,Complete all prerequisite courses. Retake failed courses as soon as possible. Improve GPA to remove academic warning.
SE1804989,Good,3,7.75,120,61,59,50.83,20.33,39,0,1,1,0,0,6,6,Medium,0,False,62.5,Complete at least 39 more credits. Complete all prerequisite courses.
SE1804990,Good,7,7.42,120,110,10,91.67,15.71,0,1,0,0,0,0,8,1,Low,0,True,92.0,Retake failed courses as soon as possible.
SE1804991,AtRisk,6,5.55,120,91,29,75.83,15.17,9,5,6,2,1,0,6,15,High,1,False,41.5,Complete at least 9 more credits. Complete all prerequisite courses. Retake failed courses as soon as possible. Improve GPA to remove academic warning.
SE1804992,AtRisk,5,5.78,120,85,35,70.83,17.0,15,3,5,1,1,0,6,13,High,1,False,52.5,Complete at least 15 more credits. Complete all prerequisite courses. Retake failed courses as soon as possible. Improve GPA to remove academic warning.
SE1804993,Average,1,6.66,120,18,102,15.0,18.0,82,3,3,2,0,0,6,11,High,1,False,22.0,Complete at least 82 more credits. Complete all prerequisite courses. Retake failed courses as soon as possible.
SE1804994,Average,5,6.87,120,89,31,74.17,17.8,11,1,4,2,1,0,6,10,Medium,0,False,56.5,Complete at least 11 more credits. Complete all prerequisite courses. Retake failed courses as soon as possible. Improve GPA to remove academic warning.
SE1804995,Good,5,7.35,120,100,20,83.33,20.0,0,0,2,1,0,0,6,3,Low,0,False,80.0,Complete all prerequisite courses.
SE1804996,Average,4,6.09,120,72,48,60.0,18.0,28,3,1,1,0,0,5,8,Medium,0,False,59.0,Complete at least 28 more credits. Complete all prerequisite courses. Retake failed courses as soon as possible.
SE1804997,Excellent,7,9.19,120,120,0,100.0,17.14,0,0,0,0,0,0,8,0,Low,0,True,100.0,You are ready for OJT.
SE1804998,Recovery,3,6.34,120,45,75,37.5,15.0,55,2,4,1,0,0,6,9,Medium,0,False,42.5,Complete at least 55 more credits. Complete all prerequisite courses. Retake failed courses as soon as possible.
SE1804999,Average,6,6.24,120,103,17,85.83,17.17,0,2,3,1,0,0,6,6,Medium,0,False,73.5,Complete all prerequisite courses. Retake failed courses as soon as possible.
SE1805000,Good,7,7.67,120,110,10,91.67,15.71,0,1,0,1,0,0,8,3,Low,0,False,86.0,Complete all prerequisite courses. Retake failed courses as soon as possible.
