Current_Semester,GPA_Cumulative,Total_Credits,Credits_Completed,Credits_Remaining,Completion_Rate,Average_Credits_Per_Semester,Remaining_To_OJT,Failed_Courses,Retake_Count,Missing_Prerequisite_Courses,Academic_Warning_Count,Suspension_Count,Planned_OJT_Semester,OJT_Eligible,OJT_Readiness,Credit_Progress_Category,OJT_Credit_Gap,OJT_Credit_Progress,OJT_Eligibility_Gap_Category,Academic_Risk_Index,Academic_Stability,OJT_Semester_Gap,OJT_Planning_Status,Required_Average_Credits_Per_Semester,Credit_Completion_Efficiency
6,6.93,120,92,28,76.67,15.33,8,2,3,1,1,0,7,False,63.0,Advanced,8,92,Near_Eligible,7,30,1,Approaching_OJT,8.0,100.0
4,8.18,120,71,49,59.17,17.75,29,0,1,1,0,0,6,False,67.5,Developing,29,71,Moderate_Gap,2,80,2,Moderate_Planning_Gap,14.5,100.0
2,6.52,120,41,79,34.17,20.5,59,2,3,2,1,0,5,False,31.5,Developing,59,41,Far_From_Eligible,8,20,3,Long_Term_Planning,19.67,100.0
4,6.88,120,72,48,60.0,18.0,28,2,4,1,1,0,6,False,51.0,Advanced,28,72,Moderate_Gap,8,20,2,Moderate_Planning_Gap,14.0,100.0
4,6.54,120,69,51,57.5,17.25,31,3,3,2,1,0,5,False,42.5,Developing,31,69,Moderate_Gap,9,10,1,Approaching_OJT,31.0,100.0
3,7.33,120,55,65,45.83,18.33,45,1,2,1,0,0,6,False,54.5,Developing,45,55,Moderate_Gap,4,60,3,Long_Term_Planning,15.0,100.0
6,7.15,120,102,18,85.0,17.0,0,4,3,2,0,0,7,False,61.0,Near_Completion,0,100,Eligible,9,10,1,Approaching_OJT,0.0,100.0
3,4.99,120,29,91,24.17,9.67,71,7,6,3,3,2,5,False,0.0,Early,71,29,Far_From_Eligible,21,0,2,Moderate_Planning_Gap,35.5,99.97
7,5.71,120,107,13,89.17,15.29,0,3,6,3,1,1,8,False,41.5,Near_Completion,0,100,Eligible,14,0,1,Approaching_OJT,0.0,99.97
4,6.49,120,72,48,60.0,18.0,28,3,3,1,1,0,5,False,50.0,Advanced,28,72,Moderate_Gap,8,20,1,Approaching_OJT,28.0,100.0
4,6.42,120,71,49,59.17,17.75,29,1,3,2,1,0,6,False,49.5,Developing,29,71,Moderate_Gap,7,30,2,Moderate_Planning_Gap,14.5,100.0
1,7.13,120,12,108,10.0,12.0,88,2,2,0,1,0,5,False,31.0,Early,88,12,Far_From_Eligible,5,50,4,Long_Term_Planning,22.0,100.0
4,7.16,120,79,41,65.83,19.75,21,1,1,1,0,0,6,False,68.5,Advanced,21,79,Moderate_Gap,3,70,2,Moderate_Planning_Gap,10.5,100.0
5,6.28,120,85,35,70.83,17.0,15,1,3,2,1,0,6,False,56.5,Advanced,15,85,Near_Eligible,7,30,1,Approaching_OJT,15.0,100.0
4,5.44,120,63,57,52.5,15.75,37,4,4,1,2,1,6,False,27.5,Developing,37,63,Moderate_Gap,12,0,2,Moderate_Planning_Gap,18.5,100.0
3,7.63,120,63,57,52.5,21.0,37,1,0,1,0,0,6,False,62.5,Developing,37,63,Moderate_Gap,2,80,3,Long_Term_Planning,12.33,100.0
3,5.79,120,36,84,30.0,12.0,64,3,6,1,1,0,5,False,26.0,Developing,64,36,Far_From_Eligible,11,0,2,Moderate_Planning_Gap,32.0,100.0
6,6.64,120,105,15,87.5,17.5,0,3,1,0,1,0,6,True,76.5,Near_Completion,0,100,Eligible,5,50,0,OJT_Ready_Stage,0.0,100.0
5,7.03,120,80,40,66.67,16.0,20,3,4,1,0,0,6,False,57.0,Advanced,20,80,Near_Eligible,8,20,1,Approaching_OJT,20.0,100.0
4,6.33,120,70,50,58.33,17.5,30,3,1,1,1,0,6,False,53.0,Developing,30,70,Moderate_Gap,6,40,2,Moderate_Planning_Gap,15.0,100.0
3,6.72,120,48,72,40.0,16.0,52,1,4,2,0,0,5,False,41.0,Developing,52,48,Far_From_Eligible,7,30,2,Moderate_Planning_Gap,26.0,100.0
5,5.47,120,69,51,57.5,13.8,31,4,3,3,1,0,6,False,33.5,Developing,31,69,Moderate_Gap,11,0,1,Approaching_OJT,31.0,100.0
6,6.3,120,96,24,80.0,16.0,4,4,3,0,1,0,6,False,65.0,Near_Completion,4,96,Near_Eligible,8,20,0,OJT_Ready_Stage,4.0,100.0
7,7.75,120,108,12,90.0,15.43,0,1,1,0,0,0,8,True,89.0,Near_Completion,0,100,Eligible,2,80,1,Approaching_OJT,0.0,99.99
5,9.98,120,101,19,84.17,20.2,0,0,0,0,0,0,6,True,90.5,Near_Completion,0,100,Eligible,0,100,1,Approaching_OJT,0.0,100.0
7,6.64,120,100,20,83.33,14.29,0,3,2,1,0,0,8,False,71.0,Near_Completion,0,100,Eligible,6,40,1,Approaching_OJT,0.0,99.97
5,4.86,120,72,48,60.0,14.4,28,8,7,3,3,2,6,False,0.0,Advanced,28,72,Moderate_Gap,23,0,1,Approaching_OJT,28.0,100.0
5,6.21,120,86,34,71.67,17.2,14,1,1,1,1,0,6,False,67.0,Advanced,14,86,Near_Eligible,4,60,1,Approaching_OJT,14.0,100.0
1,7.8,120,20,100,16.67,20.0,80,0,0,1,0,0,5,False,44.0,Early,80,20,Far_From_Eligible,1,90,4,Long_Term_Planning,20.0,100.0
5,5.17,120,80,40,66.67,16.0,20,3,4,1,1,0,6,False,52.0,Advanced,20,80,Near_Eligible,9,10,1,Approaching_OJT,20.0,100.0
5,7.48,120,88,32,73.33,17.6,12,0,0,1,0,0,6,False,78.0,Advanced,12,88,Near_Eligible,1,90,1,Approaching_OJT,12.0,100.0
4,7.0,120,58,62,48.33,14.5,42,4,2,0,0,0,5,False,53.0,Developing,42,58,Moderate_Gap,6,40,1,Approaching_OJT,42.0,100.0
3,7.24,120,57,63,47.5,19.0,43,1,0,1,0,0,6,False,59.5,Developing,43,57,Moderate_Gap,2,80,3,Long_Term_Planning,14.33,100.0
4,5.62,120,54,66,45.0,13.5,46,3,6,2,2,1,5,False,16.0,Developing,46,54,Moderate_Gap,14,0,1,Approaching_OJT,46.0,100.0
5,6.0,120,82,38,68.33,16.4,18,2,3,2,0,0,7,False,57.0,Advanced,18,82,Near_Eligible,7,30,2,Moderate_Planning_Gap,9.0,100.0
4,8.91,120,76,44,63.33,19.0,24,0,0,0,0,0,5,False,78.0,Advanced,24,76,Moderate_Gap,0,100,1,Approaching_OJT,24.0,100.0
8,8.01,120,114,6,95.0,14.25,0,0,0,1,0,0,8,False,91.0,Near_Completion,0,100,Eligible,1,90,0,OJT_Ready_Stage,0.0,100.0
6,6.12,120,99,21,82.5,16.5,1,1,1,0,0,0,7,False,84.5,Near_Completion,1,99,Near_Eligible,2,80,1,Approaching_OJT,1.0,100.0
2,9.11,120,40,80,33.33,20.0,60,0,0,0,0,0,5,False,60.0,Developing,60,40,Far_From_Eligible,0,100,3,Long_Term_Planning,20.0,100.0
6,6.13,120,98,22,81.67,16.33,2,1,4,0,1,0,7,False,73.0,Near_Completion,2,98,Near_Eligible,6,40,1,Approaching_OJT,2.0,100.0
3,9.0,120,62,58,51.67,20.67,38,0,0,0,0,0,6,False,71.0,Developing,38,62,Moderate_Gap,0,100,3,Long_Term_Planning,12.67,99.98
3,5.7,120,46,74,38.33,15.33,54,4,4,1,1,1,5,False,24.0,Developing,54,46,Far_From_Eligible,11,0,2,Moderate_Planning_Gap,27.0,100.0
6,6.21,120,94,26,78.33,15.67,6,2,1,2,0,0,7,False,67.0,Advanced,6,94,Near_Eligible,5,50,1,Approaching_OJT,6.0,99.98
4,6.68,120,60,60,50.0,15.0,40,3,2,1,0,0,6,False,51.0,Developing,40,60,Moderate_Gap,6,40,2,Moderate_Planning_Gap,20.0,100.0
1,5.85,120,14,106,11.67,14.0,86,3,3,2,2,1,5,False,2.0,Early,86,14,Far_From_Eligible,11,0,4,Long_Term_Planning,21.5,100.0
3,5.86,120,49,71,40.83,16.33,51,3,6,2,2,1,5,False,13.5,Developing,51,49,Far_From_Eligible,14,0,2,Moderate_Planning_Gap,25.5,100.0
6,8.97,120,112,8,93.33,18.67,0,0,0,0,0,0,7,True,96.0,Near_Completion,0,100,Eligible,0,100,1,Approaching_OJT,0.0,99.98
1,6.38,120,18,102,15.0,18.0,82,3,3,0,0,0,6,False,34.0,Early,82,18,Far_From_Eligible,6,40,5,Long_Term_Planning,16.4,100.0
6,8.17,120,104,16,86.67,17.33,0,1,1,0,0,0,6,True,87.0,Near_Completion,0,100,Eligible,2,80,0,OJT_Ready_Stage,0.0,100.0
3,7.3,120,63,57,52.5,21.0,37,1,1,1,0,0,6,False,60.5,Developing,37,63,Moderate_Gap,3,70,3,Long_Term_Planning,12.33,100.0
4,7.2,120,70,50,58.33,17.5,30,0,0,0,0,0,5,False,75.0,Developing,30,70,Moderate_Gap,0,100,1,Approaching_OJT,30.0,100.0
7,9.83,120,118,2,98.33,16.86,0,0,0,0,0,0,8,True,99.0,Near_Completion,0,100,Eligible,0,100,1,Approaching_OJT,0.0,99.98
6,5.14,120,90,30,75.0,15.0,10,3,6,2,1,0,7,False,47.0,Advanced,10,90,Near_Eligible,12,0,1,Approaching_OJT,10.0,100.0
3,8.14,120,56,64,46.67,18.67,44,1,1,1,0,0,6,False,57.0,Developing,44,56,Moderate_Gap,3,70,3,Long_Term_Planning,14.67,99.98
5,8.01,120,88,32,73.33,17.6,12,1,1,1,0,0,6,False,73.0,Advanced,12,88,Near_Eligible,3,70,1,Approaching_OJT,12.0,100.0
7,6.26,120,114,6,95.0,16.29,0,1,3,1,1,0,8,False,77.0,Near_Completion,0,100,Eligible,6,40,1,Approaching_OJT,0.0,99.97
6,5.14,120,91,29,75.83,15.17,9,3,5,3,2,0,7,False,38.5,Advanced,9,91,Near_Eligible,13,0,1,Approaching_OJT,9.0,99.98
7,7.14,120,114,6,95.0,16.29,0,1,1,0,0,0,8,True,92.0,Near_Completion,0,100,Eligible,2,80,1,Approaching_OJT,0.0,99.97
5,6.08,120,93,27,77.5,18.6,7,1,4,0,0,0,7,False,75.5,Advanced,7,93,Near_Eligible,5,50,2,Moderate_Planning_Gap,3.5,100.0
6,7.02,120,101,19,84.17,16.83,0,1,0,1,0,0,6,False,81.5,Near_Completion,0,100,Eligible,2,80,0,OJT_Ready_Stage,0.0,100.0
1,6.66,120,18,102,15.0,18.0,82,1,2,0,0,0,5,False,42.0,Early,82,18,Far_From_Eligible,3,70,4,Long_Term_Planning,20.5,100.0
2,7.36,120,36,84,30.0,18.0,64,1,0,0,0,0,6,False,55.0,Developing,64,36,Far_From_Eligible,1,90,4,Long_Term_Planning,16.0,100.0
5,7.38,120,97,23,80.83,19.4,3,0,2,1,0,0,7,False,78.5,Near_Completion,3,97,Near_Eligible,3,70,2,Moderate_Planning_Gap,1.5,100.0
5,6.15,120,82,38,68.33,16.4,18,1,3,1,1,0,7,False,61.0,Advanced,18,82,Near_Eligible,6,40,2,Moderate_Planning_Gap,9.0,100.0
4,9.31,120,74,46,61.67,18.5,26,0,0,0,0,0,6,False,77.0,Advanced,26,74,Moderate_Gap,0,100,2,Moderate_Planning_Gap,13.0,100.0
3,8.44,120,60,60,50.0,20.0,40,1,2,1,0,0,5,False,57.0,Developing,40,60,Moderate_Gap,4,60,2,Moderate_Planning_Gap,20.0,100.0
5,8.27,120,95,25,79.17,19.0,5,0,1,0,0,0,7,False,85.5,Advanced,5,95,Near_Eligible,1,90,2,Moderate_Planning_Gap,2.5,100.0
4,8.39,120,71,49,59.17,17.75,29,1,1,1,0,0,5,False,64.5,Developing,29,71,Moderate_Gap,3,70,1,Approaching_OJT,29.0,100.0
5,9.86,120,103,17,85.83,20.6,0,0,0,0,0,0,7,True,91.5,Near_Completion,0,100,Eligible,0,100,2,Moderate_Planning_Gap,0.0,100.0
3,5.68,120,36,84,30.0,12.0,64,3,5,3,2,1,6,False,3.0,Developing,64,36,Far_From_Eligible,14,0,3,Long_Term_Planning,21.33,100.0
2,6.88,120,24,96,20.0,12.0,76,4,4,2,0,0,5,False,20.0,Early,76,24,Far_From_Eligible,10,0,3,Long_Term_Planning,25.33,100.0
6,6.28,120,105,15,87.5,17.5,0,3,2,0,0,0,6,True,79.5,Near_Completion,0,100,Eligible,5,50,0,OJT_Ready_Stage,0.0,100.0
4,4.47,120,54,66,45.0,13.5,46,7,6,3,2,2,6,False,0.0,Developing,46,54,Moderate_Gap,20,0,2,Moderate_Planning_Gap,23.0,100.0
1,6.99,120,19,101,15.83,19.0,81,2,1,1,1,0,5,False,30.5,Early,81,19,Far_From_Eligible,5,50,4,Long_Term_Planning,20.25,100.0
6,6.3,120,102,18,85.0,17.0,0,3,4,0,1,0,6,True,69.0,Near_Completion,0,100,Eligible,8,20,0,OJT_Ready_Stage,0.0,100.0
8,8.24,120,120,0,100.0,15.0,0,1,0,0,0,0,8,True,97.0,Near_Completion,0,100,Eligible,1,90,0,OJT_Ready_Stage,0.0,100.0
5,5.17,120,77,43,64.17,15.4,23,5,4,1,2,0,7,False,39.5,Advanced,23,77,Moderate_Gap,12,0,2,Moderate_Planning_Gap,11.5,100.0
5,5.49,120,71,49,59.17,14.2,29,5,5,1,2,0,6,False,34.5,Developing,29,71,Moderate_Gap,13,0,1,Approaching_OJT,29.0,100.0
6,6.63,120,97,23,80.83,16.17,3,3,2,0,1,0,6,False,70.5,Near_Completion,3,97,Near_Eligible,6,40,0,OJT_Ready_Stage,3.0,99.98
5,7.86,120,93,27,77.5,18.6,7,1,0,1,0,0,6,False,77.5,Advanced,7,93,Near_Eligible,2,80,1,Approaching_OJT,7.0,100.0
5,5.67,120,68,52,56.67,13.6,32,4,5,3,1,1,7,False,21.0,Developing,32,68,Moderate_Gap,14,0,2,Moderate_Planning_Gap,16.0,100.0
7,6.94,120,108,12,90.0,15.43,0,1,4,1,0,0,8,False,77.0,Near_Completion,0,100,Eligible,6,40,1,Approaching_OJT,0.0,99.99
4,8.49,120,74,46,61.67,18.5,26,0,2,1,0,0,5,False,67.0,Advanced,26,74,Moderate_Gap,3,70,1,Approaching_OJT,26.0,100.0
6,8.96,120,112,8,93.33,18.67,0,0,0,0,0,0,7,True,96.0,Near_Completion,0,100,Eligible,0,100,1,Approaching_OJT,0.0,99.98
2,7.68,120,35,85,29.17,17.5,65,1,0,0,0,0,5,False,54.5,Early,65,35,Far_From_Eligible,1,90,3,Long_Term_Planning,21.67,100.0
6,8.16,120,100,20,83.33,16.67,0,0,0,1,0,0,7,False,84.0,Near_Completion,0,100,Eligible,1,90,1,Approaching_OJT,0.0,99.98
3,6.07,120,47,73,39.17,15.67,53,3,1,2,0,0,5,False,40.5,Developing,53,47,Far_From_Eligible,6,40,2,Moderate_Planning_Gap,26.5,99.98
6,7.88,120,110,10,91.67,18.33,0,0,0,0,0,0,7,True,95.0,Near_Completion,0,100,Eligible,0,100,1,Approaching_OJT,0.0,100.0
4,9.72,120,77,43,64.17,19.25,23,0,0,0,0,0,5,False,78.5,Advanced,23,77,Moderate_Gap,0,100,1,Approaching_OJT,23.0,100.0
5,6.99,120,94,26,78.33,18.8,6,2,3,2,1,0,7,False,58.0,Advanced,6,94,Near_Eligible,8,20,2,Moderate_Planning_Gap,3.0,100.0
3,7.09,120,60,60,50.0,20.0,40,0,0,1,0,0,6,False,64.0,Developing,40,60,Moderate_Gap,1,90,3,Long_Term_Planning,13.33,100.0
5,6.7,120,78,42,65.0,15.6,22,1,4,1,1,0,7,False,57.0,Advanced,22,78,Moderate_Gap,7,30,2,Moderate_Planning_Gap,11.0,100.0
6,6.68,120,96,24,80.0,16.0,4,2,1,2,0,0,6,False,68.0,Near_Completion,4,96,Near_Eligible,5,50,0,OJT_Ready_Stage,4.0,100.0
3,6.57,120,54,66,45.0,18.0,46,1,2,2,0,0,5,False,48.0,Developing,46,54,Moderate_Gap,5,50,2,Moderate_Planning_Gap,23.0,100.0
5,9.88,120,101,19,84.17,20.2,0,0,0,0,0,0,7,True,90.5,Near_Completion,0,100,Eligible,0,100,2,Moderate_Planning_Gap,0.0,100.0
1,6.27,120,17,103,14.17,17.0,83,1,1,2,0,0,5,False,31.5,Early,83,17,Far_From_Eligible,4,60,4,Long_Term_Planning,20.75,100.0
2,7.62,120,39,81,32.5,19.5,61,1,0,0,0,0,6,False,56.5,Developing,61,39,Far_From_Eligible,1,90,4,Long_Term_Planning,15.25,100.0
5,5.01,120,70,50,58.33,14.0,30,4,5,2,1,1,7,False,28.0,Developing,30,70,Moderate_Gap,13,0,2,Moderate_Planning_Gap,15.0,100.0
6,8.71,120,108,12,90.0,18.0,0,0,0,0,0,0,6,True,94.0,Near_Completion,0,100,Eligible,0,100,0,OJT_Ready_Stage,0.0,100.0
8,7.44,120,116,4,96.67,14.5,0,0,2,1,0,0,8,False,88.0,Near_Completion,0,100,Eligible,3,70,0,OJT_Ready_Stage,0.0,100.0
5,5.77,120,70,50,58.33,14.0,30,4,3,2,2,0,7,False,35.0,Developing,30,70,Moderate_Gap,11,0,2,Moderate_Planning_Gap,15.0,100.0
5,5.46,120,82,38,68.33,16.4,18,4,3,2,1,1,7,False,38.0,Advanced,18,82,Near_Eligible,11,0,2,Moderate_Planning_Gap,9.0,100.0
5,6.61,120,88,32,73.33,17.6,12,2,4,0,0,0,7,False,70.0,Advanced,12,88,Near_Eligible,6,40,2,Moderate_Planning_Gap,6.0,100.0
4,6.95,120,73,47,60.83,18.25,27,2,1,1,0,0,6,False,62.5,Advanced,27,73,Moderate_Gap,4,60,2,Moderate_Planning_Gap,13.5,100.0
6,8.65,120,106,14,88.33,17.67,0,0,0,0,0,0,7,True,93.0,Near_Completion,0,100,Eligible,0,100,1,Approaching_OJT,0.0,99.98
4,8.17,120,76,44,63.33,19.0,24,0,2,0,0,0,6,False,74.0,Advanced,24,76,Moderate_Gap,2,80,2,Moderate_Planning_Gap,12.0,100.0
3,5.82,120,42,78,35.0,14.0,58,5,5,2,1,0,6,False,19.0,Developing,58,42,Far_From_Eligible,13,0,3,Long_Term_Planning,19.33,100.0
1,8.33,120,19,101,15.83,19.0,81,0,0,1,0,0,6,False,43.5,Early,81,19,Far_From_Eligible,1,90,5,Long_Term_Planning,16.2,100.0
6,4.49,120,80,40,66.67,13.33,20,8,7,3,2,2,6,False,0.0,Advanced,20,80,Near_Eligible,22,0,0,OJT_Ready_Stage,20.0,100.0
3,6.04,120,49,71,40.83,16.33,51,1,4,2,0,0,5,False,41.5,Developing,51,49,Far_From_Eligible,7,30,2,Moderate_Planning_Gap,25.5,100.0
4,7.03,120,78,42,65.0,19.5,22,1,1,1,0,0,6,False,68.0,Advanced,22,78,Moderate_Gap,3,70,2,Moderate_Planning_Gap,11.0,100.0
5,7.58,120,99,21,82.5,19.8,1,0,1,0,0,0,6,False,87.5,Near_Completion,1,99,Near_Eligible,1,90,1,Approaching_OJT,1.0,100.0
4,8.35,120,75,45,62.5,18.75,25,1,0,0,0,0,6,False,74.5,Advanced,25,75,Moderate_Gap,1,90,2,Moderate_Planning_Gap,12.5,100.0
5,7.88,120,96,24,80.0,19.2,4,1,0,0,0,0,6,False,85.0,Near_Completion,4,96,Near_Eligible,1,90,1,Approaching_OJT,4.0,100.0
1,6.59,120,19,101,15.83,19.0,81,1,2,0,1,0,5,False,37.5,Early,81,19,Far_From_Eligible,4,60,4,Long_Term_Planning,20.25,100.0
3,6.96,120,55,65,45.83,18.33,45,3,3,1,0,0,5,False,46.5,Developing,45,55,Moderate_Gap,7,30,2,Moderate_Planning_Gap,22.5,100.0
3,8.38,120,53,67,44.17,17.67,47,1,2,0,0,0,5,False,59.5,Developing,47,53,Moderate_Gap,3,70,2,Moderate_Planning_Gap,23.5,99.98
8,6.41,120,108,12,90.0,13.5,0,3,2,0,0,0,8,True,81.0,Near_Completion,0,100,Eligible,5,50,0,OJT_Ready_Stage,0.0,100.0
4,4.78,120,44,76,36.67,11.0,56,8,7,4,3,2,5,False,0.0,Developing,56,44,Far_From_Eligible,24,0,1,Approaching_OJT,56.0,100.0
6,8.12,120,106,14,88.33,17.67,0,0,0,1,0,0,6,False,87.0,Near_Completion,0,100,Eligible,1,90,0,OJT_Ready_Stage,0.0,99.98
5,5.08,120,73,47,60.83,14.6,27,3,6,2,2,1,6,False,25.5,Advanced,27,73,Moderate_Gap,14,0,1,Approaching_OJT,27.0,100.0
5,6.32,120,89,31,74.17,17.8,11,2,3,2,0,0,6,False,60.5,Advanced,11,89,Near_Eligible,7,30,1,Approaching_OJT,11.0,100.0
2,8.27,120,45,75,37.5,22.5,55,0,2,0,0,0,5,False,58.5,Developing,55,45,Far_From_Eligible,2,80,3,Long_Term_Planning,18.33,100.0
3,5.85,120,49,71,40.83,16.33,51,5,5,3,2,0,6,False,11.5,Developing,51,49,Far_From_Eligible,15,0,3,Long_Term_Planning,17.0,100.0
5,4.21,120,58,62,48.33,11.6,42,7,5,3,2,1,6,False,2.0,Developing,42,58,Moderate_Gap,18,0,1,Approaching_OJT,42.0,100.0
5,5.11,120,75,45,62.5,15.0,25,5,4,2,1,0,6,False,37.5,Advanced,25,75,Moderate_Gap,12,0,1,Approaching_OJT,25.0,100.0
6,6.57,120,105,15,87.5,17.5,0,2,3,1,1,0,6,False,69.5,Near_Completion,0,100,Eligible,7,30,0,OJT_Ready_Stage,0.0,100.0
5,6.08,120,81,39,67.5,16.2,19,2,3,1,0,0,7,False,62.5,Advanced,19,81,Near_Eligible,6,40,2,Moderate_Planning_Gap,9.5,100.0
4,6.61,120,60,60,50.0,15.0,40,4,4,0,0,0,6,False,50.0,Developing,40,60,Moderate_Gap,8,20,2,Moderate_Planning_Gap,20.0,100.0
5,6.03,120,83,37,69.17,16.6,17,2,2,0,1,0,6,False,66.5,Advanced,17,83,Near_Eligible,5,50,1,Approaching_OJT,17.0,100.0
6,9.9,120,113,7,94.17,18.83,0,0,0,0,0,0,6,True,96.5,Near_Completion,0,100,Eligible,0,100,0,OJT_Ready_Stage,0.0,100.0
5,6.59,120,89,31,74.17,17.8,11,3,4,1,1,0,7,False,56.5,Advanced,11,89,Near_Eligible,9,10,2,Moderate_Planning_Gap,5.5,100.0
7,6.77,120,105,15,87.5,15.0,0,2,3,0,1,0,8,True,75.5,Near_Completion,0,100,Eligible,6,40,1,Approaching_OJT,0.0,100.0
3,7.06,120,50,70,41.67,16.67,50,1,1,0,0,0,5,False,60.0,Developing,50,50,Moderate_Gap,2,80,2,Moderate_Planning_Gap,25.0,99.98
3,7.26,120,56,64,46.67,18.67,44,1,1,0,0,0,6,False,63.0,Developing,44,56,Moderate_Gap,2,80,3,Long_Term_Planning,14.67,99.98
3,8.9,120,66,54,55.0,22.0,34,0,0,0,0,0,6,False,73.0,Developing,34,66,Moderate_Gap,0,100,3,Long_Term_Planning,11.33,100.0
5,7.2,120,100,20,83.33,20.0,0,1,1,1,0,0,7,False,79.0,Near_Completion,0,100,Eligible,3,70,2,Moderate_Planning_Gap,0.0,100.0
3,7.3,120,63,57,52.5,21.0,37,0,2,0,0,0,6,False,67.5,Developing,37,63,Moderate_Gap,2,80,3,Long_Term_Planning,12.33,100.0
1,8.3,120,20,100,16.67,20.0,80,1,1,0,0,0,6,False,45.0,Early,80,20,Far_From_Eligible,2,80,5,Long_Term_Planning,16.0,100.0
3,5.47,120,47,73,39.17,15.67,53,3,5,1,2,1,5,False,20.5,Developing,53,47,Far_From_Eligible,12,0,2,Moderate_Planning_Gap,26.5,99.98
3,6.06,120,58,62,48.33,19.33,42,3,4,2,1,0,5,False,35.0,Developing,42,58,Moderate_Gap,10,0,2,Moderate_Planning_Gap,21.0,100.0
4,6.99,120,60,60,50.0,15.0,40,3,5,0,1,0,5,False,46.0,Developing,40,60,Moderate_Gap,9,10,1,Approaching_OJT,40.0,100.0
3,8.11,120,51,69,42.5,17.0,49,0,0,0,0,0,5,False,65.5,Developing,49,51,Moderate_Gap,0,100,2,Moderate_Planning_Gap,24.5,100.0
4,7.4,120,77,43,64.17,19.25,23,0,2,0,0,0,6,False,74.5,Advanced,23,77,Moderate_Gap,2,80,2,Moderate_Planning_Gap,11.5,100.0
1,6.54,120,16,104,13.33,16.0,84,3,3,2,0,0,6,False,21.0,Early,84,16,Far_From_Eligible,8,20,5,Long_Term_Planning,16.8,100.0
3,6.9,120,45,75,37.5,15.0,55,1,4,1,0,0,6,False,45.5,Developing,55,45,Far_From_Eligible,6,40,3,Long_Term_Planning,18.33,100.0
3,6.51,120,56,64,46.67,18.67,44,3,3,0,0,0,6,False,53.0,Developing,44,56,Moderate_Gap,6,40,3,Long_Term_Planning,14.67,99.98
4,6.2,120,65,55,54.17,16.25,35,3,4,2,0,0,5,False,43.5,Developing,35,65,Moderate_Gap,9,10,1,Approaching_OJT,35.0,100.0
4,4.34,120,47,73,39.17,11.75,53,8,7,4,2,2,6,False,0.0,Developing,53,47,Far_From_Eligible,23,0,2,Moderate_Planning_Gap,26.5,100.0
3,5.94,120,48,72,40.0,16.0,52,4,5,1,2,0,6,False,26.0,Developing,52,48,Far_From_Eligible,12,0,3,Long_Term_Planning,17.33,100.0
3,4.93,120,42,78,35.0,14.0,58,5,7,3,2,2,5,False,0.0,Developing,58,42,Far_From_Eligible,19,0,2,Moderate_Planning_Gap,29.0,100.0
6,8.46,120,108,12,90.0,18.0,0,1,0,1,0,0,7,False,85.0,Near_Completion,0,100,Eligible,2,80,1,Approaching_OJT,0.0,100.0
1,6.71,120,19,101,15.83,19.0,81,3,2,2,0,0,6,False,24.5,Early,81,19,Far_From_Eligible,7,30,5,Long_Term_Planning,16.2,100.0
5,6.9,120,84,36,70.0,16.8,16,1,1,0,1,0,7,False,72.0,Advanced,16,84,Near_Eligible,3,70,2,Moderate_Planning_Gap,8.0,100.0
4,6.55,120,63,57,52.5,15.75,37,2,4,2,0,0,5,False,45.5,Developing,37,63,Moderate_Gap,8,20,1,Approaching_OJT,37.0,100.0
3,6.12,120,52,68,43.33,17.33,48,3,2,2,0,0,5,False,41.0,Developing,48,52,Moderate_Gap,7,30,2,Moderate_Planning_Gap,24.0,100.0
5,7.53,120,98,22,81.67,19.6,2,0,1,1,0,0,7,False,81.0,Near_Completion,2,98,Near_Eligible,2,80,2,Moderate_Planning_Gap,1.0,100.0
7,6.14,120,108,12,90.0,15.43,0,2,4,0,1,0,8,True,75.0,Near_Completion,0,100,Eligible,7,30,1,Approaching_OJT,0.0,99.99
4,5.03,120,53,67,44.17,13.25,47,4,3,2,1,0,6,False,31.5,Developing,47,53,Moderate_Gap,10,0,2,Moderate_Planning_Gap,23.5,100.0
1,6.86,120,17,103,14.17,17.0,83,2,4,2,0,0,6,False,22.5,Early,83,17,Far_From_Eligible,8,20,5,Long_Term_Planning,16.6,100.0
3,6.5,120,53,67,44.17,17.67,47,2,1,1,1,0,5,False,47.5,Developing,47,53,Moderate_Gap,5,50,2,Moderate_Planning_Gap,23.5,99.98
4,7.13,120,71,49,59.17,17.75,29,2,5,1,0,0,6,False,53.5,Developing,29,71,Moderate_Gap,8,20,2,Moderate_Planning_Gap,14.5,100.0
4,4.48,120,48,72,40.0,12.0,52,8,6,3,2,2,5,False,0.0,Developing,52,48,Far_From_Eligible,21,0,1,Approaching_OJT,52.0,100.0
2,5.83,120,39,81,32.5,19.5,61,1,4,1,0,0,5,False,42.5,Developing,61,39,Far_From_Eligible,6,40,3,Long_Term_Planning,20.33,100.0
3,6.0,120,45,75,37.5,15.0,55,2,2,1,1,0,6,False,41.5,Developing,55,45,Far_From_Eligible,6,40,3,Long_Term_Planning,18.33,100.0
8,4.26,120,102,18,85.0,12.75,0,6,7,2,2,1,8,False,29.0,Near_Completion,0,100,Eligible,18,0,0,OJT_Ready_Stage,0.0,100.0
8,7.6,120,119,1,99.17,14.88,0,1,2,1,0,0,8,False,86.5,Near_Completion,0,100,Eligible,4,60,0,OJT_Ready_Stage,0.0,99.97
4,8.13,120,71,49,59.17,17.75,29,1,1,0,0,0,5,False,70.5,Developing,29,71,Moderate_Gap,2,80,1,Approaching_OJT,29.0,100.0
8,6.2,120,110,10,91.67,13.75,0,1,4,0,1,0,8,True,79.0,Near_Completion,0,100,Eligible,6,40,0,OJT_Ready_Stage,0.0,100.0
5,7.84,120,94,26,78.33,18.8,6,1,1,0,0,0,6,False,82.0,Advanced,6,94,Near_Eligible,2,80,1,Approaching_OJT,6.0,100.0
3,6.7,120,50,70,41.67,16.67,50,3,3,0,1,0,5,False,45.0,Developing,50,50,Moderate_Gap,7,30,2,Moderate_Planning_Gap,25.0,99.98
4,7.0,120,70,50,58.33,17.5,30,4,5,2,1,0,5,False,36.0,Developing,30,70,Moderate_Gap,12,0,1,Approaching_OJT,30.0,100.0
3,7.53,120,58,62,48.33,19.33,42,0,1,0,0,0,5,False,67.0,Developing,42,58,Moderate_Gap,1,90,2,Moderate_Planning_Gap,21.0,100.0
3,5.48,120,46,74,38.33,15.33,54,4,4,3,2,1,6,False,7.0,Developing,54,46,Far_From_Eligible,14,0,3,Long_Term_Planning,18.0,100.0
4,5.63,120,65,55,54.17,16.25,35,5,5,3,2,1,5,False,11.5,Developing,35,65,Moderate_Gap,16,0,1,Approaching_OJT,35.0,100.0
7,6.82,120,114,6,95.0,16.29,0,1,1,2,1,0,8,False,75.0,Near_Completion,0,100,Eligible,5,50,1,Approaching_OJT,0.0,99.97
8,6.37,120,112,8,93.33,14.0,0,2,1,2,0,0,8,False,76.0,Near_Completion,0,100,Eligible,5,50,0,OJT_Ready_Stage,0.0,100.0
4,5.38,120,68,52,56.67,17.0,32,3,4,3,2,1,6,False,21.0,Developing,32,68,Moderate_Gap,13,0,2,Moderate_Planning_Gap,16.0,100.0
6,6.57,120,101,19,84.17,16.83,0,3,3,2,0,0,6,False,63.5,Near_Completion,0,100,Eligible,8,20,0,OJT_Ready_Stage,0.0,100.0
2,4.24,120,23,97,19.17,11.5,77,6,8,2,3,1,6,False,0.0,Early,77,23,Far_From_Eligible,20,0,4,Long_Term_Planning,19.25,100.0
5,6.15,120,91,29,75.83,18.2,9,1,4,2,0,0,7,False,62.5,Advanced,9,91,Near_Eligible,7,30,2,Moderate_Planning_Gap,4.5,100.0
4,4.91,120,51,69,42.5,12.75,49,8,6,4,2,2,5,False,0.0,Developing,49,51,Moderate_Gap,22,0,1,Approaching_OJT,49.0,100.0
3,7.18,120,47,73,39.17,15.67,53,3,2,2,0,0,6,False,38.5,Developing,53,47,Far_From_Eligible,7,30,3,Long_Term_Planning,17.67,99.98
3,5.77,120,45,75,37.5,15.0,55,3,3,3,1,1,5,False,16.5,Developing,55,45,Far_From_Eligible,11,0,2,Moderate_Planning_Gap,27.5,100.0
5,6.39,120,95,25,79.17,19.0,5,3,3,0,0,0,7,False,72.5,Advanced,5,95,Near_Eligible,6,40,2,Moderate_Planning_Gap,2.5,100.0
1,5.11,120,15,105,12.5,15.0,85,4,6,1,2,1,5,False,0.0,Early,85,15,Far_From_Eligible,14,0,4,Long_Term_Planning,21.25,100.0
6,8.28,120,107,13,89.17,17.83,0,0,2,1,0,0,7,False,83.5,Near_Completion,0,100,Eligible,3,70,1,Approaching_OJT,0.0,100.0
4,6.02,120,69,51,57.5,17.25,31,1,2,0,0,0,6,False,67.5,Developing,31,69,Moderate_Gap,3,70,2,Moderate_Planning_Gap,15.5,100.0
5,7.0,120,88,32,73.33,17.6,12,1,2,1,0,0,6,False,71.0,Advanced,12,88,Near_Eligible,4,60,1,Approaching_OJT,12.0,100.0
3,7.62,120,50,70,41.67,16.67,50,0,1,0,0,0,5,False,63.0,Developing,50,50,Moderate_Gap,1,90,2,Moderate_Planning_Gap,25.0,99.98
4,7.2,120,70,50,58.33,17.5,30,0,1,1,0,0,5,False,67.0,Developing,30,70,Moderate_Gap,2,80,1,Approaching_OJT,30.0,100.0
4,9.17,120,80,40,66.67,20.0,20,0,0,0,0,0,5,False,80.0,Advanced,20,80,Near_Eligible,0,100,1,Approaching_OJT,20.0,100.0
4,9.28,120,75,45,62.5,18.75,25,0,0,0,0,0,5,False,77.5,Advanced,25,75,Moderate_Gap,0,100,1,Approaching_OJT,25.0,100.0
5,6.46,120,85,35,70.83,17.0,15,3,4,0,1,0,6,False,60.5,Advanced,15,85,Near_Eligible,8,20,1,Approaching_OJT,15.0,100.0
3,7.46,120,50,70,41.67,16.67,50,0,0,0,0,0,5,False,65.0,Developing,50,50,Moderate_Gap,0,100,2,Moderate_Planning_Gap,25.0,99.98
2,9.34,120,41,79,34.17,20.5,59,0,0,0,0,0,6,False,60.5,Developing,59,41,Far_From_Eligible,0,100,4,Long_Term_Planning,14.75,100.0
4,6.87,120,70,50,58.33,17.5,30,2,4,1,1,0,5,False,50.0,Developing,30,70,Moderate_Gap,8,20,1,Approaching_OJT,30.0,100.0
5,8.48,120,95,25,79.17,19.0,5,0,0,0,0,0,7,False,87.5,Advanced,5,95,Near_Eligible,0,100,2,Moderate_Planning_Gap,2.5,100.0
2,7.16,120,28,92,23.33,14.0,72,4,2,0,0,0,5,False,38.0,Early,72,28,Far_From_Eligible,6,40,3,Long_Term_Planning,24.0,100.0
3,3.57,120,38,82,31.67,12.67,62,8,8,2,2,2,5,False,0.0,Developing,62,38,Far_From_Eligible,22,0,2,Moderate_Planning_Gap,31.0,99.97
6,6.52,120,107,13,89.17,17.83,0,2,1,1,0,0,7,False,79.5,Near_Completion,0,100,Eligible,4,60,1,Approaching_OJT,0.0,100.0
7,4.44,120,79,41,65.83,11.29,21,5,8,3,2,1,8,False,12.5,Advanced,21,79,Moderate_Gap,19,0,1,Approaching_OJT,21.0,99.96
7,5.12,120,103,17,85.83,14.71,0,5,3,3,1,1,8,False,39.5,Near_Completion,0,100,Eligible,13,0,1,Approaching_OJT,0.0,100.0
5,8.04,120,93,27,77.5,18.6,7,1,1,0,0,0,6,False,81.5,Advanced,7,93,Near_Eligible,2,80,1,Approaching_OJT,7.0,100.0
3,7.92,120,59,61,49.17,19.67,41,0,0,1,0,0,6,False,63.5,Developing,41,59,Moderate_Gap,1,90,3,Long_Term_Planning,13.67,99.98
7,8.27,120,115,5,95.83,16.43,0,1,1,1,0,0,8,False,86.5,Near_Completion,0,100,Eligible,3,70,1,Approaching_OJT,0.0,99.99
7,6.37,120,107,13,89.17,15.29,0,1,1,1,1,0,8,False,77.5,Near_Completion,0,100,Eligible,4,60,1,Approaching_OJT,0.0,99.97
5,5.39,120,84,36,70.0,16.8,16,3,3,3,1,0,6,False,44.0,Advanced,16,84,Near_Eligible,10,0,1,Approaching_OJT,16.0,100.0
6,7.6,120,110,10,91.67,18.33,0,1,2,1,0,0,6,False,82.0,Near_Completion,0,100,Eligible,4,60,0,OJT_Ready_Stage,0.0,100.0
5,8.04,120,100,20,83.33,20.0,0,1,0,0,0,0,7,True,87.0,Near_Completion,0,100,Eligible,1,90,2,Moderate_Planning_Gap,0.0,100.0
4,5.18,120,61,59,50.83,15.25,39,4,5,3,2,1,5,False,12.5,Developing,39,61,Moderate_Gap,15,0,1,Approaching_OJT,39.0,100.0
4,6.83,120,66,54,55.0,16.5,34,3,1,2,0,0,5,False,50.0,Developing,34,66,Moderate_Gap,6,40,1,Approaching_OJT,34.0,100.0
2,6.09,120,42,78,35.0,21.0,58,2,3,1,1,0,6,False,38.0,Developing,58,42,Far_From_Eligible,7,30,4,Long_Term_Planning,14.5,100.0
4,5.4,120,65,55,54.17,16.25,35,3,5,2,2,1,6,False,23.5,Developing,35,65,Moderate_Gap,13,0,2,Moderate_Planning_Gap,17.5,100.0
4,7.41,120,82,38,68.33,20.5,18,1,1,1,0,0,6,False,70.0,Advanced,18,82,Near_Eligible,3,70,2,Moderate_Planning_Gap,9.0,100.0
4,7.98,120,71,49,59.17,17.75,29,0,1,1,0,0,5,False,67.5,Developing,29,71,Moderate_Gap,2,80,1,Approaching_OJT,29.0,100.0
6,7.56,120,109,11,90.83,18.17,0,0,2,0,0,0,7,True,90.5,Near_Completion,0,100,Eligible,2,80,1,Approaching_OJT,0.0,99.98
5,5.96,120,71,49,59.17,14.2,29,5,6,2,1,1,7,False,23.5,Developing,29,71,Moderate_Gap,15,0,2,Moderate_Planning_Gap,14.5,100.0
7,6.04,120,111,9,92.5,15.86,0,3,4,2,0,0,8,False,66.5,Near_Completion,0,100,Eligible,9,10,1,Approaching_OJT,0.0,99.98
5,5.48,120,75,45,62.5,15.0,25,4,3,1,1,1,7,False,40.5,Advanced,25,75,Moderate_Gap,10,0,2,Moderate_Planning_Gap,12.5,100.0
3,6.7,120,40,80,33.33,13.33,60,3,5,2,0,0,5,False,29.0,Developing,60,40,Far_From_Eligible,10,0,2,Moderate_Planning_Gap,30.0,100.0
5,6.39,120,82,38,68.33,16.4,18,2,4,1,0,0,6,False,61.0,Advanced,18,82,Near_Eligible,7,30,1,Approaching_OJT,18.0,100.0
4,7.88,120,72,48,60.0,18.0,28,0,2,0,0,0,5,False,72.0,Advanced,28,72,Moderate_Gap,2,80,1,Approaching_OJT,28.0,100.0
4,6.28,120,71,49,59.17,17.75,29,1,4,0,1,0,5,False,59.5,Developing,29,71,Moderate_Gap,6,40,1,Approaching_OJT,29.0,100.0
4,5.8,120,62,58,51.67,15.5,38,3,4,1,2,0,5,False,38.0,Developing,38,62,Moderate_Gap,10,0,1,Approaching_OJT,38.0,100.0
5,4.79,120,62,58,51.67,12.4,38,7,6,2,3,1,7,False,3.0,Developing,38,62,Moderate_Gap,19,0,2,Moderate_Planning_Gap,19.0,100.0
7,5.54,120,94,26,78.33,13.43,6,3,5,3,2,0,8,False,40.0,Advanced,6,94,Near_Eligible,13,0,1,Approaching_OJT,6.0,99.99
4,6.45,120,73,47,60.83,18.25,27,2,3,1,1,0,6,False,53.5,Advanced,27,73,Moderate_Gap,7,30,2,Moderate_Planning_Gap,13.5,100.0
5,6.14,120,94,26,78.33,18.8,6,2,3,0,0,0,7,False,75.0,Advanced,6,94,Near_Eligible,5,50,2,Moderate_Planning_Gap,3.0,100.0
5,6.9,120,82,38,68.33,16.4,18,3,4,1,0,0,7,False,58.0,Advanced,18,82,Near_Eligible,8,20,2,Moderate_Planning_Gap,9.0,100.0
4,6.58,120,62,58,51.67,15.5,38,1,2,2,0,0,6,False,52.0,Developing,38,62,Moderate_Gap,5,50,2,Moderate_Planning_Gap,19.0,100.0
3,5.47,120,41,79,34.17,13.67,59,4,5,2,1,1,5,False,13.5,Developing,59,41,Far_From_Eligible,13,0,2,Moderate_Planning_Gap,29.5,99.98
4,9.78,120,81,39,67.5,20.25,19,0,0,0,0,0,5,False,80.5,Advanced,19,81,Near_Eligible,0,100,1,Approaching_OJT,19.0,100.0
5,5.58,120,75,45,62.5,15.0,25,4,4,3,1,1,6,False,26.5,Advanced,25,75,Moderate_Gap,13,0,1,Approaching_OJT,25.0,100.0
4,6.73,120,74,46,61.67,18.5,26,2,4,1,1,0,6,False,52.0,Advanced,26,74,Moderate_Gap,8,20,2,Moderate_Planning_Gap,13.0,100.0
3,6.11,120,51,69,42.5,17.0,49,2,4,1,1,0,6,False,40.5,Developing,49,51,Moderate_Gap,8,20,3,Long_Term_Planning,16.33,100.0
3,7.85,120,53,67,44.17,17.67,47,0,2,0,0,0,6,False,62.5,Developing,47,53,Moderate_Gap,2,80,3,Long_Term_Planning,15.67,99.98
3,8.83,120,64,56,53.33,21.33,36,0,0,0,0,0,5,False,72.0,Developing,36,64,Moderate_Gap,0,100,2,Moderate_Planning_Gap,18.0,100.0
5,8.4,120,97,23,80.83,19.4,3,1,0,1,0,0,7,False,79.5,Near_Completion,3,97,Near_Eligible,2,80,2,Moderate_Planning_Gap,1.5,100.0
5,7.87,120,88,32,73.33,17.6,12,1,2,0,0,0,6,False,77.0,Advanced,12,88,Near_Eligible,3,70,1,Approaching_OJT,12.0,100.0
5,4.91,120,70,50,58.33,14.0,30,7,7,2,2,2,6,False,2.0,Developing,30,70,Moderate_Gap,20,0,1,Approaching_OJT,30.0,100.0
2,6.05,120,38,82,31.67,19.0,62,2,2,2,0,0,5,False,37.0,Developing,62,38,Far_From_Eligible,6,40,3,Long_Term_Planning,20.67,100.0
2,7.13,120,46,74,38.33,23.0,54,0,1,0,0,0,5,False,61.0,Developing,54,46,Far_From_Eligible,1,90,3,Long_Term_Planning,18.0,100.0
7,6.29,120,106,14,88.33,15.14,0,3,3,1,1,0,8,False,67.0,Near_Completion,0,100,Eligible,8,20,1,Approaching_OJT,0.0,100.0
4,8.45,120,76,44,63.33,19.0,24,0,1,1,0,0,6,False,70.0,Advanced,24,76,Moderate_Gap,2,80,2,Moderate_Planning_Gap,12.0,100.0
5,8.33,120,96,24,80.0,19.2,4,0,1,0,0,0,7,False,86.0,Near_Completion,4,96,Near_Eligible,1,90,2,Moderate_Planning_Gap,2.0,100.0
3,7.97,120,64,56,53.33,21.33,36,1,1,1,0,0,6,False,61.0,Developing,36,64,Moderate_Gap,3,70,3,Long_Term_Planning,12.0,100.0
7,8.63,120,113,7,94.17,16.14,0,0,0,0,0,0,8,True,96.5,Near_Completion,0,100,Eligible,0,100,1,Approaching_OJT,0.0,100.0
3,7.4,120,54,66,45.0,18.0,46,1,0,1,0,0,5,False,58.0,Developing,46,54,Moderate_Gap,2,80,2,Moderate_Planning_Gap,23.0,100.0
4,5.73,120,59,61,49.17,14.75,41,3,4,3,1,1,6,False,21.5,Developing,41,59,Moderate_Gap,12,0,2,Moderate_Planning_Gap,20.5,100.0
3,6.19,120,49,71,40.83,16.33,51,1,2,2,0,0,5,False,45.5,Developing,51,49,Far_From_Eligible,5,50,2,Moderate_Planning_Gap,25.5,100.0
5,7.82,120,92,28,76.67,18.4,8,0,2,0,0,0,6,False,82.0,Advanced,8,92,Near_Eligible,2,80,1,Approaching_OJT,8.0,100.0
3,8.66,120,60,60,50.0,20.0,40,0,0,0,0,0,5,False,70.0,Developing,40,60,Moderate_Gap,0,100,2,Moderate_Planning_Gap,20.0,100.0
3,6.62,120,43,77,35.83,14.33,57,3,4,2,0,0,6,False,32.5,Developing,57,43,Far_From_Eligible,9,10,3,Long_Term_Planning,19.0,100.0
7,6.44,120,110,10,91.67,15.71,0,3,1,1,0,0,8,False,78.0,Near_Completion,0,100,Eligible,5,50,1,Approaching_OJT,0.0,100.0
5,7.33,120,94,26,78.33,18.8,6,0,2,1,0,0,6,False,77.0,Advanced,6,94,Near_Eligible,3,70,1,Approaching_OJT,6.0,100.0
5,6.93,120,93,27,77.5,18.6,7,3,3,1,0,0,6,False,65.5,Advanced,7,93,Near_Eligible,7,30,1,Approaching_OJT,7.0,100.0
5,7.46,120,94,26,78.33,18.8,6,0,1,1,0,0,6,False,79.0,Advanced,6,94,Near_Eligible,2,80,1,Approaching_OJT,6.0,100.0
5,7.17,120,95,25,79.17,19.0,5,4,5,1,0,0,7,False,59.5,Advanced,5,95,Near_Eligible,10,0,2,Moderate_Planning_Gap,2.5,100.0
3,6.13,120,54,66,45.0,18.0,46,2,4,0,0,0,6,False,53.0,Developing,46,54,Moderate_Gap,6,40,3,Long_Term_Planning,15.33,100.0
2,6.45,120,35,85,29.17,17.5,65,3,2,0,1,0,5,False,39.5,Early,65,35,Far_From_Eligible,6,40,3,Long_Term_Planning,21.67,100.0
3,8.25,120,51,69,42.5,17.0,49,1,0,0,0,0,5,False,62.5,Developing,49,51,Moderate_Gap,1,90,2,Moderate_Planning_Gap,24.5,100.0
6,7.2,120,102,18,85.0,17.0,0,0,1,1,0,0,6,False,83.0,Near_Completion,0,100,Eligible,2,80,0,OJT_Ready_Stage,0.0,100.0
4,9.86,120,81,39,67.5,20.25,19,0,0,0,0,0,6,False,80.5,Advanced,19,81,Near_Eligible,0,100,2,Moderate_Planning_Gap,9.5,100.0
3,4.63,120,28,92,23.33,9.33,72,7,8,4,2,2,5,False,0.0,Early,72,28,Far_From_Eligible,23,0,2,Moderate_Planning_Gap,36.0,100.0
3,8.33,120,53,67,44.17,17.67,47,0,1,1,0,0,5,False,58.5,Developing,47,53,Moderate_Gap,2,80,2,Moderate_Planning_Gap,23.5,99.98
4,8.4,120,75,45,62.5,18.75,25,1,1,1,0,0,5,False,66.5,Advanced,25,75,Moderate_Gap,3,70,1,Approaching_OJT,25.0,100.0
3,5.86,120,38,82,31.67,12.67,62,5,4,3,2,1,5,False,0.0,Developing,62,38,Far_From_Eligible,15,0,2,Moderate_Planning_Gap,31.0,99.97
6,6.21,120,106,14,88.33,17.67,0,3,4,0,0,0,6,True,76.0,Near_Completion,0,100,Eligible,7,30,0,OJT_Ready_Stage,0.0,99.98
5,6.17,120,90,30,75.0,18.0,10,2,1,0,1,0,7,False,72.0,Advanced,10,90,Near_Eligible,4,60,2,Moderate_Planning_Gap,5.0,100.0
4,5.4,120,50,70,41.67,12.5,50,4,3,1,2,0,5,False,31.0,Developing,50,50,Moderate_Gap,10,0,1,Approaching_OJT,50.0,100.0
2,6.6,120,42,78,35.0,21.0,58,3,2,2,0,0,5,False,36.0,Developing,58,42,Far_From_Eligible,7,30,3,Long_Term_Planning,19.33,100.0
4,6.47,120,63,57,52.5,15.75,37,3,2,2,1,0,5,False,41.5,Developing,37,63,Moderate_Gap,8,20,1,Approaching_OJT,37.0,100.0
1,6.9,120,20,100,16.67,20.0,80,1,2,2,0,0,5,False,31.0,Early,80,20,Far_From_Eligible,5,50,4,Long_Term_Planning,20.0,100.0
4,6.8,120,63,57,52.5,15.75,37,2,4,0,0,0,6,False,57.5,Developing,37,63,Moderate_Gap,6,40,2,Moderate_Planning_Gap,18.5,100.0
1,7.58,120,21,99,17.5,21.0,79,0,1,1,0,0,6,False,42.5,Early,79,21,Far_From_Eligible,2,80,5,Long_Term_Planning,15.8,100.0
2,6.42,120,30,90,25.0,15.0,70,1,4,1,0,0,5,False,38.0,Early,70,30,Far_From_Eligible,6,40,3,Long_Term_Planning,23.33,100.0
4,8.77,120,73,47,60.83,18.25,27,0,0,0,0,0,6,False,76.5,Advanced,27,73,Moderate_Gap,0,100,2,Moderate_Planning_Gap,13.5,100.0
7,6.17,120,112,8,93.33,16.0,0,1,2,0,1,0,8,True,84.0,Near_Completion,0,100,Eligible,4,60,1,Approaching_OJT,0.0,100.0
2,6.96,120,39,81,32.5,19.5,61,3,1,0,1,0,5,False,43.5,Developing,61,39,Far_From_Eligible,5,50,3,Long_Term_Planning,20.33,100.0
2,6.7,120,42,78,35.0,21.0,58,1,1,1,0,0,6,False,50.0,Developing,58,42,Far_From_Eligible,3,70,4,Long_Term_Planning,14.5,100.0
3,4.94,120,30,90,25.0,10.0,70,7,5,4,3,2,5,False,0.0,Early,70,30,Far_From_Eligible,21,0,2,Moderate_Planning_Gap,35.0,100.0
1,6.52,120,20,100,16.67,20.0,80,1,1,1,0,0,5,False,39.0,Early,80,20,Far_From_Eligible,3,70,4,Long_Term_Planning,20.0,100.0
4,6.29,120,65,55,54.17,16.25,35,2,4,1,0,0,5,False,52.5,Developing,35,65,Moderate_Gap,7,30,1,Approaching_OJT,35.0,100.0
5,5.35,120,80,40,66.67,16.0,20,4,6,3,1,1,7,False,25.0,Advanced,20,80,Near_Eligible,15,0,2,Moderate_Planning_Gap,10.0,100.0
3,6.03,120,56,64,46.67,18.67,44,2,3,0,0,0,5,False,56.0,Developing,44,56,Moderate_Gap,5,50,2,Moderate_Planning_Gap,22.0,99.98
2,6.59,120,36,84,30.0,18.0,64,1,1,2,0,0,6,False,41.0,Developing,64,36,Far_From_Eligible,4,60,4,Long_Term_Planning,16.0,100.0
6,6.06,120,92,28,76.67,15.33,8,1,2,0,1,0,6,False,74.0,Advanced,8,92,Near_Eligible,4,60,0,OJT_Ready_Stage,8.0,100.0
6,7.28,120,112,8,93.33,18.67,0,1,1,0,0,0,7,True,91.0,Near_Completion,0,100,Eligible,2,80,1,Approaching_OJT,0.0,99.98
4,6.54,120,60,60,50.0,15.0,40,4,2,0,1,0,6,False,49.0,Developing,40,60,Moderate_Gap,7,30,2,Moderate_Planning_Gap,20.0,100.0
4,7.22,120,76,44,63.33,19.0,24,1,2,0,0,0,5,False,71.0,Advanced,24,76,Moderate_Gap,3,70,1,Approaching_OJT,24.0,100.0
3,6.47,120,57,63,47.5,19.0,43,1,1,2,0,0,6,False,51.5,Developing,43,57,Moderate_Gap,4,60,3,Long_Term_Planning,14.33,100.0
2,5.56,120,36,84,30.0,18.0,64,5,4,2,1,0,5,False,18.0,Developing,64,36,Far_From_Eligible,12,0,3,Long_Term_Planning,21.33,100.0
5,5.61,120,74,46,61.67,14.8,26,5,3,3,2,0,7,False,28.0,Advanced,26,74,Moderate_Gap,13,0,2,Moderate_Planning_Gap,13.0,100.0
1,7.74,120,19,101,15.83,19.0,81,1,1,0,0,0,6,False,44.5,Early,81,19,Far_From_Eligible,2,80,5,Long_Term_Planning,16.2,100.0
5,6.86,120,90,30,75.0,18.0,10,2,3,1,0,0,6,False,67.0,Advanced,10,90,Near_Eligible,6,40,1,Approaching_OJT,10.0,100.0
5,6.55,120,78,42,65.0,15.6,22,1,2,1,0,0,7,False,66.0,Advanced,22,78,Moderate_Gap,4,60,2,Moderate_Planning_Gap,11.0,100.0
4,5.77,120,66,54,55.0,16.5,34,5,5,1,2,0,6,False,32.0,Developing,34,66,Moderate_Gap,13,0,2,Moderate_Planning_Gap,17.0,100.0
3,5.16,120,43,77,35.83,14.33,57,3,5,3,2,0,5,False,14.5,Developing,57,43,Far_From_Eligible,13,0,2,Moderate_Planning_Gap,28.5,100.0
5,6.29,120,84,36,70.0,16.8,16,1,1,1,1,0,7,False,66.0,Advanced,16,84,Near_Eligible,4,60,2,Moderate_Planning_Gap,8.0,100.0
2,8.94,120,37,83,30.83,18.5,63,0,0,0,0,0,5,False,58.5,Developing,63,37,Far_From_Eligible,0,100,3,Long_Term_Planning,21.0,100.0
7,7.93,120,113,7,94.17,16.14,0,0,2,1,0,0,8,False,86.5,Near_Completion,0,100,Eligible,3,70,1,Approaching_OJT,0.0,100.0
2,6.72,120,34,86,28.33,17.0,66,3,2,1,1,0,5,False,33.0,Early,66,34,Far_From_Eligible,7,30,3,Long_Term_Planning,22.0,100.0
1,7.32,120,21,99,17.5,21.0,79,0,2,0,0,0,5,False,46.5,Early,79,21,Far_From_Eligible,2,80,4,Long_Term_Planning,19.75,100.0
5,5.78,120,85,35,70.83,17.0,15,3,5,1,1,0,6,False,52.5,Advanced,15,85,Near_Eligible,10,0,1,Approaching_OJT,15.0,100.0
3,6.53,120,47,73,39.17,15.67,53,1,2,0,1,0,5,False,51.5,Developing,53,47,Far_From_Eligible,4,60,2,Moderate_Planning_Gap,26.5,99.98
5,7.02,120,96,24,80.0,19.2,4,1,1,1,0,0,6,False,77.0,Near_Completion,4,96,Near_Eligible,3,70,1,Approaching_OJT,4.0,100.0
6,6.82,120,97,23,80.83,16.17,3,1,1,2,1,0,6,False,66.5,Near_Completion,3,97,Near_Eligible,5,50,0,OJT_Ready_Stage,3.0,99.98
5,6.71,120,89,31,74.17,17.8,11,3,1,0,0,0,6,False,73.5,Advanced,11,89,Near_Eligible,4,60,1,Approaching_OJT,11.0,100.0
2,5.71,120,33,87,27.5,16.5,67,3,3,2,1,1,5,False,16.5,Early,67,33,Far_From_Eligible,10,0,3,Long_Term_Planning,22.33,100.0
4,6.0,120,66,54,55.0,16.5,34,3,3,0,1,0,5,False,53.0,Developing,34,66,Moderate_Gap,7,30,1,Approaching_OJT,34.0,100.0
5,5.19,120,78,42,65.0,15.6,22,4,6,1,1,0,6,False,44.0,Advanced,22,78,Moderate_Gap,12,0,1,Approaching_OJT,22.0,100.0
4,4.57,120,58,62,48.33,14.5,42,6,5,4,3,2,6,False,0.0,Developing,42,58,Moderate_Gap,20,0,2,Moderate_Planning_Gap,21.0,100.0
3,5.44,120,50,70,41.67,16.67,50,3,3,2,1,1,6,False,25.0,Developing,50,50,Moderate_Gap,10,0,3,Long_Term_Planning,16.67,99.98
7,9.06,120,117,3,97.5,16.71,0,0,0,0,0,0,8,True,98.5,Near_Completion,0,100,Eligible,0,100,1,Approaching_OJT,0.0,100.0
5,3.74,120,63,57,52.5,12.6,37,5,6,4,3,2,6,False,0.0,Developing,37,63,Moderate_Gap,20,0,1,Approaching_OJT,37.0,100.0
3,7.3,120,54,66,45.0,18.0,46,1,2,0,0,0,5,False,60.0,Developing,46,54,Moderate_Gap,3,70,2,Moderate_Planning_Gap,23.0,100.0
5,7.45,120,97,23,80.83,19.4,3,1,2,1,0,0,6,False,75.5,Near_Completion,3,97,Near_Eligible,4,60,1,Approaching_OJT,3.0,100.0
4,5.02,120,63,57,52.5,15.75,37,4,6,1,2,0,5,False,31.5,Developing,37,63,Moderate_Gap,13,0,1,Approaching_OJT,37.0,100.0
4,8.19,120,79,41,65.83,19.75,21,1,0,0,0,0,6,False,76.5,Advanced,21,79,Moderate_Gap,1,90,2,Moderate_Planning_Gap,10.5,100.0
7,7.55,120,115,5,95.83,16.43,0,0,0,0,0,0,8,True,97.5,Near_Completion,0,100,Eligible,0,100,1,Approaching_OJT,0.0,99.99
4,7.98,120,76,44,63.33,19.0,24,1,1,1,0,0,5,False,67.0,Advanced,24,76,Moderate_Gap,3,70,1,Approaching_OJT,24.0,100.0
3,6.84,120,48,72,40.0,16.0,52,1,2,1,0,0,5,False,51.0,Developing,52,48,Far_From_Eligible,4,60,2,Moderate_Planning_Gap,26.0,100.0
6,5.73,120,98,22,81.67,16.33,2,4,6,2,2,1,7,False,35.0,Near_Completion,2,98,Near_Eligible,15,0,1,Approaching_OJT,2.0,100.0
5,5.9,120,79,41,65.83,15.8,21,1,4,1,1,0,7,False,57.5,Advanced,21,79,Moderate_Gap,7,30,2,Moderate_Planning_Gap,10.5,100.0
2,5.51,120,27,93,22.5,13.5,73,4,6,3,1,0,6,False,6.5,Early,73,27,Far_From_Eligible,14,0,4,Long_Term_Planning,18.25,100.0
6,6.65,120,94,26,78.33,15.67,6,1,1,2,1,0,7,False,65.0,Advanced,6,94,Near_Eligible,5,50,1,Approaching_OJT,6.0,99.98
3,6.25,120,56,64,46.67,18.67,44,3,1,0,0,0,5,False,57.0,Developing,44,56,Moderate_Gap,4,60,2,Moderate_Planning_Gap,22.0,99.98
5,5.24,120,83,37,69.17,16.6,17,5,3,2,2,0,7,False,38.5,Advanced,17,83,Near_Eligible,12,0,2,Moderate_Planning_Gap,8.5,100.0
2,7.09,120,29,91,24.17,14.5,71,3,4,0,1,0,6,False,32.5,Early,71,29,Far_From_Eligible,8,20,4,Long_Term_Planning,17.75,100.0
4,6.2,120,70,50,58.33,17.5,30,2,3,0,0,0,6,False,63.0,Developing,30,70,Moderate_Gap,5,50,2,Moderate_Planning_Gap,15.0,100.0
3,7.29,120,50,70,41.67,16.67,50,0,0,0,0,0,5,False,65.0,Developing,50,50,Moderate_Gap,0,100,2,Moderate_Planning_Gap,25.0,99.98
8,5.1,120,113,7,94.17,14.12,0,5,5,2,1,0,8,False,54.5,Near_Completion,0,100,Eligible,13,0,0,OJT_Ready_Stage,0.0,100.0
7,7.94,120,112,8,93.33,16.0,0,1,2,0,0,0,8,True,89.0,Near_Completion,0,100,Eligible,3,70,1,Approaching_OJT,0.0,100.0
3,6.82,120,46,74,38.33,15.33,54,1,4,1,0,0,6,False,46.0,Developing,54,46,Far_From_Eligible,6,40,3,Long_Term_Planning,18.0,100.0
4,5.93,120,59,61,49.17,14.75,41,4,4,1,2,0,5,False,33.5,Developing,41,59,Moderate_Gap,11,0,1,Approaching_OJT,41.0,100.0
3,6.54,120,53,67,44.17,17.67,47,3,2,2,1,0,6,False,36.5,Developing,47,53,Moderate_Gap,8,20,3,Long_Term_Planning,15.67,99.98
4,8.62,120,83,37,69.17,20.75,17,0,0,0,0,0,6,False,81.5,Advanced,17,83,Near_Eligible,0,100,2,Moderate_Planning_Gap,8.5,100.0
6,7.19,120,100,20,83.33,16.67,0,1,0,0,0,0,6,True,87.0,Near_Completion,0,100,Eligible,1,90,0,OJT_Ready_Stage,0.0,99.98
4,7.79,120,70,50,58.33,17.5,30,1,0,0,0,0,5,False,72.0,Developing,30,70,Moderate_Gap,1,90,1,Approaching_OJT,30.0,100.0
6,6.38,120,104,16,86.67,17.33,0,2,3,2,0,0,7,False,68.0,Near_Completion,0,100,Eligible,7,30,1,Approaching_OJT,0.0,100.0
1,6.48,120,20,100,16.67,20.0,80,1,1,1,1,0,6,False,34.0,Early,80,20,Far_From_Eligible,4,60,5,Long_Term_Planning,16.0,100.0
5,5.59,120,74,46,61.67,14.8,26,3,4,2,2,0,6,False,38.0,Advanced,26,74,Moderate_Gap,11,0,1,Approaching_OJT,26.0,100.0
5,8.24,120,96,24,80.0,19.2,4,1,1,0,0,0,7,False,83.0,Near_Completion,4,96,Near_Eligible,2,80,2,Moderate_Planning_Gap,2.0,100.0
5,7.02,120,93,27,77.5,18.6,7,0,0,1,0,0,6,False,80.5,Advanced,7,93,Near_Eligible,1,90,1,Approaching_OJT,7.0,100.0
4,7.67,120,70,50,58.33,17.5,30,1,2,0,0,0,6,False,68.0,Developing,30,70,Moderate_Gap,3,70,2,Moderate_Planning_Gap,15.0,100.0
6,6.79,120,106,14,88.33,17.67,0,3,1,2,0,0,6,False,70.0,Near_Completion,0,100,Eligible,6,40,0,OJT_Ready_Stage,0.0,99.98
8,6.66,120,109,11,90.83,13.62,0,1,3,2,1,0,8,False,68.5,Near_Completion,0,100,Eligible,7,30,0,OJT_Ready_Stage,0.0,100.0
5,7.44,120,98,22,81.67,19.6,2,1,1,1,0,0,7,False,78.0,Near_Completion,2,98,Near_Eligible,3,70,2,Moderate_Planning_Gap,1.0,100.0
5,4.75,120,57,63,47.5,11.4,43,7,6,2,3,2,7,False,0.0,Developing,43,57,Moderate_Gap,20,0,2,Moderate_Planning_Gap,21.5,100.0
2,8.35,120,45,75,37.5,22.5,55,0,2,1,0,0,5,False,52.5,Developing,55,45,Far_From_Eligible,3,70,3,Long_Term_Planning,18.33,100.0
4,8.45,120,76,44,63.33,19.0,24,1,0,0,0,0,5,False,75.0,Advanced,24,76,Moderate_Gap,1,90,1,Approaching_OJT,24.0,100.0
5,7.38,120,93,27,77.5,18.6,7,1,1,0,0,0,7,False,81.5,Advanced,7,93,Near_Eligible,2,80,2,Moderate_Planning_Gap,3.5,100.0
3,7.71,120,56,64,46.67,18.67,44,0,2,1,0,0,6,False,58.0,Developing,44,56,Moderate_Gap,3,70,3,Long_Term_Planning,14.67,99.98
5,6.05,120,92,28,76.67,18.4,8,2,4,1,1,0,7,False,61.0,Advanced,8,92,Near_Eligible,8,20,2,Moderate_Planning_Gap,4.0,100.0
5,9.33,120,94,26,78.33,18.8,6,0,0,0,0,0,7,False,87.0,Advanced,6,94,Near_Eligible,0,100,2,Moderate_Planning_Gap,3.0,100.0
7,7.59,120,117,3,97.5,16.71,0,1,0,0,0,0,8,True,95.5,Near_Completion,0,100,Eligible,1,90,1,Approaching_OJT,0.0,100.0
4,5.4,120,55,65,45.83,13.75,45,5,5,1,1,1,6,False,23.5,Developing,45,55,Moderate_Gap,13,0,2,Moderate_Planning_Gap,22.5,100.0
5,6.36,120,82,38,68.33,16.4,18,3,3,2,1,0,7,False,49.0,Advanced,18,82,Near_Eligible,9,10,2,Moderate_Planning_Gap,9.0,100.0
4,6.69,120,65,55,54.17,16.25,35,3,1,2,1,0,6,False,44.5,Developing,35,65,Moderate_Gap,7,30,2,Moderate_Planning_Gap,17.5,100.0
6,8.37,120,111,9,92.5,18.5,0,1,1,1,0,0,7,False,84.5,Near_Completion,0,100,Eligible,3,70,1,Approaching_OJT,0.0,100.0
5,8.74,120,98,22,81.67,19.6,2,0,0,0,0,0,6,False,89.0,Near_Completion,2,98,Near_Eligible,0,100,1,Approaching_OJT,2.0,100.0
4,6.5,120,73,47,60.83,18.25,27,2,2,1,0,0,5,False,60.5,Advanced,27,73,Moderate_Gap,5,50,1,Approaching_OJT,27.0,100.0
5,5.21,120,75,45,62.5,15.0,25,3,3,3,2,0,6,False,34.5,Advanced,25,75,Moderate_Gap,11,0,1,Approaching_OJT,25.0,100.0
3,9.81,120,57,63,47.5,19.0,43,0,0,0,0,0,5,False,68.5,Developing,43,57,Moderate_Gap,0,100,2,Moderate_Planning_Gap,21.5,100.0
5,7.17,120,78,42,65.0,15.6,22,2,2,0,1,0,6,False,64.0,Advanced,22,78,Moderate_Gap,5,50,1,Approaching_OJT,22.0,100.0
1,7.05,120,19,101,15.83,19.0,81,0,0,0,0,0,5,False,49.5,Early,81,19,Far_From_Eligible,0,100,4,Long_Term_Planning,20.25,100.0
7,6.13,120,115,5,95.83,16.43,0,1,1,2,1,0,8,False,75.5,Near_Completion,0,100,Eligible,5,50,1,Approaching_OJT,0.0,99.99
2,4.66,120,30,90,25.0,15.0,70,8,7,4,2,1,5,False,0.0,Early,70,30,Far_From_Eligible,22,0,3,Long_Term_Planning,23.33,100.0
3,9.17,120,62,58,51.67,20.67,38,0,0,0,0,0,6,False,71.0,Developing,38,62,Moderate_Gap,0,100,3,Long_Term_Planning,12.67,99.98
4,8.94,120,75,45,62.5,18.75,25,0,0,0,0,0,6,False,77.5,Advanced,25,75,Moderate_Gap,0,100,2,Moderate_Planning_Gap,12.5,100.0
5,7.88,120,96,24,80.0,19.2,4,1,2,1,0,0,6,False,75.0,Near_Completion,4,96,Near_Eligible,4,60,1,Approaching_OJT,4.0,100.0
5,8.18,120,90,30,75.0,18.0,10,1,1,1,0,0,6,False,74.0,Advanced,10,90,Near_Eligible,3,70,1,Approaching_OJT,10.0,100.0
6,8.01,120,112,8,93.33,18.67,0,1,1,0,0,0,6,True,91.0,Near_Completion,0,100,Eligible,2,80,0,OJT_Ready_Stage,0.0,99.98
5,6.39,120,85,35,70.83,17.0,15,3,4,2,1,0,7,False,48.5,Advanced,15,85,Near_Eligible,10,0,2,Moderate_Planning_Gap,7.5,100.0
3,8.42,120,53,67,44.17,17.67,47,1,2,1,0,0,5,False,53.5,Developing,47,53,Moderate_Gap,4,60,2,Moderate_Planning_Gap,23.5,99.98
5,7.21,120,100,20,83.33,20.0,0,0,0,0,0,0,7,True,90.0,Near_Completion,0,100,Eligible,0,100,2,Moderate_Planning_Gap,0.0,100.0
5,9.91,120,97,23,80.83,19.4,3,0,0,0,0,0,6,False,88.5,Near_Completion,3,97,Near_Eligible,0,100,1,Approaching_OJT,3.0,100.0
5,8.43,120,92,28,76.67,18.4,8,1,1,0,0,0,6,False,81.0,Advanced,8,92,Near_Eligible,2,80,1,Approaching_OJT,8.0,100.0
6,7.14,120,107,13,89.17,17.83,0,1,2,0,0,0,7,True,86.5,Near_Completion,0,100,Eligible,3,70,1,Approaching_OJT,0.0,100.0
5,5.83,120,78,42,65.0,15.6,22,3,3,3,1,1,7,False,33.0,Advanced,22,78,Moderate_Gap,11,0,2,Moderate_Planning_Gap,11.0,100.0
5,6.16,120,84,36,70.0,16.8,16,2,2,0,0,0,6,False,72.0,Advanced,16,84,Near_Eligible,4,60,1,Approaching_OJT,16.0,100.0
1,7.65,120,22,98,18.33,22.0,78,1,2,0,0,0,5,False,44.0,Early,78,22,Far_From_Eligible,3,70,4,Long_Term_Planning,19.5,100.0
4,9.95,120,73,47,60.83,18.25,27,0,0,0,0,0,6,False,76.5,Advanced,27,73,Moderate_Gap,0,100,2,Moderate_Planning_Gap,13.5,100.0
4,9.21,120,77,43,64.17,19.25,23,0,0,0,0,0,5,False,78.5,Advanced,23,77,Moderate_Gap,0,100,1,Approaching_OJT,23.0,100.0
7,5.58,120,107,13,89.17,15.29,0,5,5,2,2,1,8,False,38.5,Near_Completion,0,100,Eligible,15,0,1,Approaching_OJT,0.0,99.97
3,7.99,120,58,62,48.33,19.33,42,0,2,0,0,0,5,False,65.0,Developing,42,58,Moderate_Gap,2,80,2,Moderate_Planning_Gap,21.0,100.0
6,8.75,120,110,10,91.67,18.33,0,0,0,0,0,0,7,True,95.0,Near_Completion,0,100,Eligible,0,100,1,Approaching_OJT,0.0,100.0
6,6.36,120,108,12,90.0,18.0,0,2,3,2,1,0,6,False,65.0,Near_Completion,0,100,Eligible,8,20,0,OJT_Ready_Stage,0.0,100.0
4,7.64,120,80,40,66.67,20.0,20,1,2,0,0,0,6,False,73.0,Advanced,20,80,Near_Eligible,3,70,2,Moderate_Planning_Gap,10.0,100.0
7,6.54,120,114,6,95.0,16.29,0,1,3,0,0,0,8,True,88.0,Near_Completion,0,100,Eligible,4,60,1,Approaching_OJT,0.0,99.97
2,6.36,120,42,78,35.0,21.0,58,3,1,2,1,0,5,False,33.0,Developing,58,42,Far_From_Eligible,7,30,3,Long_Term_Planning,19.33,100.0
2,6.76,120,40,80,33.33,20.0,60,2,4,0,1,0,6,False,41.0,Developing,60,40,Far_From_Eligible,7,30,4,Long_Term_Planning,15.0,100.0
5,7.4,120,99,21,82.5,19.8,1,0,1,1,0,0,6,False,81.5,Near_Completion,1,99,Near_Eligible,2,80,1,Approaching_OJT,1.0,100.0
3,6.64,120,49,71,40.83,16.33,51,2,4,1,0,0,6,False,44.5,Developing,51,49,Far_From_Eligible,7,30,3,Long_Term_Planning,17.0,100.0
3,6.47,120,51,69,42.5,17.0,49,1,4,2,0,0,5,False,42.5,Developing,49,51,Moderate_Gap,7,30,2,Moderate_Planning_Gap,24.5,100.0
3,6.52,120,48,72,40.0,16.0,52,1,4,0,1,0,5,False,48.0,Developing,52,48,Far_From_Eligible,6,40,2,Moderate_Planning_Gap,26.0,100.0
3,6.59,120,57,63,47.5,19.0,43,3,1,0,0,0,6,False,57.5,Developing,43,57,Moderate_Gap,4,60,3,Long_Term_Planning,14.33,100.0
4,7.58,120,82,38,68.33,20.5,18,1,0,1,0,0,6,False,72.0,Advanced,18,82,Near_Eligible,2,80,2,Moderate_Planning_Gap,9.0,100.0
7,6.22,120,107,13,89.17,15.29,0,2,2,2,0,0,8,False,71.5,Near_Completion,0,100,Eligible,6,40,1,Approaching_OJT,0.0,99.97
4,6.88,120,75,45,62.5,18.75,25,2,4,0,1,0,5,False,58.5,Advanced,25,75,Moderate_Gap,7,30,1,Approaching_OJT,25.0,100.0
4,8.86,120,76,44,63.33,19.0,24,0,0,0,0,0,5,False,78.0,Advanced,24,76,Moderate_Gap,0,100,1,Approaching_OJT,24.0,100.0
5,6.93,120,81,39,67.5,16.2,19,1,1,0,1,0,6,False,70.5,Advanced,19,81,Near_Eligible,3,70,1,Approaching_OJT,19.0,100.0
4,8.96,120,72,48,60.0,18.0,28,0,0,0,0,0,5,False,76.0,Advanced,28,72,Moderate_Gap,0,100,1,Approaching_OJT,28.0,100.0
3,4.74,120,37,83,30.83,12.33,63,6,6,4,3,1,6,False,0.0,Developing,63,37,Far_From_Eligible,20,0,3,Long_Term_Planning,21.0,100.0
8,7.91,120,115,5,95.83,14.38,0,0,2,1,0,0,8,False,87.5,Near_Completion,0,100,Eligible,3,70,0,OJT_Ready_Stage,0.0,99.97
5,7.74,120,100,20,83.33,20.0,0,1,2,1,0,0,7,False,77.0,Near_Completion,0,100,Eligible,4,60,2,Moderate_Planning_Gap,0.0,100.0
2,6.82,120,30,90,25.0,15.0,70,3,4,1,0,0,5,False,32.0,Early,70,30,Far_From_Eligible,8,20,3,Long_Term_Planning,23.33,100.0
5,3.77,120,60,60,50.0,12.0,40,5,7,3,2,1,6,False,5.0,Developing,40,60,Moderate_Gap,18,0,1,Approaching_OJT,40.0,100.0
7,5.63,120,104,16,86.67,14.86,0,4,5,3,2,0,8,False,42.0,Near_Completion,0,100,Eligible,14,0,1,Approaching_OJT,0.0,99.98
1,5.32,120,16,104,13.33,16.0,84,4,3,1,1,0,6,False,19.0,Early,84,16,Far_From_Eligible,9,10,5,Long_Term_Planning,16.8,100.0
3,7.48,120,60,60,50.0,20.0,40,1,2,0,0,0,5,False,63.0,Developing,40,60,Moderate_Gap,3,70,2,Moderate_Planning_Gap,20.0,100.0
3,6.5,120,54,66,45.0,18.0,46,1,3,1,0,0,6,False,52.0,Developing,46,54,Moderate_Gap,5,50,3,Long_Term_Planning,15.33,100.0
6,8.11,120,102,18,85.0,17.0,0,1,1,0,0,0,7,True,86.0,Near_Completion,0,100,Eligible,2,80,1,Approaching_OJT,0.0,100.0
3,5.74,120,47,73,39.17,15.67,53,4,5,1,2,1,6,False,17.5,Developing,53,47,Far_From_Eligible,13,0,3,Long_Term_Planning,17.67,99.98
5,8.17,120,90,30,75.0,18.0,10,0,1,1,0,0,6,False,77.0,Advanced,10,90,Near_Eligible,2,80,1,Approaching_OJT,10.0,100.0
2,9.44,120,45,75,37.5,22.5,55,0,0,0,0,0,5,False,62.5,Developing,55,45,Far_From_Eligible,0,100,3,Long_Term_Planning,18.33,100.0
2,9.54,120,47,73,39.17,23.5,53,0,0,0,0,0,6,False,63.5,Developing,53,47,Far_From_Eligible,0,100,4,Long_Term_Planning,13.25,100.0
5,8.21,120,100,20,83.33,20.0,0,1,2,0,0,0,7,True,83.0,Near_Completion,0,100,Eligible,3,70,2,Moderate_Planning_Gap,0.0,100.0
3,7.72,120,53,67,44.17,17.67,47,1,0,1,0,0,6,False,57.5,Developing,47,53,Moderate_Gap,2,80,3,Long_Term_Planning,15.67,99.98
6,6.3,120,97,23,80.83,16.17,3,3,4,0,1,0,7,False,66.5,Near_Completion,3,97,Near_Eligible,8,20,1,Approaching_OJT,3.0,99.98
4,5.37,120,67,53,55.83,16.75,33,3,6,1,1,1,6,False,33.5,Developing,33,67,Moderate_Gap,12,0,2,Moderate_Planning_Gap,16.5,100.0
3,4.96,120,32,88,26.67,10.67,68,8,5,2,2,1,6,False,0.0,Early,68,32,Far_From_Eligible,18,0,3,Long_Term_Planning,22.67,99.97
5,5.07,120,74,46,61.67,14.8,26,3,6,2,1,1,7,False,31.0,Advanced,26,74,Moderate_Gap,13,0,2,Moderate_Planning_Gap,13.0,100.0
4,7.09,120,78,42,65.0,19.5,22,1,2,1,0,0,6,False,66.0,Advanced,22,78,Moderate_Gap,4,60,2,Moderate_Planning_Gap,11.0,100.0
4,5.11,120,56,64,46.67,14.0,44,5,3,3,1,0,6,False,24.0,Developing,44,56,Moderate_Gap,12,0,2,Moderate_Planning_Gap,22.0,100.0
5,5.4,120,73,47,60.83,14.6,27,3,6,2,1,1,7,False,30.5,Advanced,27,73,Moderate_Gap,13,0,2,Moderate_Planning_Gap,13.5,100.0
4,7.09,120,74,46,61.67,18.5,26,0,1,1,0,0,6,False,69.0,Advanced,26,74,Moderate_Gap,2,80,2,Moderate_Planning_Gap,13.0,100.0
6,6.86,120,99,21,82.5,16.5,1,2,2,1,1,0,6,False,68.5,Near_Completion,1,99,Near_Eligible,6,40,0,OJT_Ready_Stage,1.0,100.0
5,6.05,120,87,33,72.5,17.4,13,2,3,1,1,0,6,False,60.5,Advanced,13,87,Near_Eligible,7,30,1,Approaching_OJT,13.0,100.0
2,5.56,120,33,87,27.5,16.5,67,5,4,3,1,1,5,False,2.5,Early,67,33,Far_From_Eligible,14,0,3,Long_Term_Planning,22.33,100.0
3,5.99,120,41,79,34.17,13.67,59,5,4,3,1,0,6,False,14.5,Developing,59,41,Far_From_Eligible,13,0,3,Long_Term_Planning,19.67,99.98
2,6.84,120,33,87,27.5,16.5,67,1,2,0,1,0,6,False,44.5,Early,67,33,Far_From_Eligible,4,60,4,Long_Term_Planning,16.75,100.0
3,5.07,120,41,79,34.17,13.67,59,4,5,1,2,0,5,False,22.5,Developing,59,41,Far_From_Eligible,12,0,2,Moderate_Planning_Gap,29.5,99.98
4,8.03,120,77,43,64.17,19.25,23,0,2,0,0,0,6,False,74.5,Advanced,23,77,Moderate_Gap,2,80,2,Moderate_Planning_Gap,11.5,100.0
4,6.86,120,69,51,57.5,17.25,31,2,3,2,0,0,5,False,50.5,Developing,31,69,Moderate_Gap,7,30,1,Approaching_OJT,31.0,100.0
3,8.14,120,62,58,51.67,20.67,38,1,1,0,0,0,6,False,66.0,Developing,38,62,Moderate_Gap,2,80,3,Long_Term_Planning,12.67,99.98
4,9.09,120,79,41,65.83,19.75,21,0,0,0,0,0,6,False,79.5,Advanced,21,79,Moderate_Gap,0,100,2,Moderate_Planning_Gap,10.5,100.0
1,6.14,120,19,101,15.83,19.0,81,3,1,2,0,0,5,False,26.5,Early,81,19,Far_From_Eligible,6,40,4,Long_Term_Planning,20.25,100.0
7,6.8,120,114,6,95.0,16.29,0,2,4,1,0,0,8,False,77.0,Near_Completion,0,100,Eligible,7,30,1,Approaching_OJT,0.0,99.97
6,5.96,120,96,24,80.0,16.0,4,3,6,2,2,1,7,False,37.0,Near_Completion,4,96,Near_Eligible,14,0,1,Approaching_OJT,4.0,100.0
6,8.58,120,114,6,95.0,19.0,0,0,0,0,0,0,7,True,97.0,Near_Completion,0,100,Eligible,0,100,1,Approaching_OJT,0.0,100.0
7,6.79,120,107,13,89.17,15.29,0,1,4,2,1,0,8,False,65.5,Near_Completion,0,100,Eligible,8,20,1,Approaching_OJT,0.0,99.97
7,7.11,120,110,10,91.67,15.71,0,1,0,0,0,0,8,True,92.0,Near_Completion,0,100,Eligible,1,90,1,Approaching_OJT,0.0,100.0
5,6.25,120,91,29,75.83,18.2,9,2,2,0,1,0,6,False,70.5,Advanced,9,91,Near_Eligible,5,50,1,Approaching_OJT,9.0,100.0
4,5.31,120,52,68,43.33,13.0,48,5,6,3,1,0,6,False,16.0,Developing,48,52,Moderate_Gap,15,0,2,Moderate_Planning_Gap,24.0,100.0
4,7.29,120,80,40,66.67,20.0,20,1,1,0,0,0,6,False,75.0,Advanced,20,80,Near_Eligible,2,80,2,Moderate_Planning_Gap,10.0,100.0
2,9.66,120,41,79,34.17,20.5,59,0,0,0,0,0,6,False,60.5,Developing,59,41,Far_From_Eligible,0,100,4,Long_Term_Planning,14.75,100.0
6,9.93,120,111,9,92.5,18.5,0,0,0,0,0,0,6,True,95.5,Near_Completion,0,100,Eligible,0,100,0,OJT_Ready_Stage,0.0,100.0
3,6.18,120,49,71,40.83,16.33,51,1,1,1,1,0,6,False,48.5,Developing,51,49,Far_From_Eligible,4,60,3,Long_Term_Planning,17.0,100.0
4,8.08,120,80,40,66.67,20.0,20,1,0,0,0,0,6,False,77.0,Advanced,20,80,Near_Eligible,1,90,2,Moderate_Planning_Gap,10.0,100.0
4,7.35,120,74,46,61.67,18.5,26,1,2,0,0,0,6,False,70.0,Advanced,26,74,Moderate_Gap,3,70,2,Moderate_Planning_Gap,13.0,100.0
4,7.33,120,74,46,61.67,18.5,26,1,1,1,0,0,6,False,66.0,Advanced,26,74,Moderate_Gap,3,70,2,Moderate_Planning_Gap,13.0,100.0
3,6.22,120,51,69,42.5,17.0,49,1,3,1,0,0,5,False,50.5,Developing,49,51,Moderate_Gap,5,50,2,Moderate_Planning_Gap,24.5,100.0
3,6.21,120,52,68,43.33,17.33,48,2,4,1,0,0,6,False,46.0,Developing,48,52,Moderate_Gap,7,30,3,Long_Term_Planning,16.0,100.0
7,6.38,120,107,13,89.17,15.29,0,2,4,0,0,0,8,True,79.5,Near_Completion,0,100,Eligible,6,40,1,Approaching_OJT,0.0,99.97
5,9.44,120,102,18,85.0,20.4,0,0,0,0,0,0,7,True,91.0,Near_Completion,0,100,Eligible,0,100,2,Moderate_Planning_Gap,0.0,100.0
3,6.89,120,45,75,37.5,15.0,55,3,2,1,1,0,5,False,38.5,Developing,55,45,Far_From_Eligible,7,30,2,Moderate_Planning_Gap,27.5,100.0
4,7.37,120,79,41,65.83,19.75,21,0,2,0,0,0,6,False,75.5,Advanced,21,79,Moderate_Gap,2,80,2,Moderate_Planning_Gap,10.5,100.0
8,9.7,120,119,1,99.17,14.88,0,0,0,0,0,0,8,True,99.5,Near_Completion,0,100,Eligible,0,100,0,OJT_Ready_Stage,0.0,99.97
6,6.62,120,93,27,77.5,15.5,7,3,4,1,1,0,7,False,58.5,Advanced,7,93,Near_Eligible,9,10,1,Approaching_OJT,7.0,100.0
3,5.76,120,48,72,40.0,16.0,52,3,6,3,2,0,6,False,15.0,Developing,52,48,Far_From_Eligible,14,0,3,Long_Term_Planning,17.33,100.0
7,6.35,120,105,15,87.5,15.0,0,1,1,1,0,0,8,False,81.5,Near_Completion,0,100,Eligible,3,70,1,Approaching_OJT,0.0,100.0
5,6.52,120,93,27,77.5,18.6,7,3,2,0,1,0,6,False,68.5,Advanced,7,93,Near_Eligible,6,40,1,Approaching_OJT,7.0,100.0
3,8.87,120,65,55,54.17,21.67,35,0,0,0,0,0,5,False,72.5,Developing,35,65,Moderate_Gap,0,100,2,Moderate_Planning_Gap,17.5,99.98
5,6.3,120,88,32,73.33,17.6,12,4,5,0,0,0,6,False,62.0,Advanced,12,88,Near_Eligible,9,10,1,Approaching_OJT,12.0,100.0
3,6.2,120,55,65,45.83,18.33,45,2,3,2,0,0,5,False,43.5,Developing,45,55,Moderate_Gap,7,30,2,Moderate_Planning_Gap,22.5,100.0
4,6.19,120,60,60,50.0,15.0,40,1,3,0,0,0,5,False,61.0,Developing,40,60,Moderate_Gap,4,60,1,Approaching_OJT,40.0,100.0
2,6.2,120,39,81,32.5,19.5,61,2,1,1,1,0,5,False,40.5,Developing,61,39,Far_From_Eligible,5,50,3,Long_Term_Planning,20.33,100.0
7,5.61,120,98,22,81.67,14.0,2,4,6,3,2,0,8,False,37.0,Near_Completion,2,98,Near_Eligible,15,0,1,Approaching_OJT,2.0,100.0
5,4.6,120,66,54,55.0,13.2,34,8,6,2,3,2,6,False,0.0,Developing,34,66,Moderate_Gap,21,0,1,Approaching_OJT,34.0,100.0
5,9.04,120,100,20,83.33,20.0,0,0,0,0,0,0,6,True,90.0,Near_Completion,0,100,Eligible,0,100,1,Approaching_OJT,0.0,100.0
4,5.23,120,50,70,41.67,12.5,50,4,3,1,1,0,5,False,36.0,Developing,50,50,Moderate_Gap,9,10,1,Approaching_OJT,50.0,100.0
8,7.56,120,116,4,96.67,14.5,0,0,1,0,0,0,8,True,96.0,Near_Completion,0,100,Eligible,1,90,0,OJT_Ready_Stage,0.0,100.0
2,4.16,120,18,102,15.0,9.0,82,7,5,2,3,2,6,False,0.0,Early,82,18,Far_From_Eligible,19,0,4,Long_Term_Planning,20.5,100.0
3,6.87,120,47,73,39.17,15.67,53,1,4,1,0,0,6,False,46.5,Developing,53,47,Far_From_Eligible,6,40,3,Long_Term_Planning,17.67,99.98
2,7.53,120,39,81,32.5,19.5,61,1,0,0,0,0,5,False,56.5,Developing,61,39,Far_From_Eligible,1,90,3,Long_Term_Planning,20.33,100.0
6,8.31,120,109,11,90.83,18.17,0,0,2,1,0,0,6,False,84.5,Near_Completion,0,100,Eligible,3,70,0,OJT_Ready_Stage,0.0,99.98
1,5.6,120,18,102,15.0,18.0,82,3,5,1,1,1,5,False,11.0,Early,82,18,Far_From_Eligible,11,0,4,Long_Term_Planning,20.5,100.0
5,8.52,120,97,23,80.83,19.4,3,0,0,0,0,0,7,False,88.5,Near_Completion,3,97,Near_Eligible,0,100,2,Moderate_Planning_Gap,1.5,100.0
6,6.56,120,90,30,75.0,15.0,10,2,4,0,1,0,6,False,66.0,Advanced,10,90,Near_Eligible,7,30,0,OJT_Ready_Stage,10.0,100.0
7,8.37,120,114,6,95.0,16.29,0,1,2,1,0,0,8,False,84.0,Near_Completion,0,100,Eligible,4,60,1,Approaching_OJT,0.0,99.97
8,5.82,120,104,16,86.67,13.0,0,4,5,2,1,0,8,False,53.0,Near_Completion,0,100,Eligible,12,0,0,OJT_Ready_Stage,0.0,100.0
1,5.81,120,17,103,14.17,17.0,83,2,2,0,1,0,6,False,33.5,Early,83,17,Far_From_Eligible,5,50,5,Long_Term_Planning,16.6,100.0
6,5.16,120,95,25,79.17,15.83,5,4,6,3,1,1,6,False,32.5,Advanced,5,95,Near_Eligible,15,0,0,OJT_Ready_Stage,5.0,100.0
4,8.01,120,78,42,65.0,19.5,22,0,0,0,0,0,6,False,79.0,Advanced,22,78,Moderate_Gap,0,100,2,Moderate_Planning_Gap,11.0,100.0
1,9.78,120,20,100,16.67,20.0,80,0,0,0,0,0,5,False,50.0,Early,80,20,Far_From_Eligible,0,100,4,Long_Term_Planning,20.0,100.0
1,4.29,120,11,109,9.17,11.0,89,7,6,3,3,1,5,False,0.0,Early,89,11,Far_From_Eligible,20,0,4,Long_Term_Planning,22.25,100.0
4,8.37,120,68,52,56.67,17.0,32,1,1,0,0,0,5,False,69.0,Developing,32,68,Moderate_Gap,2,80,1,Approaching_OJT,32.0,100.0
6,3.83,120,81,39,67.5,13.5,19,7,6,2,2,2,7,False,9.5,Advanced,19,81,Near_Eligible,19,0,1,Approaching_OJT,19.0,100.0
2,4.99,120,25,95,20.83,12.5,75,8,6,3,3,2,6,False,0.0,Early,75,25,Far_From_Eligible,22,0,4,Long_Term_Planning,18.75,100.0
7,6.93,120,112,8,93.33,16.0,0,2,4,1,0,0,8,False,76.0,Near_Completion,0,100,Eligible,7,30,1,Approaching_OJT,0.0,100.0
3,8.33,120,62,58,51.67,20.67,38,1,0,1,0,0,5,False,62.0,Developing,38,62,Moderate_Gap,2,80,2,Moderate_Planning_Gap,19.0,99.98
5,5.62,120,69,51,57.5,13.8,31,3,3,2,1,0,6,False,42.5,Developing,31,69,Moderate_Gap,9,10,1,Approaching_OJT,31.0,100.0
4,9.12,120,77,43,64.17,19.25,23,0,0,0,0,0,5,False,78.5,Advanced,23,77,Moderate_Gap,0,100,1,Approaching_OJT,23.0,100.0
5,6.64,120,89,31,74.17,17.8,11,2,3,2,0,0,7,False,60.5,Advanced,11,89,Near_Eligible,7,30,2,Moderate_Planning_Gap,5.5,100.0
7,6.16,120,111,9,92.5,15.86,0,1,3,1,1,0,8,False,75.5,Near_Completion,0,100,Eligible,6,40,1,Approaching_OJT,0.0,99.98
5,6.3,120,86,34,71.67,17.2,14,1,2,1,0,0,6,False,70.0,Advanced,14,86,Near_Eligible,4,60,1,Approaching_OJT,14.0,100.0
3,8.13,120,59,61,49.17,19.67,41,1,2,0,0,0,6,False,62.5,Developing,41,59,Moderate_Gap,3,70,3,Long_Term_Planning,13.67,99.98
3,8.92,120,65,55,54.17,21.67,35,0,0,0,0,0,6,False,72.5,Developing,35,65,Moderate_Gap,0,100,3,Long_Term_Planning,11.67,99.98
1,6.7,120,19,101,15.83,19.0,81,1,4,1,0,0,5,False,32.5,Early,81,19,Far_From_Eligible,6,40,4,Long_Term_Planning,20.25,100.0
6,5.89,120,96,24,80.0,16.0,4,3,3,1,1,1,6,False,54.0,Near_Completion,4,96,Near_Eligible,9,10,0,OJT_Ready_Stage,4.0,100.0
4,7.39,120,78,42,65.0,19.5,22,0,0,1,0,0,5,False,73.0,Advanced,22,78,Moderate_Gap,1,90,1,Approaching_OJT,22.0,100.0
6,8.16,120,108,12,90.0,18.0,0,0,1,1,0,0,6,False,86.0,Near_Completion,0,100,Eligible,2,80,0,OJT_Ready_Stage,0.0,100.0
5,5.37,120,73,47,60.83,14.6,27,3,6,1,1,0,6,False,44.5,Advanced,27,73,Moderate_Gap,11,0,1,Approaching_OJT,27.0,100.0
5,6.18,120,85,35,70.83,17.0,15,2,4,0,0,0,7,False,68.5,Advanced,15,85,Near_Eligible,6,40,2,Moderate_Planning_Gap,7.5,100.0
3,6.95,120,57,63,47.5,19.0,43,1,2,0,0,0,6,False,61.5,Developing,43,57,Moderate_Gap,3,70,3,Long_Term_Planning,14.33,100.0
3,6.96,120,45,75,37.5,15.0,55,3,3,0,0,0,5,False,47.5,Developing,55,45,Far_From_Eligible,6,40,2,Moderate_Planning_Gap,27.5,100.0
5,9.17,120,93,27,77.5,18.6,7,0,0,0,0,0,7,False,86.5,Advanced,7,93,Near_Eligible,0,100,2,Moderate_Planning_Gap,3.5,100.0
3,5.96,120,47,73,39.17,15.67,53,5,3,1,1,0,5,False,31.5,Developing,53,47,Far_From_Eligible,10,0,2,Moderate_Planning_Gap,26.5,99.98
5,6.53,120,90,30,75.0,18.0,10,2,2,1,1,0,7,False,64.0,Advanced,10,90,Near_Eligible,6,40,2,Moderate_Planning_Gap,5.0,100.0
4,9.76,120,78,42,65.0,19.5,22,0,0,0,0,0,6,False,79.0,Advanced,22,78,Moderate_Gap,0,100,2,Moderate_Planning_Gap,11.0,100.0
3,5.94,120,44,76,36.67,14.67,56,5,5,1,2,0,6,False,21.0,Developing,56,44,Far_From_Eligible,13,0,3,Long_Term_Planning,18.67,99.98
4,6.84,120,68,52,56.67,17.0,32,3,3,1,0,0,6,False,53.0,Developing,32,68,Moderate_Gap,7,30,2,Moderate_Planning_Gap,16.0,100.0
3,6.18,120,53,67,44.17,17.67,47,3,1,2,0,0,6,False,43.5,Developing,47,53,Moderate_Gap,6,40,3,Long_Term_Planning,15.67,99.98
4,5.4,120,61,59,50.83,15.25,39,5,5,2,2,1,6,False,15.5,Developing,39,61,Moderate_Gap,15,0,2,Moderate_Planning_Gap,19.5,100.0
4,6.15,120,71,49,59.17,17.75,29,3,2,1,0,0,6,False,56.5,Developing,29,71,Moderate_Gap,6,40,2,Moderate_Planning_Gap,14.5,100.0
2,7.58,120,36,84,30.0,18.0,64,0,2,1,0,0,6,False,48.0,Developing,64,36,Far_From_Eligible,3,70,4,Long_Term_Planning,16.0,100.0
5,6.59,120,80,40,66.67,16.0,20,3,5,2,1,0,6,False,44.0,Advanced,20,80,Near_Eligible,11,0,1,Approaching_OJT,20.0,100.0
2,6.61,120,39,81,32.5,19.5,61,2,4,0,0,0,5,False,45.5,Developing,61,39,Far_From_Eligible,6,40,3,Long_Term_Planning,20.33,100.0
5,7.03,120,90,30,75.0,18.0,10,0,0,1,0,0,6,False,79.0,Advanced,10,90,Near_Eligible,1,90,1,Approaching_OJT,10.0,100.0
5,9.24,120,91,29,75.83,18.2,9,0,0,0,0,0,6,False,85.5,Advanced,9,91,Near_Eligible,0,100,1,Approaching_OJT,9.0,100.0
8,6.36,120,114,6,95.0,14.25,0,1,4,1,1,0,8,False,75.0,Near_Completion,0,100,Eligible,7,30,0,OJT_Ready_Stage,0.0,100.0
2,9.44,120,38,82,31.67,19.0,62,0,0,0,0,0,6,False,59.0,Developing,62,38,Far_From_Eligible,0,100,4,Long_Term_Planning,15.5,100.0
5,7.82,120,98,22,81.67,19.6,2,1,2,1,0,0,7,False,76.0,Near_Completion,2,98,Near_Eligible,4,60,2,Moderate_Planning_Gap,1.0,100.0
6,6.64,120,100,20,83.33,16.67,0,1,3,2,0,0,6,False,69.0,Near_Completion,0,100,Eligible,6,40,0,OJT_Ready_Stage,0.0,99.98
4,8.09,120,80,40,66.67,20.0,20,1,1,1,0,0,5,False,69.0,Advanced,20,80,Near_Eligible,3,70,1,Approaching_OJT,20.0,100.0
6,4.24,120,73,47,60.83,12.17,27,7,7,2,2,1,7,False,11.5,Advanced,27,73,Moderate_Gap,19,0,1,Approaching_OJT,27.0,99.97
5,8.39,120,92,28,76.67,18.4,8,1,0,1,0,0,6,False,77.0,Advanced,8,92,Near_Eligible,2,80,1,Approaching_OJT,8.0,100.0
7,6.75,120,101,19,84.17,14.43,0,3,2,0,1,0,8,True,72.5,Near_Completion,0,100,Eligible,6,40,1,Approaching_OJT,0.0,99.99
5,5.36,120,68,52,56.67,13.6,32,3,3,1,1,1,7,False,40.0,Developing,32,68,Moderate_Gap,9,10,2,Moderate_Planning_Gap,16.0,100.0
5,5.82,120,71,49,59.17,14.2,29,5,6,2,2,1,7,False,18.5,Developing,29,71,Moderate_Gap,16,0,2,Moderate_Planning_Gap,14.5,100.0
5,6.4,120,81,39,67.5,16.2,19,2,3,1,1,0,7,False,57.5,Advanced,19,81,Near_Eligible,7,30,2,Moderate_Planning_Gap,9.5,100.0
4,5.49,120,66,54,55.0,16.5,34,3,6,2,2,0,5,False,30.0,Developing,34,66,Moderate_Gap,13,0,1,Approaching_OJT,34.0,100.0
5,6.63,120,83,37,69.17,16.6,17,1,3,0,0,0,6,False,72.5,Advanced,17,83,Near_Eligible,4,60,1,Approaching_OJT,17.0,100.0
4,6.53,120,62,58,51.67,15.5,38,2,3,0,1,0,5,False,54.0,Developing,38,62,Moderate_Gap,6,40,1,Approaching_OJT,38.0,100.0
4,7.45,120,72,48,60.0,18.0,28,0,2,1,0,0,6,False,66.0,Advanced,28,72,Moderate_Gap,3,70,2,Moderate_Planning_Gap,14.0,100.0
5,6.77,120,90,30,75.0,18.0,10,2,2,1,1,0,6,False,64.0,Advanced,10,90,Near_Eligible,6,40,1,Approaching_OJT,10.0,100.0
3,7.05,120,48,72,40.0,16.0,52,3,2,1,0,0,6,False,45.0,Developing,52,48,Far_From_Eligible,6,40,3,Long_Term_Planning,17.33,100.0
5,6.32,120,89,31,74.17,17.8,11,1,2,2,0,0,7,False,65.5,Advanced,11,89,Near_Eligible,5,50,2,Moderate_Planning_Gap,5.5,100.0
5,4.99,120,64,56,53.33,12.8,36,5,6,3,3,1,6,False,4.0,Developing,36,64,Moderate_Gap,18,0,1,Approaching_OJT,36.0,100.0
4,5.14,120,61,59,50.83,15.25,39,4,4,1,2,0,5,False,34.5,Developing,39,61,Moderate_Gap,11,0,1,Approaching_OJT,39.0,100.0
5,9.56,120,102,18,85.0,20.4,0,0,0,0,0,0,7,True,91.0,Near_Completion,0,100,Eligible,0,100,2,Moderate_Planning_Gap,0.0,100.0
4,6.74,120,75,45,62.5,18.75,25,2,2,0,0,0,5,False,67.5,Advanced,25,75,Moderate_Gap,4,60,1,Approaching_OJT,25.0,100.0
1,9.22,120,20,100,16.67,20.0,80,0,0,0,0,0,6,False,50.0,Early,80,20,Far_From_Eligible,0,100,5,Long_Term_Planning,16.0,100.0
5,6.3,120,81,39,67.5,16.2,19,3,2,1,0,0,7,False,61.5,Advanced,19,81,Near_Eligible,6,40,2,Moderate_Planning_Gap,9.5,100.0
4,6.62,120,60,60,50.0,15.0,40,3,4,0,0,0,5,False,53.0,Developing,40,60,Moderate_Gap,7,30,1,Approaching_OJT,40.0,100.0
5,6.46,120,80,40,66.67,16.0,20,1,2,0,0,0,7,False,73.0,Advanced,20,80,Near_Eligible,3,70,2,Moderate_Planning_Gap,10.0,100.0
6,7.28,120,105,15,87.5,17.5,0,0,1,0,0,0,7,True,90.5,Near_Completion,0,100,Eligible,1,90,1,Approaching_OJT,0.0,100.0
2,4.4,120,19,101,15.83,9.5,81,8,7,4,2,2,5,False,0.0,Early,81,19,Far_From_Eligible,23,0,3,Long_Term_Planning,27.0,100.0
7,5.06,120,106,14,88.33,15.14,0,4,6,2,1,1,8,False,44.0,Near_Completion,0,100,Eligible,14,0,1,Approaching_OJT,0.0,100.0
5,7.36,120,92,28,76.67,18.4,8,0,2,1,0,0,6,False,76.0,Advanced,8,92,Near_Eligible,3,70,1,Approaching_OJT,8.0,100.0
3,7.21,120,62,58,51.67,20.67,38,0,1,0,0,0,6,False,69.0,Developing,38,62,Moderate_Gap,1,90,3,Long_Term_Planning,12.67,99.98
7,5.89,120,92,28,76.67,13.14,8,4,5,2,2,1,8,False,34.0,Advanced,8,92,Near_Eligible,14,0,1,Approaching_OJT,8.0,100.0
4,7.28,120,79,41,65.83,19.75,21,1,1,0,0,0,6,False,74.5,Advanced,21,79,Moderate_Gap,2,80,2,Moderate_Planning_Gap,10.5,100.0
6,5.97,120,97,23,80.83,16.17,3,5,4,1,1,0,7,False,54.5,Near_Completion,3,97,Near_Eligible,11,0,1,Approaching_OJT,3.0,99.98
2,8.48,120,34,86,28.33,17.0,66,1,1,1,0,0,5,False,46.0,Early,66,34,Far_From_Eligible,3,70,3,Long_Term_Planning,22.0,100.0
4,8.47,120,71,49,59.17,17.75,29,1,2,1,0,0,5,False,62.5,Developing,29,71,Moderate_Gap,4,60,1,Approaching_OJT,29.0,100.0
6,6.54,120,94,26,78.33,15.67,6,1,4,0,1,0,6,False,71.0,Advanced,6,94,Near_Eligible,6,40,0,OJT_Ready_Stage,6.0,99.98
3,9.28,120,62,58,51.67,20.67,38,0,0,0,0,0,6,False,71.0,Developing,38,62,Moderate_Gap,0,100,3,Long_Term_Planning,12.67,99.98
5,3.79,120,69,51,57.5,13.8,31,7,6,4,2,2,6,False,0.0,Developing,31,69,Moderate_Gap,21,0,1,Approaching_OJT,31.0,100.0
5,6.22,120,82,38,68.33,16.4,18,1,2,2,0,0,6,False,62.0,Advanced,18,82,Near_Eligible,5,50,1,Approaching_OJT,18.0,100.0
5,5.55,120,73,47,60.83,14.6,27,3,4,1,2,0,7,False,43.5,Advanced,27,73,Moderate_Gap,10,0,2,Moderate_Planning_Gap,13.5,100.0
8,6.36,120,118,2,98.33,14.75,0,3,4,1,0,0,8,False,76.0,Near_Completion,0,100,Eligible,8,20,0,OJT_Ready_Stage,0.0,100.0
4,5.49,120,61,59,50.83,15.25,39,5,5,3,2,1,6,False,9.5,Developing,39,61,Moderate_Gap,16,0,2,Moderate_Planning_Gap,19.5,100.0
8,6.77,120,120,0,100.0,15.0,0,4,5,1,0,0,8,False,72.0,Near_Completion,0,100,Eligible,10,0,0,OJT_Ready_Stage,0.0,100.0
4,8.12,120,81,39,67.5,20.25,19,0,0,0,0,0,6,False,80.5,Advanced,19,81,Near_Eligible,0,100,2,Moderate_Planning_Gap,9.5,100.0
1,8.43,120,21,99,17.5,21.0,79,1,2,1,0,0,6,False,37.5,Early,79,21,Far_From_Eligible,4,60,5,Long_Term_Planning,15.8,100.0
3,7.24,120,63,57,52.5,21.0,37,1,0,1,0,0,5,False,62.5,Developing,37,63,Moderate_Gap,2,80,2,Moderate_Planning_Gap,18.5,100.0
3,7.53,120,56,64,46.67,18.67,44,0,2,0,0,0,5,False,64.0,Developing,44,56,Moderate_Gap,2,80,2,Moderate_Planning_Gap,22.0,99.98
4,6.14,120,72,48,60.0,18.0,28,1,1,2,0,0,6,False,59.0,Advanced,28,72,Moderate_Gap,4,60,2,Moderate_Planning_Gap,14.0,100.0
4,5.14,120,58,62,48.33,14.5,42,4,6,2,1,0,5,False,28.0,Developing,42,58,Moderate_Gap,13,0,1,Approaching_OJT,42.0,100.0
2,6.86,120,35,85,29.17,17.5,65,1,2,0,1,0,5,False,45.5,Early,65,35,Far_From_Eligible,4,60,3,Long_Term_Planning,21.67,100.0
2,8.33,120,45,75,37.5,22.5,55,0,2,1,0,0,5,False,52.5,Developing,55,45,Far_From_Eligible,3,70,3,Long_Term_Planning,18.33,100.0
5,7.02,120,91,29,75.83,18.2,9,1,0,1,0,0,7,False,76.5,Advanced,9,91,Near_Eligible,2,80,2,Moderate_Planning_Gap,4.5,100.0
8,7.04,120,117,3,97.5,14.62,0,1,1,0,0,0,8,True,93.5,Near_Completion,0,100,Eligible,2,80,0,OJT_Ready_Stage,0.0,100.0
5,7.13,120,85,35,70.83,17.0,15,2,3,1,0,0,7,False,64.5,Advanced,15,85,Near_Eligible,6,40,2,Moderate_Planning_Gap,7.5,100.0
8,6.38,120,113,7,94.17,14.12,0,2,2,1,0,0,8,False,80.5,Near_Completion,0,100,Eligible,5,50,0,OJT_Ready_Stage,0.0,100.0
7,3.84,120,96,24,80.0,13.71,4,8,7,2,2,2,8,False,12.0,Near_Completion,4,96,Near_Eligible,21,0,1,Approaching_OJT,4.0,100.0
5,7.05,120,95,25,79.17,19.0,5,1,2,1,0,0,6,False,74.5,Advanced,5,95,Near_Eligible,4,60,1,Approaching_OJT,5.0,100.0
4,7.98,120,78,42,65.0,19.5,22,1,0,0,0,0,5,False,76.0,Advanced,22,78,Moderate_Gap,1,90,1,Approaching_OJT,22.0,100.0
6,5.77,120,83,37,69.17,13.83,17,5,6,1,2,0,7,False,38.5,Advanced,17,83,Near_Eligible,14,0,1,Approaching_OJT,17.0,100.0
6,6.58,120,104,16,86.67,17.33,0,2,4,1,0,0,7,False,72.0,Near_Completion,0,100,Eligible,7,30,1,Approaching_OJT,0.0,100.0
4,6.53,120,62,58,51.67,15.5,38,3,1,2,0,0,5,False,48.0,Developing,38,62,Moderate_Gap,6,40,1,Approaching_OJT,38.0,100.0
2,8.24,120,44,76,36.67,22.0,56,1,2,0,0,0,6,False,55.0,Developing,56,44,Far_From_Eligible,3,70,4,Long_Term_Planning,14.0,100.0
2,6.89,120,38,82,31.67,19.0,62,2,1,1,0,0,6,False,45.0,Developing,62,38,Far_From_Eligible,4,60,4,Long_Term_Planning,15.5,100.0
5,8.5,120,97,23,80.83,19.4,3,0,0,0,0,0,7,False,88.5,Near_Completion,3,97,Near_Eligible,0,100,2,Moderate_Planning_Gap,1.5,100.0
4,4.0,120,40,80,33.33,10.0,60,7,8,2,3,1,6,False,0.0,Developing,60,40,Far_From_Eligible,21,0,2,Moderate_Planning_Gap,30.0,100.0
5,6.43,120,85,35,70.83,17.0,15,2,1,1,0,0,7,False,68.5,Advanced,15,85,Near_Eligible,4,60,2,Moderate_Planning_Gap,7.5,100.0
3,5.37,120,41,79,34.17,13.67,59,4,6,3,1,0,5,False,13.5,Developing,59,41,Far_From_Eligible,14,0,2,Moderate_Planning_Gap,29.5,99.98
8,5.13,120,113,7,94.17,14.12,0,3,4,2,2,0,8,False,57.5,Near_Completion,0,100,Eligible,11,0,0,OJT_Ready_Stage,0.0,100.0
6,7.42,120,102,18,85.0,17.0,0,1,2,1,0,0,6,False,78.0,Near_Completion,0,100,Eligible,4,60,0,OJT_Ready_Stage,0.0,100.0
5,7.58,120,92,28,76.67,18.4,8,0,1,0,0,0,7,False,84.0,Advanced,8,92,Near_Eligible,1,90,2,Moderate_Planning_Gap,4.0,100.0
1,6.34,120,17,103,14.17,17.0,83,1,3,1,0,0,6,False,33.5,Early,83,17,Far_From_Eligible,5,50,5,Long_Term_Planning,16.6,100.0
3,6.73,120,53,67,44.17,17.67,47,2,2,2,0,0,6,False,44.5,Developing,47,53,Moderate_Gap,6,40,3,Long_Term_Planning,15.67,99.98
3,6.01,120,49,71,40.83,16.33,51,2,2,1,0,0,6,False,48.5,Developing,51,49,Far_From_Eligible,5,50,3,Long_Term_Planning,17.0,100.0
8,8.9,120,115,5,95.83,14.38,0,0,0,0,0,0,8,True,97.5,Near_Completion,0,100,Eligible,0,100,0,OJT_Ready_Stage,0.0,99.97
5,5.48,120,76,44,63.33,15.2,24,5,6,2,2,0,6,False,29.0,Advanced,24,76,Moderate_Gap,15,0,1,Approaching_OJT,24.0,100.0
4,6.14,120,66,54,55.0,16.5,34,2,4,0,0,0,6,False,59.0,Developing,34,66,Moderate_Gap,6,40,2,Moderate_Planning_Gap,17.0,100.0
5,7.76,120,91,29,75.83,18.2,9,1,2,0,0,0,6,False,78.5,Advanced,9,91,Near_Eligible,3,70,1,Approaching_OJT,9.0,100.0
5,6.25,120,82,38,68.33,16.4,18,2,3,2,1,0,6,False,52.0,Advanced,18,82,Near_Eligible,8,20,1,Approaching_OJT,18.0,100.0
7,6.72,120,115,5,95.83,16.43,0,2,2,1,0,0,8,False,81.5,Near_Completion,0,100,Eligible,5,50,1,Approaching_OJT,0.0,99.99
5,6.81,120,93,27,77.5,18.6,7,1,4,2,1,0,7,False,58.5,Advanced,7,93,Near_Eligible,8,20,2,Moderate_Planning_Gap,3.5,100.0
5,9.78,120,97,23,80.83,19.4,3,0,0,0,0,0,6,False,88.5,Near_Completion,3,97,Near_Eligible,0,100,1,Approaching_OJT,3.0,100.0
6,8.12,120,106,14,88.33,17.67,0,1,2,0,0,0,7,True,86.0,Near_Completion,0,100,Eligible,3,70,1,Approaching_OJT,0.0,99.98
4,8.45,120,75,45,62.5,18.75,25,0,0,0,0,0,5,False,77.5,Advanced,25,75,Moderate_Gap,0,100,1,Approaching_OJT,25.0,100.0
7,8.45,120,113,7,94.17,16.14,0,0,1,0,0,0,8,True,94.5,Near_Completion,0,100,Eligible,1,90,1,Approaching_OJT,0.0,100.0
6,6.96,120,93,27,77.5,15.5,7,4,2,1,0,0,7,False,64.5,Advanced,7,93,Near_Eligible,7,30,1,Approaching_OJT,7.0,100.0
3,7.64,120,53,67,44.17,17.67,47,1,2,1,0,0,6,False,53.5,Developing,47,53,Moderate_Gap,4,60,3,Long_Term_Planning,15.67,99.98
5,5.87,120,71,49,59.17,14.2,29,4,4,3,2,1,7,False,19.5,Developing,29,71,Moderate_Gap,14,0,2,Moderate_Planning_Gap,14.5,100.0
5,6.44,120,85,35,70.83,17.0,15,2,3,1,0,0,6,False,64.5,Advanced,15,85,Near_Eligible,6,40,1,Approaching_OJT,15.0,100.0
3,6.79,120,53,67,44.17,17.67,47,2,3,0,0,0,6,False,54.5,Developing,47,53,Moderate_Gap,5,50,3,Long_Term_Planning,15.67,99.98
4,8.01,120,72,48,60.0,18.0,28,0,2,0,0,0,5,False,72.0,Advanced,28,72,Moderate_Gap,2,80,1,Approaching_OJT,28.0,100.0
4,5.33,120,51,69,42.5,12.75,49,3,4,2,2,1,5,False,18.5,Developing,49,51,Moderate_Gap,12,0,1,Approaching_OJT,49.0,100.0
4,6.81,120,68,52,56.67,17.0,32,1,1,2,0,0,6,False,57.0,Developing,32,68,Moderate_Gap,4,60,2,Moderate_Planning_Gap,16.0,100.0
4,7.99,120,69,51,57.5,17.25,31,0,1,1,0,0,5,False,66.5,Developing,31,69,Moderate_Gap,2,80,1,Approaching_OJT,31.0,100.0
1,8.29,120,19,101,15.83,19.0,81,1,0,0,0,0,6,False,46.5,Early,81,19,Far_From_Eligible,1,90,5,Long_Term_Planning,16.2,100.0
2,9.3,120,39,81,32.5,19.5,61,0,0,0,0,0,5,False,59.5,Developing,61,39,Far_From_Eligible,0,100,3,Long_Term_Planning,20.33,100.0
4,5.94,120,65,55,54.17,16.25,35,1,3,1,0,0,5,False,57.5,Developing,35,65,Moderate_Gap,5,50,1,Approaching_OJT,35.0,100.0
3,6.38,120,51,69,42.5,17.0,49,1,2,0,0,0,5,False,58.5,Developing,49,51,Moderate_Gap,3,70,2,Moderate_Planning_Gap,24.5,100.0
5,7.26,120,92,28,76.67,18.4,8,1,0,0,0,0,6,False,83.0,Advanced,8,92,Near_Eligible,1,90,1,Approaching_OJT,8.0,100.0
3,6.03,120,49,71,40.83,16.33,51,1,1,2,0,0,5,False,47.5,Developing,51,49,Far_From_Eligible,4,60,2,Moderate_Planning_Gap,25.5,100.0
5,6.61,120,92,28,76.67,18.4,8,1,1,0,0,0,6,False,81.0,Advanced,8,92,Near_Eligible,2,80,1,Approaching_OJT,8.0,100.0
5,6.13,120,87,33,72.5,17.4,13,1,4,1,1,0,6,False,61.5,Advanced,13,87,Near_Eligible,7,30,1,Approaching_OJT,13.0,100.0
6,7.25,120,103,17,85.83,17.17,0,1,0,1,0,0,6,False,82.5,Near_Completion,0,100,Eligible,2,80,0,OJT_Ready_Stage,0.0,99.98
1,6.93,120,20,100,16.67,20.0,80,1,3,1,1,0,6,False,30.0,Early,80,20,Far_From_Eligible,6,40,5,Long_Term_Planning,16.0,100.0
6,9.31,120,109,11,90.83,18.17,0,0,0,0,0,0,7,True,94.5,Near_Completion,0,100,Eligible,0,100,1,Approaching_OJT,0.0,99.98
3,7.65,120,55,65,45.83,18.33,45,1,0,1,0,0,5,False,58.5,Developing,45,55,Moderate_Gap,2,80,2,Moderate_Planning_Gap,22.5,100.0
8,6.43,120,119,1,99.17,14.88,0,1,1,0,0,0,8,True,94.5,Near_Completion,0,100,Eligible,2,80,0,OJT_Ready_Stage,0.0,99.97
7,8.99,120,117,3,97.5,16.71,0,0,0,0,0,0,8,True,98.5,Near_Completion,0,100,Eligible,0,100,1,Approaching_OJT,0.0,100.0
2,5.74,120,24,96,20.0,12.0,76,5,3,2,2,0,5,False,9.0,Early,76,24,Far_From_Eligible,12,0,3,Long_Term_Planning,25.33,100.0
4,5.95,120,54,66,45.0,13.5,46,3,6,3,1,1,6,False,15.0,Developing,46,54,Moderate_Gap,14,0,2,Moderate_Planning_Gap,23.0,100.0
6,5.09,120,91,29,75.83,15.17,9,5,4,1,1,1,6,False,43.5,Advanced,9,91,Near_Eligible,12,0,0,OJT_Ready_Stage,9.0,99.98
6,5.93,120,97,23,80.83,16.17,3,2,3,0,1,0,7,False,71.5,Near_Completion,3,97,Near_Eligible,6,40,1,Approaching_OJT,3.0,99.98
7,6.06,120,109,11,90.83,15.57,0,1,3,0,0,0,8,True,85.5,Near_Completion,0,100,Eligible,4,60,1,Approaching_OJT,0.0,100.0
5,3.91,120,62,58,51.67,12.4,38,5,8,4,3,1,7,False,0.0,Developing,38,62,Moderate_Gap,21,0,2,Moderate_Planning_Gap,19.0,100.0
4,6.93,120,61,59,50.83,15.25,39,3,3,1,0,0,5,False,49.5,Developing,39,61,Moderate_Gap,7,30,1,Approaching_OJT,39.0,100.0
6,6.44,120,95,25,79.17,15.83,5,2,2,1,0,0,6,False,71.5,Advanced,5,95,Near_Eligible,5,50,0,OJT_Ready_Stage,5.0,100.0
4,6.61,120,60,60,50.0,15.0,40,3,4,2,1,0,6,False,36.0,Developing,40,60,Moderate_Gap,10,0,2,Moderate_Planning_Gap,20.0,100.0
5,6.58,120,78,42,65.0,15.6,22,4,5,1,0,0,6,False,51.0,Advanced,22,78,Moderate_Gap,10,0,1,Approaching_OJT,22.0,100.0
3,7.23,120,61,59,50.83,20.33,39,1,1,1,0,0,5,False,59.5,Developing,39,61,Moderate_Gap,3,70,2,Moderate_Planning_Gap,19.5,100.0
1,6.26,120,17,103,14.17,17.0,83,3,4,2,0,0,6,False,19.5,Early,83,17,Far_From_Eligible,9,10,5,Long_Term_Planning,16.6,100.0
4,7.84,120,74,46,61.67,18.5,26,1,0,1,0,0,6,False,68.0,Advanced,26,74,Moderate_Gap,2,80,2,Moderate_Planning_Gap,13.0,100.0
3,6.63,120,51,69,42.5,17.0,49,2,2,0,0,0,5,False,55.5,Developing,49,51,Moderate_Gap,4,60,2,Moderate_Planning_Gap,24.5,100.0
4,6.3,120,72,48,60.0,18.0,28,2,1,0,1,0,6,False,63.0,Advanced,28,72,Moderate_Gap,4,60,2,Moderate_Planning_Gap,14.0,100.0
3,7.34,120,53,67,44.17,17.67,47,0,1,0,0,0,5,False,64.5,Developing,47,53,Moderate_Gap,1,90,2,Moderate_Planning_Gap,23.5,99.98
6,6.24,120,101,19,84.17,16.83,0,2,2,2,0,0,6,False,68.5,Near_Completion,0,100,Eligible,6,40,0,OJT_Ready_Stage,0.0,100.0
5,9.07,120,104,16,86.67,20.8,0,0,0,0,0,0,7,True,92.0,Near_Completion,0,100,Eligible,0,100,2,Moderate_Planning_Gap,0.0,100.0
7,7.67,120,117,3,97.5,16.71,0,0,2,1,0,0,8,False,88.5,Near_Completion,0,100,Eligible,3,70,1,Approaching_OJT,0.0,100.0
4,6.2,120,63,57,52.5,15.75,37,1,3,0,1,0,5,False,57.5,Developing,37,63,Moderate_Gap,5,50,1,Approaching_OJT,37.0,100.0
2,7.28,120,44,76,36.67,22.0,56,1,2,0,0,0,5,False,55.0,Developing,56,44,Far_From_Eligible,3,70,3,Long_Term_Planning,18.67,100.0
2,8.14,120,39,81,32.5,19.5,61,1,1,1,0,0,6,False,48.5,Developing,61,39,Far_From_Eligible,3,70,4,Long_Term_Planning,15.25,100.0
6,8.89,120,110,10,91.67,18.33,0,0,0,0,0,0,7,True,95.0,Near_Completion,0,100,Eligible,0,100,1,Approaching_OJT,0.0,100.0
7,7.29,120,117,3,97.5,16.71,0,0,1,0,0,0,8,True,96.5,Near_Completion,0,100,Eligible,1,90,1,Approaching_OJT,0.0,100.0
3,6.17,120,45,75,37.5,15.0,55,1,2,0,1,0,5,False,50.5,Developing,55,45,Far_From_Eligible,4,60,2,Moderate_Planning_Gap,27.5,100.0
4,6.52,120,70,50,58.33,17.5,30,1,4,1,1,0,6,False,53.0,Developing,30,70,Moderate_Gap,7,30,2,Moderate_Planning_Gap,15.0,100.0
5,9.91,120,104,16,86.67,20.8,0,0,0,0,0,0,6,True,92.0,Near_Completion,0,100,Eligible,0,100,1,Approaching_OJT,0.0,100.0
1,7.55,120,21,99,17.5,21.0,79,0,0,1,0,0,5,False,44.5,Early,79,21,Far_From_Eligible,1,90,4,Long_Term_Planning,19.75,100.0
7,7.42,120,110,10,91.67,15.71,0,1,0,0,0,0,8,True,92.0,Near_Completion,0,100,Eligible,1,90,1,Approaching_OJT,0.0,100.0
1,6.82,120,19,101,15.83,19.0,81,3,3,2,1,0,6,False,17.5,Early,81,19,Far_From_Eligible,9,10,5,Long_Term_Planning,16.2,100.0
5,6.92,120,80,40,66.67,16.0,20,3,3,0,0,0,6,False,65.0,Advanced,20,80,Near_Eligible,6,40,1,Approaching_OJT,20.0,100.0
6,6.48,120,108,12,90.0,18.0,0,3,4,1,1,0,7,False,66.0,Near_Completion,0,100,Eligible,9,10,1,Approaching_OJT,0.0,100.0
4,7.45,120,81,39,67.5,20.25,19,1,2,0,0,0,6,False,73.5,Advanced,19,81,Near_Eligible,3,70,2,Moderate_Planning_Gap,9.5,100.0
5,7.97,120,92,28,76.67,18.4,8,1,1,0,0,0,6,False,81.0,Advanced,8,92,Near_Eligible,2,80,1,Approaching_OJT,8.0,100.0
6,7.05,120,103,17,85.83,17.17,0,1,0,0,0,0,7,True,88.5,Near_Completion,0,100,Eligible,1,90,1,Approaching_OJT,0.0,99.98
1,5.45,120,16,104,13.33,16.0,84,3,4,3,1,1,6,False,0.0,Early,84,16,Far_From_Eligible,12,0,5,Long_Term_Planning,16.8,100.0
7,6.76,120,107,13,89.17,15.29,0,3,4,1,1,0,8,False,65.5,Near_Completion,0,100,Eligible,9,10,1,Approaching_OJT,0.0,99.97
7,6.61,120,109,11,90.83,15.57,0,1,2,0,1,0,8,True,82.5,Near_Completion,0,100,Eligible,4,60,1,Approaching_OJT,0.0,100.0
2,6.92,120,37,83,30.83,18.5,63,2,1,0,1,0,6,False,45.5,Developing,63,37,Far_From_Eligible,4,60,4,Long_Term_Planning,15.75,100.0
4,6.24,120,70,50,58.33,17.5,30,3,3,2,1,0,6,False,43.0,Developing,30,70,Moderate_Gap,9,10,2,Moderate_Planning_Gap,15.0,100.0
4,7.3,120,79,41,65.83,19.75,21,0,0,0,0,0,5,False,79.5,Advanced,21,79,Moderate_Gap,0,100,1,Approaching_OJT,21.0,100.0
4,6.45,120,70,50,58.33,17.5,30,1,2,2,1,0,6,False,51.0,Developing,30,70,Moderate_Gap,6,40,2,Moderate_Planning_Gap,15.0,100.0
5,6.61,120,90,30,75.0,18.0,10,2,2,1,0,0,6,False,69.0,Advanced,10,90,Near_Eligible,5,50,1,Approaching_OJT,10.0,100.0
6,7.31,120,100,20,83.33,16.67,0,1,1,1,0,0,6,False,79.0,Near_Completion,0,100,Eligible,3,70,0,OJT_Ready_Stage,0.0,99.98
5,9.97,120,103,17,85.83,20.6,0,0,0,0,0,0,7,True,91.5,Near_Completion,0,100,Eligible,0,100,2,Moderate_Planning_Gap,0.0,100.0
4,9.18,120,81,39,67.5,20.25,19,0,0,0,0,0,5,False,80.5,Advanced,19,81,Near_Eligible,0,100,1,Approaching_OJT,19.0,100.0
2,6.86,120,39,81,32.5,19.5,61,1,3,0,1,0,5,False,45.5,Developing,61,39,Far_From_Eligible,5,50,3,Long_Term_Planning,20.33,100.0
7,8.42,120,117,3,97.5,16.71,0,1,0,0,0,0,8,True,95.5,Near_Completion,0,100,Eligible,1,90,1,Approaching_OJT,0.0,100.0
6,6.27,120,101,19,84.17,16.83,0,1,3,0,0,0,7,True,81.5,Near_Completion,0,100,Eligible,4,60,1,Approaching_OJT,0.0,100.0
6,6.06,120,106,14,88.33,17.67,0,1,3,0,0,0,6,True,84.0,Near_Completion,0,100,Eligible,4,60,0,OJT_Ready_Stage,0.0,99.98
5,6.76,120,88,32,73.33,17.6,12,3,2,0,1,0,7,False,66.0,Advanced,12,88,Near_Eligible,6,40,2,Moderate_Planning_Gap,6.0,100.0
5,6.84,120,82,38,68.33,16.4,18,2,1,1,0,0,7,False,67.0,Advanced,18,82,Near_Eligible,4,60,2,Moderate_Planning_Gap,9.0,100.0
4,6.67,120,73,47,60.83,18.25,27,2,2,0,1,0,6,False,61.5,Advanced,27,73,Moderate_Gap,5,50,2,Moderate_Planning_Gap,13.5,100.0
5,6.09,120,84,36,70.0,16.8,16,3,2,0,0,0,7,False,69.0,Advanced,16,84,Near_Eligible,5,50,2,Moderate_Planning_Gap,8.0,100.0
2,5.72,120,35,85,29.17,17.5,65,4,6,1,2,1,5,False,9.5,Early,65,35,Far_From_Eligible,14,0,3,Long_Term_Planning,21.67,100.0
5,7.59,120,88,32,73.33,17.6,12,0,0,0,0,0,6,False,84.0,Advanced,12,88,Near_Eligible,0,100,1,Approaching_OJT,12.0,100.0
3,5.38,120,48,72,40.0,16.0,52,4,6,3,2,1,6,False,4.0,Developing,52,48,Far_From_Eligible,16,0,3,Long_Term_Planning,17.33,100.0
3,6.75,120,45,75,37.5,15.0,55,1,1,2,1,0,6,False,40.5,Developing,55,45,Far_From_Eligible,5,50,3,Long_Term_Planning,18.33,100.0
5,9.79,120,102,18,85.0,20.4,0,0,0,0,0,0,7,True,91.0,Near_Completion,0,100,Eligible,0,100,2,Moderate_Planning_Gap,0.0,100.0
6,6.61,120,99,21,82.5,16.5,1,2,4,1,1,0,6,False,64.5,Near_Completion,1,99,Near_Eligible,8,20,0,OJT_Ready_Stage,1.0,100.0
3,7.6,120,55,65,45.83,18.33,45,0,1,1,0,0,5,False,59.5,Developing,45,55,Moderate_Gap,2,80,2,Moderate_Planning_Gap,22.5,100.0
7,6.27,120,107,13,89.17,15.29,0,3,1,1,0,0,8,False,76.5,Near_Completion,0,100,Eligible,5,50,1,Approaching_OJT,0.0,99.97
5,6.05,120,87,33,72.5,17.4,13,2,1,0,0,0,7,False,75.5,Advanced,13,87,Near_Eligible,3,70,2,Moderate_Planning_Gap,6.5,100.0
4,6.36,120,68,52,56.67,17.0,32,1,2,2,0,0,5,False,55.0,Developing,32,68,Moderate_Gap,5,50,1,Approaching_OJT,32.0,100.0
4,6.34,120,73,47,60.83,18.25,27,3,2,2,1,0,6,False,46.5,Advanced,27,73,Moderate_Gap,8,20,2,Moderate_Planning_Gap,13.5,100.0
6,6.23,120,108,12,90.0,18.0,0,1,3,2,0,0,6,False,73.0,Near_Completion,0,100,Eligible,6,40,0,OJT_Ready_Stage,0.0,100.0
3,9.86,120,59,61,49.17,19.67,41,0,0,0,0,0,6,False,69.5,Developing,41,59,Moderate_Gap,0,100,3,Long_Term_Planning,13.67,99.98
4,8.13,120,80,40,66.67,20.0,20,0,1,0,0,0,6,False,78.0,Advanced,20,80,Near_Eligible,1,90,2,Moderate_Planning_Gap,10.0,100.0
4,9.23,120,84,36,70.0,21.0,16,0,0,0,0,0,6,False,82.0,Advanced,16,84,Near_Eligible,0,100,2,Moderate_Planning_Gap,8.0,100.0
6,7.74,120,102,18,85.0,17.0,0,1,0,1,0,0,6,False,82.0,Near_Completion,0,100,Eligible,2,80,0,OJT_Ready_Stage,0.0,100.0
4,7.35,120,81,39,67.5,20.25,19,1,1,1,0,0,6,False,69.5,Advanced,19,81,Near_Eligible,3,70,2,Moderate_Planning_Gap,9.5,100.0
5,6.32,120,95,25,79.17,19.0,5,1,1,2,1,0,7,False,65.5,Advanced,5,95,Near_Eligible,5,50,2,Moderate_Planning_Gap,2.5,100.0
5,5.95,120,77,43,64.17,15.4,23,4,3,2,1,1,6,False,35.5,Advanced,23,77,Moderate_Gap,11,0,1,Approaching_OJT,23.0,100.0
5,6.8,120,91,29,75.83,18.2,9,2,4,2,0,0,6,False,59.5,Advanced,9,91,Near_Eligible,8,20,1,Approaching_OJT,9.0,100.0
4,7.91,120,77,43,64.17,19.25,23,1,2,0,0,0,5,False,71.5,Advanced,23,77,Moderate_Gap,3,70,1,Approaching_OJT,23.0,100.0
4,7.5,120,82,38,68.33,20.5,18,0,0,1,0,0,6,False,75.0,Advanced,18,82,Near_Eligible,1,90,2,Moderate_Planning_Gap,9.0,100.0
5,4.71,120,72,48,60.0,14.4,28,7,6,4,2,1,6,False,1.0,Advanced,28,72,Moderate_Gap,20,0,1,Approaching_OJT,28.0,100.0
3,6.28,120,47,73,39.17,15.67,53,3,4,2,0,0,6,False,34.5,Developing,53,47,Far_From_Eligible,9,10,3,Long_Term_Planning,17.67,99.98
3,6.52,120,57,63,47.5,19.0,43,2,2,0,0,0,5,False,58.5,Developing,43,57,Moderate_Gap,4,60,2,Moderate_Planning_Gap,21.5,100.0
6,5.34,120,86,34,71.67,14.33,14,5,6,1,2,1,7,False,32.0,Advanced,14,86,Near_Eligible,15,0,1,Approaching_OJT,14.0,100.0
4,9.71,120,72,48,60.0,18.0,28,0,0,0,0,0,6,False,76.0,Advanced,28,72,Moderate_Gap,0,100,2,Moderate_Planning_Gap,14.0,100.0
5,7.37,120,100,20,83.33,20.0,0,1,2,1,0,0,7,False,77.0,Near_Completion,0,100,Eligible,4,60,2,Moderate_Planning_Gap,0.0,100.0
7,5.37,120,100,20,83.33,14.29,0,5,4,3,1,1,8,False,36.0,Near_Completion,0,100,Eligible,14,0,1,Approaching_OJT,0.0,99.97
4,7.03,120,80,40,66.67,20.0,20,0,1,1,0,0,6,False,72.0,Advanced,20,80,Near_Eligible,2,80,2,Moderate_Planning_Gap,10.0,100.0
7,8.1,120,114,6,95.0,16.29,0,1,2,1,0,0,8,False,84.0,Near_Completion,0,100,Eligible,4,60,1,Approaching_OJT,0.0,99.97
6,6.16,120,96,24,80.0,16.0,4,1,4,0,1,0,6,False,72.0,Near_Completion,4,96,Near_Eligible,6,40,0,OJT_Ready_Stage,4.0,100.0
4,5.12,120,50,70,41.67,12.5,50,3,6,1,1,0,6,False,33.0,Developing,50,50,Moderate_Gap,11,0,2,Moderate_Planning_Gap,25.0,100.0
5,8.5,120,101,19,84.17,20.2,0,0,0,0,0,0,7,True,90.5,Near_Completion,0,100,Eligible,0,100,2,Moderate_Planning_Gap,0.0,100.0
7,7.05,120,118,2,98.33,16.86,0,1,0,1,0,0,8,False,90.0,Near_Completion,0,100,Eligible,2,80,1,Approaching_OJT,0.0,99.98
4,6.1,120,58,62,48.33,14.5,42,2,4,0,1,0,5,False,50.0,Developing,42,58,Moderate_Gap,7,30,1,Approaching_OJT,42.0,100.0
5,8.79,120,98,22,81.67,19.6,2,0,0,0,0,0,7,False,89.0,Near_Completion,2,98,Near_Eligible,0,100,2,Moderate_Planning_Gap,1.0,100.0
6,6.85,120,108,12,90.0,18.0,0,1,4,2,1,0,6,False,66.0,Near_Completion,0,100,Eligible,8,20,0,OJT_Ready_Stage,0.0,100.0
5,6.91,120,83,37,69.17,16.6,17,3,2,2,1,0,6,False,51.5,Advanced,17,83,Near_Eligible,8,20,1,Approaching_OJT,17.0,100.0
3,5.91,120,39,81,32.5,13.0,61,5,5,3,1,0,6,False,11.5,Developing,61,39,Far_From_Eligible,14,0,3,Long_Term_Planning,20.33,100.0
1,6.58,120,19,101,15.83,19.0,81,2,2,0,0,0,5,False,39.5,Early,81,19,Far_From_Eligible,4,60,4,Long_Term_Planning,20.25,100.0
8,5.57,120,108,12,90.0,13.5,0,3,4,1,1,0,8,False,66.0,Near_Completion,0,100,Eligible,9,10,0,OJT_Ready_Stage,0.0,100.0
5,5.44,120,81,39,67.5,16.2,19,4,3,2,2,0,7,False,40.5,Advanced,19,81,Near_Eligible,11,0,2,Moderate_Planning_Gap,9.5,100.0
4,6.52,120,74,46,61.67,18.5,26,2,2,1,0,0,6,False,61.0,Advanced,26,74,Moderate_Gap,5,50,2,Moderate_Planning_Gap,13.0,100.0
6,6.58,120,92,28,76.67,15.33,8,2,2,1,1,0,6,False,65.0,Advanced,8,92,Near_Eligible,6,40,0,OJT_Ready_Stage,8.0,100.0
2,5.06,120,30,90,25.0,15.0,70,5,4,3,1,1,6,False,1.0,Early,70,30,Far_From_Eligible,14,0,4,Long_Term_Planning,17.5,100.0
2,7.74,120,34,86,28.33,17.0,66,1,1,1,0,0,5,False,46.0,Early,66,34,Far_From_Eligible,3,70,3,Long_Term_Planning,22.0,100.0
8,6.29,120,114,6,95.0,14.25,0,3,1,1,0,0,8,False,80.0,Near_Completion,0,100,Eligible,5,50,0,OJT_Ready_Stage,0.0,100.0
5,6.05,120,88,32,73.33,17.6,12,1,2,0,0,0,7,False,77.0,Advanced,12,88,Near_Eligible,3,70,2,Moderate_Planning_Gap,6.0,100.0
1,6.5,120,19,101,15.83,19.0,81,2,2,1,0,0,5,False,33.5,Early,81,19,Far_From_Eligible,5,50,4,Long_Term_Planning,20.25,100.0
5,5.48,120,71,49,59.17,14.2,29,3,4,1,2,0,7,False,42.5,Developing,29,71,Moderate_Gap,10,0,2,Moderate_Planning_Gap,14.5,100.0
5,7.72,120,99,21,82.5,19.8,1,0,0,1,0,0,6,False,83.5,Near_Completion,1,99,Near_Eligible,1,90,1,Approaching_OJT,1.0,100.0
3,7.96,120,60,60,50.0,20.0,40,1,1,1,0,0,5,False,59.0,Developing,40,60,Moderate_Gap,3,70,2,Moderate_Planning_Gap,20.0,100.0
5,5.85,120,78,42,65.0,15.6,22,5,3,1,1,1,7,False,39.0,Advanced,22,78,Moderate_Gap,11,0,2,Moderate_Planning_Gap,11.0,100.0
5,7.49,120,93,27,77.5,18.6,7,0,0,1,0,0,7,False,80.5,Advanced,7,93,Near_Eligible,1,90,2,Moderate_Planning_Gap,3.5,100.0
5,7.14,120,98,22,81.67,19.6,2,1,2,1,0,0,7,False,76.0,Near_Completion,2,98,Near_Eligible,4,60,2,Moderate_Planning_Gap,1.0,100.0
7,7.89,120,116,4,96.67,16.57,0,1,0,1,0,0,8,False,89.0,Near_Completion,0,100,Eligible,2,80,1,Approaching_OJT,0.0,100.0
3,6.6,120,52,68,43.33,17.33,48,3,2,0,0,0,5,False,53.0,Developing,48,52,Moderate_Gap,5,50,2,Moderate_Planning_Gap,24.0,100.0
6,6.37,120,101,19,84.17,16.83,0,3,4,2,1,0,7,False,56.5,Near_Completion,0,100,Eligible,10,0,1,Approaching_OJT,0.0,100.0
6,7.36,120,107,13,89.17,17.83,0,0,2,0,0,0,7,True,89.5,Near_Completion,0,100,Eligible,2,80,1,Approaching_OJT,0.0,100.0
4,7.29,120,77,43,64.17,19.25,23,0,0,1,0,0,6,False,72.5,Advanced,23,77,Moderate_Gap,1,90,2,Moderate_Planning_Gap,11.5,100.0
6,8.37,120,101,19,84.17,16.83,0,1,2,1,0,0,7,False,77.5,Near_Completion,0,100,Eligible,4,60,1,Approaching_OJT,0.0,100.0
5,5.79,120,79,41,65.83,15.8,21,3,6,3,2,1,6,False,22.5,Advanced,21,79,Moderate_Gap,15,0,1,Approaching_OJT,21.0,100.0
5,8.32,120,96,24,80.0,19.2,4,1,2,1,0,0,6,False,75.0,Near_Completion,4,96,Near_Eligible,4,60,1,Approaching_OJT,4.0,100.0
5,7.96,120,97,23,80.83,19.4,3,1,0,0,0,0,7,False,85.5,Near_Completion,3,97,Near_Eligible,1,90,2,Moderate_Planning_Gap,1.5,100.0
5,6.1,120,94,26,78.33,18.8,6,3,1,0,0,0,7,False,76.0,Advanced,6,94,Near_Eligible,4,60,2,Moderate_Planning_Gap,3.0,100.0
6,7.19,120,109,11,90.83,18.17,0,0,0,1,0,0,6,False,88.5,Near_Completion,0,100,Eligible,1,90,0,OJT_Ready_Stage,0.0,99.98
3,5.18,120,48,72,40.0,16.0,52,5,4,2,2,1,6,False,11.0,Developing,52,48,Far_From_Eligible,14,0,3,Long_Term_Planning,17.33,100.0
6,7.24,120,105,15,87.5,17.5,0,1,0,0,0,0,7,True,89.5,Near_Completion,0,100,Eligible,1,90,1,Approaching_OJT,0.0,100.0
3,7.25,120,55,65,45.83,18.33,45,0,2,0,0,0,5,False,63.5,Developing,45,55,Moderate_Gap,2,80,2,Moderate_Planning_Gap,22.5,100.0
7,5.99,120,107,13,89.17,15.29,0,5,5,3,2,0,8,False,40.5,Near_Completion,0,100,Eligible,15,0,1,Approaching_OJT,0.0,99.97
5,8.22,120,90,30,75.0,18.0,10,0,0,0,0,0,6,False,85.0,Advanced,10,90,Near_Eligible,0,100,1,Approaching_OJT,10.0,100.0
4,8.82,120,78,42,65.0,19.5,22,0,0,0,0,0,6,False,79.0,Advanced,22,78,Moderate_Gap,0,100,2,Moderate_Planning_Gap,11.0,100.0
7,8.14,120,112,8,93.33,16.0,0,1,1,0,0,0,8,True,91.0,Near_Completion,0,100,Eligible,2,80,1,Approaching_OJT,0.0,100.0
5,5.71,120,83,37,69.17,16.6,17,4,3,2,2,1,6,False,33.5,Advanced,17,83,Near_Eligible,12,0,1,Approaching_OJT,17.0,100.0
7,6.3,120,112,8,93.33,16.0,0,2,2,1,0,0,8,False,80.0,Near_Completion,0,100,Eligible,5,50,1,Approaching_OJT,0.0,100.0
2,6.96,120,40,80,33.33,20.0,60,3,1,0,0,0,6,False,49.0,Developing,60,40,Far_From_Eligible,4,60,4,Long_Term_Planning,15.0,100.0
7,6.81,120,103,17,85.83,14.71,0,2,2,2,0,0,8,False,69.5,Near_Completion,0,100,Eligible,6,40,1,Approaching_OJT,0.0,100.0
4,6.41,120,65,55,54.17,16.25,35,3,1,2,0,0,5,False,49.5,Developing,35,65,Moderate_Gap,6,40,1,Approaching_OJT,35.0,100.0
3,7.78,120,53,67,44.17,17.67,47,1,1,1,0,0,5,False,55.5,Developing,47,53,Moderate_Gap,3,70,2,Moderate_Planning_Gap,23.5,99.98
5,8.4,120,91,29,75.83,18.2,9,0,1,0,0,0,6,False,83.5,Advanced,9,91,Near_Eligible,1,90,1,Approaching_OJT,9.0,100.0
4,5.15,120,60,60,50.0,15.0,40,4,5,2,2,0,5,False,26.0,Developing,40,60,Moderate_Gap,13,0,1,Approaching_OJT,40.0,100.0
3,7.1,120,61,59,50.83,20.33,39,1,2,1,0,0,6,False,57.5,Developing,39,61,Moderate_Gap,4,60,3,Long_Term_Planning,13.0,100.0
3,6.25,120,56,64,46.67,18.67,44,1,2,0,1,0,5,False,56.0,Developing,44,56,Moderate_Gap,4,60,2,Moderate_Planning_Gap,22.0,99.98
5,6.01,120,91,29,75.83,18.2,9,1,1,0,0,0,7,False,80.5,Advanced,9,91,Near_Eligible,2,80,2,Moderate_Planning_Gap,4.5,100.0
2,9.71,120,41,79,34.17,20.5,59,0,0,0,0,0,5,False,60.5,Developing,59,41,Far_From_Eligible,0,100,3,Long_Term_Planning,19.67,100.0
6,6.31,120,95,25,79.17,15.83,5,2,2,2,1,0,7,False,60.5,Advanced,5,95,Near_Eligible,7,30,1,Approaching_OJT,5.0,100.0
3,8.23,120,63,57,52.5,21.0,37,0,0,0,0,0,5,False,71.5,Developing,37,63,Moderate_Gap,0,100,2,Moderate_Planning_Gap,18.5,100.0
5,7.38,120,96,24,80.0,19.2,4,1,2,0,0,0,7,False,81.0,Near_Completion,4,96,Near_Eligible,3,70,2,Moderate_Planning_Gap,2.0,100.0
4,8.1,120,75,45,62.5,18.75,25,0,2,1,0,0,5,False,67.5,Advanced,25,75,Moderate_Gap,3,70,1,Approaching_OJT,25.0,100.0
5,6.58,120,89,31,74.17,17.8,11,4,2,1,1,0,6,False,57.5,Advanced,11,89,Near_Eligible,8,20,1,Approaching_OJT,11.0,100.0
3,8.84,120,59,61,49.17,19.67,41,0,0,0,0,0,5,False,69.5,Developing,41,59,Moderate_Gap,0,100,2,Moderate_Planning_Gap,20.5,99.98
5,7.78,120,96,24,80.0,19.2,4,0,0,0,0,0,7,False,88.0,Near_Completion,4,96,Near_Eligible,0,100,2,Moderate_Planning_Gap,2.0,100.0
3,6.69,120,49,71,40.83,16.33,51,3,2,1,0,0,6,False,45.5,Developing,51,49,Far_From_Eligible,6,40,3,Long_Term_Planning,17.0,100.0
5,6.11,120,85,35,70.83,17.0,15,1,4,1,0,0,7,False,65.5,Advanced,15,85,Near_Eligible,6,40,2,Moderate_Planning_Gap,7.5,100.0
4,6.41,120,62,58,51.67,15.5,38,1,4,2,0,0,6,False,48.0,Developing,38,62,Moderate_Gap,7,30,2,Moderate_Planning_Gap,19.0,100.0
5,6.12,120,81,39,67.5,16.2,19,3,3,1,0,0,6,False,59.5,Advanced,19,81,Near_Eligible,7,30,1,Approaching_OJT,19.0,100.0
3,9.46,120,54,66,45.0,18.0,46,0,0,0,0,0,5,False,67.0,Developing,46,54,Moderate_Gap,0,100,2,Moderate_Planning_Gap,23.0,100.0
4,5.1,120,55,65,45.83,13.75,45,5,6,3,2,0,6,False,12.5,Developing,45,55,Moderate_Gap,16,0,2,Moderate_Planning_Gap,22.5,100.0
3,6.34,120,57,63,47.5,19.0,43,3,3,1,0,0,6,False,47.5,Developing,43,57,Moderate_Gap,7,30,3,Long_Term_Planning,14.33,100.0
6,4.17,120,66,54,55.0,11.0,34,7,8,3,3,2,6,False,0.0,Developing,34,66,Moderate_Gap,23,0,0,OJT_Ready_Stage,34.0,100.0
3,8.4,120,60,60,50.0,20.0,40,1,1,0,0,0,6,False,65.0,Developing,40,60,Moderate_Gap,2,80,3,Long_Term_Planning,13.33,100.0
2,7.19,120,37,83,30.83,18.5,63,0,1,0,0,0,6,False,56.5,Developing,63,37,Far_From_Eligible,1,90,4,Long_Term_Planning,15.75,100.0
8,8.34,120,120,0,100.0,15.0,0,1,1,0,0,0,8,True,95.0,Near_Completion,0,100,Eligible,2,80,0,OJT_Ready_Stage,0.0,100.0
4,6.26,120,73,47,60.83,18.25,27,1,2,1,0,0,5,False,63.5,Advanced,27,73,Moderate_Gap,4,60,1,Approaching_OJT,27.0,100.0
8,6.62,120,118,2,98.33,14.75,0,1,2,2,0,0,8,False,80.0,Near_Completion,0,100,Eligible,5,50,0,OJT_Ready_Stage,0.0,100.0
6,5.92,120,85,35,70.83,14.17,15,5,6,3,2,1,6,False,19.5,Advanced,15,85,Near_Eligible,17,0,0,OJT_Ready_Stage,15.0,99.98
4,6.05,120,70,50,58.33,17.5,30,1,4,1,1,0,6,False,53.0,Developing,30,70,Moderate_Gap,7,30,2,Moderate_Planning_Gap,15.0,100.0
5,7.64,120,99,21,82.5,19.8,1,1,1,1,0,0,6,False,78.5,Near_Completion,1,99,Near_Eligible,3,70,1,Approaching_OJT,1.0,100.0
2,5.38,120,34,86,28.33,17.0,66,5,4,1,1,0,6,False,23.0,Early,66,34,Far_From_Eligible,11,0,4,Long_Term_Planning,16.5,100.0
4,8.4,120,68,52,56.67,17.0,32,1,0,0,0,0,5,False,71.0,Developing,32,68,Moderate_Gap,1,90,1,Approaching_OJT,32.0,100.0
2,8.73,120,44,76,36.67,22.0,56,0,0,0,0,0,6,False,62.0,Developing,56,44,Far_From_Eligible,0,100,4,Long_Term_Planning,14.0,100.0
4,6.98,120,74,46,61.67,18.5,26,2,2,1,1,0,5,False,56.0,Advanced,26,74,Moderate_Gap,6,40,1,Approaching_OJT,26.0,100.0
5,5.04,120,78,42,65.0,15.6,22,4,3,2,2,1,7,False,31.0,Advanced,22,78,Moderate_Gap,12,0,2,Moderate_Planning_Gap,11.0,100.0
5,6.48,120,84,36,70.0,16.8,16,2,3,1,1,0,7,False,59.0,Advanced,16,84,Near_Eligible,7,30,2,Moderate_Planning_Gap,8.0,100.0
6,6.93,120,92,28,76.67,15.33,8,3,3,2,0,0,6,False,59.0,Advanced,8,92,Near_Eligible,8,20,0,OJT_Ready_Stage,8.0,100.0
4,6.77,120,61,59,50.83,15.25,39,3,4,1,1,0,5,False,42.5,Developing,39,61,Moderate_Gap,9,10,1,Approaching_OJT,39.0,100.0
7,6.67,120,112,8,93.33,16.0,0,1,2,0,0,0,8,True,89.0,Near_Completion,0,100,Eligible,3,70,1,Approaching_OJT,0.0,100.0
2,4.95,120,24,96,20.0,12.0,76,7,5,3,2,2,5,False,0.0,Early,76,24,Far_From_Eligible,19,0,3,Long_Term_Planning,25.33,100.0
2,6.78,120,37,83,30.83,18.5,63,3,2,0,1,0,6,False,40.5,Developing,63,37,Far_From_Eligible,6,40,4,Long_Term_Planning,15.75,100.0
2,6.39,120,39,81,32.5,19.5,61,2,1,0,0,0,5,False,51.5,Developing,61,39,Far_From_Eligible,3,70,3,Long_Term_Planning,20.33,100.0
3,6.93,120,55,65,45.83,18.33,45,1,3,1,0,0,6,False,52.5,Developing,45,55,Moderate_Gap,5,50,3,Long_Term_Planning,15.0,100.0
7,6.91,120,106,14,88.33,15.14,0,2,3,2,1,0,8,False,64.0,Near_Completion,0,100,Eligible,8,20,1,Approaching_OJT,0.0,100.0
6,5.88,120,101,19,84.17,16.83,0,1,3,0,1,0,7,True,76.5,Near_Completion,0,100,Eligible,5,50,1,Approaching_OJT,0.0,100.0
4,6.91,120,65,55,54.17,16.25,35,3,2,1,1,0,5,False,48.5,Developing,35,65,Moderate_Gap,7,30,1,Approaching_OJT,35.0,100.0
5,4.08,120,74,46,61.67,14.8,26,7,6,2,2,2,6,False,6.0,Advanced,26,74,Moderate_Gap,19,0,1,Approaching_OJT,26.0,100.0
5,6.63,120,93,27,77.5,18.6,7,2,4,1,0,0,7,False,66.5,Advanced,7,93,Near_Eligible,7,30,2,Moderate_Planning_Gap,3.5,100.0
4,7.52,120,81,39,67.5,20.25,19,0,0,0,0,0,5,False,80.5,Advanced,19,81,Near_Eligible,0,100,1,Approaching_OJT,19.0,100.0
6,7.53,120,108,12,90.0,18.0,0,1,2,1,0,0,6,False,81.0,Near_Completion,0,100,Eligible,4,60,0,OJT_Ready_Stage,0.0,100.0
2,7.11,120,34,86,28.33,17.0,66,1,2,0,0,0,5,False,50.0,Early,66,34,Far_From_Eligible,3,70,3,Long_Term_Planning,22.0,100.0
7,8.9,120,114,6,95.0,16.29,0,0,0,0,0,0,8,True,97.0,Near_Completion,0,100,Eligible,0,100,1,Approaching_OJT,0.0,99.97
3,8.3,120,60,60,50.0,20.0,40,0,0,1,0,0,5,False,64.0,Developing,40,60,Moderate_Gap,1,90,2,Moderate_Planning_Gap,20.0,100.0
6,6.94,120,92,28,76.67,15.33,8,2,4,1,0,0,6,False,66.0,Advanced,8,92,Near_Eligible,7,30,0,OJT_Ready_Stage,8.0,100.0
4,4.92,120,51,69,42.5,12.75,49,8,8,2,3,2,6,False,0.0,Developing,49,51,Moderate_Gap,23,0,2,Moderate_Planning_Gap,24.5,100.0
4,7.69,120,80,40,66.67,20.0,20,1,2,0,0,0,6,False,73.0,Advanced,20,80,Near_Eligible,3,70,2,Moderate_Planning_Gap,10.0,100.0
4,7.8,120,78,42,65.0,19.5,22,1,2,0,0,0,6,False,72.0,Advanced,22,78,Moderate_Gap,3,70,2,Moderate_Planning_Gap,11.0,100.0
5,3.98,120,70,50,58.33,14.0,30,5,8,2,2,1,6,False,14.0,Developing,30,70,Moderate_Gap,18,0,1,Approaching_OJT,30.0,100.0
3,7.79,120,62,58,51.67,20.67,38,1,2,0,0,0,5,False,64.0,Developing,38,62,Moderate_Gap,3,70,2,Moderate_Planning_Gap,19.0,99.98
4,7.96,120,78,42,65.0,19.5,22,1,2,0,0,0,5,False,72.0,Advanced,22,78,Moderate_Gap,3,70,1,Approaching_OJT,22.0,100.0
4,5.47,120,50,70,41.67,12.5,50,4,6,1,2,0,6,False,25.0,Developing,50,50,Moderate_Gap,13,0,2,Moderate_Planning_Gap,25.0,100.0
5,7.87,120,95,25,79.17,19.0,5,0,2,0,0,0,6,False,83.5,Advanced,5,95,Near_Eligible,2,80,1,Approaching_OJT,5.0,100.0
2,6.88,120,33,87,27.5,16.5,67,3,2,2,0,0,5,False,31.5,Early,67,33,Far_From_Eligible,7,30,3,Long_Term_Planning,22.33,100.0
6,7.47,120,112,8,93.33,18.67,0,1,0,1,0,0,7,False,87.0,Near_Completion,0,100,Eligible,2,80,1,Approaching_OJT,0.0,99.98
5,8.93,120,100,20,83.33,20.0,0,0,0,0,0,0,6,True,90.0,Near_Completion,0,100,Eligible,0,100,1,Approaching_OJT,0.0,100.0
5,6.57,120,84,36,70.0,16.8,16,3,4,0,0,0,6,False,65.0,Advanced,16,84,Near_Eligible,7,30,1,Approaching_OJT,16.0,100.0
2,4.72,120,19,101,15.83,9.5,81,7,6,3,2,1,6,False,0.0,Early,81,19,Far_From_Eligible,19,0,4,Long_Term_Planning,20.25,100.0
6,3.93,120,76,44,63.33,12.67,24,6,5,3,2,1,7,False,14.0,Advanced,24,76,Moderate_Gap,17,0,1,Approaching_OJT,24.0,99.97
8,6.92,120,115,5,95.83,14.38,0,1,1,2,1,0,8,False,75.5,Near_Completion,0,100,Eligible,5,50,0,OJT_Ready_Stage,0.0,99.97
2,5.57,120,31,89,25.83,15.5,69,5,4,3,2,1,6,False,0.0,Early,69,31,Far_From_Eligible,15,0,4,Long_Term_Planning,17.25,100.0
3,7.15,120,58,62,48.33,19.33,42,1,2,1,0,0,5,False,56.0,Developing,42,58,Moderate_Gap,4,60,2,Moderate_Planning_Gap,21.0,100.0
6,7.28,120,100,20,83.33,16.67,0,1,2,0,0,0,6,True,83.0,Near_Completion,0,100,Eligible,3,70,0,OJT_Ready_Stage,0.0,99.98
3,7.93,120,56,64,46.67,18.67,44,1,0,1,0,0,6,False,59.0,Developing,44,56,Moderate_Gap,2,80,3,Long_Term_Planning,14.67,99.98
3,7.0,120,51,69,42.5,17.0,49,1,1,1,0,0,5,False,54.5,Developing,49,51,Moderate_Gap,3,70,2,Moderate_Planning_Gap,24.5,100.0
7,7.53,120,108,12,90.0,15.43,0,0,0,1,0,0,8,False,88.0,Near_Completion,0,100,Eligible,1,90,1,Approaching_OJT,0.0,99.99
5,8.44,120,93,27,77.5,18.6,7,1,0,0,0,0,6,False,83.5,Advanced,7,93,Near_Eligible,1,90,1,Approaching_OJT,7.0,100.0
3,5.57,120,45,75,37.5,15.0,55,3,5,1,2,0,6,False,27.5,Developing,55,45,Far_From_Eligible,11,0,3,Long_Term_Planning,18.33,100.0
2,6.3,120,35,85,29.17,17.5,65,2,3,1,0,0,5,False,39.5,Early,65,35,Far_From_Eligible,6,40,3,Long_Term_Planning,21.67,100.0
5,6.91,120,91,29,75.83,18.2,9,2,2,0,1,0,6,False,70.5,Advanced,9,91,Near_Eligible,5,50,1,Approaching_OJT,9.0,100.0
5,5.57,120,72,48,60.0,14.4,28,3,6,1,2,1,6,False,31.0,Advanced,28,72,Moderate_Gap,13,0,1,Approaching_OJT,28.0,100.0
3,7.22,120,52,68,43.33,17.33,48,1,1,1,0,0,5,False,55.0,Developing,48,52,Moderate_Gap,3,70,2,Moderate_Planning_Gap,24.0,100.0
4,6.97,120,72,48,60.0,18.0,28,3,2,2,1,0,5,False,46.0,Advanced,28,72,Moderate_Gap,8,20,1,Approaching_OJT,28.0,100.0
5,7.4,120,93,27,77.5,18.6,7,1,0,1,0,0,7,False,77.5,Advanced,7,93,Near_Eligible,2,80,2,Moderate_Planning_Gap,3.5,100.0
6,7.74,120,106,14,88.33,17.67,0,1,2,0,0,0,7,True,86.0,Near_Completion,0,100,Eligible,3,70,1,Approaching_OJT,0.0,99.98
3,7.94,120,51,69,42.5,17.0,49,0,0,1,0,0,5,False,59.5,Developing,49,51,Moderate_Gap,1,90,2,Moderate_Planning_Gap,24.5,100.0
4,8.4,120,74,46,61.67,18.5,26,1,0,0,0,0,6,False,74.0,Advanced,26,74,Moderate_Gap,1,90,2,Moderate_Planning_Gap,13.0,100.0
7,5.73,120,94,26,78.33,13.43,6,4,5,1,1,1,8,False,46.0,Advanced,6,94,Near_Eligible,12,0,1,Approaching_OJT,6.0,99.99
7,6.72,120,107,13,89.17,15.29,0,1,2,0,1,0,8,True,81.5,Near_Completion,0,100,Eligible,4,60,1,Approaching_OJT,0.0,99.97
1,8.3,120,22,98,18.33,22.0,78,0,1,0,0,0,6,False,49.0,Early,78,22,Far_From_Eligible,1,90,5,Long_Term_Planning,15.6,100.0
4,5.9,120,58,62,48.33,14.5,42,4,6,3,2,1,6,False,9.0,Developing,42,58,Moderate_Gap,16,0,2,Moderate_Planning_Gap,21.0,100.0
7,7.57,120,112,8,93.33,16.0,0,1,0,1,0,0,8,False,87.0,Near_Completion,0,100,Eligible,2,80,1,Approaching_OJT,0.0,100.0
8,6.34,120,115,5,95.83,14.38,0,1,2,0,0,0,8,True,90.5,Near_Completion,0,100,Eligible,3,70,0,OJT_Ready_Stage,0.0,99.97
2,8.09,120,41,79,34.17,20.5,59,1,1,1,0,0,6,False,49.5,Developing,59,41,Far_From_Eligible,3,70,4,Long_Term_Planning,14.75,100.0
2,6.63,120,32,88,26.67,16.0,68,2,2,2,1,0,5,False,29.0,Early,68,32,Far_From_Eligible,7,30,3,Long_Term_Planning,22.67,100.0
4,6.37,120,61,59,50.83,15.25,39,3,4,1,1,0,6,False,42.5,Developing,39,61,Moderate_Gap,9,10,2,Moderate_Planning_Gap,19.5,100.0
5,7.79,120,93,27,77.5,18.6,7,1,2,1,0,0,6,False,73.5,Advanced,7,93,Near_Eligible,4,60,1,Approaching_OJT,7.0,100.0
4,8.54,120,81,39,67.5,20.25,19,0,0,0,0,0,6,False,80.5,Advanced,19,81,Near_Eligible,0,100,2,Moderate_Planning_Gap,9.5,100.0
4,6.52,120,64,56,53.33,16.0,36,2,2,1,1,0,5,False,51.0,Developing,36,64,Moderate_Gap,6,40,1,Approaching_OJT,36.0,100.0
4,9.55,120,82,38,68.33,20.5,18,0,0,0,0,0,6,False,81.0,Advanced,18,82,Near_Eligible,0,100,2,Moderate_Planning_Gap,9.0,100.0
5,7.77,120,91,29,75.83,18.2,9,1,2,1,0,0,6,False,72.5,Advanced,9,91,Near_Eligible,4,60,1,Approaching_OJT,9.0,100.0
4,7.93,120,75,45,62.5,18.75,25,0,0,0,0,0,6,False,77.5,Advanced,25,75,Moderate_Gap,0,100,2,Moderate_Planning_Gap,12.5,100.0
6,6.68,120,98,22,81.67,16.33,2,2,4,0,1,0,6,False,70.0,Near_Completion,2,98,Near_Eligible,7,30,0,OJT_Ready_Stage,2.0,100.0
5,6.6,120,92,28,76.67,18.4,8,3,2,0,1,0,7,False,68.0,Advanced,8,92,Near_Eligible,6,40,2,Moderate_Planning_Gap,4.0,100.0
6,7.55,120,104,16,86.67,17.33,0,1,1,0,0,0,6,True,87.0,Near_Completion,0,100,Eligible,2,80,0,OJT_Ready_Stage,0.0,100.0
3,6.76,120,48,72,40.0,16.0,52,1,1,0,0,0,6,False,59.0,Developing,52,48,Far_From_Eligible,2,80,3,Long_Term_Planning,17.33,100.0
4,6.67,120,64,56,53.33,16.0,36,4,5,0,0,0,5,False,50.0,Developing,36,64,Moderate_Gap,9,10,1,Approaching_OJT,36.0,100.0
5,6.25,120,86,34,71.67,17.2,14,3,3,0,0,0,7,False,68.0,Advanced,14,86,Near_Eligible,6,40,2,Moderate_Planning_Gap,7.0,100.0
3,6.83,120,56,64,46.67,18.67,44,2,3,0,1,0,5,False,51.0,Developing,44,56,Moderate_Gap,6,40,2,Moderate_Planning_Gap,22.0,99.98
7,7.95,120,108,12,90.0,15.43,0,0,1,1,0,0,8,False,86.0,Near_Completion,0,100,Eligible,2,80,1,Approaching_OJT,0.0,99.99
3,8.42,120,54,66,45.0,18.0,46,0,2,0,0,0,6,False,63.0,Developing,46,54,Moderate_Gap,2,80,3,Long_Term_Planning,15.33,100.0
3,8.11,120,53,67,44.17,17.67,47,0,1,0,0,0,5,False,64.5,Developing,47,53,Moderate_Gap,1,90,2,Moderate_Planning_Gap,23.5,99.98
3,6.32,120,57,63,47.5,19.0,43,2,4,1,1,0,6,False,43.5,Developing,43,57,Moderate_Gap,8,20,3,Long_Term_Planning,14.33,100.0
4,7.17,120,74,46,61.67,18.5,26,1,1,1,0,0,5,False,66.0,Advanced,26,74,Moderate_Gap,3,70,1,Approaching_OJT,26.0,100.0
2,8.71,120,37,83,30.83,18.5,63,0,0,0,0,0,5,False,58.5,Developing,63,37,Far_From_Eligible,0,100,3,Long_Term_Planning,21.0,100.0
4,6.57,120,67,53,55.83,16.75,33,2,3,1,1,0,6,False,50.5,Developing,33,67,Moderate_Gap,7,30,2,Moderate_Planning_Gap,16.5,100.0
3,6.43,120,36,84,30.0,12.0,64,3,5,1,1,0,5,False,28.0,Developing,64,36,Far_From_Eligible,10,0,2,Moderate_Planning_Gap,32.0,100.0
3,5.68,120,36,84,30.0,12.0,64,4,6,3,1,1,5,False,3.0,Developing,64,36,Far_From_Eligible,15,0,2,Moderate_Planning_Gap,32.0,100.0
2,6.98,120,42,78,35.0,21.0,58,3,2,0,1,0,6,False,43.0,Developing,58,42,Far_From_Eligible,6,40,4,Long_Term_Planning,14.5,100.0
6,5.61,120,87,33,72.5,14.5,13,5,6,3,2,1,7,False,20.5,Advanced,13,87,Near_Eligible,17,0,1,Approaching_OJT,13.0,100.0
8,7.15,120,114,6,95.0,14.25,0,0,1,1,0,0,8,False,89.0,Near_Completion,0,100,Eligible,2,80,0,OJT_Ready_Stage,0.0,100.0
6,6.98,120,102,18,85.0,17.0,0,2,5,0,1,0,6,True,70.0,Near_Completion,0,100,Eligible,8,20,0,OJT_Ready_Stage,0.0,100.0
5,7.98,120,88,32,73.33,17.6,12,0,1,0,0,0,7,False,82.0,Advanced,12,88,Near_Eligible,1,90,2,Moderate_Planning_Gap,6.0,100.0
7,7.37,120,115,5,95.83,16.43,0,1,0,1,0,0,8,False,88.5,Near_Completion,0,100,Eligible,2,80,1,Approaching_OJT,0.0,99.99
1,6.36,120,20,100,16.67,20.0,80,3,2,1,1,0,5,False,26.0,Early,80,20,Far_From_Eligible,7,30,4,Long_Term_Planning,20.0,100.0
4,6.91,120,69,51,57.5,17.25,31,3,2,1,1,0,6,False,50.5,Developing,31,69,Moderate_Gap,7,30,2,Moderate_Planning_Gap,15.5,100.0
5,7.36,120,91,29,75.83,18.2,9,0,1,0,0,0,7,False,83.5,Advanced,9,91,Near_Eligible,1,90,2,Moderate_Planning_Gap,4.5,100.0
6,7.77,120,103,17,85.83,17.17,0,1,2,1,0,0,7,False,78.5,Near_Completion,0,100,Eligible,4,60,1,Approaching_OJT,0.0,99.98
6,8.18,120,100,20,83.33,16.67,0,0,0,0,0,0,6,True,90.0,Near_Completion,0,100,Eligible,0,100,0,OJT_Ready_Stage,0.0,99.98
4,6.94,120,64,56,53.33,16.0,36,1,3,2,1,0,6,False,46.0,Developing,36,64,Moderate_Gap,7,30,2,Moderate_Planning_Gap,18.0,100.0
4,7.83,120,71,49,59.17,17.75,29,1,2,1,0,0,5,False,62.5,Developing,29,71,Moderate_Gap,4,60,1,Approaching_OJT,29.0,100.0
5,6.68,120,87,33,72.5,17.4,13,1,3,0,1,0,7,False,69.5,Advanced,13,87,Near_Eligible,5,50,2,Moderate_Planning_Gap,6.5,100.0
3,6.2,120,48,72,40.0,16.0,52,1,3,0,1,0,6,False,50.0,Developing,52,48,Far_From_Eligible,5,50,3,Long_Term_Planning,17.33,100.0
6,8.45,120,109,11,90.83,18.17,0,1,1,1,0,0,7,False,83.5,Near_Completion,0,100,Eligible,3,70,1,Approaching_OJT,0.0,99.98
3,6.57,120,46,74,38.33,15.33,54,1,3,2,1,0,5,False,37.0,Developing,54,46,Far_From_Eligible,7,30,2,Moderate_Planning_Gap,27.0,100.0
5,8.14,120,90,30,75.0,18.0,10,1,1,0,0,0,7,False,80.0,Advanced,10,90,Near_Eligible,2,80,2,Moderate_Planning_Gap,5.0,100.0
5,7.86,120,90,30,75.0,18.0,10,1,1,1,0,0,6,False,74.0,Advanced,10,90,Near_Eligible,3,70,1,Approaching_OJT,10.0,100.0
5,5.36,120,75,45,62.5,15.0,25,3,6,1,1,0,6,False,45.5,Advanced,25,75,Moderate_Gap,11,0,1,Approaching_OJT,25.0,100.0
1,6.18,120,17,103,14.17,17.0,83,2,4,1,0,0,6,False,28.5,Early,83,17,Far_From_Eligible,7,30,5,Long_Term_Planning,16.6,100.0
3,6.52,120,42,78,35.0,14.0,58,1,2,0,1,0,5,False,49.0,Developing,58,42,Far_From_Eligible,4,60,2,Moderate_Planning_Gap,29.0,100.0
4,7.97,120,77,43,64.17,19.25,23,1,1,1,0,0,5,False,67.5,Advanced,23,77,Moderate_Gap,3,70,1,Approaching_OJT,23.0,100.0
5,8.46,120,97,23,80.83,19.4,3,1,2,0,0,0,6,False,81.5,Near_Completion,3,97,Near_Eligible,3,70,1,Approaching_OJT,3.0,100.0
5,7.6,120,100,20,83.33,20.0,0,1,2,0,0,0,6,True,83.0,Near_Completion,0,100,Eligible,3,70,1,Approaching_OJT,0.0,100.0
6,7.42,120,108,12,90.0,18.0,0,0,2,0,0,0,6,True,90.0,Near_Completion,0,100,Eligible,2,80,0,OJT_Ready_Stage,0.0,100.0
3,7.42,120,52,68,43.33,17.33,48,1,0,1,0,0,6,False,57.0,Developing,48,52,Moderate_Gap,2,80,3,Long_Term_Planning,16.0,100.0
6,6.58,120,105,15,87.5,17.5,0,3,2,0,0,0,7,True,79.5,Near_Completion,0,100,Eligible,5,50,1,Approaching_OJT,0.0,100.0
3,5.95,120,40,80,33.33,13.33,60,3,3,3,1,0,6,False,22.0,Developing,60,40,Far_From_Eligible,10,0,3,Long_Term_Planning,20.0,100.0
5,7.05,120,88,32,73.33,17.6,12,1,1,0,0,0,7,False,79.0,Advanced,12,88,Near_Eligible,2,80,2,Moderate_Planning_Gap,6.0,100.0
4,9.09,120,77,43,64.17,19.25,23,0,0,0,0,0,5,False,78.5,Advanced,23,77,Moderate_Gap,0,100,1,Approaching_OJT,23.0,100.0
4,7.08,120,69,51,57.5,17.25,31,1,2,0,0,0,6,False,67.5,Developing,31,69,Moderate_Gap,3,70,2,Moderate_Planning_Gap,15.5,100.0
8,6.43,120,109,11,90.83,13.62,0,1,1,1,1,0,8,False,78.5,Near_Completion,0,100,Eligible,4,60,0,OJT_Ready_Stage,0.0,100.0
6,5.86,120,84,36,70.0,14.0,16,4,3,1,2,0,6,False,48.0,Advanced,16,84,Near_Eligible,10,0,0,OJT_Ready_Stage,16.0,100.0
4,7.31,120,70,50,58.33,17.5,30,1,0,1,0,0,5,False,66.0,Developing,30,70,Moderate_Gap,2,80,1,Approaching_OJT,30.0,100.0
6,8.34,120,102,18,85.0,17.0,0,0,1,0,0,0,7,True,89.0,Near_Completion,0,100,Eligible,1,90,1,Approaching_OJT,0.0,100.0
7,7.89,120,112,8,93.33,16.0,0,1,0,0,0,0,8,True,93.0,Near_Completion,0,100,Eligible,1,90,1,Approaching_OJT,0.0,100.0
3,6.63,120,55,65,45.83,18.33,45,1,3,2,0,0,5,False,46.5,Developing,45,55,Moderate_Gap,6,40,2,Moderate_Planning_Gap,22.5,100.0
4,8.04,120,79,41,65.83,19.75,21,1,2,0,0,0,5,False,72.5,Advanced,21,79,Moderate_Gap,3,70,1,Approaching_OJT,21.0,100.0
1,6.22,120,17,103,14.17,17.0,83,1,2,1,0,0,5,False,35.5,Early,83,17,Far_From_Eligible,4,60,4,Long_Term_Planning,20.75,100.0
7,6.35,120,102,18,85.0,14.57,0,3,4,2,0,0,8,False,62.0,Near_Completion,0,100,Eligible,9,10,1,Approaching_OJT,0.0,100.0
1,7.59,120,20,100,16.67,20.0,80,0,0,0,0,0,5,False,50.0,Early,80,20,Far_From_Eligible,0,100,4,Long_Term_Planning,20.0,100.0
5,9.68,120,91,29,75.83,18.2,9,0,0,0,0,0,7,False,85.5,Advanced,9,91,Near_Eligible,0,100,2,Moderate_Planning_Gap,4.5,100.0
3,4.79,120,29,91,24.17,9.67,71,5,7,4,3,2,6,False,0.0,Early,71,29,Far_From_Eligible,21,0,3,Long_Term_Planning,23.67,99.97
3,6.0,120,51,69,42.5,17.0,49,2,3,0,1,0,5,False,48.5,Developing,49,51,Moderate_Gap,6,40,2,Moderate_Planning_Gap,24.5,100.0
4,6.53,120,72,48,60.0,18.0,28,1,2,0,1,0,5,False,64.0,Advanced,28,72,Moderate_Gap,4,60,1,Approaching_OJT,28.0,100.0
6,6.29,120,94,26,78.33,15.67,6,3,4,1,1,0,7,False,59.0,Advanced,6,94,Near_Eligible,9,10,1,Approaching_OJT,6.0,99.98
3,6.73,120,45,75,37.5,15.0,55,2,3,0,0,0,6,False,50.5,Developing,55,45,Far_From_Eligible,5,50,3,Long_Term_Planning,18.33,100.0
2,6.25,120,33,87,27.5,16.5,67,3,4,2,1,0,5,False,22.5,Early,67,33,Far_From_Eligible,10,0,3,Long_Term_Planning,22.33,100.0
6,5.19,120,87,33,72.5,14.5,13,5,5,1,1,0,7,False,47.5,Advanced,13,87,Near_Eligible,12,0,1,Approaching_OJT,13.0,100.0
5,6.16,120,86,34,71.67,17.2,14,3,4,1,0,0,7,False,60.0,Advanced,14,86,Near_Eligible,8,20,2,Moderate_Planning_Gap,7.0,100.0
3,6.43,120,54,66,45.0,18.0,46,3,4,0,1,0,5,False,45.0,Developing,46,54,Moderate_Gap,8,20,2,Moderate_Planning_Gap,23.0,100.0
6,8.1,120,108,12,90.0,18.0,0,0,2,1,0,0,7,False,84.0,Near_Completion,0,100,Eligible,3,70,1,Approaching_OJT,0.0,100.0
4,7.66,120,74,46,61.67,18.5,26,0,0,0,0,0,6,False,77.0,Advanced,26,74,Moderate_Gap,0,100,2,Moderate_Planning_Gap,13.0,100.0
5,8.24,120,100,20,83.33,20.0,0,0,2,0,0,0,7,True,86.0,Near_Completion,0,100,Eligible,2,80,2,Moderate_Planning_Gap,0.0,100.0
7,6.35,120,107,13,89.17,15.29,0,2,3,1,1,0,8,False,70.5,Near_Completion,0,100,Eligible,7,30,1,Approaching_OJT,0.0,99.97
4,7.31,120,70,50,58.33,17.5,30,0,2,0,0,0,5,False,71.0,Developing,30,70,Moderate_Gap,2,80,1,Approaching_OJT,30.0,100.0
5,6.99,120,95,25,79.17,19.0,5,2,2,2,0,0,6,False,65.5,Advanced,5,95,Near_Eligible,6,40,1,Approaching_OJT,5.0,100.0
1,5.93,120,17,103,14.17,17.0,83,4,6,2,1,1,6,False,0.0,Early,83,17,Far_From_Eligible,14,0,5,Long_Term_Planning,16.6,100.0
3,4.37,120,32,88,26.67,10.67,68,5,5,4,3,2,6,False,0.0,Early,68,32,Far_From_Eligible,19,0,3,Long_Term_Planning,22.67,99.97
4,6.79,120,68,52,56.67,17.0,32,3,1,0,0,0,6,False,63.0,Developing,32,68,Moderate_Gap,4,60,2,Moderate_Planning_Gap,16.0,100.0
4,9.08,120,82,38,68.33,20.5,18,0,0,0,0,0,5,False,81.0,Advanced,18,82,Near_Eligible,0,100,1,Approaching_OJT,18.0,100.0
5,5.87,120,73,47,60.83,14.6,27,4,4,3,1,1,7,False,25.5,Advanced,27,73,Moderate_Gap,13,0,2,Moderate_Planning_Gap,13.5,100.0
3,9.14,120,58,62,48.33,19.33,42,0,0,0,0,0,5,False,69.0,Developing,42,58,Moderate_Gap,0,100,2,Moderate_Planning_Gap,21.0,100.0
4,7.06,120,71,49,59.17,17.75,29,0,1,0,0,0,5,False,73.5,Developing,29,71,Moderate_Gap,1,90,1,Approaching_OJT,29.0,100.0
3,5.3,120,40,80,33.33,13.33,60,3,3,2,1,1,5,False,20.0,Developing,60,40,Far_From_Eligible,10,0,2,Moderate_Planning_Gap,30.0,100.0
4,6.63,120,64,56,53.33,16.0,36,2,3,0,1,0,6,False,55.0,Developing,36,64,Moderate_Gap,6,40,2,Moderate_Planning_Gap,18.0,100.0
4,6.5,120,75,45,62.5,18.75,25,1,1,0,0,0,6,False,72.5,Advanced,25,75,Moderate_Gap,2,80,2,Moderate_Planning_Gap,12.5,100.0
4,7.37,120,77,43,64.17,19.25,23,1,0,0,0,0,6,False,75.5,Advanced,23,77,Moderate_Gap,1,90,2,Moderate_Planning_Gap,11.5,100.0
5,8.25,120,95,25,79.17,19.0,5,0,2,0,0,0,6,False,83.5,Advanced,5,95,Near_Eligible,2,80,1,Approaching_OJT,5.0,100.0
4,7.34,120,70,50,58.33,17.5,30,0,2,0,0,0,5,False,71.0,Developing,30,70,Moderate_Gap,2,80,1,Approaching_OJT,30.0,100.0
3,7.72,120,54,66,45.0,18.0,46,0,0,1,0,0,5,False,61.0,Developing,46,54,Moderate_Gap,1,90,2,Moderate_Planning_Gap,23.0,100.0
6,6.86,120,96,24,80.0,16.0,4,3,5,0,0,0,7,False,69.0,Near_Completion,4,96,Near_Eligible,8,20,1,Approaching_OJT,4.0,100.0
3,7.8,120,58,62,48.33,19.33,42,0,2,1,0,0,6,False,59.0,Developing,42,58,Moderate_Gap,3,70,3,Long_Term_Planning,14.0,100.0
3,6.32,120,48,72,40.0,16.0,52,2,4,1,1,0,5,False,39.0,Developing,52,48,Far_From_Eligible,8,20,2,Moderate_Planning_Gap,26.0,100.0
6,3.5,120,80,40,66.67,13.33,20,8,7,2,3,2,6,False,0.0,Advanced,20,80,Near_Eligible,22,0,0,OJT_Ready_Stage,20.0,100.0
4,5.86,120,72,48,60.0,18.0,28,2,4,0,0,0,5,False,62.0,Advanced,28,72,Moderate_Gap,6,40,1,Approaching_OJT,28.0,100.0
1,6.76,120,16,104,13.33,16.0,84,3,4,2,1,0,5,False,14.0,Early,84,16,Far_From_Eligible,10,0,4,Long_Term_Planning,21.0,100.0
4,6.74,120,74,46,61.67,18.5,26,2,1,0,1,0,5,False,64.0,Advanced,26,74,Moderate_Gap,4,60,1,Approaching_OJT,26.0,100.0
5,5.5,120,69,51,57.5,13.8,31,3,4,1,1,0,6,False,46.5,Developing,31,69,Moderate_Gap,9,10,1,Approaching_OJT,31.0,100.0
3,7.11,120,60,60,50.0,20.0,40,1,1,1,0,0,6,False,59.0,Developing,40,60,Moderate_Gap,3,70,3,Long_Term_Planning,13.33,100.0
3,7.16,120,57,63,47.5,19.0,43,1,0,1,0,0,6,False,59.5,Developing,43,57,Moderate_Gap,2,80,3,Long_Term_Planning,14.33,100.0
2,7.39,120,43,77,35.83,21.5,57,0,1,1,0,0,5,False,53.5,Developing,57,43,Far_From_Eligible,2,80,3,Long_Term_Planning,19.0,100.0
7,7.86,120,117,3,97.5,16.71,0,1,1,1,0,0,8,False,87.5,Near_Completion,0,100,Eligible,3,70,1,Approaching_OJT,0.0,100.0
2,5.95,120,33,87,27.5,16.5,67,3,4,2,1,1,6,False,14.5,Early,67,33,Far_From_Eligible,11,0,4,Long_Term_Planning,16.75,100.0
6,7.97,120,102,18,85.0,17.0,0,1,1,0,0,0,6,True,86.0,Near_Completion,0,100,Eligible,2,80,0,OJT_Ready_Stage,0.0,100.0
4,8.98,120,81,39,67.5,20.25,19,0,0,0,0,0,6,False,80.5,Advanced,19,81,Near_Eligible,0,100,2,Moderate_Planning_Gap,9.5,100.0
3,8.58,120,62,58,51.67,20.67,38,0,0,0,0,0,5,False,71.0,Developing,38,62,Moderate_Gap,0,100,2,Moderate_Planning_Gap,19.0,99.98
5,5.98,120,81,39,67.5,16.2,19,4,3,2,1,0,7,False,45.5,Advanced,19,81,Near_Eligible,10,0,2,Moderate_Planning_Gap,9.5,100.0
2,7.53,120,34,86,28.33,17.0,66,0,0,0,0,0,6,False,57.0,Early,66,34,Far_From_Eligible,0,100,4,Long_Term_Planning,16.5,100.0
6,6.45,120,95,25,79.17,15.83,5,2,1,1,0,0,7,False,73.5,Advanced,5,95,Near_Eligible,4,60,1,Approaching_OJT,5.0,100.0
6,9.77,120,107,13,89.17,17.83,0,0,0,0,0,0,7,True,93.5,Near_Completion,0,100,Eligible,0,100,1,Approaching_OJT,0.0,100.0
2,6.82,120,34,86,28.33,17.0,66,3,4,1,0,0,6,False,34.0,Early,66,34,Far_From_Eligible,8,20,4,Long_Term_Planning,16.5,100.0
4,6.08,120,65,55,54.17,16.25,35,1,3,0,0,0,5,False,63.5,Developing,35,65,Moderate_Gap,4,60,1,Approaching_OJT,35.0,100.0
5,5.88,120,70,50,58.33,14.0,30,4,6,1,1,1,7,False,32.0,Developing,30,70,Moderate_Gap,13,0,2,Moderate_Planning_Gap,15.0,100.0
3,8.61,120,63,57,52.5,21.0,37,0,0,0,0,0,6,False,71.5,Developing,37,63,Moderate_Gap,0,100,3,Long_Term_Planning,12.33,100.0
3,9.24,120,66,54,55.0,22.0,34,0,0,0,0,0,5,False,73.0,Developing,34,66,Moderate_Gap,0,100,2,Moderate_Planning_Gap,17.0,100.0
3,7.41,120,59,61,49.17,19.67,41,1,0,1,0,0,5,False,60.5,Developing,41,59,Moderate_Gap,2,80,2,Moderate_Planning_Gap,20.5,99.98
5,5.55,120,77,43,64.17,15.4,23,3,6,2,2,1,6,False,27.5,Advanced,23,77,Moderate_Gap,14,0,1,Approaching_OJT,23.0,100.0
7,8.18,120,117,3,97.5,16.71,0,1,2,1,0,0,8,False,85.5,Near_Completion,0,100,Eligible,4,60,1,Approaching_OJT,0.0,100.0
6,6.26,120,107,13,89.17,17.83,0,1,4,1,1,0,7,False,71.5,Near_Completion,0,100,Eligible,7,30,1,Approaching_OJT,0.0,100.0
6,6.8,120,94,26,78.33,15.67,6,2,4,0,0,0,7,False,73.0,Advanced,6,94,Near_Eligible,6,40,1,Approaching_OJT,6.0,99.98
5,9.99,120,98,22,81.67,19.6,2,0,0,0,0,0,7,False,89.0,Near_Completion,2,98,Near_Eligible,0,100,2,Moderate_Planning_Gap,1.0,100.0
2,6.4,120,38,82,31.67,19.0,62,1,2,0,1,0,5,False,47.0,Developing,62,38,Far_From_Eligible,4,60,3,Long_Term_Planning,20.67,100.0
4,6.5,120,57,63,47.5,14.25,43,2,3,1,1,0,6,False,45.5,Developing,43,57,Moderate_Gap,7,30,2,Moderate_Planning_Gap,21.5,100.0
4,6.84,120,63,57,52.5,15.75,37,1,3,2,0,0,6,False,50.5,Developing,37,63,Moderate_Gap,6,40,2,Moderate_Planning_Gap,18.5,100.0
5,4.23,120,64,56,53.33,12.8,36,5,8,2,2,1,6,False,11.0,Developing,36,64,Moderate_Gap,18,0,1,Approaching_OJT,36.0,100.0
6,6.68,120,94,26,78.33,15.67,6,2,3,1,0,0,6,False,69.0,Advanced,6,94,Near_Eligible,6,40,0,OJT_Ready_Stage,6.0,99.98
2,6.34,120,41,79,34.17,20.5,59,1,1,2,1,0,6,False,38.5,Developing,59,41,Far_From_Eligible,5,50,4,Long_Term_Planning,14.75,100.0
2,8.89,120,43,77,35.83,21.5,57,0,0,0,0,0,5,False,61.5,Developing,57,43,Far_From_Eligible,0,100,3,Long_Term_Planning,19.0,100.0
5,5.61,120,80,40,66.67,16.0,20,4,3,3,2,0,7,False,34.0,Advanced,20,80,Near_Eligible,12,0,2,Moderate_Planning_Gap,10.0,100.0
4,5.03,120,50,70,41.67,12.5,50,4,4,1,1,1,6,False,26.0,Developing,50,50,Moderate_Gap,11,0,2,Moderate_Planning_Gap,25.0,100.0
4,6.98,120,69,51,57.5,17.25,31,1,1,2,0,0,6,False,57.5,Developing,31,69,Moderate_Gap,4,60,2,Moderate_Planning_Gap,15.5,100.0
3,6.54,120,55,65,45.83,18.33,45,2,3,2,0,0,5,False,43.5,Developing,45,55,Moderate_Gap,7,30,2,Moderate_Planning_Gap,22.5,100.0
4,7.73,120,74,46,61.67,18.5,26,1,2,1,0,0,5,False,64.0,Advanced,26,74,Moderate_Gap,4,60,1,Approaching_OJT,26.0,100.0
4,6.1,120,67,53,55.83,16.75,33,1,4,2,1,0,6,False,45.5,Developing,33,67,Moderate_Gap,8,20,2,Moderate_Planning_Gap,16.5,100.0
7,5.61,120,106,14,88.33,15.14,0,3,3,2,1,1,8,False,53.0,Near_Completion,0,100,Eligible,10,0,1,Approaching_OJT,0.0,100.0
6,4.79,120,71,49,59.17,11.83,29,7,7,4,3,1,7,False,0.0,Developing,29,71,Moderate_Gap,22,0,1,Approaching_OJT,29.0,100.0
4,7.63,120,70,50,58.33,17.5,30,1,1,1,0,0,5,False,64.0,Developing,30,70,Moderate_Gap,3,70,1,Approaching_OJT,30.0,100.0
5,7.29,120,94,26,78.33,18.8,6,1,0,1,0,0,7,False,78.0,Advanced,6,94,Near_Eligible,2,80,2,Moderate_Planning_Gap,3.0,100.0
5,6.22,120,84,36,70.0,16.8,16,2,3,1,0,0,6,False,64.0,Advanced,16,84,Near_Eligible,6,40,1,Approaching_OJT,16.0,100.0
5,5.67,120,79,41,65.83,15.8,21,3,3,3,2,0,6,False,36.5,Advanced,21,79,Moderate_Gap,11,0,1,Approaching_OJT,21.0,100.0
4,6.67,120,68,52,56.67,17.0,32,2,1,0,0,0,6,False,66.0,Developing,32,68,Moderate_Gap,3,70,2,Moderate_Planning_Gap,16.0,100.0
3,5.71,120,44,76,36.67,14.67,56,5,4,3,1,0,6,False,16.0,Developing,56,44,Far_From_Eligible,13,0,3,Long_Term_Planning,18.67,99.98
5,8.54,120,92,28,76.67,18.4,8,0,0,0,0,0,6,False,86.0,Advanced,8,92,Near_Eligible,0,100,1,Approaching_OJT,8.0,100.0
3,6.21,120,54,66,45.0,18.0,46,3,3,2,1,0,5,False,35.0,Developing,46,54,Moderate_Gap,9,10,2,Moderate_Planning_Gap,23.0,100.0
4,8.89,120,78,42,65.0,19.5,22,0,0,0,0,0,6,False,79.0,Advanced,22,78,Moderate_Gap,0,100,2,Moderate_Planning_Gap,11.0,100.0
5,5.66,120,73,47,60.83,14.6,27,3,6,2,1,1,7,False,30.5,Advanced,27,73,Moderate_Gap,13,0,2,Moderate_Planning_Gap,13.5,100.0
8,5.45,120,108,12,90.0,13.5,0,4,4,1,2,0,8,False,58.0,Near_Completion,0,100,Eligible,11,0,0,OJT_Ready_Stage,0.0,100.0
4,6.72,120,66,54,55.0,16.5,34,2,1,0,1,0,5,False,60.0,Developing,34,66,Moderate_Gap,4,60,1,Approaching_OJT,34.0,100.0
5,6.42,120,89,31,74.17,17.8,11,3,3,2,1,0,7,False,52.5,Advanced,11,89,Near_Eligible,9,10,2,Moderate_Planning_Gap,5.5,100.0
4,8.92,120,76,44,63.33,19.0,24,0,0,0,0,0,6,False,78.0,Advanced,24,76,Moderate_Gap,0,100,2,Moderate_Planning_Gap,12.0,100.0
5,7.06,120,94,26,78.33,18.8,6,1,0,1,0,0,7,False,78.0,Advanced,6,94,Near_Eligible,2,80,2,Moderate_Planning_Gap,3.0,100.0
4,6.56,120,72,48,60.0,18.0,28,2,5,2,0,0,6,False,48.0,Advanced,28,72,Moderate_Gap,9,10,2,Moderate_Planning_Gap,14.0,100.0
5,7.75,120,92,28,76.67,18.4,8,1,1,1,0,0,7,False,75.0,Advanced,8,92,Near_Eligible,3,70,2,Moderate_Planning_Gap,4.0,100.0
7,6.44,120,103,17,85.83,14.71,0,3,3,0,1,0,8,True,71.5,Near_Completion,0,100,Eligible,7,30,1,Approaching_OJT,0.0,100.0
2,9.66,120,43,77,35.83,21.5,57,0,0,0,0,0,5,False,61.5,Developing,57,43,Far_From_Eligible,0,100,3,Long_Term_Planning,19.0,100.0
4,6.52,120,75,45,62.5,18.75,25,1,1,0,0,0,5,False,72.5,Advanced,25,75,Moderate_Gap,2,80,1,Approaching_OJT,25.0,100.0
1,6.93,120,16,104,13.33,16.0,84,3,4,0,0,0,6,False,31.0,Early,84,16,Far_From_Eligible,7,30,5,Long_Term_Planning,16.8,100.0
5,6.27,120,95,25,79.17,19.0,5,1,3,0,0,0,6,False,78.5,Advanced,5,95,Near_Eligible,4,60,1,Approaching_OJT,5.0,100.0
5,8.08,120,94,26,78.33,18.8,6,1,2,0,0,0,7,False,80.0,Advanced,6,94,Near_Eligible,3,70,2,Moderate_Planning_Gap,3.0,100.0
1,6.79,120,17,103,14.17,17.0,83,2,4,0,0,0,6,False,34.5,Early,83,17,Far_From_Eligible,6,40,5,Long_Term_Planning,16.6,100.0
4,8.1,120,82,38,68.33,20.5,18,1,0,1,0,0,6,False,72.0,Advanced,18,82,Near_Eligible,2,80,2,Moderate_Planning_Gap,9.0,100.0
2,8.9,120,36,84,30.0,18.0,64,0,0,0,0,0,5,False,58.0,Developing,64,36,Far_From_Eligible,0,100,3,Long_Term_Planning,21.33,100.0
5,7.51,120,99,21,82.5,19.8,1,0,2,1,0,0,7,False,79.5,Near_Completion,1,99,Near_Eligible,3,70,2,Moderate_Planning_Gap,0.5,100.0
5,4.71,120,62,58,51.67,12.4,38,7,6,4,2,1,6,False,0.0,Developing,38,62,Moderate_Gap,20,0,1,Approaching_OJT,38.0,100.0
5,7.99,120,90,30,75.0,18.0,10,1,1,1,0,0,6,False,74.0,Advanced,10,90,Near_Eligible,3,70,1,Approaching_OJT,10.0,100.0
6,6.91,120,105,15,87.5,17.5,0,2,1,1,0,0,6,False,78.5,Near_Completion,0,100,Eligible,4,60,0,OJT_Ready_Stage,0.0,100.0
6,5.02,120,89,31,74.17,14.83,11,4,5,3,2,1,6,False,26.5,Advanced,11,89,Near_Eligible,15,0,0,OJT_Ready_Stage,11.0,100.0
4,5.94,120,54,66,45.0,13.5,46,4,6,3,1,1,6,False,12.0,Developing,46,54,Moderate_Gap,15,0,2,Moderate_Planning_Gap,23.0,100.0
1,5.43,120,18,102,15.0,18.0,82,5,4,3,2,0,5,False,0.0,Early,82,18,Far_From_Eligible,14,0,4,Long_Term_Planning,20.5,100.0
8,6.11,120,117,3,97.5,14.62,0,1,3,0,1,0,8,True,84.5,Near_Completion,0,100,Eligible,5,50,0,OJT_Ready_Stage,0.0,100.0
2,5.91,120,36,84,30.0,18.0,64,3,5,2,2,0,6,False,17.0,Developing,64,36,Far_From_Eligible,12,0,4,Long_Term_Planning,16.0,100.0
6,7.22,120,100,20,83.33,16.67,0,1,1,1,0,0,7,False,79.0,Near_Completion,0,100,Eligible,3,70,1,Approaching_OJT,0.0,99.98
3,6.39,120,57,63,47.5,19.0,43,1,4,2,1,0,5,False,40.5,Developing,43,57,Moderate_Gap,8,20,2,Moderate_Planning_Gap,21.5,100.0
4,9.12,120,83,37,69.17,20.75,17,0,0,0,0,0,5,False,81.5,Advanced,17,83,Near_Eligible,0,100,1,Approaching_OJT,17.0,100.0
5,8.04,120,90,30,75.0,18.0,10,1,1,1,0,0,7,False,74.0,Advanced,10,90,Near_Eligible,3,70,2,Moderate_Planning_Gap,5.0,100.0
4,6.63,120,61,59,50.83,15.25,39,1,4,1,1,0,5,False,48.5,Developing,39,61,Moderate_Gap,7,30,1,Approaching_OJT,39.0,100.0
4,6.33,120,74,46,61.67,18.5,26,1,3,2,0,0,6,False,56.0,Advanced,26,74,Moderate_Gap,6,40,2,Moderate_Planning_Gap,13.0,100.0
6,9.77,120,113,7,94.17,18.83,0,0,0,0,0,0,7,True,96.5,Near_Completion,0,100,Eligible,0,100,1,Approaching_OJT,0.0,100.0
6,7.03,120,100,20,83.33,16.67,0,4,3,0,1,0,7,True,67.0,Near_Completion,0,100,Eligible,8,20,1,Approaching_OJT,0.0,99.98
5,9.74,120,97,23,80.83,19.4,3,0,0,0,0,0,6,False,88.5,Near_Completion,3,97,Near_Eligible,0,100,1,Approaching_OJT,3.0,100.0
5,6.35,120,83,37,69.17,16.6,17,2,2,2,1,0,7,False,54.5,Advanced,17,83,Near_Eligible,7,30,2,Moderate_Planning_Gap,8.5,100.0
5,8.22,120,93,27,77.5,18.6,7,0,2,1,0,0,7,False,76.5,Advanced,7,93,Near_Eligible,3,70,2,Moderate_Planning_Gap,3.5,100.0
7,8.41,120,114,6,95.0,16.29,0,1,2,1,0,0,8,False,84.0,Near_Completion,0,100,Eligible,4,60,1,Approaching_OJT,0.0,99.97
3,7.7,120,57,63,47.5,19.0,43,0,1,0,0,0,5,False,66.5,Developing,43,57,Moderate_Gap,1,90,2,Moderate_Planning_Gap,21.5,100.0
5,7.66,120,98,22,81.67,19.6,2,0,0,0,0,0,7,False,89.0,Near_Completion,2,98,Near_Eligible,0,100,2,Moderate_Planning_Gap,1.0,100.0
5,6.64,120,88,32,73.33,17.6,12,4,4,2,1,0,6,False,47.0,Advanced,12,88,Near_Eligible,11,0,1,Approaching_OJT,12.0,100.0
5,5.28,120,77,43,64.17,15.4,23,3,4,3,1,1,6,False,30.5,Advanced,23,77,Moderate_Gap,12,0,1,Approaching_OJT,23.0,100.0
6,7.46,120,111,9,92.5,18.5,0,1,1,1,0,0,7,False,84.5,Near_Completion,0,100,Eligible,3,70,1,Approaching_OJT,0.0,100.0
2,6.14,120,36,84,30.0,18.0,64,1,2,0,0,0,5,False,51.0,Developing,64,36,Far_From_Eligible,3,70,3,Long_Term_Planning,21.33,100.0
5,6.87,120,95,25,79.17,19.0,5,4,5,0,1,0,6,False,60.5,Advanced,5,95,Near_Eligible,10,0,1,Approaching_OJT,5.0,100.0
7,7.65,120,117,3,97.5,16.71,0,1,1,1,0,0,8,False,87.5,Near_Completion,0,100,Eligible,3,70,1,Approaching_OJT,0.0,100.0
5,6.63,120,81,39,67.5,16.2,19,1,4,2,1,0,6,False,52.5,Advanced,19,81,Near_Eligible,8,20,1,Approaching_OJT,19.0,100.0
3,7.86,120,55,65,45.83,18.33,45,0,0,0,0,0,6,False,67.5,Developing,45,55,Moderate_Gap,0,100,3,Long_Term_Planning,15.0,100.0
2,8.73,120,36,84,30.0,18.0,64,0,0,0,0,0,6,False,58.0,Developing,64,36,Far_From_Eligible,0,100,4,Long_Term_Planning,16.0,100.0
2,8.56,120,39,81,32.5,19.5,61,0,0,0,0,0,6,False,59.5,Developing,61,39,Far_From_Eligible,0,100,4,Long_Term_Planning,15.25,100.0
4,7.6,120,80,40,66.67,20.0,20,0,0,1,0,0,6,False,74.0,Advanced,20,80,Near_Eligible,1,90,2,Moderate_Planning_Gap,10.0,100.0
3,4.82,120,36,84,30.0,12.0,64,7,5,4,2,2,6,False,0.0,Developing,64,36,Far_From_Eligible,20,0,3,Long_Term_Planning,21.33,100.0
4,10.0,120,77,43,64.17,19.25,23,0,0,0,0,0,5,False,78.5,Advanced,23,77,Moderate_Gap,0,100,1,Approaching_OJT,23.0,100.0
7,6.64,120,107,13,89.17,15.29,0,1,4,0,1,0,8,True,77.5,Near_Completion,0,100,Eligible,6,40,1,Approaching_OJT,0.0,99.97
7,8.12,120,117,3,97.5,16.71,0,1,1,0,0,0,8,True,93.5,Near_Completion,0,100,Eligible,2,80,1,Approaching_OJT,0.0,100.0
3,5.79,120,39,81,32.5,13.0,61,5,4,3,2,0,5,False,8.5,Developing,61,39,Far_From_Eligible,14,0,2,Moderate_Planning_Gap,30.5,100.0
4,5.4,120,68,52,56.67,17.0,32,5,6,1,1,1,6,False,28.0,Developing,32,68,Moderate_Gap,14,0,2,Moderate_Planning_Gap,16.0,100.0
1,6.55,120,17,103,14.17,17.0,83,2,1,1,0,0,6,False,34.5,Early,83,17,Far_From_Eligible,4,60,5,Long_Term_Planning,16.6,100.0
1,6.38,120,16,104,13.33,16.0,84,2,4,0,1,0,5,False,29.0,Early,84,16,Far_From_Eligible,7,30,4,Long_Term_Planning,21.0,100.0
2,5.26,120,24,96,20.0,12.0,76,5,3,3,1,0,5,False,8.0,Early,76,24,Far_From_Eligible,12,0,3,Long_Term_Planning,25.33,100.0
8,6.68,120,115,5,95.83,14.38,0,1,4,0,0,0,8,True,86.5,Near_Completion,0,100,Eligible,5,50,0,OJT_Ready_Stage,0.0,99.97
4,6.28,120,71,49,59.17,17.75,29,1,2,0,0,0,6,False,68.5,Developing,29,71,Moderate_Gap,3,70,2,Moderate_Planning_Gap,14.5,100.0
2,6.72,120,31,89,25.83,15.5,69,3,4,0,1,0,5,False,33.5,Early,69,31,Far_From_Eligible,8,20,3,Long_Term_Planning,23.0,100.0
6,5.36,120,95,25,79.17,15.83,5,5,3,2,1,1,6,False,41.5,Advanced,5,95,Near_Eligible,12,0,0,OJT_Ready_Stage,5.0,100.0
8,6.34,120,112,8,93.33,14.0,0,2,2,0,1,0,8,True,81.0,Near_Completion,0,100,Eligible,5,50,0,OJT_Ready_Stage,0.0,100.0
3,3.58,120,28,92,23.33,9.33,72,6,8,2,3,1,6,False,0.0,Early,72,28,Far_From_Eligible,20,0,3,Long_Term_Planning,24.0,100.0
2,6.06,120,42,78,35.0,21.0,58,3,2,0,1,0,5,False,43.0,Developing,58,42,Far_From_Eligible,6,40,3,Long_Term_Planning,19.33,100.0
6,6.78,120,108,12,90.0,18.0,0,2,2,0,0,0,6,True,84.0,Near_Completion,0,100,Eligible,4,60,0,OJT_Ready_Stage,0.0,100.0
7,6.96,120,110,10,91.67,15.71,0,3,1,2,0,0,8,False,72.0,Near_Completion,0,100,Eligible,6,40,1,Approaching_OJT,0.0,100.0
6,7.54,120,112,8,93.33,18.67,0,0,1,1,0,0,7,False,88.0,Near_Completion,0,100,Eligible,2,80,1,Approaching_OJT,0.0,99.98
7,8.19,120,112,8,93.33,16.0,0,1,0,1,0,0,8,False,87.0,Near_Completion,0,100,Eligible,2,80,1,Approaching_OJT,0.0,100.0
5,7.58,120,98,22,81.67,19.6,2,1,0,1,0,0,6,False,80.0,Near_Completion,2,98,Near_Eligible,2,80,1,Approaching_OJT,2.0,100.0
2,6.68,120,37,83,30.83,18.5,63,2,4,0,0,0,5,False,44.5,Developing,63,37,Far_From_Eligible,6,40,3,Long_Term_Planning,21.0,100.0
4,8.1,120,79,41,65.83,19.75,21,0,2,1,0,0,6,False,69.5,Advanced,21,79,Moderate_Gap,3,70,2,Moderate_Planning_Gap,10.5,100.0
4,8.02,120,77,43,64.17,19.25,23,0,0,1,0,0,6,False,72.5,Advanced,23,77,Moderate_Gap,1,90,2,Moderate_Planning_Gap,11.5,100.0
2,6.21,120,38,82,31.67,19.0,62,3,4,1,0,0,6,False,36.0,Developing,62,38,Far_From_Eligible,8,20,4,Long_Term_Planning,15.5,100.0
4,6.55,120,73,47,60.83,18.25,27,1,1,2,1,0,5,False,54.5,Advanced,27,73,Moderate_Gap,5,50,1,Approaching_OJT,27.0,100.0
4,8.35,120,81,39,67.5,20.25,19,1,1,1,0,0,5,False,69.5,Advanced,19,81,Near_Eligible,3,70,1,Approaching_OJT,19.0,100.0
5,9.41,120,91,29,75.83,18.2,9,0,0,0,0,0,7,False,85.5,Advanced,9,91,Near_Eligible,0,100,2,Moderate_Planning_Gap,4.5,100.0
8,6.47,120,114,6,95.0,14.25,0,2,2,1,1,0,8,False,76.0,Near_Completion,0,100,Eligible,6,40,0,OJT_Ready_Stage,0.0,100.0
5,7.03,120,92,28,76.67,18.4,8,1,2,0,0,0,7,False,79.0,Advanced,8,92,Near_Eligible,3,70,2,Moderate_Planning_Gap,4.0,100.0
4,6.24,120,64,56,53.33,16.0,36,3,1,0,0,0,5,False,61.0,Developing,36,64,Moderate_Gap,4,60,1,Approaching_OJT,36.0,100.0
1,6.62,120,16,104,13.33,16.0,84,2,4,1,0,0,6,False,28.0,Early,84,16,Far_From_Eligible,7,30,5,Long_Term_Planning,16.8,100.0
5,6.05,120,85,35,70.83,17.0,15,3,1,0,0,0,7,False,71.5,Advanced,15,85,Near_Eligible,4,60,2,Moderate_Planning_Gap,7.5,100.0
6,6.87,120,103,17,85.83,17.17,0,3,3,2,0,0,6,False,64.5,Near_Completion,0,100,Eligible,8,20,0,OJT_Ready_Stage,0.0,99.98
4,6.25,120,72,48,60.0,18.0,28,1,4,0,1,0,6,False,60.0,Advanced,28,72,Moderate_Gap,6,40,2,Moderate_Planning_Gap,14.0,100.0
2,8.11,120,41,79,34.17,20.5,59,0,0,1,0,0,5,False,54.5,Developing,59,41,Far_From_Eligible,1,90,3,Long_Term_Planning,19.67,100.0
5,9.36,120,93,27,77.5,18.6,7,0,0,0,0,0,7,False,86.5,Advanced,7,93,Near_Eligible,0,100,2,Moderate_Planning_Gap,3.5,100.0
4,6.49,120,60,60,50.0,15.0,40,2,5,1,1,0,6,False,43.0,Developing,40,60,Moderate_Gap,9,10,2,Moderate_Planning_Gap,20.0,100.0
2,5.92,120,33,87,27.5,16.5,67,2,2,1,1,0,5,False,35.5,Early,67,33,Far_From_Eligible,6,40,3,Long_Term_Planning,22.33,100.0
3,8.34,120,60,60,50.0,20.0,40,0,0,0,0,0,6,False,70.0,Developing,40,60,Moderate_Gap,0,100,3,Long_Term_Planning,13.33,100.0
4,6.29,120,58,62,48.33,14.5,42,2,3,0,1,0,5,False,52.0,Developing,42,58,Moderate_Gap,6,40,1,Approaching_OJT,42.0,100.0
3,8.27,120,59,61,49.17,19.67,41,0,1,0,0,0,5,False,67.5,Developing,41,59,Moderate_Gap,1,90,2,Moderate_Planning_Gap,20.5,99.98
3,8.26,120,50,70,41.67,16.67,50,0,0,1,0,0,5,False,59.0,Developing,50,50,Moderate_Gap,1,90,2,Moderate_Planning_Gap,25.0,99.98
4,7.79,120,69,51,57.5,17.25,31,1,2,0,0,0,5,False,67.5,Developing,31,69,Moderate_Gap,3,70,1,Approaching_OJT,31.0,100.0
3,6.24,120,53,67,44.17,17.67,47,1,1,0,1,0,5,False,56.5,Developing,47,53,Moderate_Gap,3,70,2,Moderate_Planning_Gap,23.5,99.98
3,5.39,120,43,77,35.83,14.33,57,5,5,1,2,0,6,False,20.5,Developing,57,43,Far_From_Eligible,13,0,3,Long_Term_Planning,19.0,100.0
5,8.36,120,88,32,73.33,17.6,12,0,1,0,0,0,7,False,82.0,Advanced,12,88,Near_Eligible,1,90,2,Moderate_Planning_Gap,6.0,100.0
6,5.27,120,98,22,81.67,16.33,2,4,4,2,2,0,7,False,47.0,Near_Completion,2,98,Near_Eligible,12,0,1,Approaching_OJT,2.0,100.0
6,8.65,120,110,10,91.67,18.33,0,0,0,0,0,0,6,True,95.0,Near_Completion,0,100,Eligible,0,100,0,OJT_Ready_Stage,0.0,100.0
4,8.33,120,78,42,65.0,19.5,22,1,2,1,0,0,5,False,66.0,Advanced,22,78,Moderate_Gap,4,60,1,Approaching_OJT,22.0,100.0
5,5.69,120,76,44,63.33,15.2,24,5,3,2,1,0,7,False,40.0,Advanced,24,76,Moderate_Gap,11,0,2,Moderate_Planning_Gap,12.0,100.0
1,6.17,120,15,105,12.5,15.0,85,2,2,1,1,0,6,False,26.5,Early,85,15,Far_From_Eligible,6,40,5,Long_Term_Planning,17.0,100.0
2,5.34,120,29,91,24.17,14.5,71,5,4,2,1,0,6,False,14.5,Early,71,29,Far_From_Eligible,12,0,4,Long_Term_Planning,17.75,100.0
6,5.57,120,89,31,74.17,14.83,11,4,6,1,1,0,7,False,49.5,Advanced,11,89,Near_Eligible,12,0,1,Approaching_OJT,11.0,100.0
5,5.9,120,79,41,65.83,15.8,21,1,4,0,0,0,6,False,68.5,Advanced,21,79,Moderate_Gap,5,50,1,Approaching_OJT,21.0,100.0
4,6.81,120,66,54,55.0,16.5,34,1,1,1,1,0,6,False,57.0,Developing,34,66,Moderate_Gap,4,60,2,Moderate_Planning_Gap,17.0,100.0
5,6.28,120,81,39,67.5,16.2,19,1,2,0,0,0,6,False,73.5,Advanced,19,81,Near_Eligible,3,70,1,Approaching_OJT,19.0,100.0
5,7.85,120,91,29,75.83,18.2,9,1,2,0,0,0,6,False,78.5,Advanced,9,91,Near_Eligible,3,70,1,Approaching_OJT,9.0,100.0
3,8.06,120,64,56,53.33,21.33,36,0,2,0,0,0,6,False,68.0,Developing,36,64,Moderate_Gap,2,80,3,Long_Term_Planning,12.0,100.0
5,6.96,120,85,35,70.83,17.0,15,2,2,2,0,0,7,False,60.5,Advanced,15,85,Near_Eligible,6,40,2,Moderate_Planning_Gap,7.5,100.0
5,5.3,120,75,45,62.5,15.0,25,5,5,1,2,0,7,False,36.5,Advanced,25,75,Moderate_Gap,13,0,2,Moderate_Planning_Gap,12.5,100.0
7,7.04,120,114,6,95.0,16.29,0,1,0,1,0,0,8,False,88.0,Near_Completion,0,100,Eligible,2,80,1,Approaching_OJT,0.0,99.97
3,9.6,120,58,62,48.33,19.33,42,0,0,0,0,0,6,False,69.0,Developing,42,58,Moderate_Gap,0,100,3,Long_Term_Planning,14.0,100.0
6,7.94,120,110,10,91.67,18.33,0,0,1,1,0,0,6,False,87.0,Near_Completion,0,100,Eligible,2,80,0,OJT_Ready_Stage,0.0,100.0
2,7.6,120,35,85,29.17,17.5,65,0,0,0,0,0,5,False,57.5,Early,65,35,Far_From_Eligible,0,100,3,Long_Term_Planning,21.67,100.0
4,5.29,120,59,61,49.17,14.75,41,3,4,2,1,1,6,False,27.5,Developing,41,59,Moderate_Gap,11,0,2,Moderate_Planning_Gap,20.5,100.0
4,7.58,120,80,40,66.67,20.0,20,1,0,0,0,0,6,False,77.0,Advanced,20,80,Near_Eligible,1,90,2,Moderate_Planning_Gap,10.0,100.0
3,6.51,120,57,63,47.5,19.0,43,1,1,2,0,0,6,False,51.5,Developing,43,57,Moderate_Gap,4,60,3,Long_Term_Planning,14.33,100.0
7,6.36,120,102,18,85.0,14.57,0,3,3,2,1,0,8,False,59.0,Near_Completion,0,100,Eligible,9,10,1,Approaching_OJT,0.0,100.0
5,8.18,120,96,24,80.0,19.2,4,1,2,0,0,0,7,False,81.0,Near_Completion,4,96,Near_Eligible,3,70,2,Moderate_Planning_Gap,2.0,100.0
7,8.07,120,115,5,95.83,16.43,0,0,1,0,0,0,8,True,95.5,Near_Completion,0,100,Eligible,1,90,1,Approaching_OJT,0.0,99.99
4,8.65,120,79,41,65.83,19.75,21,0,0,0,0,0,6,False,79.5,Advanced,21,79,Moderate_Gap,0,100,2,Moderate_Planning_Gap,10.5,100.0
6,5.67,120,86,34,71.67,14.33,14,5,6,1,1,0,7,False,45.0,Advanced,14,86,Near_Eligible,13,0,1,Approaching_OJT,14.0,100.0
6,6.07,120,92,28,76.67,15.33,8,3,2,0,0,0,7,False,73.0,Advanced,8,92,Near_Eligible,5,50,1,Approaching_OJT,8.0,100.0
4,8.29,120,68,52,56.67,17.0,32,0,0,1,0,0,5,False,68.0,Developing,32,68,Moderate_Gap,1,90,1,Approaching_OJT,32.0,100.0
4,7.5,120,82,38,68.33,20.5,18,0,2,0,0,0,5,False,77.0,Advanced,18,82,Near_Eligible,2,80,1,Approaching_OJT,18.0,100.0
8,4.28,120,101,19,84.17,12.62,0,7,7,2,2,2,8,False,17.5,Near_Completion,0,100,Eligible,20,0,0,OJT_Ready_Stage,0.0,100.0
6,4.47,120,81,39,67.5,13.5,19,8,7,2,3,1,7,False,7.5,Advanced,19,81,Near_Eligible,21,0,1,Approaching_OJT,19.0,100.0
6,6.94,120,97,23,80.83,16.17,3,2,1,2,1,0,7,False,63.5,Near_Completion,3,97,Near_Eligible,6,40,1,Approaching_OJT,3.0,99.98
3,9.22,120,54,66,45.0,18.0,46,0,0,0,0,0,6,False,67.0,Developing,46,54,Moderate_Gap,0,100,3,Long_Term_Planning,15.33,100.0
3,5.74,120,36,84,30.0,12.0,64,3,4,2,1,0,5,False,24.0,Developing,64,36,Far_From_Eligible,10,0,2,Moderate_Planning_Gap,32.0,100.0
5,6.58,120,85,35,70.83,17.0,15,1,3,1,1,0,7,False,62.5,Advanced,15,85,Near_Eligible,6,40,2,Moderate_Planning_Gap,7.5,100.0
4,5.42,120,57,63,47.5,14.25,43,3,4,2,1,1,5,False,26.5,Developing,43,57,Moderate_Gap,11,0,1,Approaching_OJT,43.0,100.0
4,5.29,120,59,61,49.17,14.75,41,4,4,1,1,1,6,False,30.5,Developing,41,59,Moderate_Gap,11,0,2,Moderate_Planning_Gap,20.5,100.0
5,7.24,120,91,29,75.83,18.2,9,1,2,1,0,0,6,False,72.5,Advanced,9,91,Near_Eligible,4,60,1,Approaching_OJT,9.0,100.0
3,6.53,120,57,63,47.5,19.0,43,1,3,1,0,0,6,False,53.5,Developing,43,57,Moderate_Gap,5,50,3,Long_Term_Planning,14.33,100.0
4,6.26,120,61,59,50.83,15.25,39,3,1,2,0,0,5,False,47.5,Developing,39,61,Moderate_Gap,6,40,1,Approaching_OJT,39.0,100.0
6,8.46,120,106,14,88.33,17.67,0,1,0,0,0,0,7,True,90.0,Near_Completion,0,100,Eligible,1,90,1,Approaching_OJT,0.0,99.98
6,6.05,120,105,15,87.5,17.5,0,1,2,2,1,0,7,False,68.5,Near_Completion,0,100,Eligible,6,40,1,Approaching_OJT,0.0,100.0
3,6.48,120,51,69,42.5,17.0,49,2,3,1,1,0,5,False,42.5,Developing,49,51,Moderate_Gap,7,30,2,Moderate_Planning_Gap,24.5,100.0
5,6.02,120,88,32,73.33,17.6,12,1,3,1,1,0,7,False,64.0,Advanced,12,88,Near_Eligible,6,40,2,Moderate_Planning_Gap,6.0,100.0
3,7.5,120,54,66,45.0,18.0,46,0,2,1,0,0,5,False,57.0,Developing,46,54,Moderate_Gap,3,70,2,Moderate_Planning_Gap,23.0,100.0
4,9.86,120,79,41,65.83,19.75,21,0,0,0,0,0,6,False,79.5,Advanced,21,79,Moderate_Gap,0,100,2,Moderate_Planning_Gap,10.5,100.0
8,7.71,120,113,7,94.17,14.12,0,0,1,1,0,0,8,False,88.5,Near_Completion,0,100,Eligible,2,80,0,OJT_Ready_Stage,0.0,100.0
4,7.05,120,73,47,60.83,18.25,27,1,2,0,0,0,6,False,69.5,Advanced,27,73,Moderate_Gap,3,70,2,Moderate_Planning_Gap,13.5,100.0
6,6.02,120,97,23,80.83,16.17,3,2,4,0,1,0,6,False,69.5,Near_Completion,3,97,Near_Eligible,7,30,0,OJT_Ready_Stage,3.0,99.98
5,6.39,120,87,33,72.5,17.4,13,3,3,1,1,0,7,False,57.5,Advanced,13,87,Near_Eligible,8,20,2,Moderate_Planning_Gap,6.5,100.0
6,6.07,120,94,26,78.33,15.67,6,3,4,2,0,0,6,False,58.0,Advanced,6,94,Near_Eligible,9,10,0,OJT_Ready_Stage,6.0,99.98
1,5.31,120,17,103,14.17,17.0,83,3,4,1,1,0,6,False,20.5,Early,83,17,Far_From_Eligible,9,10,5,Long_Term_Planning,16.6,100.0
5,6.78,120,86,34,71.67,17.2,14,1,3,1,0,0,7,False,68.0,Advanced,14,86,Near_Eligible,5,50,2,Moderate_Planning_Gap,7.0,100.0
6,6.49,120,101,19,84.17,16.83,0,4,2,1,1,0,7,False,63.5,Near_Completion,0,100,Eligible,8,20,1,Approaching_OJT,0.0,100.0
1,8.27,120,20,100,16.67,20.0,80,0,2,0,0,0,5,False,46.0,Early,80,20,Far_From_Eligible,2,80,4,Long_Term_Planning,20.0,100.0
3,9.9,120,66,54,55.0,22.0,34,0,0,0,0,0,6,False,73.0,Developing,34,66,Moderate_Gap,0,100,3,Long_Term_Planning,11.33,100.0
5,5.58,120,84,36,70.0,16.8,16,4,6,3,1,1,7,False,27.0,Advanced,16,84,Near_Eligible,15,0,2,Moderate_Planning_Gap,8.0,100.0
4,6.16,120,65,55,54.17,16.25,35,2,3,1,1,0,6,False,49.5,Developing,35,65,Moderate_Gap,7,30,2,Moderate_Planning_Gap,17.5,100.0
6,6.55,120,107,13,89.17,17.83,0,3,1,1,1,0,7,False,71.5,Near_Completion,0,100,Eligible,6,40,1,Approaching_OJT,0.0,100.0
5,7.78,120,90,30,75.0,18.0,10,1,0,0,0,0,6,False,82.0,Advanced,10,90,Near_Eligible,1,90,1,Approaching_OJT,10.0,100.0
4,7.9,120,70,50,58.33,17.5,30,1,1,1,0,0,5,False,64.0,Developing,30,70,Moderate_Gap,3,70,1,Approaching_OJT,30.0,100.0
6,5.09,120,95,25,79.17,15.83,5,3,5,1,2,0,7,False,52.5,Advanced,5,95,Near_Eligible,11,0,1,Approaching_OJT,5.0,100.0
3,6.52,120,54,66,45.0,18.0,46,1,1,2,1,0,6,False,45.0,Developing,46,54,Moderate_Gap,5,50,3,Long_Term_Planning,15.33,100.0
5,5.64,120,69,51,57.5,13.8,31,3,4,1,2,0,6,False,41.5,Developing,31,69,Moderate_Gap,10,0,1,Approaching_OJT,31.0,100.0
6,6.82,120,107,13,89.17,17.83,0,2,3,2,0,0,6,False,69.5,Near_Completion,0,100,Eligible,7,30,0,OJT_Ready_Stage,0.0,100.0
8,7.93,120,112,8,93.33,14.0,0,1,1,0,0,0,8,True,91.0,Near_Completion,0,100,Eligible,2,80,0,OJT_Ready_Stage,0.0,100.0
3,8.36,120,53,67,44.17,17.67,47,0,1,0,0,0,6,False,64.5,Developing,47,53,Moderate_Gap,1,90,3,Long_Term_Planning,15.67,99.98
7,5.5,120,95,25,79.17,13.57,5,4,6,3,1,0,8,False,40.5,Advanced,5,95,Near_Eligible,14,0,1,Approaching_OJT,5.0,100.0
7,7.69,120,113,7,94.17,16.14,0,1,2,1,0,0,8,False,83.5,Near_Completion,0,100,Eligible,4,60,1,Approaching_OJT,0.0,100.0
4,6.2,120,60,60,50.0,15.0,40,2,2,2,0,0,5,False,48.0,Developing,40,60,Moderate_Gap,6,40,1,Approaching_OJT,40.0,100.0
5,4.07,120,74,46,61.67,14.8,26,6,6,2,3,1,7,False,12.0,Advanced,26,74,Moderate_Gap,18,0,2,Moderate_Planning_Gap,13.0,100.0
3,6.25,120,54,66,45.0,18.0,46,2,2,1,0,0,6,False,51.0,Developing,46,54,Moderate_Gap,5,50,3,Long_Term_Planning,15.33,100.0
6,7.44,120,107,13,89.17,17.83,0,1,2,0,0,0,7,True,86.5,Near_Completion,0,100,Eligible,3,70,1,Approaching_OJT,0.0,100.0
7,6.28,120,107,13,89.17,15.29,0,2,4,1,0,0,8,False,73.5,Near_Completion,0,100,Eligible,7,30,1,Approaching_OJT,0.0,99.97
4,6.78,120,63,57,52.5,15.75,37,1,4,1,0,0,5,False,54.5,Developing,37,63,Moderate_Gap,6,40,1,Approaching_OJT,37.0,100.0
1,4.8,120,13,107,10.83,13.0,87,5,8,4,2,1,5,False,0.0,Early,87,13,Far_From_Eligible,20,0,4,Long_Term_Planning,21.75,100.0
4,7.37,120,77,43,64.17,19.25,23,1,0,0,0,0,6,False,75.5,Advanced,23,77,Moderate_Gap,1,90,2,Moderate_Planning_Gap,11.5,100.0
2,9.43,120,39,81,32.5,19.5,61,0,0,0,0,0,5,False,59.5,Developing,61,39,Far_From_Eligible,0,100,3,Long_Term_Planning,20.33,100.0
6,8.9,120,114,6,95.0,19.0,0,0,0,0,0,0,7,True,97.0,Near_Completion,0,100,Eligible,0,100,1,Approaching_OJT,0.0,100.0
6,6.32,120,96,24,80.0,16.0,4,3,2,1,0,0,7,False,69.0,Near_Completion,4,96,Near_Eligible,6,40,1,Approaching_OJT,4.0,100.0
6,6.19,120,94,26,78.33,15.67,6,2,4,2,0,0,6,False,61.0,Advanced,6,94,Near_Eligible,8,20,0,OJT_Ready_Stage,6.0,99.98
6,5.3,120,90,30,75.0,15.0,10,4,4,1,1,1,6,False,46.0,Advanced,10,90,Near_Eligible,11,0,0,OJT_Ready_Stage,10.0,100.0
2,6.85,120,34,86,28.33,17.0,66,2,2,1,1,0,6,False,36.0,Early,66,34,Far_From_Eligible,6,40,4,Long_Term_Planning,16.5,100.0
6,6.91,120,106,14,88.33,17.67,0,3,3,2,1,0,6,False,61.0,Near_Completion,0,100,Eligible,9,10,0,OJT_Ready_Stage,0.0,99.98
5,5.1,120,73,47,60.83,14.6,27,5,5,1,1,1,6,False,32.5,Advanced,27,73,Moderate_Gap,13,0,1,Approaching_OJT,27.0,100.0
5,5.84,120,75,45,62.5,15.0,25,3,6,1,1,1,7,False,37.5,Advanced,25,75,Moderate_Gap,12,0,2,Moderate_Planning_Gap,12.5,100.0
1,4.78,120,16,104,13.33,16.0,84,5,5,4,3,2,6,False,0.0,Early,84,16,Far_From_Eligible,19,0,5,Long_Term_Planning,16.8,100.0
6,5.12,120,89,31,74.17,14.83,11,4,6,1,1,0,7,False,49.5,Advanced,11,89,Near_Eligible,12,0,1,Approaching_OJT,11.0,100.0
6,5.16,120,82,38,68.33,13.67,18,4,3,3,2,0,6,False,35.0,Advanced,18,82,Near_Eligible,12,0,0,OJT_Ready_Stage,18.0,99.98
3,6.07,120,49,71,40.83,16.33,51,3,3,1,0,0,5,False,43.5,Developing,51,49,Far_From_Eligible,7,30,2,Moderate_Planning_Gap,25.5,100.0
2,6.29,120,26,94,21.67,13.0,74,3,4,1,1,0,6,False,25.0,Early,74,26,Far_From_Eligible,9,10,4,Long_Term_Planning,18.5,100.0
5,6.86,120,81,39,67.5,16.2,19,1,4,0,1,0,6,False,64.5,Advanced,19,81,Near_Eligible,6,40,1,Approaching_OJT,19.0,100.0
5,9.72,120,90,30,75.0,18.0,10,0,0,0,0,0,7,False,85.0,Advanced,10,90,Near_Eligible,0,100,2,Moderate_Planning_Gap,5.0,100.0
4,7.83,120,74,46,61.67,18.5,26,1,2,1,0,0,6,False,64.0,Advanced,26,74,Moderate_Gap,4,60,2,Moderate_Planning_Gap,13.0,100.0
3,4.75,120,40,80,33.33,13.33,60,8,6,2,3,1,5,False,0.0,Developing,60,40,Far_From_Eligible,20,0,2,Moderate_Planning_Gap,30.0,100.0
4,8.39,120,78,42,65.0,19.5,22,1,2,0,0,0,6,False,72.0,Advanced,22,78,Moderate_Gap,3,70,2,Moderate_Planning_Gap,11.0,100.0
3,8.36,120,53,67,44.17,17.67,47,1,2,1,0,0,6,False,53.5,Developing,47,53,Moderate_Gap,4,60,3,Long_Term_Planning,15.67,99.98
5,6.44,120,90,30,75.0,18.0,10,1,1,2,1,0,7,False,63.0,Advanced,10,90,Near_Eligible,5,50,2,Moderate_Planning_Gap,5.0,100.0
8,6.88,120,118,2,98.33,14.75,0,1,2,1,1,0,8,False,81.0,Near_Completion,0,100,Eligible,5,50,0,OJT_Ready_Stage,0.0,100.0
4,6.23,120,59,61,49.17,14.75,41,2,4,0,1,0,5,False,50.5,Developing,41,59,Moderate_Gap,7,30,1,Approaching_OJT,41.0,100.0
3,6.99,120,49,71,40.83,16.33,51,1,2,2,0,0,5,False,45.5,Developing,51,49,Far_From_Eligible,5,50,2,Moderate_Planning_Gap,25.5,100.0
5,5.81,120,84,36,70.0,16.8,16,3,4,1,2,1,7,False,41.0,Advanced,16,84,Near_Eligible,11,0,2,Moderate_Planning_Gap,8.0,100.0
4,7.68,120,75,45,62.5,18.75,25,0,1,1,0,0,5,False,69.5,Advanced,25,75,Moderate_Gap,2,80,1,Approaching_OJT,25.0,100.0
4,8.18,120,82,38,68.33,20.5,18,1,2,1,0,0,6,False,68.0,Advanced,18,82,Near_Eligible,4,60,2,Moderate_Planning_Gap,9.0,100.0
3,6.48,120,40,80,33.33,13.33,60,3,4,0,0,0,6,False,43.0,Developing,60,40,Far_From_Eligible,7,30,3,Long_Term_Planning,20.0,100.0
1,7.52,120,20,100,16.67,20.0,80,0,1,1,0,0,5,False,42.0,Early,80,20,Far_From_Eligible,2,80,4,Long_Term_Planning,20.0,100.0
7,5.45,120,101,19,84.17,14.43,0,5,6,3,1,0,8,False,40.5,Near_Completion,0,100,Eligible,15,0,1,Approaching_OJT,0.0,99.99
2,6.25,120,31,89,25.83,15.5,69,3,2,2,0,0,6,False,30.5,Early,69,31,Far_From_Eligible,7,30,4,Long_Term_Planning,17.25,100.0
2,7.05,120,42,78,35.0,21.0,58,1,1,1,0,0,5,False,50.0,Developing,58,42,Far_From_Eligible,3,70,3,Long_Term_Planning,19.33,100.0
3,9.01,120,54,66,45.0,18.0,46,0,0,0,0,0,5,False,67.0,Developing,46,54,Moderate_Gap,0,100,2,Moderate_Planning_Gap,23.0,100.0
5,8.37,120,90,30,75.0,18.0,10,1,0,1,0,0,7,False,76.0,Advanced,10,90,Near_Eligible,2,80,2,Moderate_Planning_Gap,5.0,100.0
1,7.39,120,21,99,17.5,21.0,79,1,0,1,0,0,6,False,41.5,Early,79,21,Far_From_Eligible,2,80,5,Long_Term_Planning,15.8,100.0
4,8.03,120,73,47,60.83,18.25,27,1,2,1,0,0,6,False,63.5,Advanced,27,73,Moderate_Gap,4,60,2,Moderate_Planning_Gap,13.5,100.0
4,7.14,120,82,38,68.33,20.5,18,1,2,0,0,0,5,False,74.0,Advanced,18,82,Near_Eligible,3,70,1,Approaching_OJT,18.0,100.0
3,6.72,120,58,62,48.33,19.33,42,2,2,1,0,0,6,False,53.0,Developing,42,58,Moderate_Gap,5,50,3,Long_Term_Planning,14.0,100.0
5,7.38,120,95,25,79.17,19.0,5,1,1,1,0,0,6,False,76.5,Advanced,5,95,Near_Eligible,3,70,1,Approaching_OJT,5.0,100.0
5,6.99,120,90,30,75.0,18.0,10,2,1,0,1,0,7,False,72.0,Advanced,10,90,Near_Eligible,4,60,2,Moderate_Planning_Gap,5.0,100.0
8,5.09,120,106,14,88.33,13.25,0,4,6,2,2,0,8,False,47.0,Near_Completion,0,100,Eligible,14,0,0,OJT_Ready_Stage,0.0,100.0
7,7.51,120,113,7,94.17,16.14,0,1,0,0,0,0,8,True,93.5,Near_Completion,0,100,Eligible,1,90,1,Approaching_OJT,0.0,100.0
1,7.49,120,18,102,15.0,18.0,82,1,2,0,0,0,5,False,42.0,Early,82,18,Far_From_Eligible,3,70,4,Long_Term_Planning,20.5,100.0
5,5.6,120,82,38,68.33,16.4,18,4,5,3,1,1,7,False,28.0,Advanced,18,82,Near_Eligible,14,0,2,Moderate_Planning_Gap,9.0,100.0
6,5.23,120,83,37,69.17,13.83,17,3,5,2,1,0,7,False,45.5,Advanced,17,83,Near_Eligible,11,0,1,Approaching_OJT,17.0,100.0
7,6.48,120,111,9,92.5,15.86,0,3,3,0,1,0,8,True,75.5,Near_Completion,0,100,Eligible,7,30,1,Approaching_OJT,0.0,99.98
5,9.22,120,99,21,82.5,19.8,1,0,0,0,0,0,6,False,89.5,Near_Completion,1,99,Near_Eligible,0,100,1,Approaching_OJT,1.0,100.0
7,7.92,120,115,5,95.83,16.43,0,1,2,0,0,0,8,True,90.5,Near_Completion,0,100,Eligible,3,70,1,Approaching_OJT,0.0,99.99
8,5.7,120,111,9,92.5,13.88,0,4,4,1,1,0,8,False,64.5,Near_Completion,0,100,Eligible,10,0,0,OJT_Ready_Stage,0.0,99.96
5,7.45,120,98,22,81.67,19.6,2,1,0,1,0,0,6,False,80.0,Near_Completion,2,98,Near_Eligible,2,80,1,Approaching_OJT,2.0,100.0
2,6.83,120,33,87,27.5,16.5,67,2,1,1,1,0,5,False,37.5,Early,67,33,Far_From_Eligible,5,50,3,Long_Term_Planning,22.33,100.0
4,5.66,120,57,63,47.5,14.25,43,4,4,3,1,1,5,False,17.5,Developing,43,57,Moderate_Gap,13,0,1,Approaching_OJT,43.0,100.0
5,8.1,120,99,21,82.5,19.8,1,0,2,0,0,0,6,False,85.5,Near_Completion,1,99,Near_Eligible,2,80,1,Approaching_OJT,1.0,100.0
4,9.18,120,80,40,66.67,20.0,20,0,0,0,0,0,5,False,80.0,Advanced,20,80,Near_Eligible,0,100,1,Approaching_OJT,20.0,100.0
3,6.96,120,58,62,48.33,19.33,42,1,2,0,0,0,5,False,62.0,Developing,42,58,Moderate_Gap,3,70,2,Moderate_Planning_Gap,21.0,100.0
4,8.45,120,78,42,65.0,19.5,22,0,0,1,0,0,6,False,73.0,Advanced,22,78,Moderate_Gap,1,90,2,Moderate_Planning_Gap,11.0,100.0
3,6.31,120,58,62,48.33,19.33,42,3,3,0,1,0,5,False,49.0,Developing,42,58,Moderate_Gap,7,30,2,Moderate_Planning_Gap,21.0,100.0
4,7.03,120,82,38,68.33,20.5,18,0,1,1,0,0,6,False,73.0,Advanced,18,82,Near_Eligible,2,80,2,Moderate_Planning_Gap,9.0,100.0
3,6.96,120,36,84,30.0,12.0,64,4,2,2,0,0,5,False,30.0,Developing,64,36,Far_From_Eligible,8,20,2,Moderate_Planning_Gap,32.0,100.0
5,9.49,120,94,26,78.33,18.8,6,0,0,0,0,0,7,False,87.0,Advanced,6,94,Near_Eligible,0,100,2,Moderate_Planning_Gap,3.0,100.0
2,6.17,120,30,90,25.0,15.0,70,2,3,2,1,0,5,False,26.0,Early,70,30,Far_From_Eligible,8,20,3,Long_Term_Planning,23.33,100.0
5,9.51,120,99,21,82.5,19.8,1,0,0,0,0,0,7,False,89.5,Near_Completion,1,99,Near_Eligible,0,100,2,Moderate_Planning_Gap,0.5,100.0
2,6.28,120,32,88,26.67,16.0,68,1,1,1,0,0,5,False,45.0,Early,68,32,Far_From_Eligible,3,70,3,Long_Term_Planning,22.67,100.0
4,8.9,120,84,36,70.0,21.0,16,0,0,0,0,0,6,False,82.0,Advanced,16,84,Near_Eligible,0,100,2,Moderate_Planning_Gap,8.0,100.0
4,4.03,120,54,66,45.0,13.5,46,8,6,2,3,1,6,False,0.0,Developing,46,54,Moderate_Gap,20,0,2,Moderate_Planning_Gap,23.0,100.0
7,8.61,120,118,2,98.33,16.86,0,0,0,0,0,0,8,True,99.0,Near_Completion,0,100,Eligible,0,100,1,Approaching_OJT,0.0,99.98
6,7.04,120,110,10,91.67,18.33,0,1,1,1,0,0,7,False,84.0,Near_Completion,0,100,Eligible,3,70,1,Approaching_OJT,0.0,100.0
4,6.78,120,64,56,53.33,16.0,36,2,2,1,0,0,6,False,56.0,Developing,36,64,Moderate_Gap,5,50,2,Moderate_Planning_Gap,18.0,100.0
3,5.42,120,43,77,35.83,14.33,57,5,5,3,2,0,5,False,8.5,Developing,57,43,Far_From_Eligible,15,0,2,Moderate_Planning_Gap,28.5,100.0
4,6.71,120,72,48,60.0,18.0,28,2,3,2,1,0,6,False,47.0,Advanced,28,72,Moderate_Gap,8,20,2,Moderate_Planning_Gap,14.0,100.0
5,6.26,120,79,41,65.83,15.8,21,4,4,1,1,0,7,False,48.5,Advanced,21,79,Moderate_Gap,10,0,2,Moderate_Planning_Gap,10.5,100.0
4,7.83,120,79,41,65.83,19.75,21,0,2,0,0,0,6,False,75.5,Advanced,21,79,Moderate_Gap,2,80,2,Moderate_Planning_Gap,10.5,100.0
5,6.82,120,80,40,66.67,16.0,20,2,1,2,0,0,7,False,60.0,Advanced,20,80,Near_Eligible,5,50,2,Moderate_Planning_Gap,10.0,100.0
3,8.84,120,55,65,45.83,18.33,45,0,0,0,0,0,5,False,67.5,Developing,45,55,Moderate_Gap,0,100,2,Moderate_Planning_Gap,22.5,100.0
5,7.44,120,93,27,77.5,18.6,7,0,2,1,0,0,6,False,76.5,Advanced,7,93,Near_Eligible,3,70,1,Approaching_OJT,7.0,100.0
6,5.03,120,83,37,69.17,13.83,17,3,3,3,2,1,7,False,30.5,Advanced,17,83,Near_Eligible,12,0,1,Approaching_OJT,17.0,100.0
3,6.39,120,38,82,31.67,12.67,62,4,5,0,1,0,6,False,32.0,Developing,62,38,Far_From_Eligible,10,0,3,Long_Term_Planning,20.67,99.97
5,6.97,120,83,37,69.17,16.6,17,3,1,1,1,0,6,False,59.5,Advanced,17,83,Near_Eligible,6,40,1,Approaching_OJT,17.0,100.0
4,6.53,120,67,53,55.83,16.75,33,1,1,1,0,0,5,False,62.5,Developing,33,67,Moderate_Gap,3,70,1,Approaching_OJT,33.0,100.0
2,6.12,120,32,88,26.67,16.0,68,1,2,2,0,0,5,False,37.0,Early,68,32,Far_From_Eligible,5,50,3,Long_Term_Planning,22.67,100.0
1,6.02,120,18,102,15.0,18.0,82,1,2,0,0,0,6,False,42.0,Early,82,18,Far_From_Eligible,3,70,5,Long_Term_Planning,16.4,100.0
3,6.54,120,45,75,37.5,15.0,55,1,1,2,1,0,6,False,40.5,Developing,55,45,Far_From_Eligible,5,50,3,Long_Term_Planning,18.33,100.0
6,5.57,120,89,31,74.17,14.83,11,3,6,1,1,1,6,False,44.5,Advanced,11,89,Near_Eligible,12,0,0,OJT_Ready_Stage,11.0,100.0
4,5.97,120,60,60,50.0,15.0,40,3,4,3,1,0,5,False,30.0,Developing,40,60,Moderate_Gap,11,0,1,Approaching_OJT,40.0,100.0
4,6.25,120,64,56,53.33,16.0,36,3,3,0,1,0,5,False,52.0,Developing,36,64,Moderate_Gap,7,30,1,Approaching_OJT,36.0,100.0
6,6.88,120,92,28,76.67,15.33,8,1,4,2,0,0,7,False,63.0,Advanced,8,92,Near_Eligible,7,30,1,Approaching_OJT,8.0,100.0
7,5.13,120,99,21,82.5,14.14,1,3,6,1,2,1,8,False,44.5,Near_Completion,1,99,Near_Eligible,13,0,1,Approaching_OJT,1.0,100.0
5,8.25,120,90,30,75.0,18.0,10,0,0,1,0,0,7,False,79.0,Advanced,10,90,Near_Eligible,1,90,2,Moderate_Planning_Gap,5.0,100.0
5,7.42,120,92,28,76.67,18.4,8,0,0,1,0,0,7,False,80.0,Advanced,8,92,Near_Eligible,1,90,2,Moderate_Planning_Gap,4.0,100.0
3,6.62,120,53,67,44.17,17.67,47,2,4,1,0,0,6,False,46.5,Developing,47,53,Moderate_Gap,7,30,3,Long_Term_Planning,15.67,99.98
1,6.5,120,17,103,14.17,17.0,83,2,2,0,0,0,6,False,38.5,Early,83,17,Far_From_Eligible,4,60,5,Long_Term_Planning,16.6,100.0
6,7.49,120,105,15,87.5,17.5,0,0,2,1,0,0,7,False,82.5,Near_Completion,0,100,Eligible,3,70,1,Approaching_OJT,0.0,100.0
5,8.29,120,89,31,74.17,17.8,11,0,0,1,0,0,6,False,78.5,Advanced,11,89,Near_Eligible,1,90,1,Approaching_OJT,11.0,100.0
1,9.23,120,18,102,15.0,18.0,82,0,0,0,0,0,6,False,49.0,Early,82,18,Far_From_Eligible,0,100,5,Long_Term_Planning,16.4,100.0
3,6.93,120,42,78,35.0,14.0,58,2,4,1,0,0,5,False,41.0,Developing,58,42,Far_From_Eligible,7,30,2,Moderate_Planning_Gap,29.0,100.0
7,5.47,120,101,19,84.17,14.43,0,5,5,1,2,1,8,False,41.5,Near_Completion,0,100,Eligible,14,0,1,Approaching_OJT,0.0,99.99
3,6.97,120,49,71,40.83,16.33,51,2,3,2,0,0,6,False,40.5,Developing,51,49,Far_From_Eligible,7,30,3,Long_Term_Planning,17.0,100.0
4,8.05,120,71,49,59.17,17.75,29,1,0,0,0,0,5,False,72.5,Developing,29,71,Moderate_Gap,1,90,1,Approaching_OJT,29.0,100.0
5,9.2,120,105,15,87.5,21.0,0,0,0,0,0,0,6,True,92.5,Near_Completion,0,100,Eligible,0,100,1,Approaching_OJT,0.0,100.0
4,8.33,120,69,51,57.5,17.25,31,0,0,0,0,0,5,False,74.5,Developing,31,69,Moderate_Gap,0,100,1,Approaching_OJT,31.0,100.0
4,6.49,120,73,47,60.83,18.25,27,3,2,0,1,0,5,False,58.5,Advanced,27,73,Moderate_Gap,6,40,1,Approaching_OJT,27.0,100.0
4,7.54,120,80,40,66.67,20.0,20,0,1,1,0,0,6,False,72.0,Advanced,20,80,Near_Eligible,2,80,2,Moderate_Planning_Gap,10.0,100.0
4,6.8,120,66,54,55.0,16.5,34,3,3,1,1,0,5,False,47.0,Developing,34,66,Moderate_Gap,8,20,1,Approaching_OJT,34.0,100.0
3,6.97,120,57,63,47.5,19.0,43,2,2,1,0,0,6,False,52.5,Developing,43,57,Moderate_Gap,5,50,3,Long_Term_Planning,14.33,100.0
3,6.75,120,47,73,39.17,15.67,53,3,1,1,1,0,5,False,41.5,Developing,53,47,Far_From_Eligible,6,40,2,Moderate_Planning_Gap,26.5,99.98
2,9.8,120,38,82,31.67,19.0,62,0,0,0,0,0,6,False,59.0,Developing,62,38,Far_From_Eligible,0,100,4,Long_Term_Planning,15.5,100.0
6,6.81,120,103,17,85.83,17.17,0,3,3,2,1,0,6,False,59.5,Near_Completion,0,100,Eligible,9,10,0,OJT_Ready_Stage,0.0,99.98
4,6.75,120,63,57,52.5,15.75,37,1,4,0,1,0,6,False,55.5,Developing,37,63,Moderate_Gap,6,40,2,Moderate_Planning_Gap,18.5,100.0
6,7.46,120,108,12,90.0,18.0,0,1,2,0,0,0,7,True,87.0,Near_Completion,0,100,Eligible,3,70,1,Approaching_OJT,0.0,100.0
6,4.82,120,74,46,61.67,12.33,26,7,7,3,3,2,6,False,0.0,Advanced,26,74,Moderate_Gap,22,0,0,OJT_Ready_Stage,26.0,100.0
7,8.37,120,112,8,93.33,16.0,0,0,1,0,0,0,8,True,94.0,Near_Completion,0,100,Eligible,1,90,1,Approaching_OJT,0.0,100.0
5,6.16,120,88,32,73.33,17.6,12,2,2,1,1,0,7,False,63.0,Advanced,12,88,Near_Eligible,6,40,2,Moderate_Planning_Gap,6.0,100.0
3,5.72,120,47,73,39.17,15.67,53,5,3,1,2,0,6,False,26.5,Developing,53,47,Far_From_Eligible,11,0,3,Long_Term_Planning,17.67,99.98
4,5.64,120,50,70,41.67,12.5,50,4,3,1,1,0,5,False,36.0,Developing,50,50,Moderate_Gap,9,10,1,Approaching_OJT,50.0,100.0
5,9.95,120,102,18,85.0,20.4,0,0,0,0,0,0,6,True,91.0,Near_Completion,0,100,Eligible,0,100,1,Approaching_OJT,0.0,100.0
4,5.73,120,58,62,48.33,14.5,42,3,4,3,2,0,6,False,24.0,Developing,42,58,Moderate_Gap,12,0,2,Moderate_Planning_Gap,21.0,100.0
7,6.96,120,105,15,87.5,15.0,0,2,2,0,1,0,8,True,77.5,Near_Completion,0,100,Eligible,5,50,1,Approaching_OJT,0.0,100.0
5,6.84,120,85,35,70.83,17.0,15,2,2,0,1,0,7,False,67.5,Advanced,15,85,Near_Eligible,5,50,2,Moderate_Planning_Gap,7.5,100.0
1,7.93,120,22,98,18.33,22.0,78,0,0,1,0,0,5,False,45.0,Early,78,22,Far_From_Eligible,1,90,4,Long_Term_Planning,19.5,100.0
5,7.78,120,98,22,81.67,19.6,2,0,0,1,0,0,6,False,83.0,Near_Completion,2,98,Near_Eligible,1,90,1,Approaching_OJT,2.0,100.0
6,5.92,120,96,24,80.0,16.0,4,5,3,1,1,1,6,False,48.0,Near_Completion,4,96,Near_Eligible,11,0,0,OJT_Ready_Stage,4.0,100.0
4,7.23,120,73,47,60.83,18.25,27,0,1,0,0,0,5,False,74.5,Advanced,27,73,Moderate_Gap,1,90,1,Approaching_OJT,27.0,100.0
5,5.18,120,82,38,68.33,16.4,18,3,6,2,2,1,7,False,30.0,Advanced,18,82,Near_Eligible,14,0,2,Moderate_Planning_Gap,9.0,100.0
4,7.9,120,75,45,62.5,18.75,25,0,1,1,0,0,6,False,69.5,Advanced,25,75,Moderate_Gap,2,80,2,Moderate_Planning_Gap,12.5,100.0
5,6.98,120,90,30,75.0,18.0,10,1,2,2,1,0,7,False,61.0,Advanced,10,90,Near_Eligible,6,40,2,Moderate_Planning_Gap,5.0,100.0
5,7.8,120,98,22,81.67,19.6,2,0,0,0,0,0,6,False,89.0,Near_Completion,2,98,Near_Eligible,0,100,1,Approaching_OJT,2.0,100.0
4,6.37,120,71,49,59.17,17.75,29,4,4,0,0,0,5,False,55.5,Developing,29,71,Moderate_Gap,8,20,1,Approaching_OJT,29.0,100.0
5,7.32,120,88,32,73.33,17.6,12,1,2,1,0,0,7,False,71.0,Advanced,12,88,Near_Eligible,4,60,2,Moderate_Planning_Gap,6.0,100.0
1,6.28,120,19,101,15.83,19.0,81,2,1,0,1,0,6,False,36.5,Early,81,19,Far_From_Eligible,4,60,5,Long_Term_Planning,16.2,100.0
3,8.03,120,55,65,45.83,18.33,45,1,0,1,0,0,5,False,58.5,Developing,45,55,Moderate_Gap,2,80,2,Moderate_Planning_Gap,22.5,100.0
6,7.63,120,105,15,87.5,17.5,0,1,1,1,0,0,7,False,81.5,Near_Completion,0,100,Eligible,3,70,1,Approaching_OJT,0.0,100.0
4,5.74,120,56,64,46.67,14.0,44,3,4,3,1,0,6,False,28.0,Developing,44,56,Moderate_Gap,11,0,2,Moderate_Planning_Gap,22.0,100.0
6,6.35,120,102,18,85.0,17.0,0,1,2,1,1,0,6,False,73.0,Near_Completion,0,100,Eligible,5,50,0,OJT_Ready_Stage,0.0,100.0
3,3.72,120,31,89,25.83,10.33,69,5,7,2,3,1,5,False,0.0,Early,69,31,Far_From_Eligible,18,0,2,Moderate_Planning_Gap,34.5,100.0
4,7.13,120,68,52,56.67,17.0,32,1,1,1,0,0,5,False,63.0,Developing,32,68,Moderate_Gap,3,70,1,Approaching_OJT,32.0,100.0
2,5.84,120,26,94,21.67,13.0,74,3,5,2,1,0,5,False,17.0,Early,74,26,Far_From_Eligible,11,0,3,Long_Term_Planning,24.67,100.0
7,6.91,120,111,9,92.5,15.86,0,3,3,2,0,0,8,False,68.5,Near_Completion,0,100,Eligible,8,20,1,Approaching_OJT,0.0,99.98
4,5.0,120,65,55,54.17,16.25,35,5,4,1,1,1,6,False,30.5,Developing,35,65,Moderate_Gap,12,0,2,Moderate_Planning_Gap,17.5,100.0
4,6.11,120,67,53,55.83,16.75,33,1,3,0,1,0,6,False,59.5,Developing,33,67,Moderate_Gap,5,50,2,Moderate_Planning_Gap,16.5,100.0
4,5.74,120,66,54,55.0,16.5,34,4,3,3,2,0,6,False,27.0,Developing,34,66,Moderate_Gap,12,0,2,Moderate_Planning_Gap,17.0,100.0
5,7.06,120,85,35,70.83,17.0,15,3,5,1,0,0,6,False,57.5,Advanced,15,85,Near_Eligible,9,10,1,Approaching_OJT,15.0,100.0
7,6.08,120,105,15,87.5,15.0,0,2,1,1,1,0,8,False,73.5,Near_Completion,0,100,Eligible,5,50,1,Approaching_OJT,0.0,100.0
2,8.14,120,34,86,28.33,17.0,66,0,2,1,0,0,6,False,47.0,Early,66,34,Far_From_Eligible,3,70,4,Long_Term_Planning,16.5,100.0
2,6.27,120,41,79,34.17,20.5,59,3,4,1,1,0,5,False,32.5,Developing,59,41,Far_From_Eligible,9,10,3,Long_Term_Planning,19.67,100.0
5,8.28,120,92,28,76.67,18.4,8,0,1,1,0,0,7,False,78.0,Advanced,8,92,Near_Eligible,2,80,2,Moderate_Planning_Gap,4.0,100.0
7,4.29,120,83,37,69.17,11.86,17,6,7,4,3,2,8,False,0.0,Advanced,17,83,Near_Eligible,22,0,1,Approaching_OJT,17.0,99.98
4,5.81,120,64,56,53.33,16.0,36,2,2,0,1,0,6,False,57.0,Developing,36,64,Moderate_Gap,5,50,2,Moderate_Planning_Gap,18.0,100.0
5,6.85,120,80,40,66.67,16.0,20,3,2,0,1,0,7,False,62.0,Advanced,20,80,Near_Eligible,6,40,2,Moderate_Planning_Gap,10.0,100.0
4,6.09,120,72,48,60.0,18.0,28,3,1,1,0,0,5,False,59.0,Advanced,28,72,Moderate_Gap,5,50,1,Approaching_OJT,28.0,100.0
5,5.61,120,71,49,59.17,14.2,29,4,4,3,2,1,7,False,19.5,Developing,29,71,Moderate_Gap,14,0,2,Moderate_Planning_Gap,14.5,100.0
5,6.87,120,90,30,75.0,18.0,10,1,1,2,1,0,7,False,63.0,Advanced,10,90,Near_Eligible,5,50,2,Moderate_Planning_Gap,5.0,100.0
4,8.67,120,74,46,61.67,18.5,26,0,0,0,0,0,6,False,77.0,Advanced,26,74,Moderate_Gap,0,100,2,Moderate_Planning_Gap,13.0,100.0
3,8.2,120,57,63,47.5,19.0,43,0,0,1,0,0,6,False,62.5,Developing,43,57,Moderate_Gap,1,90,3,Long_Term_Planning,14.33,100.0
5,6.5,120,88,32,73.33,17.6,12,4,5,2,1,0,6,False,45.0,Advanced,12,88,Near_Eligible,12,0,1,Approaching_OJT,12.0,100.0
5,9.82,120,91,29,75.83,18.2,9,0,0,0,0,0,6,False,85.5,Advanced,9,91,Near_Eligible,0,100,1,Approaching_OJT,9.0,100.0
7,7.14,120,112,8,93.33,16.0,0,0,2,1,0,0,8,False,86.0,Near_Completion,0,100,Eligible,3,70,1,Approaching_OJT,0.0,100.0
7,6.58,120,111,9,92.5,15.86,0,1,4,0,0,0,8,True,84.5,Near_Completion,0,100,Eligible,5,50,1,Approaching_OJT,0.0,99.98
1,5.21,120,17,103,14.17,17.0,83,5,4,3,2,1,6,False,0.0,Early,83,17,Far_From_Eligible,15,0,5,Long_Term_Planning,16.6,100.0
1,6.25,120,18,102,15.0,18.0,82,2,2,0,1,0,5,False,34.0,Early,82,18,Far_From_Eligible,5,50,4,Long_Term_Planning,20.5,100.0
3,7.36,120,59,61,49.17,19.67,41,0,0,1,0,0,5,False,63.5,Developing,41,59,Moderate_Gap,1,90,2,Moderate_Planning_Gap,20.5,99.98
4,6.4,120,64,56,53.33,16.0,36,1,1,0,0,0,5,False,67.0,Developing,36,64,Moderate_Gap,2,80,1,Approaching_OJT,36.0,100.0
2,5.22,120,29,91,24.17,14.5,71,3,4,1,1,1,6,False,18.5,Early,71,29,Far_From_Eligible,10,0,4,Long_Term_Planning,17.75,100.0
5,7.78,120,93,27,77.5,18.6,7,0,2,0,0,0,6,False,82.5,Advanced,7,93,Near_Eligible,2,80,1,Approaching_OJT,7.0,100.0
3,6.13,120,55,65,45.83,18.33,45,1,2,1,1,0,5,False,49.5,Developing,45,55,Moderate_Gap,5,50,2,Moderate_Planning_Gap,22.5,100.0
4,6.82,120,60,60,50.0,15.0,40,4,4,1,0,0,6,False,44.0,Developing,40,60,Moderate_Gap,9,10,2,Moderate_Planning_Gap,20.0,100.0
2,4.13,120,22,98,18.33,11.0,78,6,7,4,2,2,5,False,0.0,Early,78,22,Far_From_Eligible,21,0,3,Long_Term_Planning,26.0,100.0
5,6.7,120,80,40,66.67,16.0,20,1,3,2,1,0,7,False,54.0,Advanced,20,80,Near_Eligible,7,30,2,Moderate_Planning_Gap,10.0,100.0
3,8.4,120,61,59,50.83,20.33,39,1,2,1,0,0,5,False,57.5,Developing,39,61,Moderate_Gap,4,60,2,Moderate_Planning_Gap,19.5,100.0
2,6.86,120,37,83,30.83,18.5,63,1,2,2,0,0,6,False,39.5,Developing,63,37,Far_From_Eligible,5,50,4,Long_Term_Planning,15.75,100.0
3,6.2,120,54,66,45.0,18.0,46,2,3,1,0,0,5,False,49.0,Developing,46,54,Moderate_Gap,6,40,2,Moderate_Planning_Gap,23.0,100.0
1,9.9,120,23,97,19.17,23.0,77,0,0,0,0,0,5,False,51.5,Early,77,23,Far_From_Eligible,0,100,4,Long_Term_Planning,19.25,100.0
5,8.39,120,98,22,81.67,19.6,2,1,1,0,0,0,6,False,84.0,Near_Completion,2,98,Near_Eligible,2,80,1,Approaching_OJT,2.0,100.0
7,6.86,120,113,7,94.17,16.14,0,2,4,1,1,0,8,False,71.5,Near_Completion,0,100,Eligible,8,20,1,Approaching_OJT,0.0,100.0
5,6.74,120,91,29,75.83,18.2,9,3,3,2,0,0,7,False,58.5,Advanced,9,91,Near_Eligible,8,20,2,Moderate_Planning_Gap,4.5,100.0
6,7.9,120,102,18,85.0,17.0,0,1,0,1,0,0,7,False,82.0,Near_Completion,0,100,Eligible,2,80,1,Approaching_OJT,0.0,100.0
2,9.88,120,41,79,34.17,20.5,59,0,0,0,0,0,5,False,60.5,Developing,59,41,Far_From_Eligible,0,100,3,Long_Term_Planning,19.67,100.0
3,6.65,120,45,75,37.5,15.0,55,1,3,1,1,0,5,False,42.5,Developing,55,45,Far_From_Eligible,6,40,2,Moderate_Planning_Gap,27.5,100.0
4,5.96,120,51,69,42.5,12.75,49,3,4,3,2,1,5,False,12.5,Developing,49,51,Moderate_Gap,13,0,1,Approaching_OJT,49.0,100.0
5,6.26,120,92,28,76.67,18.4,8,3,3,1,0,0,6,False,65.0,Advanced,8,92,Near_Eligible,7,30,1,Approaching_OJT,8.0,100.0
5,6.95,120,78,42,65.0,15.6,22,2,4,0,1,0,7,False,60.0,Advanced,22,78,Moderate_Gap,7,30,2,Moderate_Planning_Gap,11.0,100.0
1,7.59,120,21,99,17.5,21.0,79,0,1,0,0,0,6,False,48.5,Early,79,21,Far_From_Eligible,1,90,5,Long_Term_Planning,15.8,100.0
6,8.28,120,109,11,90.83,18.17,0,1,2,1,0,0,6,False,81.5,Near_Completion,0,100,Eligible,4,60,0,OJT_Ready_Stage,0.0,99.98
5,8.46,120,100,20,83.33,20.0,0,1,0,1,0,0,7,False,81.0,Near_Completion,0,100,Eligible,2,80,2,Moderate_Planning_Gap,0.0,100.0
3,5.1,120,47,73,39.17,15.67,53,5,5,1,2,1,6,False,14.5,Developing,53,47,Far_From_Eligible,14,0,3,Long_Term_Planning,17.67,99.98
3,6.4,120,49,71,40.83,16.33,51,2,1,2,0,0,5,False,44.5,Developing,51,49,Far_From_Eligible,5,50,2,Moderate_Planning_Gap,25.5,100.0
2,4.1,120,22,98,18.33,11.0,78,8,5,2,3,1,5,False,0.0,Early,78,22,Far_From_Eligible,19,0,3,Long_Term_Planning,26.0,100.0
5,6.64,120,82,38,68.33,16.4,18,3,5,0,1,0,6,False,57.0,Advanced,18,82,Near_Eligible,9,10,1,Approaching_OJT,18.0,100.0
5,7.05,120,89,31,74.17,17.8,11,0,1,0,0,0,6,False,82.5,Advanced,11,89,Near_Eligible,1,90,1,Approaching_OJT,11.0,100.0
5,6.79,120,80,40,66.67,16.0,20,2,3,0,0,0,7,False,68.0,Advanced,20,80,Near_Eligible,5,50,2,Moderate_Planning_Gap,10.0,100.0
5,9.76,120,94,26,78.33,18.8,6,0,0,0,0,0,7,False,87.0,Advanced,6,94,Near_Eligible,0,100,2,Moderate_Planning_Gap,3.0,100.0
2,3.91,120,27,93,22.5,13.5,73,7,5,4,3,1,6,False,0.0,Early,73,27,Far_From_Eligible,20,0,4,Long_Term_Planning,18.25,100.0
3,6.06,120,50,70,41.67,16.67,50,2,2,1,0,0,5,False,49.0,Developing,50,50,Moderate_Gap,5,50,2,Moderate_Planning_Gap,25.0,99.98
6,5.21,120,84,36,70.0,14.0,16,3,5,2,2,1,6,False,33.0,Advanced,16,84,Near_Eligible,13,0,0,OJT_Ready_Stage,16.0,100.0
6,8.18,120,110,10,91.67,18.33,0,0,1,1,0,0,6,False,87.0,Near_Completion,0,100,Eligible,2,80,0,OJT_Ready_Stage,0.0,100.0
4,5.15,120,58,62,48.33,14.5,42,3,4,2,2,1,5,False,22.0,Developing,42,58,Moderate_Gap,12,0,1,Approaching_OJT,42.0,100.0
4,5.54,120,58,62,48.33,14.5,42,5,6,1,2,1,6,False,18.0,Developing,42,58,Moderate_Gap,15,0,2,Moderate_Planning_Gap,21.0,100.0
3,6.29,120,48,72,40.0,16.0,52,2,4,0,0,0,6,False,50.0,Developing,52,48,Far_From_Eligible,6,40,3,Long_Term_Planning,17.33,100.0
4,5.17,120,50,70,41.67,12.5,50,3,4,1,2,0,6,False,32.0,Developing,50,50,Moderate_Gap,10,0,2,Moderate_Planning_Gap,25.0,100.0
3,6.64,120,51,69,42.5,17.0,49,2,4,2,1,0,5,False,34.5,Developing,49,51,Moderate_Gap,9,10,2,Moderate_Planning_Gap,24.5,100.0
5,6.29,120,91,29,75.83,18.2,9,4,3,0,1,0,7,False,62.5,Advanced,9,91,Near_Eligible,8,20,2,Moderate_Planning_Gap,4.5,100.0
6,5.62,120,96,24,80.0,16.0,4,5,5,2,2,0,6,False,41.0,Near_Completion,4,96,Near_Eligible,14,0,0,OJT_Ready_Stage,4.0,100.0
1,6.52,120,18,102,15.0,18.0,82,3,1,1,0,0,5,False,32.0,Early,82,18,Far_From_Eligible,5,50,4,Long_Term_Planning,20.5,100.0
4,9.85,120,82,38,68.33,20.5,18,0,0,0,0,0,6,False,81.0,Advanced,18,82,Near_Eligible,0,100,2,Moderate_Planning_Gap,9.0,100.0
4,5.18,120,52,68,43.33,13.0,48,5,6,3,2,0,6,False,11.0,Developing,48,52,Moderate_Gap,16,0,2,Moderate_Planning_Gap,24.0,100.0
3,4.6,120,40,80,33.33,13.33,60,5,7,2,3,2,6,False,0.0,Developing,60,40,Far_From_Eligible,19,0,3,Long_Term_Planning,20.0,100.0
6,9.15,120,114,6,95.0,19.0,0,0,0,0,0,0,6,True,97.0,Near_Completion,0,100,Eligible,0,100,0,OJT_Ready_Stage,0.0,100.0
5,9.03,120,105,15,87.5,21.0,0,0,0,0,0,0,6,True,92.5,Near_Completion,0,100,Eligible,0,100,1,Approaching_OJT,0.0,100.0
5,8.8,120,92,28,76.67,18.4,8,0,0,0,0,0,6,False,86.0,Advanced,8,92,Near_Eligible,0,100,1,Approaching_OJT,8.0,100.0
2,6.37,120,33,87,27.5,16.5,67,1,2,2,0,0,6,False,37.5,Early,67,33,Far_From_Eligible,5,50,4,Long_Term_Planning,16.75,100.0
4,7.3,120,80,40,66.67,20.0,20,1,2,1,0,0,6,False,67.0,Advanced,20,80,Near_Eligible,4,60,2,Moderate_Planning_Gap,10.0,100.0
3,6.27,120,57,63,47.5,19.0,43,1,3,1,1,0,5,False,48.5,Developing,43,57,Moderate_Gap,6,40,2,Moderate_Planning_Gap,21.5,100.0
4,6.64,120,65,55,54.17,16.25,35,2,3,2,1,0,5,False,43.5,Developing,35,65,Moderate_Gap,8,20,1,Approaching_OJT,35.0,100.0
4,7.87,120,71,49,59.17,17.75,29,0,0,1,0,0,5,False,69.5,Developing,29,71,Moderate_Gap,1,90,1,Approaching_OJT,29.0,100.0
4,5.96,120,60,60,50.0,15.0,40,5,3,3,2,0,5,False,21.0,Developing,40,60,Moderate_Gap,13,0,1,Approaching_OJT,40.0,100.0
7,7.67,120,116,4,96.67,16.57,0,0,2,1,0,0,8,False,88.0,Near_Completion,0,100,Eligible,3,70,1,Approaching_OJT,0.0,100.0
3,5.95,120,39,81,32.5,13.0,61,4,3,1,1,0,6,False,30.5,Developing,61,39,Far_From_Eligible,9,10,3,Long_Term_Planning,20.33,100.0
3,7.61,120,59,61,49.17,19.67,41,0,2,1,0,0,6,False,59.5,Developing,41,59,Moderate_Gap,3,70,3,Long_Term_Planning,13.67,99.98
7,6.34,120,105,15,87.5,15.0,0,2,1,2,1,0,8,False,67.5,Near_Completion,0,100,Eligible,6,40,1,Approaching_OJT,0.0,100.0
3,8.01,120,63,57,52.5,21.0,37,0,2,1,0,0,5,False,61.5,Developing,37,63,Moderate_Gap,3,70,2,Moderate_Planning_Gap,18.5,100.0
3,9.64,120,58,62,48.33,19.33,42,0,0,0,0,0,6,False,69.0,Developing,42,58,Moderate_Gap,0,100,3,Long_Term_Planning,14.0,100.0
2,7.68,120,36,84,30.0,18.0,64,0,2,0,0,0,5,False,54.0,Developing,64,36,Far_From_Eligible,2,80,3,Long_Term_Planning,21.33,100.0
5,6.55,120,80,40,66.67,16.0,20,1,3,1,0,0,7,False,65.0,Advanced,20,80,Near_Eligible,5,50,2,Moderate_Planning_Gap,10.0,100.0
3,7.78,120,55,65,45.83,18.33,45,0,0,1,0,0,5,False,61.5,Developing,45,55,Moderate_Gap,1,90,2,Moderate_Planning_Gap,22.5,100.0
2,7.68,120,40,80,33.33,20.0,60,1,1,0,0,0,6,False,55.0,Developing,60,40,Far_From_Eligible,2,80,4,Long_Term_Planning,15.0,100.0
5,6.5,120,84,36,70.0,16.8,16,2,3,1,1,0,6,False,59.0,Advanced,16,84,Near_Eligible,7,30,1,Approaching_OJT,16.0,100.0
8,6.58,120,113,7,94.17,14.12,0,2,4,2,1,0,8,False,65.5,Near_Completion,0,100,Eligible,9,10,0,OJT_Ready_Stage,0.0,100.0
7,6.09,120,100,20,83.33,14.29,0,1,3,2,0,0,8,False,69.0,Near_Completion,0,100,Eligible,6,40,1,Approaching_OJT,0.0,99.97
2,7.55,120,37,83,30.83,18.5,63,0,0,0,0,0,6,False,58.5,Developing,63,37,Far_From_Eligible,0,100,4,Long_Term_Planning,15.75,100.0
5,8.16,120,97,23,80.83,19.4,3,0,0,0,0,0,6,False,88.5,Near_Completion,3,97,Near_Eligible,0,100,1,Approaching_OJT,3.0,100.0
5,4.45,120,69,51,57.5,13.8,31,8,8,2,2,1,7,False,4.5,Developing,31,69,Moderate_Gap,21,0,2,Moderate_Planning_Gap,15.5,100.0
3,6.2,120,45,75,37.5,15.0,55,2,1,1,1,0,6,False,43.5,Developing,55,45,Far_From_Eligible,5,50,3,Long_Term_Planning,18.33,100.0
7,9.56,120,116,4,96.67,16.57,0,0,0,0,0,0,8,True,98.0,Near_Completion,0,100,Eligible,0,100,1,Approaching_OJT,0.0,100.0
1,8.48,120,19,101,15.83,19.0,81,1,0,0,0,0,6,False,46.5,Early,81,19,Far_From_Eligible,1,90,5,Long_Term_Planning,16.2,100.0
4,9.17,120,75,45,62.5,18.75,25,0,0,0,0,0,6,False,77.5,Advanced,25,75,Moderate_Gap,0,100,2,Moderate_Planning_Gap,12.5,100.0
4,8.3,120,72,48,60.0,18.0,28,1,0,0,0,0,5,False,73.0,Advanced,28,72,Moderate_Gap,1,90,1,Approaching_OJT,28.0,100.0
1,5.6,120,18,102,15.0,18.0,82,3,5,3,2,1,6,False,0.0,Early,82,18,Far_From_Eligible,14,0,5,Long_Term_Planning,16.4,100.0
4,6.55,120,66,54,55.0,16.5,34,1,4,1,0,0,5,False,56.0,Developing,34,66,Moderate_Gap,6,40,1,Approaching_OJT,34.0,100.0
6,6.14,120,96,24,80.0,16.0,4,1,2,0,1,0,6,False,76.0,Near_Completion,4,96,Near_Eligible,4,60,0,OJT_Ready_Stage,4.0,100.0
3,5.41,120,48,72,40.0,16.0,52,4,4,3,2,0,5,False,16.0,Developing,52,48,Far_From_Eligible,13,0,2,Moderate_Planning_Gap,26.0,100.0
6,5.71,120,91,29,75.83,15.17,9,4,4,2,1,1,6,False,40.5,Advanced,9,91,Near_Eligible,12,0,0,OJT_Ready_Stage,9.0,99.98
2,5.91,120,34,86,28.33,17.0,66,5,4,3,2,1,5,False,0.0,Early,66,34,Far_From_Eligible,15,0,3,Long_Term_Planning,22.0,100.0
4,6.32,120,64,56,53.33,16.0,36,1,3,1,1,0,6,False,52.0,Developing,36,64,Moderate_Gap,6,40,2,Moderate_Planning_Gap,18.0,100.0
6,7.91,120,105,15,87.5,17.5,0,0,0,1,0,0,6,False,86.5,Near_Completion,0,100,Eligible,1,90,0,OJT_Ready_Stage,0.0,100.0
7,6.14,120,102,18,85.0,14.57,0,2,2,1,1,0,8,False,70.0,Near_Completion,0,100,Eligible,6,40,1,Approaching_OJT,0.0,100.0
4,7.65,120,82,38,68.33,20.5,18,1,2,1,0,0,6,False,68.0,Advanced,18,82,Near_Eligible,4,60,2,Moderate_Planning_Gap,9.0,100.0
4,5.79,120,50,70,41.67,12.5,50,4,3,3,1,0,5,False,24.0,Developing,50,50,Moderate_Gap,11,0,1,Approaching_OJT,50.0,100.0
2,7.3,120,41,79,34.17,20.5,59,0,2,1,0,0,5,False,50.5,Developing,59,41,Far_From_Eligible,3,70,3,Long_Term_Planning,19.67,100.0
6,5.08,120,93,27,77.5,15.5,7,3,3,1,1,1,6,False,52.5,Advanced,7,93,Near_Eligible,9,10,0,OJT_Ready_Stage,7.0,100.0
1,6.4,120,19,101,15.83,19.0,81,1,4,0,1,0,5,False,33.5,Early,81,19,Far_From_Eligible,6,40,4,Long_Term_Planning,20.25,100.0
5,9.77,120,104,16,86.67,20.8,0,0,0,0,0,0,6,True,92.0,Near_Completion,0,100,Eligible,0,100,1,Approaching_OJT,0.0,100.0
6,5.81,120,93,27,77.5,15.5,7,2,3,1,1,0,7,False,63.5,Advanced,7,93,Near_Eligible,7,30,1,Approaching_OJT,7.0,100.0
3,6.02,120,56,64,46.67,18.67,44,3,4,2,0,0,5,False,39.0,Developing,44,56,Moderate_Gap,9,10,2,Moderate_Planning_Gap,22.0,99.98
5,5.41,120,79,41,65.83,15.8,21,4,6,1,2,1,7,False,31.5,Advanced,21,79,Moderate_Gap,14,0,2,Moderate_Planning_Gap,10.5,100.0
2,7.08,120,42,78,35.0,21.0,58,1,2,1,0,0,5,False,48.0,Developing,58,42,Far_From_Eligible,4,60,3,Long_Term_Planning,19.33,100.0
3,6.35,120,49,71,40.83,16.33,51,3,2,0,0,0,5,False,51.5,Developing,51,49,Far_From_Eligible,5,50,2,Moderate_Planning_Gap,25.5,100.0
1,9.4,120,24,96,20.0,24.0,76,0,0,0,0,0,5,False,52.0,Early,76,24,Far_From_Eligible,0,100,4,Long_Term_Planning,19.0,100.0
5,6.22,120,80,40,66.67,16.0,20,1,3,1,1,0,6,False,60.0,Advanced,20,80,Near_Eligible,6,40,1,Approaching_OJT,20.0,100.0
4,6.63,120,67,53,55.83,16.75,33,3,3,2,0,0,5,False,46.5,Developing,33,67,Moderate_Gap,8,20,1,Approaching_OJT,33.0,100.0
4,7.56,120,81,39,67.5,20.25,19,1,2,1,0,0,6,False,67.5,Advanced,19,81,Near_Eligible,4,60,2,Moderate_Planning_Gap,9.5,100.0
4,6.71,120,72,48,60.0,18.0,28,3,4,0,0,0,5,False,59.0,Advanced,28,72,Moderate_Gap,7,30,1,Approaching_OJT,28.0,100.0
3,9.91,120,61,59,50.83,20.33,39,0,0,0,0,0,6,False,70.5,Developing,39,61,Moderate_Gap,0,100,3,Long_Term_Planning,13.0,100.0
5,5.47,120,79,41,65.83,15.8,21,4,4,1,2,1,7,False,35.5,Advanced,21,79,Moderate_Gap,12,0,2,Moderate_Planning_Gap,10.5,100.0
4,5.78,120,51,69,42.5,12.75,49,5,4,1,1,0,6,False,31.5,Developing,49,51,Moderate_Gap,11,0,2,Moderate_Planning_Gap,24.5,100.0
8,5.7,120,103,17,85.83,12.88,0,4,6,3,1,0,8,False,44.5,Near_Completion,0,100,Eligible,14,0,0,OJT_Ready_Stage,0.0,99.96
7,8.81,120,117,3,97.5,16.71,0,0,0,0,0,0,8,True,98.5,Near_Completion,0,100,Eligible,0,100,1,Approaching_OJT,0.0,100.0
4,5.62,120,55,65,45.83,13.75,45,4,3,1,2,1,5,False,25.5,Developing,45,55,Moderate_Gap,11,0,1,Approaching_OJT,45.0,100.0
5,6.95,120,91,29,75.83,18.2,9,3,5,0,1,0,6,False,61.5,Advanced,9,91,Near_Eligible,9,10,1,Approaching_OJT,9.0,100.0
4,6.18,120,61,59,50.83,15.25,39,1,3,0,0,0,5,False,61.5,Developing,39,61,Moderate_Gap,4,60,1,Approaching_OJT,39.0,100.0
5,5.36,120,83,37,69.17,16.6,17,5,5,1,2,1,6,False,32.5,Advanced,17,83,Near_Eligible,14,0,1,Approaching_OJT,17.0,100.0
1,6.75,120,17,103,14.17,17.0,83,1,3,1,1,0,5,False,28.5,Early,83,17,Far_From_Eligible,6,40,4,Long_Term_Planning,20.75,100.0
3,6.16,120,44,76,36.67,14.67,56,2,2,1,0,0,5,False,46.0,Developing,56,44,Far_From_Eligible,5,50,2,Moderate_Planning_Gap,28.0,99.98
3,7.44,120,57,63,47.5,19.0,43,1,0,1,0,0,5,False,59.5,Developing,43,57,Moderate_Gap,2,80,2,Moderate_Planning_Gap,21.5,100.0
5,7.54,120,97,23,80.83,19.4,3,1,0,1,0,0,6,False,79.5,Near_Completion,3,97,Near_Eligible,2,80,1,Approaching_OJT,3.0,100.0
2,7.69,120,39,81,32.5,19.5,61,1,1,0,0,0,6,False,54.5,Developing,61,39,Far_From_Eligible,2,80,4,Long_Term_Planning,15.25,100.0
3,7.66,120,56,64,46.67,18.67,44,0,0,1,0,0,5,False,62.0,Developing,44,56,Moderate_Gap,1,90,2,Moderate_Planning_Gap,22.0,99.98
3,6.82,120,57,63,47.5,19.0,43,2,2,1,0,0,5,False,52.5,Developing,43,57,Moderate_Gap,5,50,2,Moderate_Planning_Gap,21.5,100.0
5,8.28,120,88,32,73.33,17.6,12,0,2,1,0,0,7,False,74.0,Advanced,12,88,Near_Eligible,3,70,2,Moderate_Planning_Gap,6.0,100.0
2,5.02,120,35,85,29.17,17.5,65,3,6,2,1,1,6,False,11.5,Early,65,35,Far_From_Eligible,13,0,4,Long_Term_Planning,16.25,100.0
5,6.43,120,83,37,69.17,16.6,17,3,3,2,0,0,6,False,54.5,Advanced,17,83,Near_Eligible,8,20,1,Approaching_OJT,17.0,100.0
2,9.83,120,43,77,35.83,21.5,57,0,0,0,0,0,6,False,61.5,Developing,57,43,Far_From_Eligible,0,100,4,Long_Term_Planning,14.25,100.0
5,8.36,120,93,27,77.5,18.6,7,0,1,0,0,0,6,False,84.5,Advanced,7,93,Near_Eligible,1,90,1,Approaching_OJT,7.0,100.0
1,6.61,120,16,104,13.33,16.0,84,3,4,2,0,0,5,False,19.0,Early,84,16,Far_From_Eligible,9,10,4,Long_Term_Planning,21.0,100.0
6,7.48,120,107,13,89.17,17.83,0,0,0,1,0,0,7,False,87.5,Near_Completion,0,100,Eligible,1,90,1,Approaching_OJT,0.0,100.0
3,6.62,120,44,76,36.67,14.67,56,2,4,1,0,0,6,False,42.0,Developing,56,44,Far_From_Eligible,7,30,3,Long_Term_Planning,18.67,99.98
5,5.45,120,83,37,69.17,16.6,17,3,5,1,2,0,7,False,46.5,Advanced,17,83,Near_Eligible,11,0,2,Moderate_Planning_Gap,8.5,100.0
3,6.79,120,43,77,35.83,14.33,57,4,4,0,0,0,6,False,41.5,Developing,57,43,Far_From_Eligible,8,20,3,Long_Term_Planning,19.0,100.0
5,5.23,120,80,40,66.67,16.0,20,5,5,3,2,1,6,False,19.0,Advanced,20,80,Near_Eligible,16,0,1,Approaching_OJT,20.0,100.0
5,9.69,120,93,27,77.5,18.6,7,0,0,0,0,0,7,False,86.5,Advanced,7,93,Near_Eligible,0,100,2,Moderate_Planning_Gap,3.5,100.0
6,8.01,120,110,10,91.67,18.33,0,1,1,1,0,0,7,False,84.0,Near_Completion,0,100,Eligible,3,70,1,Approaching_OJT,0.0,100.0
4,5.68,120,50,70,41.67,12.5,50,3,6,3,1,1,6,False,13.0,Developing,50,50,Moderate_Gap,14,0,2,Moderate_Planning_Gap,25.0,100.0
4,8.36,120,79,41,65.83,19.75,21,0,2,0,0,0,6,False,75.5,Advanced,21,79,Moderate_Gap,2,80,2,Moderate_Planning_Gap,10.5,100.0
2,7.03,120,36,84,30.0,18.0,64,1,2,1,0,0,6,False,45.0,Developing,64,36,Far_From_Eligible,4,60,4,Long_Term_Planning,16.0,100.0
2,6.55,120,36,84,30.0,18.0,64,3,2,0,1,0,6,False,40.0,Developing,64,36,Far_From_Eligible,6,40,4,Long_Term_Planning,16.0,100.0
5,5.17,120,71,49,59.17,14.2,29,4,4,2,1,0,7,False,38.5,Developing,29,71,Moderate_Gap,11,0,2,Moderate_Planning_Gap,14.5,100.0
5,8.4,120,90,30,75.0,18.0,10,0,1,0,0,0,7,False,83.0,Advanced,10,90,Near_Eligible,1,90,2,Moderate_Planning_Gap,5.0,100.0
3,6.47,120,48,72,40.0,16.0,52,3,5,0,0,0,5,False,45.0,Developing,52,48,Far_From_Eligible,8,20,2,Moderate_Planning_Gap,26.0,100.0
6,4.25,120,80,40,66.67,13.33,20,8,7,2,2,2,7,False,4.0,Advanced,20,80,Near_Eligible,21,0,1,Approaching_OJT,20.0,100.0
6,6.98,120,106,14,88.33,17.67,0,2,2,1,0,0,7,False,77.0,Near_Completion,0,100,Eligible,5,50,1,Approaching_OJT,0.0,99.98
8,6.67,120,110,10,91.67,13.75,0,1,2,0,1,0,8,True,83.0,Near_Completion,0,100,Eligible,4,60,0,OJT_Ready_Stage,0.0,100.0
4,5.08,120,50,70,41.67,12.5,50,4,4,3,1,0,6,False,22.0,Developing,50,50,Moderate_Gap,12,0,2,Moderate_Planning_Gap,25.0,100.0
4,9.5,120,84,36,70.0,21.0,16,0,0,0,0,0,6,False,82.0,Advanced,16,84,Near_Eligible,0,100,2,Moderate_Planning_Gap,8.0,100.0
6,9.24,120,105,15,87.5,17.5,0,0,0,0,0,0,7,True,92.5,Near_Completion,0,100,Eligible,0,100,1,Approaching_OJT,0.0,100.0
6,6.18,120,99,21,82.5,16.5,1,1,3,0,1,0,6,False,75.5,Near_Completion,1,99,Near_Eligible,5,50,0,OJT_Ready_Stage,1.0,100.0
4,7.19,120,79,41,65.83,19.75,21,1,1,1,0,0,6,False,68.5,Advanced,21,79,Moderate_Gap,3,70,2,Moderate_Planning_Gap,10.5,100.0
2,7.58,120,34,86,28.33,17.0,66,1,1,0,0,0,6,False,52.0,Early,66,34,Far_From_Eligible,2,80,4,Long_Term_Planning,16.5,100.0
5,7.15,120,93,27,77.5,18.6,7,1,0,0,0,0,6,False,83.5,Advanced,7,93,Near_Eligible,1,90,1,Approaching_OJT,7.0,100.0
4,6.18,120,68,52,56.67,17.0,32,3,2,2,0,0,5,False,49.0,Developing,32,68,Moderate_Gap,7,30,1,Approaching_OJT,32.0,100.0
1,6.77,120,17,103,14.17,17.0,83,2,1,1,0,0,6,False,34.5,Early,83,17,Far_From_Eligible,4,60,5,Long_Term_Planning,16.6,100.0
4,8.0,120,81,39,67.5,20.25,19,0,1,1,0,0,6,False,72.5,Advanced,19,81,Near_Eligible,2,80,2,Moderate_Planning_Gap,9.5,100.0
7,6.26,120,106,14,88.33,15.14,0,2,1,1,1,0,8,False,74.0,Near_Completion,0,100,Eligible,5,50,1,Approaching_OJT,0.0,100.0
5,5.29,120,70,50,58.33,14.0,30,5,4,2,1,0,7,False,35.0,Developing,30,70,Moderate_Gap,12,0,2,Moderate_Planning_Gap,15.0,100.0
4,5.74,120,51,69,42.5,12.75,49,4,6,1,1,1,6,False,22.5,Developing,49,51,Moderate_Gap,13,0,2,Moderate_Planning_Gap,24.5,100.0
4,6.36,120,63,57,52.5,15.75,37,1,2,2,0,0,6,False,52.5,Developing,37,63,Moderate_Gap,5,50,2,Moderate_Planning_Gap,18.5,100.0
5,5.94,120,84,36,70.0,16.8,16,5,5,1,2,1,7,False,33.0,Advanced,16,84,Near_Eligible,14,0,2,Moderate_Planning_Gap,8.0,100.0
4,7.18,120,80,40,66.67,20.0,20,0,1,1,0,0,6,False,72.0,Advanced,20,80,Near_Eligible,2,80,2,Moderate_Planning_Gap,10.0,100.0
4,6.16,120,61,59,50.83,15.25,39,1,3,2,1,0,5,False,44.5,Developing,39,61,Moderate_Gap,7,30,1,Approaching_OJT,39.0,100.0
5,5.81,120,87,33,72.5,17.4,13,2,3,1,1,0,7,False,60.5,Advanced,13,87,Near_Eligible,7,30,2,Moderate_Planning_Gap,6.5,100.0
4,6.26,120,60,60,50.0,15.0,40,3,4,0,0,0,6,False,53.0,Developing,40,60,Moderate_Gap,7,30,2,Moderate_Planning_Gap,20.0,100.0
2,5.08,120,27,93,22.5,13.5,73,3,6,3,2,1,6,False,0.0,Early,73,27,Far_From_Eligible,15,0,4,Long_Term_Planning,18.25,100.0
3,8.97,120,58,62,48.33,19.33,42,0,0,0,0,0,5,False,69.0,Developing,42,58,Moderate_Gap,0,100,2,Moderate_Planning_Gap,21.0,100.0
2,6.67,120,26,94,21.67,13.0,74,3,4,0,1,0,6,False,31.0,Early,74,26,Far_From_Eligible,8,20,4,Long_Term_Planning,18.5,100.0
5,6.2,120,79,41,65.83,15.8,21,4,3,1,1,0,7,False,50.5,Advanced,21,79,Moderate_Gap,9,10,2,Moderate_Planning_Gap,10.5,100.0
3,7.9,120,63,57,52.5,21.0,37,0,2,0,0,0,5,False,67.5,Developing,37,63,Moderate_Gap,2,80,2,Moderate_Planning_Gap,18.5,100.0
6,6.28,120,95,25,79.17,15.83,5,2,2,1,0,0,6,False,71.5,Advanced,5,95,Near_Eligible,5,50,0,OJT_Ready_Stage,5.0,100.0
4,6.98,120,65,55,54.17,16.25,35,2,4,0,0,0,6,False,58.5,Developing,35,65,Moderate_Gap,6,40,2,Moderate_Planning_Gap,17.5,100.0
4,5.36,120,57,63,47.5,14.25,43,4,4,1,2,1,5,False,24.5,Developing,43,57,Moderate_Gap,12,0,1,Approaching_OJT,43.0,100.0
3,6.59,120,55,65,45.83,18.33,45,3,4,2,0,0,6,False,38.5,Developing,45,55,Moderate_Gap,9,10,3,Long_Term_Planning,15.0,100.0
3,8.7,120,63,57,52.5,21.0,37,0,0,0,0,0,5,False,71.5,Developing,37,63,Moderate_Gap,0,100,2,Moderate_Planning_Gap,18.5,100.0
3,5.23,120,45,75,37.5,15.0,55,5,6,3,2,1,5,False,0.0,Developing,55,45,Far_From_Eligible,17,0,2,Moderate_Planning_Gap,27.5,100.0
4,5.9,120,59,61,49.17,14.75,41,5,4,3,2,0,5,False,18.5,Developing,41,59,Moderate_Gap,14,0,1,Approaching_OJT,41.0,100.0
6,9.19,120,106,14,88.33,17.67,0,0,0,0,0,0,6,True,93.0,Near_Completion,0,100,Eligible,0,100,0,OJT_Ready_Stage,0.0,99.98
4,6.27,120,71,49,59.17,17.75,29,1,3,0,1,0,5,False,61.5,Developing,29,71,Moderate_Gap,5,50,1,Approaching_OJT,29.0,100.0
4,5.35,120,56,64,46.67,14.0,44,5,5,1,1,0,6,False,32.0,Developing,44,56,Moderate_Gap,12,0,2,Moderate_Planning_Gap,22.0,100.0
6,7.88,120,102,18,85.0,17.0,0,0,2,0,0,0,6,True,87.0,Near_Completion,0,100,Eligible,2,80,0,OJT_Ready_Stage,0.0,100.0
3,7.27,120,54,66,45.0,18.0,46,0,0,0,0,0,5,False,67.0,Developing,46,54,Moderate_Gap,0,100,2,Moderate_Planning_Gap,23.0,100.0
7,9.95,120,120,0,100.0,17.14,0,0,0,0,0,0,8,True,100.0,Near_Completion,0,100,Eligible,0,100,1,Approaching_OJT,0.0,100.0
3,6.93,120,52,68,43.33,17.33,48,3,1,1,1,0,5,False,44.0,Developing,48,52,Moderate_Gap,6,40,2,Moderate_Planning_Gap,24.0,100.0
6,7.56,120,109,11,90.83,18.17,0,0,0,1,0,0,7,False,88.5,Near_Completion,0,100,Eligible,1,90,1,Approaching_OJT,0.0,99.98
8,6.45,120,108,12,90.0,13.5,0,2,3,1,0,0,8,False,76.0,Near_Completion,0,100,Eligible,6,40,0,OJT_Ready_Stage,0.0,100.0
6,9.72,120,112,8,93.33,18.67,0,0,0,0,0,0,6,True,96.0,Near_Completion,0,100,Eligible,0,100,0,OJT_Ready_Stage,0.0,99.98
3,7.02,120,63,57,52.5,21.0,37,1,1,1,0,0,6,False,60.5,Developing,37,63,Moderate_Gap,3,70,3,Long_Term_Planning,12.33,100.0
6,7.76,120,102,18,85.0,17.0,0,1,2,0,0,0,7,True,84.0,Near_Completion,0,100,Eligible,3,70,1,Approaching_OJT,0.0,100.0
8,8.09,120,118,2,98.33,14.75,0,1,2,1,0,0,8,False,86.0,Near_Completion,0,100,Eligible,4,60,0,OJT_Ready_Stage,0.0,100.0
3,7.49,120,60,60,50.0,20.0,40,0,2,1,0,0,5,False,60.0,Developing,40,60,Moderate_Gap,3,70,2,Moderate_Planning_Gap,20.0,100.0
6,6.21,120,94,26,78.33,15.67,6,2,1,2,0,0,6,False,67.0,Advanced,6,94,Near_Eligible,5,50,0,OJT_Ready_Stage,6.0,99.98
2,8.37,120,40,80,33.33,20.0,60,0,1,1,0,0,6,False,52.0,Developing,60,40,Far_From_Eligible,2,80,4,Long_Term_Planning,15.0,100.0
4,7.3,120,76,44,63.33,19.0,24,1,2,1,0,0,6,False,65.0,Advanced,24,76,Moderate_Gap,4,60,2,Moderate_Planning_Gap,12.0,100.0
6,7.45,120,111,9,92.5,18.5,0,1,0,1,0,0,7,False,86.5,Near_Completion,0,100,Eligible,2,80,1,Approaching_OJT,0.0,100.0
6,6.4,120,100,20,83.33,16.67,0,3,3,0,1,0,7,True,70.0,Near_Completion,0,100,Eligible,7,30,1,Approaching_OJT,0.0,99.98
5,7.59,120,88,32,73.33,17.6,12,0,1,0,0,0,7,False,82.0,Advanced,12,88,Near_Eligible,1,90,2,Moderate_Planning_Gap,6.0,100.0
4,6.18,120,62,58,51.67,15.5,38,1,2,1,0,0,5,False,58.0,Developing,38,62,Moderate_Gap,4,60,1,Approaching_OJT,38.0,100.0
4,6.04,120,74,46,61.67,18.5,26,2,4,0,1,0,5,False,58.0,Advanced,26,74,Moderate_Gap,7,30,1,Approaching_OJT,26.0,100.0
4,6.67,120,73,47,60.83,18.25,27,3,3,0,1,0,6,False,56.5,Advanced,27,73,Moderate_Gap,7,30,2,Moderate_Planning_Gap,13.5,100.0
6,6.8,120,92,28,76.67,15.33,8,2,2,1,0,0,7,False,70.0,Advanced,8,92,Near_Eligible,5,50,1,Approaching_OJT,8.0,100.0
7,6.26,120,111,9,92.5,15.86,0,2,2,0,1,0,8,True,80.5,Near_Completion,0,100,Eligible,5,50,1,Approaching_OJT,0.0,99.98
2,8.19,120,41,79,34.17,20.5,59,0,2,1,0,0,6,False,50.5,Developing,59,41,Far_From_Eligible,3,70,4,Long_Term_Planning,14.75,100.0
4,8.11,120,76,44,63.33,19.0,24,1,1,0,0,0,5,False,73.0,Advanced,24,76,Moderate_Gap,2,80,1,Approaching_OJT,24.0,100.0
5,8.97,120,92,28,76.67,18.4,8,0,0,0,0,0,7,False,86.0,Advanced,8,92,Near_Eligible,0,100,2,Moderate_Planning_Gap,4.0,100.0
6,6.73,120,108,12,90.0,18.0,0,2,5,2,0,0,7,False,66.0,Near_Completion,0,100,Eligible,9,10,1,Approaching_OJT,0.0,100.0
3,8.4,120,56,64,46.67,18.67,44,0,1,1,0,0,5,False,60.0,Developing,44,56,Moderate_Gap,2,80,2,Moderate_Planning_Gap,22.0,99.98
7,8.83,120,112,8,93.33,16.0,0,0,0,0,0,0,8,True,96.0,Near_Completion,0,100,Eligible,0,100,1,Approaching_OJT,0.0,100.0
4,9.77,120,81,39,67.5,20.25,19,0,0,0,0,0,5,False,80.5,Advanced,19,81,Near_Eligible,0,100,1,Approaching_OJT,19.0,100.0
4,6.09,120,71,49,59.17,17.75,29,1,2,1,0,0,6,False,62.5,Developing,29,71,Moderate_Gap,4,60,2,Moderate_Planning_Gap,14.5,100.0
7,7.11,120,113,7,94.17,16.14,0,1,1,0,0,0,8,True,91.5,Near_Completion,0,100,Eligible,2,80,1,Approaching_OJT,0.0,100.0
7,9.69,120,115,5,95.83,16.43,0,0,0,0,0,0,8,True,97.5,Near_Completion,0,100,Eligible,0,100,1,Approaching_OJT,0.0,99.99
1,6.9,120,16,104,13.33,16.0,84,1,1,2,0,0,6,False,31.0,Early,84,16,Far_From_Eligible,4,60,5,Long_Term_Planning,16.8,100.0
3,7.68,120,63,57,52.5,21.0,37,0,1,1,0,0,5,False,63.5,Developing,37,63,Moderate_Gap,2,80,2,Moderate_Planning_Gap,18.5,100.0
1,7.87,120,18,102,15.0,18.0,82,0,0,0,0,0,5,False,49.0,Early,82,18,Far_From_Eligible,0,100,4,Long_Term_Planning,20.5,100.0
3,6.35,120,57,63,47.5,19.0,43,2,2,1,1,0,6,False,47.5,Developing,43,57,Moderate_Gap,6,40,3,Long_Term_Planning,14.33,100.0
3,6.14,120,52,68,43.33,17.33,48,2,1,1,0,0,6,False,52.0,Developing,48,52,Moderate_Gap,4,60,3,Long_Term_Planning,16.0,100.0
3,8.46,120,54,66,45.0,18.0,46,1,1,0,0,0,6,False,62.0,Developing,46,54,Moderate_Gap,2,80,3,Long_Term_Planning,15.33,100.0
7,7.5,120,109,11,90.83,15.57,0,0,2,1,0,0,8,False,84.5,Near_Completion,0,100,Eligible,3,70,1,Approaching_OJT,0.0,100.0
1,7.98,120,22,98,18.33,22.0,78,0,1,0,0,0,5,False,49.0,Early,78,22,Far_From_Eligible,1,90,4,Long_Term_Planning,19.5,100.0
8,5.98,120,115,5,95.83,14.38,0,1,3,1,1,0,8,False,77.5,Near_Completion,0,100,Eligible,6,40,0,OJT_Ready_Stage,0.0,99.97
2,6.79,120,34,86,28.33,17.0,66,1,3,0,1,0,5,False,43.0,Early,66,34,Far_From_Eligible,5,50,3,Long_Term_Planning,22.0,100.0
6,6.51,120,102,18,85.0,17.0,0,2,1,1,1,0,7,False,72.0,Near_Completion,0,100,Eligible,5,50,1,Approaching_OJT,0.0,100.0
2,4.07,120,20,100,16.67,10.0,80,8,8,3,3,2,6,False,0.0,Early,80,20,Far_From_Eligible,24,0,4,Long_Term_Planning,20.0,100.0
5,5.17,120,84,36,70.0,16.8,16,4,5,2,1,1,6,False,35.0,Advanced,16,84,Near_Eligible,13,0,1,Approaching_OJT,16.0,100.0
2,7.26,120,46,74,38.33,23.0,54,0,2,1,0,0,5,False,53.0,Developing,54,46,Far_From_Eligible,3,70,3,Long_Term_Planning,18.0,100.0
5,6.68,120,93,27,77.5,18.6,7,3,3,0,1,0,6,False,66.5,Advanced,7,93,Near_Eligible,7,30,1,Approaching_OJT,7.0,100.0
1,6.34,120,19,101,15.83,19.0,81,3,3,2,1,0,5,False,17.5,Early,81,19,Far_From_Eligible,9,10,4,Long_Term_Planning,20.25,100.0
3,6.29,120,46,74,38.33,15.33,54,2,3,1,0,0,5,False,45.0,Developing,54,46,Far_From_Eligible,6,40,2,Moderate_Planning_Gap,27.0,100.0
2,5.9,120,28,92,23.33,14.0,72,4,6,3,1,1,6,False,0.0,Early,72,28,Far_From_Eligible,15,0,4,Long_Term_Planning,18.0,100.0
3,7.21,120,52,68,43.33,17.33,48,0,1,0,0,0,5,False,64.0,Developing,48,52,Moderate_Gap,1,90,2,Moderate_Planning_Gap,24.0,100.0
5,6.95,120,95,25,79.17,19.0,5,2,4,1,1,0,6,False,62.5,Advanced,5,95,Near_Eligible,8,20,1,Approaching_OJT,5.0,100.0
2,7.39,120,41,79,34.17,20.5,59,1,2,0,0,0,5,False,53.5,Developing,59,41,Far_From_Eligible,3,70,3,Long_Term_Planning,19.67,100.0
4,4.58,120,44,76,36.67,11.0,56,7,5,3,2,2,5,False,0.0,Developing,56,44,Far_From_Eligible,19,0,1,Approaching_OJT,56.0,100.0
5,7.4,120,94,26,78.33,18.8,6,1,1,1,0,0,6,False,76.0,Advanced,6,94,Near_Eligible,3,70,1,Approaching_OJT,6.0,100.0
4,7.8,120,76,44,63.33,19.0,24,0,1,0,0,0,5,False,76.0,Advanced,24,76,Moderate_Gap,1,90,1,Approaching_OJT,24.0,100.0
2,5.28,120,34,86,28.33,17.0,66,3,4,3,1,1,6,False,9.0,Early,66,34,Far_From_Eligible,12,0,4,Long_Term_Planning,16.5,100.0
2,5.05,120,36,84,30.0,18.0,64,3,3,1,2,1,5,False,19.0,Developing,64,36,Far_From_Eligible,10,0,3,Long_Term_Planning,21.33,100.0
3,5.99,120,41,79,34.17,13.67,59,4,6,2,1,1,5,False,11.5,Developing,59,41,Far_From_Eligible,14,0,2,Moderate_Planning_Gap,29.5,99.98
4,8.48,120,81,39,67.5,20.25,19,1,0,0,0,0,6,False,77.5,Advanced,19,81,Near_Eligible,1,90,2,Moderate_Planning_Gap,9.5,100.0
2,6.14,120,35,85,29.17,17.5,65,2,3,2,1,0,5,False,28.5,Early,65,35,Far_From_Eligible,8,20,3,Long_Term_Planning,21.67,100.0
1,7.2,120,17,103,14.17,17.0,83,3,3,1,0,0,5,False,27.5,Early,83,17,Far_From_Eligible,7,30,4,Long_Term_Planning,20.75,100.0
5,3.69,120,71,49,59.17,14.2,29,7,5,2,3,1,6,False,9.5,Developing,29,71,Moderate_Gap,18,0,1,Approaching_OJT,29.0,100.0
2,8.05,120,35,85,29.17,17.5,65,1,1,1,0,0,5,False,46.5,Early,65,35,Far_From_Eligible,3,70,3,Long_Term_Planning,21.67,100.0
1,6.06,120,18,102,15.0,18.0,82,3,3,2,1,0,6,False,17.0,Early,82,18,Far_From_Eligible,9,10,5,Long_Term_Planning,16.4,100.0
4,8.45,120,70,50,58.33,17.5,30,1,2,1,0,0,5,False,62.0,Developing,30,70,Moderate_Gap,4,60,1,Approaching_OJT,30.0,100.0
1,6.56,120,18,102,15.0,18.0,82,2,1,2,1,0,5,False,24.0,Early,82,18,Far_From_Eligible,6,40,4,Long_Term_Planning,20.5,100.0
5,6.31,120,87,33,72.5,17.4,13,1,4,1,0,0,7,False,66.5,Advanced,13,87,Near_Eligible,6,40,2,Moderate_Planning_Gap,6.5,100.0
4,7.95,120,79,41,65.83,19.75,21,0,0,1,0,0,5,False,73.5,Advanced,21,79,Moderate_Gap,1,90,1,Approaching_OJT,21.0,100.0
7,9.98,120,119,1,99.17,17.0,0,0,0,0,0,0,8,True,99.5,Near_Completion,0,100,Eligible,0,100,1,Approaching_OJT,0.0,100.0
5,7.41,120,92,28,76.67,18.4,8,0,2,0,0,0,7,False,82.0,Advanced,8,92,Near_Eligible,2,80,2,Moderate_Planning_Gap,4.0,100.0
3,7.24,120,60,60,50.0,20.0,40,0,1,0,0,0,5,False,68.0,Developing,40,60,Moderate_Gap,1,90,2,Moderate_Planning_Gap,20.0,100.0
6,6.91,120,95,25,79.17,15.83,5,3,2,2,1,0,7,False,57.5,Advanced,5,95,Near_Eligible,8,20,1,Approaching_OJT,5.0,100.0
7,9.82,120,115,5,95.83,16.43,0,0,0,0,0,0,8,True,97.5,Near_Completion,0,100,Eligible,0,100,1,Approaching_OJT,0.0,99.99
4,6.1,120,64,56,53.33,16.0,36,3,1,2,1,0,5,False,44.0,Developing,36,64,Moderate_Gap,7,30,1,Approaching_OJT,36.0,100.0
7,7.79,120,111,9,92.5,15.86,0,1,0,1,0,0,8,False,86.5,Near_Completion,0,100,Eligible,2,80,1,Approaching_OJT,0.0,99.98
5,3.72,120,55,65,45.83,11.0,45,7,7,4,3,2,6,False,0.0,Developing,45,55,Moderate_Gap,23,0,1,Approaching_OJT,45.0,100.0
4,4.45,120,44,76,36.67,11.0,56,6,7,2,2,2,5,False,0.0,Developing,56,44,Far_From_Eligible,19,0,1,Approaching_OJT,56.0,100.0
5,6.65,120,79,41,65.83,15.8,21,4,3,0,1,0,7,False,56.5,Advanced,21,79,Moderate_Gap,8,20,2,Moderate_Planning_Gap,10.5,100.0
5,6.47,120,81,39,67.5,16.2,19,3,4,0,1,0,7,False,58.5,Advanced,19,81,Near_Eligible,8,20,2,Moderate_Planning_Gap,9.5,100.0
2,8.9,120,44,76,36.67,22.0,56,0,0,0,0,0,5,False,62.0,Developing,56,44,Far_From_Eligible,0,100,3,Long_Term_Planning,18.67,100.0
4,5.07,120,51,69,42.5,12.75,49,3,4,3,2,0,5,False,20.5,Developing,49,51,Moderate_Gap,12,0,1,Approaching_OJT,49.0,100.0
7,6.63,120,107,13,89.17,15.29,0,2,2,0,1,0,8,True,78.5,Near_Completion,0,100,Eligible,5,50,1,Approaching_OJT,0.0,99.97
5,5.28,120,70,50,58.33,14.0,30,3,3,2,2,0,7,False,38.0,Developing,30,70,Moderate_Gap,10,0,2,Moderate_Planning_Gap,15.0,100.0
5,5.3,120,79,41,65.83,15.8,21,4,6,2,1,1,7,False,30.5,Advanced,21,79,Moderate_Gap,14,0,2,Moderate_Planning_Gap,10.5,100.0
5,5.33,120,73,47,60.83,14.6,27,3,5,3,2,1,7,False,21.5,Advanced,27,73,Moderate_Gap,14,0,2,Moderate_Planning_Gap,13.5,100.0
6,6.59,120,103,17,85.83,17.17,0,2,3,2,0,0,7,False,67.5,Near_Completion,0,100,Eligible,7,30,1,Approaching_OJT,0.0,99.98
7,7.52,120,111,9,92.5,15.86,0,0,2,1,0,0,8,False,85.5,Near_Completion,0,100,Eligible,3,70,1,Approaching_OJT,0.0,99.98
6,6.62,120,100,20,83.33,16.67,0,2,4,0,0,0,6,True,76.0,Near_Completion,0,100,Eligible,6,40,0,OJT_Ready_Stage,0.0,99.98
4,6.92,120,73,47,60.83,18.25,27,1,1,0,0,0,5,False,71.5,Advanced,27,73,Moderate_Gap,2,80,1,Approaching_OJT,27.0,100.0
4,5.22,120,65,55,54.17,16.25,35,4,5,1,2,1,5,False,26.5,Developing,35,65,Moderate_Gap,13,0,1,Approaching_OJT,35.0,100.0
6,6.58,120,104,16,86.67,17.33,0,1,3,1,0,0,7,False,77.0,Near_Completion,0,100,Eligible,5,50,1,Approaching_OJT,0.0,100.0
6,7.95,120,103,17,85.83,17.17,0,0,2,1,0,0,7,False,81.5,Near_Completion,0,100,Eligible,3,70,1,Approaching_OJT,0.0,99.98
6,5.48,120,92,28,76.67,15.33,8,4,5,3,2,1,6,False,28.0,Advanced,8,92,Near_Eligible,15,0,0,OJT_Ready_Stage,8.0,100.0
5,6.47,120,88,32,73.33,17.6,12,1,4,2,1,0,6,False,56.0,Advanced,12,88,Near_Eligible,8,20,1,Approaching_OJT,12.0,100.0
4,6.09,120,62,58,51.67,15.5,38,1,4,0,1,0,5,False,55.0,Developing,38,62,Moderate_Gap,6,40,1,Approaching_OJT,38.0,100.0
5,7.4,120,92,28,76.67,18.4,8,1,2,1,0,0,6,False,73.0,Advanced,8,92,Near_Eligible,4,60,1,Approaching_OJT,8.0,100.0
3,7.6,120,54,66,45.0,18.0,46,0,1,1,0,0,6,False,59.0,Developing,46,54,Moderate_Gap,2,80,3,Long_Term_Planning,15.33,100.0
2,7.07,120,36,84,30.0,18.0,64,1,2,1,0,0,5,False,45.0,Developing,64,36,Far_From_Eligible,4,60,3,Long_Term_Planning,21.33,100.0
4,6.97,120,69,51,57.5,17.25,31,3,2,2,0,0,6,False,49.5,Developing,31,69,Moderate_Gap,7,30,2,Moderate_Planning_Gap,15.5,100.0
5,8.23,120,100,20,83.33,20.0,0,1,0,1,0,0,7,False,81.0,Near_Completion,0,100,Eligible,2,80,2,Moderate_Planning_Gap,0.0,100.0
6,9.65,120,113,7,94.17,18.83,0,0,0,0,0,0,6,True,96.5,Near_Completion,0,100,Eligible,0,100,0,OJT_Ready_Stage,0.0,100.0
1,6.86,120,16,104,13.33,16.0,84,1,1,2,0,0,5,False,31.0,Early,84,16,Far_From_Eligible,4,60,4,Long_Term_Planning,21.0,100.0
4,6.77,120,71,49,59.17,17.75,29,2,2,2,0,0,6,False,53.5,Developing,29,71,Moderate_Gap,6,40,2,Moderate_Planning_Gap,14.5,100.0
7,8.83,120,114,6,95.0,16.29,0,0,0,0,0,0,8,True,97.0,Near_Completion,0,100,Eligible,0,100,1,Approaching_OJT,0.0,99.97
4,7.4,120,79,41,65.83,19.75,21,1,1,0,0,0,5,False,74.5,Advanced,21,79,Moderate_Gap,2,80,1,Approaching_OJT,21.0,100.0
7,6.34,120,113,7,94.17,16.14,0,1,2,1,0,0,8,False,83.5,Near_Completion,0,100,Eligible,4,60,1,Approaching_OJT,0.0,100.0
3,8.56,120,63,57,52.5,21.0,37,0,0,0,0,0,6,False,71.5,Developing,37,63,Moderate_Gap,0,100,3,Long_Term_Planning,12.33,100.0
1,6.63,120,17,103,14.17,17.0,83,2,2,1,0,0,5,False,32.5,Early,83,17,Far_From_Eligible,5,50,4,Long_Term_Planning,20.75,100.0
4,6.36,120,68,52,56.67,17.0,32,3,4,1,0,0,5,False,51.0,Developing,32,68,Moderate_Gap,8,20,1,Approaching_OJT,32.0,100.0
4,7.01,120,68,52,56.67,17.0,32,0,0,1,0,0,6,False,68.0,Developing,32,68,Moderate_Gap,1,90,2,Moderate_Planning_Gap,16.0,100.0
5,4.14,120,74,46,61.67,14.8,26,6,6,2,2,2,7,False,9.0,Advanced,26,74,Moderate_Gap,18,0,2,Moderate_Planning_Gap,13.0,100.0
8,5.78,120,111,9,92.5,13.88,0,3,4,2,2,0,8,False,56.5,Near_Completion,0,100,Eligible,11,0,0,OJT_Ready_Stage,0.0,99.96
4,6.84,120,55,65,45.83,13.75,45,4,4,2,1,0,6,False,30.5,Developing,45,55,Moderate_Gap,11,0,2,Moderate_Planning_Gap,22.5,100.0
6,6.17,120,102,18,85.0,17.0,0,3,4,1,1,0,6,False,63.0,Near_Completion,0,100,Eligible,9,10,0,OJT_Ready_Stage,0.0,100.0
3,3.83,120,32,88,26.67,10.67,68,7,7,2,3,1,5,False,0.0,Early,68,32,Far_From_Eligible,20,0,2,Moderate_Planning_Gap,34.0,99.97
3,6.51,120,49,71,40.83,16.33,51,2,1,2,0,0,5,False,44.5,Developing,51,49,Far_From_Eligible,5,50,2,Moderate_Planning_Gap,25.5,100.0
3,6.48,120,51,69,42.5,17.0,49,1,1,2,0,0,5,False,48.5,Developing,49,51,Moderate_Gap,4,60,2,Moderate_Planning_Gap,24.5,100.0
2,4.42,120,29,91,24.17,14.5,71,6,7,3,3,1,5,False,0.0,Early,71,29,Far_From_Eligible,20,0,3,Long_Term_Planning,23.67,100.0
1,7.75,120,21,99,17.5,21.0,79,0,0,1,0,0,5,False,44.5,Early,79,21,Far_From_Eligible,1,90,4,Long_Term_Planning,19.75,100.0
5,5.02,120,82,38,68.33,16.4,18,3,5,1,1,0,6,False,51.0,Advanced,18,82,Near_Eligible,10,0,1,Approaching_OJT,18.0,100.0
6,6.02,120,95,25,79.17,15.83,5,2,3,1,0,0,6,False,69.5,Advanced,5,95,Near_Eligible,6,40,0,OJT_Ready_Stage,5.0,100.0
4,9.07,120,79,41,65.83,19.75,21,0,0,0,0,0,6,False,79.5,Advanced,21,79,Moderate_Gap,0,100,2,Moderate_Planning_Gap,10.5,100.0
4,5.34,120,53,67,44.17,13.25,47,4,6,2,1,1,5,False,17.5,Developing,47,53,Moderate_Gap,14,0,1,Approaching_OJT,47.0,100.0
6,6.35,120,102,18,85.0,17.0,0,2,4,0,0,0,6,True,77.0,Near_Completion,0,100,Eligible,6,40,0,OJT_Ready_Stage,0.0,100.0
3,6.97,120,50,70,41.67,16.67,50,3,4,2,1,0,6,False,31.0,Developing,50,50,Moderate_Gap,10,0,3,Long_Term_Planning,16.67,99.98
4,6.87,120,71,49,59.17,17.75,29,3,1,2,1,0,5,False,47.5,Developing,29,71,Moderate_Gap,7,30,1,Approaching_OJT,29.0,100.0
6,5.44,120,86,34,71.67,14.33,14,3,6,2,1,0,6,False,45.0,Advanced,14,86,Near_Eligible,12,0,0,OJT_Ready_Stage,14.0,100.0
2,6.41,120,29,91,24.17,14.5,71,1,3,0,0,0,6,False,45.5,Early,71,29,Far_From_Eligible,4,60,4,Long_Term_Planning,17.75,100.0
2,6.83,120,40,80,33.33,20.0,60,2,4,2,1,0,5,False,29.0,Developing,60,40,Far_From_Eligible,9,10,3,Long_Term_Planning,20.0,100.0
5,8.22,120,96,24,80.0,19.2,4,1,0,1,0,0,7,False,79.0,Near_Completion,4,96,Near_Eligible,2,80,2,Moderate_Planning_Gap,2.0,100.0
5,6.62,120,81,39,67.5,16.2,19,3,1,1,1,0,6,False,58.5,Advanced,19,81,Near_Eligible,6,40,1,Approaching_OJT,19.0,100.0
7,6.13,120,101,19,84.17,14.43,0,1,4,0,1,0,8,True,74.5,Near_Completion,0,100,Eligible,6,40,1,Approaching_OJT,0.0,99.99
6,6.23,120,98,22,81.67,16.33,2,2,2,0,1,0,6,False,74.0,Near_Completion,2,98,Near_Eligible,5,50,0,OJT_Ready_Stage,2.0,100.0
6,6.04,120,102,18,85.0,17.0,0,1,4,0,0,0,7,True,80.0,Near_Completion,0,100,Eligible,5,50,1,Approaching_OJT,0.0,100.0
3,7.05,120,56,64,46.67,18.67,44,1,2,1,0,0,6,False,55.0,Developing,44,56,Moderate_Gap,4,60,3,Long_Term_Planning,14.67,99.98
4,7.45,120,78,42,65.0,19.5,22,1,0,0,0,0,5,False,76.0,Advanced,22,78,Moderate_Gap,1,90,1,Approaching_OJT,22.0,100.0
2,6.46,120,28,92,23.33,14.0,72,2,4,0,0,0,5,False,40.0,Early,72,28,Far_From_Eligible,6,40,3,Long_Term_Planning,24.0,100.0
4,5.58,120,59,61,49.17,14.75,41,3,6,3,2,1,5,False,12.5,Developing,41,59,Moderate_Gap,15,0,1,Approaching_OJT,41.0,100.0
5,5.19,120,72,48,60.0,14.4,28,3,6,1,2,1,6,False,31.0,Advanced,28,72,Moderate_Gap,13,0,1,Approaching_OJT,28.0,100.0
4,8.32,120,74,46,61.67,18.5,26,0,2,0,0,0,5,False,73.0,Advanced,26,74,Moderate_Gap,2,80,1,Approaching_OJT,26.0,100.0
4,6.05,120,66,54,55.0,16.5,34,1,2,0,0,0,5,False,66.0,Developing,34,66,Moderate_Gap,3,70,1,Approaching_OJT,34.0,100.0
5,6.95,120,86,34,71.67,17.2,14,3,3,1,1,0,7,False,57.0,Advanced,14,86,Near_Eligible,8,20,2,Moderate_Planning_Gap,7.0,100.0
6,8.47,120,111,9,92.5,18.5,0,1,1,0,0,0,7,True,90.5,Near_Completion,0,100,Eligible,2,80,1,Approaching_OJT,0.0,100.0
4,5.31,120,64,56,53.33,16.0,36,5,4,3,2,0,5,False,21.0,Developing,36,64,Moderate_Gap,14,0,1,Approaching_OJT,36.0,100.0
2,7.46,120,35,85,29.17,17.5,65,0,2,0,0,0,5,False,53.5,Early,65,35,Far_From_Eligible,2,80,3,Long_Term_Planning,21.67,100.0
3,6.38,120,52,68,43.33,17.33,48,3,1,1,1,0,5,False,44.0,Developing,48,52,Moderate_Gap,6,40,2,Moderate_Planning_Gap,24.0,100.0
3,7.9,120,62,58,51.67,20.67,38,0,0,1,0,0,6,False,65.0,Developing,38,62,Moderate_Gap,1,90,3,Long_Term_Planning,12.67,99.98
3,6.28,120,45,75,37.5,15.0,55,2,4,0,0,0,5,False,48.5,Developing,55,45,Far_From_Eligible,6,40,2,Moderate_Planning_Gap,27.5,100.0
2,8.27,120,46,74,38.33,23.0,54,1,0,0,0,0,6,False,60.0,Developing,54,46,Far_From_Eligible,1,90,4,Long_Term_Planning,13.5,100.0
4,9.61,120,77,43,64.17,19.25,23,0,0,0,0,0,5,False,78.5,Advanced,23,77,Moderate_Gap,0,100,1,Approaching_OJT,23.0,100.0
6,9.41,120,111,9,92.5,18.5,0,0,0,0,0,0,7,True,95.5,Near_Completion,0,100,Eligible,0,100,1,Approaching_OJT,0.0,100.0
8,6.26,120,114,6,95.0,14.25,0,2,4,2,0,0,8,False,71.0,Near_Completion,0,100,Eligible,8,20,0,OJT_Ready_Stage,0.0,100.0
4,6.97,120,74,46,61.67,18.5,26,3,3,0,1,0,5,False,57.0,Advanced,26,74,Moderate_Gap,7,30,1,Approaching_OJT,26.0,100.0
2,8.66,120,38,82,31.67,19.0,62,0,0,0,0,0,6,False,59.0,Developing,62,38,Far_From_Eligible,0,100,4,Long_Term_Planning,15.5,100.0
1,6.42,120,17,103,14.17,17.0,83,3,3,1,1,0,5,False,22.5,Early,83,17,Far_From_Eligible,8,20,4,Long_Term_Planning,20.75,100.0
3,8.56,120,66,54,55.0,22.0,34,0,0,0,0,0,5,False,73.0,Developing,34,66,Moderate_Gap,0,100,2,Moderate_Planning_Gap,17.0,100.0
5,8.91,120,104,16,86.67,20.8,0,0,0,0,0,0,6,True,92.0,Near_Completion,0,100,Eligible,0,100,1,Approaching_OJT,0.0,100.0
4,6.84,120,69,51,57.5,17.25,31,3,3,1,1,0,6,False,48.5,Developing,31,69,Moderate_Gap,8,20,2,Moderate_Planning_Gap,15.5,100.0
7,8.36,120,118,2,98.33,16.86,0,0,1,1,0,0,8,False,91.0,Near_Completion,0,100,Eligible,2,80,1,Approaching_OJT,0.0,99.98
2,6.77,120,30,90,25.0,15.0,70,1,2,1,0,0,5,False,42.0,Early,70,30,Far_From_Eligible,4,60,3,Long_Term_Planning,23.33,100.0
6,7.54,120,107,13,89.17,17.83,0,0,0,0,0,0,6,True,93.5,Near_Completion,0,100,Eligible,0,100,0,OJT_Ready_Stage,0.0,100.0
5,5.5,120,70,50,58.33,14.0,30,3,4,3,2,0,6,False,30.0,Developing,30,70,Moderate_Gap,12,0,1,Approaching_OJT,30.0,100.0
1,6.13,120,18,102,15.0,18.0,82,1,4,2,1,0,6,False,21.0,Early,82,18,Far_From_Eligible,8,20,5,Long_Term_Planning,16.4,100.0
1,6.08,120,20,100,16.67,20.0,80,1,2,1,0,0,5,False,37.0,Early,80,20,Far_From_Eligible,4,60,4,Long_Term_Planning,20.0,100.0
7,6.28,120,111,9,92.5,15.86,0,1,4,1,0,0,8,False,78.5,Near_Completion,0,100,Eligible,6,40,1,Approaching_OJT,0.0,99.98
6,6.43,120,99,21,82.5,16.5,1,3,1,2,0,0,7,False,66.5,Near_Completion,1,99,Near_Eligible,6,40,1,Approaching_OJT,1.0,100.0
3,4.8,120,37,83,30.83,12.33,63,8,8,2,3,2,6,False,0.0,Developing,63,37,Far_From_Eligible,23,0,3,Long_Term_Planning,21.0,100.0
5,5.5,120,73,47,60.83,14.6,27,5,5,3,1,1,7,False,20.5,Advanced,27,73,Moderate_Gap,15,0,2,Moderate_Planning_Gap,13.5,100.0
4,6.42,120,66,54,55.0,16.5,34,1,2,0,1,0,6,False,61.0,Developing,34,66,Moderate_Gap,4,60,2,Moderate_Planning_Gap,17.0,100.0
3,8.19,120,55,65,45.83,18.33,45,1,2,1,0,0,5,False,54.5,Developing,45,55,Moderate_Gap,4,60,2,Moderate_Planning_Gap,22.5,100.0
3,6.64,120,57,63,47.5,19.0,43,3,4,1,0,0,6,False,45.5,Developing,43,57,Moderate_Gap,8,20,3,Long_Term_Planning,14.33,100.0
2,6.17,120,35,85,29.17,17.5,65,3,4,0,0,0,5,False,40.5,Early,65,35,Far_From_Eligible,7,30,3,Long_Term_Planning,21.67,100.0
4,8.33,120,81,39,67.5,20.25,19,1,0,0,0,0,6,False,77.5,Advanced,19,81,Near_Eligible,1,90,2,Moderate_Planning_Gap,9.5,100.0
3,9.63,120,65,55,54.17,21.67,35,0,0,0,0,0,5,False,72.5,Developing,35,65,Moderate_Gap,0,100,2,Moderate_Planning_Gap,17.5,99.98
5,6.87,120,93,27,77.5,18.6,7,3,4,0,1,0,6,False,64.5,Advanced,7,93,Near_Eligible,8,20,1,Approaching_OJT,7.0,100.0
4,6.79,120,65,55,54.17,16.25,35,2,2,0,1,0,6,False,57.5,Developing,35,65,Moderate_Gap,5,50,2,Moderate_Planning_Gap,17.5,100.0
4,5.28,120,62,58,51.67,15.5,38,5,3,3,2,0,6,False,22.0,Developing,38,62,Moderate_Gap,13,0,2,Moderate_Planning_Gap,19.0,100.0
3,3.75,120,36,84,30.0,12.0,64,7,6,4,2,1,6,False,0.0,Developing,64,36,Far_From_Eligible,20,0,3,Long_Term_Planning,21.33,100.0
5,6.44,120,86,34,71.67,17.2,14,3,1,0,0,0,7,False,72.0,Advanced,14,86,Near_Eligible,4,60,2,Moderate_Planning_Gap,7.0,100.0
5,6.08,120,93,27,77.5,18.6,7,2,4,0,1,0,7,False,67.5,Advanced,7,93,Near_Eligible,7,30,2,Moderate_Planning_Gap,3.5,100.0
4,6.21,120,65,55,54.17,16.25,35,2,4,1,0,0,5,False,52.5,Developing,35,65,Moderate_Gap,7,30,1,Approaching_OJT,35.0,100.0
5,6.89,120,92,28,76.67,18.4,8,2,2,0,1,0,6,False,71.0,Advanced,8,92,Near_Eligible,5,50,1,Approaching_OJT,8.0,100.0
4,8.07,120,75,45,62.5,18.75,25,1,0,1,0,0,5,False,68.5,Advanced,25,75,Moderate_Gap,2,80,1,Approaching_OJT,25.0,100.0
2,3.65,120,30,90,25.0,15.0,70,5,8,3,3,2,5,False,0.0,Early,70,30,Far_From_Eligible,21,0,3,Long_Term_Planning,23.33,100.0
7,7.41,120,118,2,98.33,16.86,0,1,2,0,0,0,8,True,92.0,Near_Completion,0,100,Eligible,3,70,1,Approaching_OJT,0.0,99.98
6,6.73,120,96,24,80.0,16.0,4,2,2,1,0,0,7,False,72.0,Near_Completion,4,96,Near_Eligible,5,50,1,Approaching_OJT,4.0,100.0
6,9.76,120,113,7,94.17,18.83,0,0,0,0,0,0,7,True,96.5,Near_Completion,0,100,Eligible,0,100,1,Approaching_OJT,0.0,100.0
3,9.1,120,55,65,45.83,18.33,45,0,0,0,0,0,5,False,67.5,Developing,45,55,Moderate_Gap,0,100,2,Moderate_Planning_Gap,22.5,100.0
7,6.45,120,104,16,86.67,14.86,0,2,1,0,0,0,8,True,84.0,Near_Completion,0,100,Eligible,3,70,1,Approaching_OJT,0.0,99.98
4,4.21,120,40,80,33.33,10.0,60,7,8,4,2,2,5,False,0.0,Developing,60,40,Far_From_Eligible,23,0,1,Approaching_OJT,60.0,100.0
2,6.35,120,31,89,25.83,15.5,69,1,3,1,0,0,6,False,40.5,Early,69,31,Far_From_Eligible,5,50,4,Long_Term_Planning,17.25,100.0
4,6.14,120,61,59,50.83,15.25,39,3,2,0,1,0,5,False,52.5,Developing,39,61,Moderate_Gap,6,40,1,Approaching_OJT,39.0,100.0
4,8.15,120,74,46,61.67,18.5,26,1,0,1,0,0,6,False,68.0,Advanced,26,74,Moderate_Gap,2,80,2,Moderate_Planning_Gap,13.0,100.0
2,6.49,120,34,86,28.33,17.0,66,2,3,2,0,0,5,False,33.0,Early,66,34,Far_From_Eligible,7,30,3,Long_Term_Planning,22.0,100.0
5,6.03,120,88,32,73.33,17.6,12,3,2,1,0,0,7,False,65.0,Advanced,12,88,Near_Eligible,6,40,2,Moderate_Planning_Gap,6.0,100.0
6,6.47,120,101,19,84.17,16.83,0,1,2,0,0,0,7,True,83.5,Near_Completion,0,100,Eligible,3,70,1,Approaching_OJT,0.0,100.0
7,9.92,120,117,3,97.5,16.71,0,0,0,0,0,0,8,True,98.5,Near_Completion,0,100,Eligible,0,100,1,Approaching_OJT,0.0,100.0
7,6.41,120,102,18,85.0,14.57,0,2,1,0,1,0,8,True,78.0,Near_Completion,0,100,Eligible,4,60,1,Approaching_OJT,0.0,100.0
2,6.07,120,32,88,26.67,16.0,68,3,4,2,1,0,6,False,22.0,Early,68,32,Far_From_Eligible,10,0,4,Long_Term_Planning,17.0,100.0
5,6.84,120,86,34,71.67,17.2,14,1,2,2,0,0,6,False,64.0,Advanced,14,86,Near_Eligible,5,50,1,Approaching_OJT,14.0,100.0
3,6.53,120,47,73,39.17,15.67,53,1,2,0,0,0,5,False,56.5,Developing,53,47,Far_From_Eligible,3,70,2,Moderate_Planning_Gap,26.5,99.98
4,5.68,120,52,68,43.33,13.0,48,5,3,1,2,1,5,False,21.0,Developing,48,52,Moderate_Gap,12,0,1,Approaching_OJT,48.0,100.0
6,7.92,120,105,15,87.5,17.5,0,0,1,0,0,0,7,True,90.5,Near_Completion,0,100,Eligible,1,90,1,Approaching_OJT,0.0,100.0
5,5.55,120,73,47,60.83,14.6,27,4,5,3,2,0,6,False,26.5,Advanced,27,73,Moderate_Gap,14,0,1,Approaching_OJT,27.0,100.0
5,6.78,120,81,39,67.5,16.2,19,2,2,1,1,0,6,False,59.5,Advanced,19,81,Near_Eligible,6,40,1,Approaching_OJT,19.0,100.0
4,6.33,120,60,60,50.0,15.0,40,2,1,1,0,0,6,False,56.0,Developing,40,60,Moderate_Gap,4,60,2,Moderate_Planning_Gap,20.0,100.0
4,5.83,120,51,69,42.5,12.75,49,3,4,3,1,1,6,False,17.5,Developing,49,51,Moderate_Gap,12,0,2,Moderate_Planning_Gap,24.5,100.0
6,5.33,120,88,32,73.33,14.67,12,4,4,2,2,0,7,False,42.0,Advanced,12,88,Near_Eligible,12,0,1,Approaching_OJT,12.0,99.98
5,8.42,120,90,30,75.0,18.0,10,0,0,1,0,0,6,False,79.0,Advanced,10,90,Near_Eligible,1,90,1,Approaching_OJT,10.0,100.0
6,7.23,120,105,15,87.5,17.5,0,0,0,0,0,0,6,True,92.5,Near_Completion,0,100,Eligible,0,100,0,OJT_Ready_Stage,0.0,100.0
3,7.32,120,54,66,45.0,18.0,46,1,1,0,0,0,5,False,62.0,Developing,46,54,Moderate_Gap,2,80,2,Moderate_Planning_Gap,23.0,100.0
6,5.91,120,90,30,75.0,15.0,10,1,3,1,0,0,6,False,70.0,Advanced,10,90,Near_Eligible,5,50,0,OJT_Ready_Stage,10.0,100.0
3,7.51,120,54,66,45.0,18.0,46,0,2,1,0,0,5,False,57.0,Developing,46,54,Moderate_Gap,3,70,2,Moderate_Planning_Gap,23.0,100.0
6,6.71,120,101,19,84.17,16.83,0,1,4,0,0,0,7,True,79.5,Near_Completion,0,100,Eligible,5,50,1,Approaching_OJT,0.0,100.0
2,5.87,120,27,93,22.5,13.5,73,5,3,1,1,1,5,False,13.5,Early,73,27,Far_From_Eligible,11,0,3,Long_Term_Planning,24.33,100.0
2,6.7,120,41,79,34.17,20.5,59,2,1,2,0,0,5,False,40.5,Developing,59,41,Far_From_Eligible,5,50,3,Long_Term_Planning,19.67,100.0
2,9.97,120,44,76,36.67,22.0,56,0,0,0,0,0,5,False,62.0,Developing,56,44,Far_From_Eligible,0,100,3,Long_Term_Planning,18.67,100.0
3,8.92,120,56,64,46.67,18.67,44,0,0,0,0,0,6,False,68.0,Developing,44,56,Moderate_Gap,0,100,3,Long_Term_Planning,14.67,99.98
4,6.01,120,72,48,60.0,18.0,28,2,2,2,1,0,6,False,49.0,Advanced,28,72,Moderate_Gap,7,30,2,Moderate_Planning_Gap,14.0,100.0
6,5.61,120,87,33,72.5,14.5,13,5,4,2,1,0,6,False,43.5,Advanced,13,87,Near_Eligible,12,0,0,OJT_Ready_Stage,13.0,100.0
3,6.01,120,49,71,40.83,16.33,51,2,2,1,1,0,6,False,43.5,Developing,51,49,Far_From_Eligible,6,40,3,Long_Term_Planning,17.0,100.0
3,6.54,120,46,74,38.33,15.33,54,2,4,1,1,0,5,False,38.0,Developing,54,46,Far_From_Eligible,8,20,2,Moderate_Planning_Gap,27.0,100.0
2,7.17,120,25,95,20.83,12.5,75,4,5,1,0,0,6,False,24.5,Early,75,25,Far_From_Eligible,10,0,4,Long_Term_Planning,18.75,100.0
4,6.68,120,61,59,50.83,15.25,39,1,1,0,0,0,5,False,65.5,Developing,39,61,Moderate_Gap,2,80,1,Approaching_OJT,39.0,100.0
8,5.97,120,100,20,83.33,12.5,0,3,5,1,2,1,8,False,47.0,Near_Completion,0,100,Eligible,12,0,0,OJT_Ready_Stage,0.0,100.0
3,6.3,120,43,77,35.83,14.33,57,2,2,1,0,0,6,False,45.5,Developing,57,43,Far_From_Eligible,5,50,3,Long_Term_Planning,19.0,100.0
2,7.12,120,44,76,36.67,22.0,56,0,0,1,0,0,6,False,56.0,Developing,56,44,Far_From_Eligible,1,90,4,Long_Term_Planning,14.0,100.0
4,5.35,120,67,53,55.83,16.75,33,5,6,3,1,0,6,False,23.5,Developing,33,67,Moderate_Gap,15,0,2,Moderate_Planning_Gap,16.5,100.0
3,6.57,120,54,66,45.0,18.0,46,3,1,2,1,0,6,False,39.0,Developing,46,54,Moderate_Gap,7,30,3,Long_Term_Planning,15.33,100.0
5,5.4,120,84,36,70.0,16.8,16,5,4,2,1,1,6,False,34.0,Advanced,16,84,Near_Eligible,13,0,1,Approaching_OJT,16.0,100.0
6,6.36,120,104,16,86.67,17.33,0,2,4,0,1,0,7,True,73.0,Near_Completion,0,100,Eligible,7,30,1,Approaching_OJT,0.0,100.0
3,5.3,120,36,84,30.0,12.0,64,3,5,1,2,0,6,False,23.0,Developing,64,36,Far_From_Eligible,11,0,3,Long_Term_Planning,21.33,100.0
2,6.69,120,35,85,29.17,17.5,65,3,2,2,0,0,6,False,32.5,Early,65,35,Far_From_Eligible,7,30,4,Long_Term_Planning,16.25,100.0
3,6.04,120,52,68,43.33,17.33,48,1,2,0,1,0,6,False,54.0,Developing,48,52,Moderate_Gap,4,60,3,Long_Term_Planning,16.0,100.0
4,6.36,120,73,47,60.83,18.25,27,1,2,0,0,0,5,False,69.5,Advanced,27,73,Moderate_Gap,3,70,1,Approaching_OJT,27.0,100.0
6,6.48,120,102,18,85.0,17.0,0,1,3,0,0,0,6,True,82.0,Near_Completion,0,100,Eligible,4,60,0,OJT_Ready_Stage,0.0,100.0
7,5.4,120,105,15,87.5,15.0,0,5,4,2,1,0,8,False,52.5,Near_Completion,0,100,Eligible,12,0,1,Approaching_OJT,0.0,100.0
6,6.6,120,107,13,89.17,17.83,0,1,2,0,0,0,6,True,86.5,Near_Completion,0,100,Eligible,3,70,0,OJT_Ready_Stage,0.0,100.0
4,6.69,120,75,45,62.5,18.75,25,2,3,2,1,0,6,False,48.5,Advanced,25,75,Moderate_Gap,8,20,2,Moderate_Planning_Gap,12.5,100.0
6,8.34,120,106,14,88.33,17.67,0,1,0,1,0,0,6,False,84.0,Near_Completion,0,100,Eligible,2,80,0,OJT_Ready_Stage,0.0,99.98
5,5.59,120,85,35,70.83,17.0,15,5,6,1,1,1,6,False,36.5,Advanced,15,85,Near_Eligible,14,0,1,Approaching_OJT,15.0,100.0
4,6.72,120,67,53,55.83,16.75,33,2,1,0,0,0,5,False,65.5,Developing,33,67,Moderate_Gap,3,70,1,Approaching_OJT,33.0,100.0
4,5.49,120,66,54,55.0,16.5,34,4,5,2,2,0,6,False,29.0,Developing,34,66,Moderate_Gap,13,0,2,Moderate_Planning_Gap,17.0,100.0
4,6.9,120,71,49,59.17,17.75,29,3,1,2,0,0,5,False,52.5,Developing,29,71,Moderate_Gap,6,40,1,Approaching_OJT,29.0,100.0
4,6.27,120,68,52,56.67,17.0,32,3,2,0,0,0,5,False,61.0,Developing,32,68,Moderate_Gap,5,50,1,Approaching_OJT,32.0,100.0
5,6.07,120,82,38,68.33,16.4,18,3,3,2,1,0,7,False,49.0,Advanced,18,82,Near_Eligible,9,10,2,Moderate_Planning_Gap,9.0,100.0
6,6.6,120,98,22,81.67,16.33,2,1,4,2,0,0,6,False,66.0,Near_Completion,2,98,Near_Eligible,7,30,0,OJT_Ready_Stage,2.0,100.0
5,6.43,120,89,31,74.17,17.8,11,2,3,0,1,0,6,False,67.5,Advanced,11,89,Near_Eligible,6,40,1,Approaching_OJT,11.0,100.0
4,5.47,120,67,53,55.83,16.75,33,5,4,2,2,0,6,False,28.5,Developing,33,67,Moderate_Gap,13,0,2,Moderate_Planning_Gap,16.5,100.0
5,9.91,120,91,29,75.83,18.2,9,0,0,0,0,0,6,False,85.5,Advanced,9,91,Near_Eligible,0,100,1,Approaching_OJT,9.0,100.0
1,7.59,120,20,100,16.67,20.0,80,1,1,1,0,0,5,False,39.0,Early,80,20,Far_From_Eligible,3,70,4,Long_Term_Planning,20.0,100.0
3,6.98,120,58,62,48.33,19.33,42,1,1,2,0,0,5,False,52.0,Developing,42,58,Moderate_Gap,4,60,2,Moderate_Planning_Gap,21.0,100.0
4,7.34,120,73,47,60.83,18.25,27,1,1,1,0,0,5,False,65.5,Advanced,27,73,Moderate_Gap,3,70,1,Approaching_OJT,27.0,100.0
6,6.58,120,100,20,83.33,16.67,0,3,2,0,0,0,7,True,77.0,Near_Completion,0,100,Eligible,5,50,1,Approaching_OJT,0.0,99.98
6,7.16,120,107,13,89.17,17.83,0,0,2,1,0,0,7,False,83.5,Near_Completion,0,100,Eligible,3,70,1,Approaching_OJT,0.0,100.0
3,5.28,120,36,84,30.0,12.0,64,4,6,2,2,1,5,False,4.0,Developing,64,36,Far_From_Eligible,15,0,2,Moderate_Planning_Gap,32.0,100.0
5,5.76,120,75,45,62.5,15.0,25,5,4,2,2,0,6,False,32.5,Advanced,25,75,Moderate_Gap,13,0,1,Approaching_OJT,25.0,100.0
6,8.45,120,107,13,89.17,17.83,0,0,2,1,0,0,7,False,83.5,Near_Completion,0,100,Eligible,3,70,1,Approaching_OJT,0.0,100.0
4,7.94,120,82,38,68.33,20.5,18,1,0,0,0,0,6,False,78.0,Advanced,18,82,Near_Eligible,1,90,2,Moderate_Planning_Gap,9.0,100.0
1,6.24,120,18,102,15.0,18.0,82,2,4,1,1,0,5,False,24.0,Early,82,18,Far_From_Eligible,8,20,4,Long_Term_Planning,20.5,100.0
4,5.71,120,68,52,56.67,17.0,32,3,5,2,2,0,5,False,33.0,Developing,32,68,Moderate_Gap,12,0,1,Approaching_OJT,32.0,100.0
5,5.12,120,73,47,60.83,14.6,27,4,3,2,1,1,6,False,33.5,Advanced,27,73,Moderate_Gap,11,0,1,Approaching_OJT,27.0,100.0
5,6.86,120,91,29,75.83,18.2,9,3,3,1,1,0,6,False,59.5,Advanced,9,91,Near_Eligible,8,20,1,Approaching_OJT,9.0,100.0
3,6.75,120,46,74,38.33,15.33,54,3,4,0,1,0,6,False,41.0,Developing,54,46,Far_From_Eligible,8,20,3,Long_Term_Planning,18.0,100.0
6,6.98,120,98,22,81.67,16.33,2,2,1,1,1,0,6,False,70.0,Near_Completion,2,98,Near_Eligible,5,50,0,OJT_Ready_Stage,2.0,100.0
6,3.85,120,73,47,60.83,12.17,27,6,6,3,3,2,6,False,0.0,Advanced,27,73,Moderate_Gap,20,0,0,OJT_Ready_Stage,27.0,99.97
6,6.23,120,96,24,80.0,16.0,4,3,4,2,0,0,6,False,59.0,Near_Completion,4,96,Near_Eligible,9,10,0,OJT_Ready_Stage,4.0,100.0
5,5.93,120,84,36,70.0,16.8,16,3,4,2,1,1,6,False,40.0,Advanced,16,84,Near_Eligible,11,0,1,Approaching_OJT,16.0,100.0
6,6.67,120,100,20,83.33,16.67,0,3,4,0,0,0,7,True,73.0,Near_Completion,0,100,Eligible,7,30,1,Approaching_OJT,0.0,99.98
5,6.09,120,83,37,69.17,16.6,17,2,4,0,0,0,6,False,67.5,Advanced,17,83,Near_Eligible,6,40,1,Approaching_OJT,17.0,100.0
1,7.03,120,20,100,16.67,20.0,80,1,2,0,0,0,5,False,43.0,Early,80,20,Far_From_Eligible,3,70,4,Long_Term_Planning,20.0,100.0
3,6.15,120,52,68,43.33,17.33,48,1,4,1,0,0,5,False,49.0,Developing,48,52,Moderate_Gap,6,40,2,Moderate_Planning_Gap,24.0,100.0
7,6.07,120,115,5,95.83,16.43,0,2,4,0,0,0,8,True,83.5,Near_Completion,0,100,Eligible,6,40,1,Approaching_OJT,0.0,99.99
5,7.64,120,94,26,78.33,18.8,6,0,2,0,0,0,6,False,83.0,Advanced,6,94,Near_Eligible,2,80,1,Approaching_OJT,6.0,100.0
5,6.82,120,88,32,73.33,17.6,12,3,3,1,1,0,6,False,58.0,Advanced,12,88,Near_Eligible,8,20,1,Approaching_OJT,12.0,100.0
3,8.02,120,54,66,45.0,18.0,46,1,1,1,0,0,6,False,56.0,Developing,46,54,Moderate_Gap,3,70,3,Long_Term_Planning,15.33,100.0
2,6.11,120,42,78,35.0,21.0,58,3,1,2,1,0,6,False,33.0,Developing,58,42,Far_From_Eligible,7,30,4,Long_Term_Planning,14.5,100.0
4,6.51,120,74,46,61.67,18.5,26,1,2,1,0,0,6,False,64.0,Advanced,26,74,Moderate_Gap,4,60,2,Moderate_Planning_Gap,13.0,100.0
3,6.59,120,53,67,44.17,17.67,47,3,1,1,1,0,5,False,44.5,Developing,47,53,Moderate_Gap,6,40,2,Moderate_Planning_Gap,23.5,99.98
2,5.78,120,25,95,20.83,12.5,75,5,3,1,2,0,6,False,15.5,Early,75,25,Far_From_Eligible,11,0,4,Long_Term_Planning,18.75,100.0
3,6.04,120,45,75,37.5,15.0,55,1,2,0,1,0,6,False,50.5,Developing,55,45,Far_From_Eligible,4,60,3,Long_Term_Planning,18.33,100.0
3,6.49,120,49,71,40.83,16.33,51,2,4,2,1,0,5,False,33.5,Developing,51,49,Far_From_Eligible,9,10,2,Moderate_Planning_Gap,25.5,100.0
6,5.23,120,89,31,74.17,14.83,11,3,4,3,2,1,6,False,31.5,Advanced,11,89,Near_Eligible,13,0,0,OJT_Ready_Stage,11.0,100.0
3,6.68,120,46,74,38.33,15.33,54,3,1,0,1,0,6,False,47.0,Developing,54,46,Far_From_Eligible,5,50,3,Long_Term_Planning,18.0,100.0
4,8.02,120,73,47,60.83,18.25,27,0,0,1,0,0,5,False,70.5,Advanced,27,73,Moderate_Gap,1,90,1,Approaching_OJT,27.0,100.0
6,5.57,120,84,36,70.0,14.0,16,3,6,2,1,1,6,False,36.0,Advanced,16,84,Near_Eligible,13,0,0,OJT_Ready_Stage,16.0,100.0
6,7.87,120,105,15,87.5,17.5,0,1,0,1,0,0,6,False,83.5,Near_Completion,0,100,Eligible,2,80,0,OJT_Ready_Stage,0.0,100.0
5,7.54,120,91,29,75.83,18.2,9,0,2,1,0,0,7,False,75.5,Advanced,9,91,Near_Eligible,3,70,2,Moderate_Planning_Gap,4.5,100.0
5,6.0,120,91,29,75.83,18.2,9,2,1,2,0,0,7,False,65.5,Advanced,9,91,Near_Eligible,5,50,2,Moderate_Planning_Gap,4.5,100.0
4,5.7,120,65,55,54.17,16.25,35,4,3,2,1,0,5,False,37.5,Developing,35,65,Moderate_Gap,10,0,1,Approaching_OJT,35.0,100.0
6,6.51,120,95,25,79.17,15.83,5,2,1,0,1,0,6,False,74.5,Advanced,5,95,Near_Eligible,4,60,0,OJT_Ready_Stage,5.0,100.0
2,5.11,120,35,85,29.17,17.5,65,4,6,1,1,1,5,False,14.5,Early,65,35,Far_From_Eligible,13,0,3,Long_Term_Planning,21.67,100.0
8,7.0,120,116,4,96.67,14.5,0,1,0,0,0,0,8,True,95.0,Near_Completion,0,100,Eligible,1,90,0,OJT_Ready_Stage,0.0,100.0
4,6.77,120,67,53,55.83,16.75,33,3,2,2,1,0,6,False,43.5,Developing,33,67,Moderate_Gap,8,20,2,Moderate_Planning_Gap,16.5,100.0
6,8.44,120,100,20,83.33,16.67,0,1,2,1,0,0,7,False,77.0,Near_Completion,0,100,Eligible,4,60,1,Approaching_OJT,0.0,99.98
4,5.03,120,67,53,55.83,16.75,33,4,4,1,2,0,5,False,37.5,Developing,33,67,Moderate_Gap,11,0,1,Approaching_OJT,33.0,100.0
1,6.2,120,19,101,15.83,19.0,81,2,3,1,1,0,5,False,26.5,Early,81,19,Far_From_Eligible,7,30,4,Long_Term_Planning,20.25,100.0
7,6.79,120,103,17,85.83,14.71,0,1,1,0,0,0,8,True,86.5,Near_Completion,0,100,Eligible,2,80,1,Approaching_OJT,0.0,100.0
4,5.99,120,59,61,49.17,14.75,41,4,4,1,2,1,6,False,25.5,Developing,41,59,Moderate_Gap,12,0,2,Moderate_Planning_Gap,20.5,100.0
5,8.45,120,99,21,82.5,19.8,1,1,0,1,0,0,7,False,80.5,Near_Completion,1,99,Near_Eligible,2,80,2,Moderate_Planning_Gap,0.5,100.0
8,5.36,120,107,13,89.17,13.38,0,3,4,1,1,1,8,False,57.5,Near_Completion,0,100,Eligible,10,0,0,OJT_Ready_Stage,0.0,99.96
3,6.66,120,54,66,45.0,18.0,46,2,2,2,0,0,6,False,45.0,Developing,46,54,Moderate_Gap,6,40,3,Long_Term_Planning,15.33,100.0
6,9.77,120,110,10,91.67,18.33,0,0,0,0,0,0,7,True,95.0,Near_Completion,0,100,Eligible,0,100,1,Approaching_OJT,0.0,100.0
4,5.5,120,62,58,51.67,15.5,38,3,4,2,1,1,5,False,29.0,Developing,38,62,Moderate_Gap,11,0,1,Approaching_OJT,38.0,100.0
2,8.78,120,48,72,40.0,24.0,52,0,0,0,0,0,6,False,64.0,Developing,52,48,Far_From_Eligible,0,100,4,Long_Term_Planning,13.0,100.0
5,7.22,120,90,30,75.0,18.0,10,0,2,1,0,0,6,False,75.0,Advanced,10,90,Near_Eligible,3,70,1,Approaching_OJT,10.0,100.0
2,6.71,120,36,84,30.0,18.0,64,1,3,0,1,0,6,False,44.0,Developing,64,36,Far_From_Eligible,5,50,4,Long_Term_Planning,16.0,100.0
8,7.67,120,116,4,96.67,14.5,0,1,0,0,0,0,8,True,95.0,Near_Completion,0,100,Eligible,1,90,0,OJT_Ready_Stage,0.0,100.0
4,6.16,120,75,45,62.5,18.75,25,1,4,0,0,0,5,False,66.5,Advanced,25,75,Moderate_Gap,5,50,1,Approaching_OJT,25.0,100.0
5,7.89,120,100,20,83.33,20.0,0,0,1,1,0,0,6,False,82.0,Near_Completion,0,100,Eligible,2,80,1,Approaching_OJT,0.0,100.0
6,6.2,120,94,26,78.33,15.67,6,4,5,2,1,0,7,False,48.0,Advanced,6,94,Near_Eligible,12,0,1,Approaching_OJT,6.0,99.98
4,4.37,120,52,68,43.33,13.0,48,5,8,3,3,2,5,False,0.0,Developing,48,52,Moderate_Gap,21,0,1,Approaching_OJT,48.0,100.0
3,7.33,120,64,56,53.33,21.33,36,1,2,1,0,0,6,False,59.0,Developing,36,64,Moderate_Gap,4,60,3,Long_Term_Planning,12.0,100.0
3,7.61,120,63,57,52.5,21.0,37,1,2,1,0,0,6,False,58.5,Developing,37,63,Moderate_Gap,4,60,3,Long_Term_Planning,12.33,100.0
1,8.52,120,24,96,20.0,24.0,76,0,0,0,0,0,5,False,52.0,Early,76,24,Far_From_Eligible,0,100,4,Long_Term_Planning,19.0,100.0
5,6.59,120,90,30,75.0,18.0,10,1,3,1,1,0,7,False,65.0,Advanced,10,90,Near_Eligible,6,40,2,Moderate_Planning_Gap,5.0,100.0
3,8.37,120,62,58,51.67,20.67,38,1,1,0,0,0,6,False,66.0,Developing,38,62,Moderate_Gap,2,80,3,Long_Term_Planning,12.67,99.98
2,6.57,120,24,96,20.0,12.0,76,2,2,0,1,0,6,False,37.0,Early,76,24,Far_From_Eligible,5,50,4,Long_Term_Planning,19.0,100.0
6,8.35,120,108,12,90.0,18.0,0,1,0,1,0,0,7,False,85.0,Near_Completion,0,100,Eligible,2,80,1,Approaching_OJT,0.0,100.0
7,7.63,120,112,8,93.33,16.0,0,1,2,1,0,0,8,False,83.0,Near_Completion,0,100,Eligible,4,60,1,Approaching_OJT,0.0,100.0
4,5.69,120,50,70,41.67,12.5,50,5,6,2,2,0,6,False,16.0,Developing,50,50,Moderate_Gap,15,0,2,Moderate_Planning_Gap,25.0,100.0
5,9.94,120,94,26,78.33,18.8,6,0,0,0,0,0,7,False,87.0,Advanced,6,94,Near_Eligible,0,100,2,Moderate_Planning_Gap,3.0,100.0
4,8.6,120,78,42,65.0,19.5,22,0,0,0,0,0,5,False,79.0,Advanced,22,78,Moderate_Gap,0,100,1,Approaching_OJT,22.0,100.0
4,6.24,120,61,59,50.83,15.25,39,3,4,2,0,0,5,False,41.5,Developing,39,61,Moderate_Gap,9,10,1,Approaching_OJT,39.0,100.0
6,8.27,120,103,17,85.83,17.17,0,0,2,0,0,0,6,True,87.5,Near_Completion,0,100,Eligible,2,80,0,OJT_Ready_Stage,0.0,99.98
5,6.35,120,80,40,66.67,16.0,20,2,4,1,0,0,6,False,60.0,Advanced,20,80,Near_Eligible,7,30,1,Approaching_OJT,20.0,100.0
6,8.07,120,105,15,87.5,17.5,0,0,0,0,0,0,7,True,92.5,Near_Completion,0,100,Eligible,0,100,1,Approaching_OJT,0.0,100.0
5,5.26,120,68,52,56.67,13.6,32,5,6,3,1,0,6,False,24.0,Developing,32,68,Moderate_Gap,15,0,1,Approaching_OJT,32.0,100.0
6,9.35,120,110,10,91.67,18.33,0,0,0,0,0,0,7,True,95.0,Near_Completion,0,100,Eligible,0,100,1,Approaching_OJT,0.0,100.0
4,6.29,120,75,45,62.5,18.75,25,3,1,0,1,0,5,False,61.5,Advanced,25,75,Moderate_Gap,5,50,1,Approaching_OJT,25.0,100.0
3,3.57,120,29,91,24.17,9.67,71,6,6,4,3,1,5,False,0.0,Early,71,29,Far_From_Eligible,20,0,2,Moderate_Planning_Gap,35.5,99.97
6,5.14,120,94,26,78.33,15.67,6,5,5,1,1,0,7,False,51.0,Advanced,6,94,Near_Eligible,12,0,1,Approaching_OJT,6.0,99.98
6,6.98,120,94,26,78.33,15.67,6,1,4,2,0,0,6,False,64.0,Advanced,6,94,Near_Eligible,7,30,0,OJT_Ready_Stage,6.0,99.98
5,5.94,120,85,35,70.83,17.0,15,1,3,0,0,0,7,False,73.5,Advanced,15,85,Near_Eligible,4,60,2,Moderate_Planning_Gap,7.5,100.0
6,6.13,120,102,18,85.0,17.0,0,1,2,0,1,0,7,True,79.0,Near_Completion,0,100,Eligible,4,60,1,Approaching_OJT,0.0,100.0
4,7.72,120,81,39,67.5,20.25,19,0,0,1,0,0,6,False,74.5,Advanced,19,81,Near_Eligible,1,90,2,Moderate_Planning_Gap,9.5,100.0
5,7.98,120,97,23,80.83,19.4,3,1,1,1,0,0,6,False,77.5,Near_Completion,3,97,Near_Eligible,3,70,1,Approaching_OJT,3.0,100.0
4,8.33,120,70,50,58.33,17.5,30,0,2,1,0,0,5,False,65.0,Developing,30,70,Moderate_Gap,3,70,1,Approaching_OJT,30.0,100.0
4,8.23,120,71,49,59.17,17.75,29,1,2,0,0,0,6,False,68.5,Developing,29,71,Moderate_Gap,3,70,2,Moderate_Planning_Gap,14.5,100.0
2,8.0,120,39,81,32.5,19.5,61,0,2,0,0,0,6,False,55.5,Developing,61,39,Far_From_Eligible,2,80,4,Long_Term_Planning,15.25,100.0
1,9.81,120,20,100,16.67,20.0,80,0,0,0,0,0,5,False,50.0,Early,80,20,Far_From_Eligible,0,100,4,Long_Term_Planning,20.0,100.0
1,6.24,120,17,103,14.17,17.0,83,1,1,1,0,0,6,False,37.5,Early,83,17,Far_From_Eligible,3,70,5,Long_Term_Planning,16.6,100.0
5,6.53,120,89,31,74.17,17.8,11,2,3,2,1,0,6,False,55.5,Advanced,11,89,Near_Eligible,8,20,1,Approaching_OJT,11.0,100.0
1,6.55,120,18,102,15.0,18.0,82,1,1,0,0,0,5,False,44.0,Early,82,18,Far_From_Eligible,2,80,4,Long_Term_Planning,20.5,100.0
3,7.16,120,41,79,34.17,13.67,59,4,2,2,0,0,5,False,32.5,Developing,59,41,Far_From_Eligible,8,20,2,Moderate_Planning_Gap,29.5,99.98
6,6.44,120,92,28,76.67,15.33,8,2,2,0,1,0,7,False,71.0,Advanced,8,92,Near_Eligible,5,50,1,Approaching_OJT,8.0,100.0
6,5.6,120,87,33,72.5,14.5,13,4,5,1,2,0,7,False,45.5,Advanced,13,87,Near_Eligible,12,0,1,Approaching_OJT,13.0,100.0
3,6.79,120,42,78,35.0,14.0,58,1,2,0,1,0,6,False,49.0,Developing,58,42,Far_From_Eligible,4,60,3,Long_Term_Planning,19.33,100.0
1,7.51,120,20,100,16.67,20.0,80,1,2,0,0,0,6,False,43.0,Early,80,20,Far_From_Eligible,3,70,5,Long_Term_Planning,16.0,100.0
6,6.35,120,99,21,82.5,16.5,1,1,3,0,0,0,6,False,80.5,Near_Completion,1,99,Near_Eligible,4,60,0,OJT_Ready_Stage,1.0,100.0
1,6.84,120,17,103,14.17,17.0,83,3,3,0,0,0,5,False,33.5,Early,83,17,Far_From_Eligible,6,40,4,Long_Term_Planning,20.75,100.0
3,8.55,120,63,57,52.5,21.0,37,0,0,0,0,0,6,False,71.5,Developing,37,63,Moderate_Gap,0,100,3,Long_Term_Planning,12.33,100.0
3,6.75,120,46,74,38.33,15.33,54,1,4,2,0,0,5,False,40.0,Developing,54,46,Far_From_Eligible,7,30,2,Moderate_Planning_Gap,27.0,100.0
4,6.51,120,73,47,60.83,18.25,27,2,3,2,1,0,6,False,47.5,Advanced,27,73,Moderate_Gap,8,20,2,Moderate_Planning_Gap,13.5,100.0
2,6.04,120,30,90,25.0,15.0,70,2,4,0,0,0,5,False,41.0,Early,70,30,Far_From_Eligible,6,40,3,Long_Term_Planning,23.33,100.0
5,5.48,120,82,38,68.33,16.4,18,5,5,2,2,0,7,False,34.0,Advanced,18,82,Near_Eligible,14,0,2,Moderate_Planning_Gap,9.0,100.0
5,8.69,120,98,22,81.67,19.6,2,0,0,0,0,0,7,False,89.0,Near_Completion,2,98,Near_Eligible,0,100,2,Moderate_Planning_Gap,1.0,100.0
5,8.8,120,103,17,85.83,20.6,0,0,0,0,0,0,6,True,91.5,Near_Completion,0,100,Eligible,0,100,1,Approaching_OJT,0.0,100.0
3,9.3,120,55,65,45.83,18.33,45,0,0,0,0,0,5,False,67.5,Developing,45,55,Moderate_Gap,0,100,2,Moderate_Planning_Gap,22.5,100.0
3,7.61,120,63,57,52.5,21.0,37,0,1,1,0,0,6,False,63.5,Developing,37,63,Moderate_Gap,2,80,3,Long_Term_Planning,12.33,100.0
1,6.39,120,19,101,15.83,19.0,81,1,4,2,1,0,5,False,21.5,Early,81,19,Far_From_Eligible,8,20,4,Long_Term_Planning,20.25,100.0
7,7.57,120,117,3,97.5,16.71,0,1,2,0,0,0,8,True,91.5,Near_Completion,0,100,Eligible,3,70,1,Approaching_OJT,0.0,100.0
5,6.63,120,92,28,76.67,18.4,8,2,3,2,0,0,6,False,62.0,Advanced,8,92,Near_Eligible,7,30,1,Approaching_OJT,8.0,100.0
2,6.69,120,34,86,28.33,17.0,66,2,2,0,0,0,5,False,47.0,Early,66,34,Far_From_Eligible,4,60,3,Long_Term_Planning,22.0,100.0
1,6.33,120,17,103,14.17,17.0,83,2,3,2,0,0,5,False,24.5,Early,83,17,Far_From_Eligible,7,30,4,Long_Term_Planning,20.75,100.0
2,7.3,120,43,77,35.83,21.5,57,1,2,1,0,0,6,False,48.5,Developing,57,43,Far_From_Eligible,4,60,4,Long_Term_Planning,14.25,100.0
4,6.76,120,63,57,52.5,15.75,37,2,2,0,0,0,5,False,61.5,Developing,37,63,Moderate_Gap,4,60,1,Approaching_OJT,37.0,100.0
5,6.94,120,94,26,78.33,18.8,6,1,4,2,0,0,7,False,64.0,Advanced,6,94,Near_Eligible,7,30,2,Moderate_Planning_Gap,3.0,100.0
3,7.58,120,59,61,49.17,19.67,41,1,1,1,0,0,5,False,58.5,Developing,41,59,Moderate_Gap,3,70,2,Moderate_Planning_Gap,20.5,99.98
5,7.09,120,92,28,76.67,18.4,8,1,2,0,0,0,7,False,79.0,Advanced,8,92,Near_Eligible,3,70,2,Moderate_Planning_Gap,4.0,100.0
4,6.01,120,63,57,52.5,15.75,37,1,2,1,0,0,6,False,58.5,Developing,37,63,Moderate_Gap,4,60,2,Moderate_Planning_Gap,18.5,100.0
6,8.41,120,104,16,86.67,17.33,0,1,0,0,0,0,7,True,89.0,Near_Completion,0,100,Eligible,1,90,1,Approaching_OJT,0.0,100.0
5,9.23,120,95,25,79.17,19.0,5,0,0,0,0,0,6,False,87.5,Advanced,5,95,Near_Eligible,0,100,1,Approaching_OJT,5.0,100.0
7,6.94,120,110,10,91.67,15.71,0,1,3,1,1,0,8,False,75.0,Near_Completion,0,100,Eligible,6,40,1,Approaching_OJT,0.0,100.0
5,4.33,120,62,58,51.67,12.4,38,6,8,2,3,1,6,False,2.0,Developing,38,62,Moderate_Gap,20,0,1,Approaching_OJT,38.0,100.0
3,6.51,120,42,78,35.0,14.0,58,4,5,1,1,0,6,False,28.0,Developing,58,42,Far_From_Eligible,11,0,3,Long_Term_Planning,19.33,100.0
4,6.36,120,71,49,59.17,17.75,29,2,2,0,1,0,5,False,60.5,Developing,29,71,Moderate_Gap,5,50,1,Approaching_OJT,29.0,100.0
7,7.19,120,113,7,94.17,16.14,0,0,2,0,0,0,8,True,92.5,Near_Completion,0,100,Eligible,2,80,1,Approaching_OJT,0.0,100.0
4,9.95,120,72,48,60.0,18.0,28,0,0,0,0,0,5,False,76.0,Advanced,28,72,Moderate_Gap,0,100,1,Approaching_OJT,28.0,100.0
6,5.31,120,94,26,78.33,15.67,6,4,5,2,1,1,6,False,40.0,Advanced,6,94,Near_Eligible,13,0,0,OJT_Ready_Stage,6.0,99.98
4,6.58,120,68,52,56.67,17.0,32,2,4,2,1,0,6,False,43.0,Developing,32,68,Moderate_Gap,9,10,2,Moderate_Planning_Gap,16.0,100.0
3,6.48,120,37,83,30.83,12.33,63,4,3,1,1,0,5,False,29.5,Developing,63,37,Far_From_Eligible,9,10,2,Moderate_Planning_Gap,31.5,100.0
4,8.37,120,76,44,63.33,19.0,24,0,1,1,0,0,5,False,70.0,Advanced,24,76,Moderate_Gap,2,80,1,Approaching_OJT,24.0,100.0
2,7.23,120,45,75,37.5,22.5,55,1,1,1,0,0,5,False,51.5,Developing,55,45,Far_From_Eligible,3,70,3,Long_Term_Planning,18.33,100.0
2,7.83,120,43,77,35.83,21.5,57,1,1,0,0,0,6,False,56.5,Developing,57,43,Far_From_Eligible,2,80,4,Long_Term_Planning,14.25,100.0
6,8.25,120,109,11,90.83,18.17,0,1,0,0,0,0,7,True,91.5,Near_Completion,0,100,Eligible,1,90,1,Approaching_OJT,0.0,99.98
7,8.58,120,118,2,98.33,16.86,0,0,0,0,0,0,8,True,99.0,Near_Completion,0,100,Eligible,0,100,1,Approaching_OJT,0.0,99.98
5,7.01,120,86,34,71.67,17.2,14,2,5,1,0,0,6,False,61.0,Advanced,14,86,Near_Eligible,8,20,1,Approaching_OJT,14.0,100.0
7,7.7,120,116,4,96.67,16.57,0,1,1,1,0,0,8,False,87.0,Near_Completion,0,100,Eligible,3,70,1,Approaching_OJT,0.0,100.0
8,6.62,120,120,0,100.0,15.0,0,2,4,2,0,0,8,False,74.0,Near_Completion,0,100,Eligible,8,20,0,OJT_Ready_Stage,0.0,100.0
3,5.02,120,40,80,33.33,13.33,60,5,5,1,1,0,6,False,24.0,Developing,60,40,Far_From_Eligible,12,0,3,Long_Term_Planning,20.0,100.0
2,6.2,120,37,83,30.83,18.5,63,2,1,0,0,0,6,False,50.5,Developing,63,37,Far_From_Eligible,3,70,4,Long_Term_Planning,15.75,100.0
7,6.95,120,115,5,95.83,16.43,0,3,3,2,1,0,8,False,65.5,Near_Completion,0,100,Eligible,9,10,1,Approaching_OJT,0.0,99.99
3,6.57,120,40,80,33.33,13.33,60,4,5,0,0,0,6,False,38.0,Developing,60,40,Far_From_Eligible,9,10,3,Long_Term_Planning,20.0,100.0
2,6.08,120,36,84,30.0,18.0,64,1,1,0,1,0,6,False,48.0,Developing,64,36,Far_From_Eligible,3,70,4,Long_Term_Planning,16.0,100.0
4,6.01,120,68,52,56.67,17.0,32,2,4,0,1,0,5,False,55.0,Developing,32,68,Moderate_Gap,7,30,1,Approaching_OJT,32.0,100.0
4,7.25,120,77,43,64.17,19.25,23,0,0,1,0,0,6,False,72.5,Advanced,23,77,Moderate_Gap,1,90,2,Moderate_Planning_Gap,11.5,100.0
4,7.21,120,74,46,61.67,18.5,26,1,2,0,0,0,5,False,70.0,Advanced,26,74,Moderate_Gap,3,70,1,Approaching_OJT,26.0,100.0
5,8.68,120,104,16,86.67,20.8,0,0,0,0,0,0,6,True,92.0,Near_Completion,0,100,Eligible,0,100,1,Approaching_OJT,0.0,100.0
5,7.3,120,98,22,81.67,19.6,2,1,1,1,0,0,6,False,78.0,Near_Completion,2,98,Near_Eligible,3,70,1,Approaching_OJT,2.0,100.0
5,7.86,120,98,22,81.67,19.6,2,1,1,1,0,0,7,False,78.0,Near_Completion,2,98,Near_Eligible,3,70,2,Moderate_Planning_Gap,1.0,100.0
4,6.43,120,60,60,50.0,15.0,40,2,4,1,1,0,6,False,45.0,Developing,40,60,Moderate_Gap,8,20,2,Moderate_Planning_Gap,20.0,100.0
4,4.17,120,41,79,34.17,10.25,59,6,6,4,3,2,6,False,0.0,Developing,59,41,Far_From_Eligible,21,0,2,Moderate_Planning_Gap,29.5,100.0
4,5.34,120,60,60,50.0,15.0,40,4,6,3,1,1,5,False,15.0,Developing,40,60,Moderate_Gap,15,0,1,Approaching_OJT,40.0,100.0
1,6.71,120,17,103,14.17,17.0,83,1,1,0,0,0,5,False,43.5,Early,83,17,Far_From_Eligible,2,80,4,Long_Term_Planning,20.75,100.0
4,7.08,120,73,47,60.83,18.25,27,0,1,0,0,0,6,False,74.5,Advanced,27,73,Moderate_Gap,1,90,2,Moderate_Planning_Gap,13.5,100.0
6,6.81,120,92,28,76.67,15.33,8,1,4,1,0,0,6,False,69.0,Advanced,8,92,Near_Eligible,6,40,0,OJT_Ready_Stage,8.0,100.0
3,6.35,120,45,75,37.5,15.0,55,1,2,1,0,0,5,False,49.5,Developing,55,45,Far_From_Eligible,4,60,2,Moderate_Planning_Gap,27.5,100.0
4,5.18,120,64,56,53.33,16.0,36,3,5,1,1,1,5,False,34.0,Developing,36,64,Moderate_Gap,11,0,1,Approaching_OJT,36.0,100.0
4,6.32,120,72,48,60.0,18.0,28,2,2,2,1,0,6,False,49.0,Advanced,28,72,Moderate_Gap,7,30,2,Moderate_Planning_Gap,14.0,100.0
4,8.13,120,73,47,60.83,18.25,27,0,2,1,0,0,6,False,66.5,Advanced,27,73,Moderate_Gap,3,70,2,Moderate_Planning_Gap,13.5,100.0
4,6.28,120,74,46,61.67,18.5,26,3,2,2,0,0,5,False,52.0,Advanced,26,74,Moderate_Gap,7,30,1,Approaching_OJT,26.0,100.0
1,7.69,120,22,98,18.33,22.0,78,0,2,0,0,0,6,False,47.0,Early,78,22,Far_From_Eligible,2,80,5,Long_Term_Planning,15.6,100.0
3,5.82,120,45,75,37.5,15.0,55,1,3,0,1,0,5,False,48.5,Developing,55,45,Far_From_Eligible,5,50,2,Moderate_Planning_Gap,27.5,100.0
7,7.2,120,117,3,97.5,16.71,0,0,0,0,0,0,8,True,98.5,Near_Completion,0,100,Eligible,0,100,1,Approaching_OJT,0.0,100.0
3,7.8,120,53,67,44.17,17.67,47,0,1,0,0,0,6,False,64.5,Developing,47,53,Moderate_Gap,1,90,3,Long_Term_Planning,15.67,99.98
3,7.84,120,56,64,46.67,18.67,44,1,2,1,0,0,5,False,55.0,Developing,44,56,Moderate_Gap,4,60,2,Moderate_Planning_Gap,22.0,99.98
2,6.43,120,29,91,24.17,14.5,71,2,2,2,1,0,6,False,27.5,Early,71,29,Far_From_Eligible,7,30,4,Long_Term_Planning,17.75,100.0
2,8.06,120,39,81,32.5,19.5,61,0,0,0,0,0,5,False,59.5,Developing,61,39,Far_From_Eligible,0,100,3,Long_Term_Planning,20.33,100.0
3,5.47,120,50,70,41.67,16.67,50,3,6,2,1,0,5,False,27.0,Developing,50,50,Moderate_Gap,12,0,2,Moderate_Planning_Gap,25.0,99.98
5,6.49,120,86,34,71.67,17.2,14,2,2,1,1,0,7,False,62.0,Advanced,14,86,Near_Eligible,6,40,2,Moderate_Planning_Gap,7.0,100.0
1,8.35,120,21,99,17.5,21.0,79,0,1,0,0,0,5,False,48.5,Early,79,21,Far_From_Eligible,1,90,4,Long_Term_Planning,19.75,100.0
4,8.02,120,82,38,68.33,20.5,18,1,2,1,0,0,5,False,68.0,Advanced,18,82,Near_Eligible,4,60,1,Approaching_OJT,18.0,100.0
4,8.14,120,69,51,57.5,17.25,31,1,0,1,0,0,5,False,65.5,Developing,31,69,Moderate_Gap,2,80,1,Approaching_OJT,31.0,100.0
6,5.3,120,84,36,70.0,14.0,16,5,6,1,2,0,7,False,39.0,Advanced,16,84,Near_Eligible,14,0,1,Approaching_OJT,16.0,100.0
6,7.76,120,109,11,90.83,18.17,0,1,2,0,0,0,7,True,87.5,Near_Completion,0,100,Eligible,3,70,1,Approaching_OJT,0.0,99.98
5,6.97,120,82,38,68.33,16.4,18,1,2,1,0,0,6,False,68.0,Advanced,18,82,Near_Eligible,4,60,1,Approaching_OJT,18.0,100.0
4,5.58,120,64,56,53.33,16.0,36,5,5,2,1,1,5,False,22.0,Developing,36,64,Moderate_Gap,14,0,1,Approaching_OJT,36.0,100.0
8,8.19,120,114,6,95.0,14.25,0,0,0,1,0,0,8,False,91.0,Near_Completion,0,100,Eligible,1,90,0,OJT_Ready_Stage,0.0,100.0
3,6.68,120,49,71,40.83,16.33,51,1,3,1,1,0,6,False,44.5,Developing,51,49,Far_From_Eligible,6,40,3,Long_Term_Planning,17.0,100.0
1,6.33,120,19,101,15.83,19.0,81,3,2,1,0,0,6,False,30.5,Early,81,19,Far_From_Eligible,6,40,5,Long_Term_Planning,16.2,100.0
5,6.49,120,94,26,78.33,18.8,6,3,2,0,1,0,6,False,69.0,Advanced,6,94,Near_Eligible,6,40,1,Approaching_OJT,6.0,100.0
6,7.98,120,101,19,84.17,16.83,0,1,2,0,0,0,6,True,83.5,Near_Completion,0,100,Eligible,3,70,0,OJT_Ready_Stage,0.0,100.0
3,8.43,120,51,69,42.5,17.0,49,0,2,0,0,0,5,False,61.5,Developing,49,51,Moderate_Gap,2,80,2,Moderate_Planning_Gap,24.5,100.0
2,8.06,120,34,86,28.33,17.0,66,1,0,0,0,0,6,False,54.0,Early,66,34,Far_From_Eligible,1,90,4,Long_Term_Planning,16.5,100.0
7,7.9,120,112,8,93.33,16.0,0,0,2,0,0,0,8,True,92.0,Near_Completion,0,100,Eligible,2,80,1,Approaching_OJT,0.0,100.0
5,3.72,120,57,63,47.5,11.4,43,8,8,4,3,2,6,False,0.0,Developing,43,57,Moderate_Gap,25,0,1,Approaching_OJT,43.0,100.0
2,9.9,120,46,74,38.33,23.0,54,0,0,0,0,0,5,False,63.0,Developing,54,46,Far_From_Eligible,0,100,3,Long_Term_Planning,18.0,100.0
4,7.24,120,80,40,66.67,20.0,20,0,1,0,0,0,5,False,78.0,Advanced,20,80,Near_Eligible,1,90,1,Approaching_OJT,20.0,100.0
2,6.72,120,36,84,30.0,18.0,64,1,4,1,0,0,6,False,41.0,Developing,64,36,Far_From_Eligible,6,40,4,Long_Term_Planning,16.0,100.0
4,8.8,120,80,40,66.67,20.0,20,0,0,0,0,0,6,False,80.0,Advanced,20,80,Near_Eligible,0,100,2,Moderate_Planning_Gap,10.0,100.0
6,7.73,120,111,9,92.5,18.5,0,1,1,0,0,0,7,True,90.5,Near_Completion,0,100,Eligible,2,80,1,Approaching_OJT,0.0,100.0
3,8.03,120,59,61,49.17,19.67,41,0,2,1,0,0,6,False,59.5,Developing,41,59,Moderate_Gap,3,70,3,Long_Term_Planning,13.67,99.98
4,6.03,120,62,58,51.67,15.5,38,3,1,0,1,0,5,False,55.0,Developing,38,62,Moderate_Gap,5,50,1,Approaching_OJT,38.0,100.0
5,6.23,120,90,30,75.0,18.0,10,1,2,0,1,0,6,False,73.0,Advanced,10,90,Near_Eligible,4,60,1,Approaching_OJT,10.0,100.0
5,6.68,120,83,37,69.17,16.6,17,2,1,2,0,0,6,False,61.5,Advanced,17,83,Near_Eligible,5,50,1,Approaching_OJT,17.0,100.0
4,5.14,120,67,53,55.83,16.75,33,4,4,3,1,0,5,False,30.5,Developing,33,67,Moderate_Gap,12,0,1,Approaching_OJT,33.0,100.0
5,6.69,120,81,39,67.5,16.2,19,3,5,1,1,0,6,False,50.5,Advanced,19,81,Near_Eligible,10,0,1,Approaching_OJT,19.0,100.0
6,7.21,120,100,20,83.33,16.67,0,1,1,1,0,0,7,False,79.0,Near_Completion,0,100,Eligible,3,70,1,Approaching_OJT,0.0,99.98
3,5.42,120,40,80,33.33,13.33,60,3,4,2,1,0,6,False,26.0,Developing,60,40,Far_From_Eligible,10,0,3,Long_Term_Planning,20.0,100.0
6,8.72,120,106,14,88.33,17.67,0,0,0,0,0,0,7,True,93.0,Near_Completion,0,100,Eligible,0,100,1,Approaching_OJT,0.0,99.98
2,6.01,120,39,81,32.5,19.5,61,2,3,1,0,0,5,False,41.5,Developing,61,39,Far_From_Eligible,6,40,3,Long_Term_Planning,20.33,100.0
7,8.21,120,114,6,95.0,16.29,0,0,0,0,0,0,8,True,97.0,Near_Completion,0,100,Eligible,0,100,1,Approaching_OJT,0.0,99.97
5,6.72,120,82,38,68.33,16.4,18,3,4,1,0,0,7,False,58.0,Advanced,18,82,Near_Eligible,8,20,2,Moderate_Planning_Gap,9.0,100.0
6,6.48,120,92,28,76.67,15.33,8,1,4,1,0,0,6,False,69.0,Advanced,8,92,Near_Eligible,6,40,0,OJT_Ready_Stage,8.0,100.0
3,8.07,120,59,61,49.17,19.67,41,0,1,1,0,0,6,False,61.5,Developing,41,59,Moderate_Gap,2,80,3,Long_Term_Planning,13.67,99.98
3,6.17,120,47,73,39.17,15.67,53,1,4,1,1,0,6,False,41.5,Developing,53,47,Far_From_Eligible,7,30,3,Long_Term_Planning,17.67,99.98
5,6.34,120,88,32,73.33,17.6,12,2,2,1,0,0,7,False,68.0,Advanced,12,88,Near_Eligible,5,50,2,Moderate_Planning_Gap,6.0,100.0
4,9.18,120,78,42,65.0,19.5,22,0,0,0,0,0,6,False,79.0,Advanced,22,78,Moderate_Gap,0,100,2,Moderate_Planning_Gap,11.0,100.0
5,7.21,120,95,25,79.17,19.0,5,0,0,1,0,0,6,False,81.5,Advanced,5,95,Near_Eligible,1,90,1,Approaching_OJT,5.0,100.0
2,8.32,120,42,78,35.0,21.0,58,1,0,1,0,0,6,False,52.0,Developing,58,42,Far_From_Eligible,2,80,4,Long_Term_Planning,14.5,100.0
4,6.13,120,62,58,51.67,15.5,38,2,4,1,0,0,6,False,51.0,Developing,38,62,Moderate_Gap,7,30,2,Moderate_Planning_Gap,19.0,100.0
2,8.07,120,43,77,35.83,21.5,57,0,2,0,0,0,6,False,57.5,Developing,57,43,Far_From_Eligible,2,80,4,Long_Term_Planning,14.25,100.0
3,8.81,120,65,55,54.17,21.67,35,0,0,0,0,0,6,False,72.5,Developing,35,65,Moderate_Gap,0,100,3,Long_Term_Planning,11.67,99.98
2,5.44,120,25,95,20.83,12.5,75,3,3,1,1,1,5,False,18.5,Early,75,25,Far_From_Eligible,9,10,3,Long_Term_Planning,25.0,100.0
6,4.57,120,74,46,61.67,12.33,26,8,6,4,2,1,7,False,0.0,Advanced,26,74,Moderate_Gap,21,0,1,Approaching_OJT,26.0,100.0
4,6.74,120,66,54,55.0,16.5,34,2,4,1,0,0,5,False,53.0,Developing,34,66,Moderate_Gap,7,30,1,Approaching_OJT,34.0,100.0
5,8.44,120,97,23,80.83,19.4,3,0,0,1,0,0,6,False,82.5,Near_Completion,3,97,Near_Eligible,1,90,1,Approaching_OJT,3.0,100.0
4,6.58,120,72,48,60.0,18.0,28,3,1,1,1,0,6,False,54.0,Advanced,28,72,Moderate_Gap,6,40,2,Moderate_Planning_Gap,14.0,100.0
3,8.41,120,51,69,42.5,17.0,49,0,1,0,0,0,5,False,63.5,Developing,49,51,Moderate_Gap,1,90,2,Moderate_Planning_Gap,24.5,100.0
3,8.25,120,55,65,45.83,18.33,45,0,2,0,0,0,6,False,63.5,Developing,45,55,Moderate_Gap,2,80,3,Long_Term_Planning,15.0,100.0
5,5.14,120,84,36,70.0,16.8,16,4,4,2,2,0,7,False,40.0,Advanced,16,84,Near_Eligible,12,0,2,Moderate_Planning_Gap,8.0,100.0
6,7.12,120,100,20,83.33,16.67,0,0,2,0,0,0,6,True,86.0,Near_Completion,0,100,Eligible,2,80,0,OJT_Ready_Stage,0.0,99.98
4,7.5,120,80,40,66.67,20.0,20,1,0,0,0,0,5,False,77.0,Advanced,20,80,Near_Eligible,1,90,1,Approaching_OJT,20.0,100.0
2,7.1,120,38,82,31.67,19.0,62,1,1,1,0,0,5,False,48.0,Developing,62,38,Far_From_Eligible,3,70,3,Long_Term_Planning,20.67,100.0
3,7.5,120,51,69,42.5,17.0,49,0,1,0,0,0,6,False,63.5,Developing,49,51,Moderate_Gap,1,90,3,Long_Term_Planning,16.33,100.0
6,8.3,120,108,12,90.0,18.0,0,0,0,0,0,0,6,True,94.0,Near_Completion,0,100,Eligible,0,100,0,OJT_Ready_Stage,0.0,100.0
6,6.36,120,107,13,89.17,17.83,0,2,4,2,1,0,7,False,62.5,Near_Completion,0,100,Eligible,9,10,1,Approaching_OJT,0.0,100.0
6,7.97,120,103,17,85.83,17.17,0,1,0,0,0,0,7,True,88.5,Near_Completion,0,100,Eligible,1,90,1,Approaching_OJT,0.0,99.98
3,5.96,120,48,72,40.0,16.0,52,2,3,1,0,0,6,False,46.0,Developing,52,48,Far_From_Eligible,6,40,3,Long_Term_Planning,17.33,100.0
3,5.86,120,53,67,44.17,17.67,47,2,4,1,0,0,5,False,46.5,Developing,47,53,Moderate_Gap,7,30,2,Moderate_Planning_Gap,23.5,99.98
3,6.62,120,53,67,44.17,17.67,47,3,1,2,1,0,6,False,38.5,Developing,47,53,Moderate_Gap,7,30,3,Long_Term_Planning,15.67,99.98
1,9.13,120,18,102,15.0,18.0,82,0,0,0,0,0,6,False,49.0,Early,82,18,Far_From_Eligible,0,100,5,Long_Term_Planning,16.4,100.0
3,6.65,120,50,70,41.67,16.67,50,1,4,1,0,0,5,False,48.0,Developing,50,50,Moderate_Gap,6,40,2,Moderate_Planning_Gap,25.0,99.98
5,6.17,120,83,37,69.17,16.6,17,2,2,2,0,0,7,False,59.5,Advanced,17,83,Near_Eligible,6,40,2,Moderate_Planning_Gap,8.5,100.0
3,8.26,120,56,64,46.67,18.67,44,1,0,0,0,0,6,False,65.0,Developing,44,56,Moderate_Gap,1,90,3,Long_Term_Planning,14.67,99.98
2,3.91,120,18,102,15.0,9.0,82,6,6,2,2,1,5,False,0.0,Early,82,18,Far_From_Eligible,17,0,3,Long_Term_Planning,27.33,100.0
4,6.43,120,75,45,62.5,18.75,25,3,1,2,0,0,6,False,54.5,Advanced,25,75,Moderate_Gap,6,40,2,Moderate_Planning_Gap,12.5,100.0
5,4.27,120,62,58,51.67,12.4,38,8,8,2,3,2,7,False,0.0,Developing,38,62,Moderate_Gap,23,0,2,Moderate_Planning_Gap,19.0,100.0
8,7.7,120,114,6,95.0,14.25,0,0,0,1,0,0,8,False,91.0,Near_Completion,0,100,Eligible,1,90,0,OJT_Ready_Stage,0.0,100.0
7,6.52,120,104,16,86.67,14.86,0,1,4,1,0,0,8,False,75.0,Near_Completion,0,100,Eligible,6,40,1,Approaching_OJT,0.0,99.98
5,7.25,120,96,24,80.0,19.2,4,1,1,0,0,0,6,False,83.0,Near_Completion,4,96,Near_Eligible,2,80,1,Approaching_OJT,4.0,100.0
4,5.45,120,62,58,51.67,15.5,38,4,6,2,1,1,5,False,22.0,Developing,38,62,Moderate_Gap,14,0,1,Approaching_OJT,38.0,100.0
5,3.89,120,55,65,45.83,11.0,45,6,8,3,3,1,7,False,0.0,Developing,45,55,Moderate_Gap,21,0,2,Moderate_Planning_Gap,22.5,100.0
7,7.49,120,117,3,97.5,16.71,0,0,0,0,0,0,8,True,98.5,Near_Completion,0,100,Eligible,0,100,1,Approaching_OJT,0.0,100.0
8,6.33,120,112,8,93.33,14.0,0,2,4,1,1,0,8,False,71.0,Near_Completion,0,100,Eligible,8,20,0,OJT_Ready_Stage,0.0,100.0
3,6.27,120,45,75,37.5,15.0,55,4,5,1,1,0,6,False,29.5,Developing,55,45,Far_From_Eligible,11,0,3,Long_Term_Planning,18.33,100.0
6,5.09,120,92,28,76.67,15.33,8,5,6,3,1,0,7,False,36.0,Advanced,8,92,Near_Eligible,15,0,1,Approaching_OJT,8.0,100.0
5,7.51,120,96,24,80.0,19.2,4,0,1,1,0,0,6,False,80.0,Near_Completion,4,96,Near_Eligible,2,80,1,Approaching_OJT,4.0,100.0
5,8.42,120,95,25,79.17,19.0,5,1,0,1,0,0,7,False,78.5,Advanced,5,95,Near_Eligible,2,80,2,Moderate_Planning_Gap,2.5,100.0
4,6.09,120,73,47,60.83,18.25,27,3,4,2,0,0,6,False,47.5,Advanced,27,73,Moderate_Gap,9,10,2,Moderate_Planning_Gap,13.5,100.0
3,7.78,120,59,61,49.17,19.67,41,1,2,0,0,0,6,False,62.5,Developing,41,59,Moderate_Gap,3,70,3,Long_Term_Planning,13.67,99.98
7,4.14,120,90,30,75.0,12.86,10,8,7,4,3,2,8,False,0.0,Advanced,10,90,Near_Eligible,24,0,1,Approaching_OJT,10.0,99.98
3,6.58,120,45,75,37.5,15.0,55,2,1,2,1,0,6,False,37.5,Developing,55,45,Far_From_Eligible,6,40,3,Long_Term_Planning,18.33,100.0
4,8.79,120,75,45,62.5,18.75,25,0,0,0,0,0,5,False,77.5,Advanced,25,75,Moderate_Gap,0,100,1,Approaching_OJT,25.0,100.0
6,6.75,120,107,13,89.17,17.83,0,1,3,1,0,0,7,False,78.5,Near_Completion,0,100,Eligible,5,50,1,Approaching_OJT,0.0,100.0
3,8.43,120,62,58,51.67,20.67,38,0,1,0,0,0,5,False,69.0,Developing,38,62,Moderate_Gap,1,90,2,Moderate_Planning_Gap,19.0,99.98
3,9.93,120,64,56,53.33,21.33,36,0,0,0,0,0,6,False,72.0,Developing,36,64,Moderate_Gap,0,100,3,Long_Term_Planning,12.0,100.0
4,6.5,120,59,61,49.17,14.75,41,1,4,0,0,0,5,False,58.5,Developing,41,59,Moderate_Gap,5,50,1,Approaching_OJT,41.0,100.0
5,5.93,120,72,48,60.0,14.4,28,5,5,1,2,1,6,False,27.0,Advanced,28,72,Moderate_Gap,14,0,1,Approaching_OJT,28.0,100.0
4,8.42,120,68,52,56.67,17.0,32,0,1,1,0,0,6,False,66.0,Developing,32,68,Moderate_Gap,2,80,2,Moderate_Planning_Gap,16.0,100.0
3,9.67,120,64,56,53.33,21.33,36,0,0,0,0,0,5,False,72.0,Developing,36,64,Moderate_Gap,0,100,2,Moderate_Planning_Gap,18.0,100.0
7,6.58,120,105,15,87.5,15.0,0,1,3,0,0,0,8,True,83.5,Near_Completion,0,100,Eligible,4,60,1,Approaching_OJT,0.0,100.0
3,6.73,120,49,71,40.83,16.33,51,2,4,0,1,0,5,False,45.5,Developing,51,49,Far_From_Eligible,7,30,2,Moderate_Planning_Gap,25.5,100.0
3,5.36,120,45,75,37.5,15.0,55,4,6,3,1,1,6,False,7.5,Developing,55,45,Far_From_Eligible,15,0,3,Long_Term_Planning,18.33,100.0
4,6.36,120,60,60,50.0,15.0,40,3,4,2,1,0,5,False,36.0,Developing,40,60,Moderate_Gap,10,0,1,Approaching_OJT,40.0,100.0
7,7.44,120,109,11,90.83,15.57,0,1,2,1,0,0,8,False,81.5,Near_Completion,0,100,Eligible,4,60,1,Approaching_OJT,0.0,100.0
3,9.41,120,66,54,55.0,22.0,34,0,0,0,0,0,5,False,73.0,Developing,34,66,Moderate_Gap,0,100,2,Moderate_Planning_Gap,17.0,100.0
3,8.16,120,59,61,49.17,19.67,41,0,2,1,0,0,5,False,59.5,Developing,41,59,Moderate_Gap,3,70,2,Moderate_Planning_Gap,20.5,99.98
6,5.94,120,92,28,76.67,15.33,8,3,6,1,1,1,6,False,46.0,Advanced,8,92,Near_Eligible,12,0,0,OJT_Ready_Stage,8.0,100.0
3,3.63,120,37,83,30.83,12.33,63,6,6,2,2,2,5,False,0.0,Developing,63,37,Far_From_Eligible,18,0,2,Moderate_Planning_Gap,31.5,100.0
3,9.38,120,65,55,54.17,21.67,35,0,0,0,0,0,5,False,72.5,Developing,35,65,Moderate_Gap,0,100,2,Moderate_Planning_Gap,17.5,99.98
7,6.51,120,103,17,85.83,14.71,0,3,5,2,1,0,8,False,55.5,Near_Completion,0,100,Eligible,11,0,1,Approaching_OJT,0.0,100.0
4,9.91,120,78,42,65.0,19.5,22,0,0,0,0,0,5,False,79.0,Advanced,22,78,Moderate_Gap,0,100,1,Approaching_OJT,22.0,100.0
2,8.48,120,35,85,29.17,17.5,65,1,0,0,0,0,5,False,54.5,Early,65,35,Far_From_Eligible,1,90,3,Long_Term_Planning,21.67,100.0
1,7.65,120,21,99,17.5,21.0,79,0,0,1,0,0,5,False,44.5,Early,79,21,Far_From_Eligible,1,90,4,Long_Term_Planning,19.75,100.0
4,6.26,120,63,57,52.5,15.75,37,3,2,2,1,0,5,False,41.5,Developing,37,63,Moderate_Gap,8,20,1,Approaching_OJT,37.0,100.0
1,6.72,120,17,103,14.17,17.0,83,2,2,2,1,0,6,False,21.5,Early,83,17,Far_From_Eligible,7,30,5,Long_Term_Planning,16.6,100.0
5,4.2,120,69,51,57.5,13.8,31,7,6,2,3,2,6,False,0.0,Developing,31,69,Moderate_Gap,20,0,1,Approaching_OJT,31.0,100.0
4,5.07,120,68,52,56.67,17.0,32,5,5,1,2,1,6,False,25.0,Developing,32,68,Moderate_Gap,14,0,2,Moderate_Planning_Gap,16.0,100.0
8,6.16,120,110,10,91.67,13.75,0,2,2,1,0,0,8,False,79.0,Near_Completion,0,100,Eligible,5,50,0,OJT_Ready_Stage,0.0,100.0
1,9.79,120,18,102,15.0,18.0,82,0,0,0,0,0,5,False,49.0,Early,82,18,Far_From_Eligible,0,100,4,Long_Term_Planning,20.5,100.0
3,9.37,120,59,61,49.17,19.67,41,0,0,0,0,0,6,False,69.5,Developing,41,59,Moderate_Gap,0,100,3,Long_Term_Planning,13.67,99.98
3,7.8,120,52,68,43.33,17.33,48,0,0,0,0,0,6,False,66.0,Developing,48,52,Moderate_Gap,0,100,3,Long_Term_Planning,16.0,100.0
5,5.51,120,70,50,58.33,14.0,30,4,4,2,2,0,6,False,33.0,Developing,30,70,Moderate_Gap,12,0,1,Approaching_OJT,30.0,100.0
7,6.58,120,111,9,92.5,15.86,0,3,4,2,0,0,8,False,66.5,Near_Completion,0,100,Eligible,9,10,1,Approaching_OJT,0.0,99.98
7,6.2,120,105,15,87.5,15.0,0,2,1,1,1,0,8,False,73.5,Near_Completion,0,100,Eligible,5,50,1,Approaching_OJT,0.0,100.0
3,6.76,120,42,78,35.0,14.0,58,2,4,2,0,0,6,False,35.0,Developing,58,42,Far_From_Eligible,8,20,3,Long_Term_Planning,19.33,100.0
4,6.42,120,65,55,54.17,16.25,35,3,4,0,0,0,5,False,55.5,Developing,35,65,Moderate_Gap,7,30,1,Approaching_OJT,35.0,100.0
2,8.92,120,40,80,33.33,20.0,60,0,0,0,0,0,6,False,60.0,Developing,60,40,Far_From_Eligible,0,100,4,Long_Term_Planning,15.0,100.0
4,6.7,120,71,49,59.17,17.75,29,3,4,1,1,0,5,False,47.5,Developing,29,71,Moderate_Gap,9,10,1,Approaching_OJT,29.0,100.0
5,6.11,120,90,30,75.0,18.0,10,2,3,0,0,0,6,False,73.0,Advanced,10,90,Near_Eligible,5,50,1,Approaching_OJT,10.0,100.0
2,8.65,120,43,77,35.83,21.5,57,0,0,0,0,0,6,False,61.5,Developing,57,43,Far_From_Eligible,0,100,4,Long_Term_Planning,14.25,100.0
3,5.93,120,53,67,44.17,17.67,47,1,3,0,0,0,5,False,57.5,Developing,47,53,Moderate_Gap,4,60,2,Moderate_Planning_Gap,23.5,99.98
1,6.54,120,15,105,12.5,15.0,85,2,2,0,0,0,5,False,37.5,Early,85,15,Far_From_Eligible,4,60,4,Long_Term_Planning,21.25,100.0
6,5.41,120,94,26,78.33,15.67,6,3,4,3,2,0,6,False,42.0,Advanced,6,94,Near_Eligible,12,0,0,OJT_Ready_Stage,6.0,99.98
3,5.33,120,50,70,41.67,16.67,50,3,5,1,2,1,5,False,22.0,Developing,50,50,Moderate_Gap,12,0,2,Moderate_Planning_Gap,25.0,99.98
7,8.68,120,114,6,95.0,16.29,0,0,0,0,0,0,8,True,97.0,Near_Completion,0,100,Eligible,0,100,1,Approaching_OJT,0.0,99.97
6,6.61,120,104,16,86.67,17.33,0,2,2,2,1,0,6,False,65.0,Near_Completion,0,100,Eligible,7,30,0,OJT_Ready_Stage,0.0,100.0
5,7.95,120,95,25,79.17,19.0,5,1,1,1,0,0,6,False,76.5,Advanced,5,95,Near_Eligible,3,70,1,Approaching_OJT,5.0,100.0
6,8.64,120,106,14,88.33,17.67,0,0,0,0,0,0,6,True,93.0,Near_Completion,0,100,Eligible,0,100,0,OJT_Ready_Stage,0.0,99.98
7,5.74,120,97,23,80.83,13.86,3,3,5,1,2,1,8,False,45.5,Near_Completion,3,97,Near_Eligible,12,0,1,Approaching_OJT,3.0,99.98
6,6.5,120,92,28,76.67,15.33,8,3,4,0,1,0,7,False,64.0,Advanced,8,92,Near_Eligible,8,20,1,Approaching_OJT,8.0,100.0
3,5.6,120,47,73,39.17,15.67,53,5,3,1,2,0,5,False,26.5,Developing,53,47,Far_From_Eligible,11,0,2,Moderate_Planning_Gap,26.5,99.98
2,6.94,120,41,79,34.17,20.5,59,1,1,2,0,0,5,False,43.5,Developing,59,41,Far_From_Eligible,4,60,3,Long_Term_Planning,19.67,100.0
4,7.08,120,79,41,65.83,19.75,21,0,1,0,0,0,5,False,77.5,Advanced,21,79,Moderate_Gap,1,90,1,Approaching_OJT,21.0,100.0
3,7.28,120,59,61,49.17,19.67,41,1,0,1,0,0,5,False,60.5,Developing,41,59,Moderate_Gap,2,80,2,Moderate_Planning_Gap,20.5,99.98
6,6.96,120,93,27,77.5,15.5,7,1,4,0,0,0,7,False,75.5,Advanced,7,93,Near_Eligible,5,50,1,Approaching_OJT,7.0,100.0
6,7.32,120,102,18,85.0,17.0,0,1,0,0,0,0,7,True,88.0,Near_Completion,0,100,Eligible,1,90,1,Approaching_OJT,0.0,100.0
2,3.89,120,25,95,20.83,12.5,75,6,8,4,2,2,5,False,0.0,Early,75,25,Far_From_Eligible,22,0,3,Long_Term_Planning,25.0,100.0
5,5.04,120,71,49,59.17,14.2,29,4,6,2,2,0,6,False,29.5,Developing,29,71,Moderate_Gap,14,0,1,Approaching_OJT,29.0,100.0
2,9.61,120,46,74,38.33,23.0,54,0,0,0,0,0,5,False,63.0,Developing,54,46,Far_From_Eligible,0,100,3,Long_Term_Planning,18.0,100.0
5,7.76,120,99,21,82.5,19.8,1,1,2,1,0,0,7,False,76.5,Near_Completion,1,99,Near_Eligible,4,60,2,Moderate_Planning_Gap,0.5,100.0
6,4.39,120,81,39,67.5,13.5,19,7,5,4,3,2,7,False,0.0,Advanced,19,81,Near_Eligible,21,0,1,Approaching_OJT,19.0,100.0
3,9.07,120,63,57,52.5,21.0,37,0,0,0,0,0,5,False,71.5,Developing,37,63,Moderate_Gap,0,100,2,Moderate_Planning_Gap,18.5,100.0
7,6.6,120,104,16,86.67,14.86,0,2,2,2,1,0,8,False,65.0,Near_Completion,0,100,Eligible,7,30,1,Approaching_OJT,0.0,99.98
6,8.8,120,110,10,91.67,18.33,0,0,0,0,0,0,6,True,95.0,Near_Completion,0,100,Eligible,0,100,0,OJT_Ready_Stage,0.0,100.0
8,6.65,120,108,12,90.0,13.5,0,3,3,2,0,0,8,False,67.0,Near_Completion,0,100,Eligible,8,20,0,OJT_Ready_Stage,0.0,100.0
5,7.92,120,89,31,74.17,17.8,11,0,1,0,0,0,6,False,82.5,Advanced,11,89,Near_Eligible,1,90,1,Approaching_OJT,11.0,100.0
3,8.21,120,59,61,49.17,19.67,41,0,2,0,0,0,6,False,65.5,Developing,41,59,Moderate_Gap,2,80,3,Long_Term_Planning,13.67,99.98
4,4.07,120,58,62,48.33,14.5,42,8,6,3,2,2,6,False,0.0,Developing,42,58,Moderate_Gap,21,0,2,Moderate_Planning_Gap,21.0,100.0
4,5.54,120,55,65,45.83,13.75,45,5,6,1,2,0,5,False,24.5,Developing,45,55,Moderate_Gap,14,0,1,Approaching_OJT,45.0,100.0
5,6.34,120,90,30,75.0,18.0,10,2,4,0,1,0,6,False,66.0,Advanced,10,90,Near_Eligible,7,30,1,Approaching_OJT,10.0,100.0
2,7.25,120,44,76,36.67,22.0,56,0,2,0,0,0,6,False,58.0,Developing,56,44,Far_From_Eligible,2,80,4,Long_Term_Planning,14.0,100.0
5,8.45,120,89,31,74.17,17.8,11,1,1,1,0,0,6,False,73.5,Advanced,11,89,Near_Eligible,3,70,1,Approaching_OJT,11.0,100.0
4,7.77,120,77,43,64.17,19.25,23,1,2,0,0,0,5,False,71.5,Advanced,23,77,Moderate_Gap,3,70,1,Approaching_OJT,23.0,100.0
8,7.74,120,118,2,98.33,14.75,0,0,1,1,0,0,8,False,91.0,Near_Completion,0,100,Eligible,2,80,0,OJT_Ready_Stage,0.0,100.0
3,6.59,120,50,70,41.67,16.67,50,2,3,2,1,0,5,False,36.0,Developing,50,50,Moderate_Gap,8,20,2,Moderate_Planning_Gap,25.0,99.98
3,7.67,120,56,64,46.67,18.67,44,0,0,0,0,0,6,False,68.0,Developing,44,56,Moderate_Gap,0,100,3,Long_Term_Planning,14.67,99.98
7,8.12,120,114,6,95.0,16.29,0,1,2,0,0,0,8,True,90.0,Near_Completion,0,100,Eligible,3,70,1,Approaching_OJT,0.0,99.97
4,7.94,120,71,49,59.17,17.75,29,0,2,1,0,0,6,False,65.5,Developing,29,71,Moderate_Gap,3,70,2,Moderate_Planning_Gap,14.5,100.0
4,7.86,120,79,41,65.83,19.75,21,1,2,0,0,0,6,False,72.5,Advanced,21,79,Moderate_Gap,3,70,2,Moderate_Planning_Gap,10.5,100.0
4,4.67,120,58,62,48.33,14.5,42,7,5,4,3,2,6,False,0.0,Developing,42,58,Moderate_Gap,21,0,2,Moderate_Planning_Gap,21.0,100.0
4,7.03,120,72,48,60.0,18.0,28,0,1,1,0,0,5,False,68.0,Advanced,28,72,Moderate_Gap,2,80,1,Approaching_OJT,28.0,100.0
5,7.28,120,96,24,80.0,19.2,4,0,2,1,0,0,7,False,78.0,Near_Completion,4,96,Near_Eligible,3,70,2,Moderate_Planning_Gap,2.0,100.0
4,6.66,120,62,58,51.67,15.5,38,1,4,1,1,0,5,False,49.0,Developing,38,62,Moderate_Gap,7,30,1,Approaching_OJT,38.0,100.0
2,6.22,120,31,89,25.83,15.5,69,3,1,2,0,0,5,False,32.5,Early,69,31,Far_From_Eligible,6,40,3,Long_Term_Planning,23.0,100.0
5,7.72,120,93,27,77.5,18.6,7,1,2,0,0,0,6,False,79.5,Advanced,7,93,Near_Eligible,3,70,1,Approaching_OJT,7.0,100.0
5,6.06,120,80,40,66.67,16.0,20,1,2,1,1,0,6,False,62.0,Advanced,20,80,Near_Eligible,5,50,1,Approaching_OJT,20.0,100.0
5,5.83,120,83,37,69.17,16.6,17,2,4,0,0,0,7,False,67.5,Advanced,17,83,Near_Eligible,6,40,2,Moderate_Planning_Gap,8.5,100.0
3,6.13,120,53,67,44.17,17.67,47,1,3,1,0,0,6,False,51.5,Developing,47,53,Moderate_Gap,5,50,3,Long_Term_Planning,15.67,99.98
7,6.03,120,101,19,84.17,14.43,0,3,2,1,1,0,8,False,66.5,Near_Completion,0,100,Eligible,7,30,1,Approaching_OJT,0.0,99.99
2,6.14,120,37,83,30.83,18.5,63,2,4,0,1,0,6,False,39.5,Developing,63,37,Far_From_Eligible,7,30,4,Long_Term_Planning,15.75,100.0
3,7.59,120,57,63,47.5,19.0,43,0,2,1,0,0,5,False,58.5,Developing,43,57,Moderate_Gap,3,70,2,Moderate_Planning_Gap,21.5,100.0
3,7.28,120,61,59,50.83,20.33,39,1,2,1,0,0,5,False,57.5,Developing,39,61,Moderate_Gap,4,60,2,Moderate_Planning_Gap,19.5,100.0
4,5.33,120,52,68,43.33,13.0,48,3,4,3,2,0,6,False,21.0,Developing,48,52,Moderate_Gap,12,0,2,Moderate_Planning_Gap,24.0,100.0
4,8.79,120,74,46,61.67,18.5,26,0,0,0,0,0,6,False,77.0,Advanced,26,74,Moderate_Gap,0,100,2,Moderate_Planning_Gap,13.0,100.0
8,5.78,120,112,8,93.33,14.0,0,4,3,1,2,1,8,False,54.0,Near_Completion,0,100,Eligible,11,0,0,OJT_Ready_Stage,0.0,100.0
4,5.25,120,67,53,55.83,16.75,33,4,6,2,2,1,6,False,19.5,Developing,33,67,Moderate_Gap,15,0,2,Moderate_Planning_Gap,16.5,100.0
3,5.49,120,37,83,30.83,12.33,63,4,5,3,1,1,6,False,5.5,Developing,63,37,Far_From_Eligible,14,0,3,Long_Term_Planning,21.0,100.0
6,7.98,120,100,20,83.33,16.67,0,0,0,0,0,0,7,True,90.0,Near_Completion,0,100,Eligible,0,100,1,Approaching_OJT,0.0,99.98
2,7.11,120,46,74,38.33,23.0,54,0,2,0,0,0,6,False,59.0,Developing,54,46,Far_From_Eligible,2,80,4,Long_Term_Planning,13.5,100.0
7,5.09,120,92,28,76.67,13.14,8,3,5,2,2,1,8,False,37.0,Advanced,8,92,Near_Eligible,13,0,1,Approaching_OJT,8.0,100.0
5,8.38,120,99,21,82.5,19.8,1,1,2,0,0,0,6,False,82.5,Near_Completion,1,99,Near_Eligible,3,70,1,Approaching_OJT,1.0,100.0
3,7.47,120,59,61,49.17,19.67,41,1,0,1,0,0,6,False,60.5,Developing,41,59,Moderate_Gap,2,80,3,Long_Term_Planning,13.67,99.98
2,6.02,120,28,92,23.33,14.0,72,1,2,1,1,0,5,False,36.0,Early,72,28,Far_From_Eligible,5,50,3,Long_Term_Planning,24.0,100.0
6,4.52,120,74,46,61.67,12.33,26,7,7,2,3,1,6,False,7.0,Advanced,26,74,Moderate_Gap,20,0,0,OJT_Ready_Stage,26.0,100.0
2,6.84,120,28,92,23.33,14.0,72,3,2,1,1,0,5,False,30.0,Early,72,28,Far_From_Eligible,7,30,3,Long_Term_Planning,24.0,100.0
2,6.86,120,41,79,34.17,20.5,59,3,4,1,0,0,5,False,37.5,Developing,59,41,Far_From_Eligible,8,20,3,Long_Term_Planning,19.67,100.0
2,7.46,120,35,85,29.17,17.5,65,0,0,1,0,0,6,False,51.5,Early,65,35,Far_From_Eligible,1,90,4,Long_Term_Planning,16.25,100.0
1,7.73,120,19,101,15.83,19.0,81,1,2,1,0,0,5,False,36.5,Early,81,19,Far_From_Eligible,4,60,4,Long_Term_Planning,20.25,100.0
4,7.84,120,77,43,64.17,19.25,23,1,2,1,0,0,6,False,65.5,Advanced,23,77,Moderate_Gap,4,60,2,Moderate_Planning_Gap,11.5,100.0
7,5.98,120,103,17,85.83,14.71,0,5,3,3,2,1,8,False,34.5,Near_Completion,0,100,Eligible,14,0,1,Approaching_OJT,0.0,100.0
5,6.22,120,83,37,69.17,16.6,17,1,4,2,0,0,6,False,58.5,Advanced,17,83,Near_Eligible,7,30,1,Approaching_OJT,17.0,100.0
3,5.56,120,38,82,31.67,12.67,62,3,3,3,2,1,6,False,8.0,Developing,62,38,Far_From_Eligible,12,0,3,Long_Term_Planning,20.67,99.97
2,7.91,120,39,81,32.5,19.5,61,1,2,0,0,0,5,False,52.5,Developing,61,39,Far_From_Eligible,3,70,3,Long_Term_Planning,20.33,100.0
3,6.12,120,56,64,46.67,18.67,44,3,4,0,0,0,6,False,51.0,Developing,44,56,Moderate_Gap,7,30,3,Long_Term_Planning,14.67,99.98
3,7.7,120,62,58,51.67,20.67,38,0,0,1,0,0,6,False,65.0,Developing,38,62,Moderate_Gap,1,90,3,Long_Term_Planning,12.67,99.98
5,9.32,120,99,21,82.5,19.8,1,0,0,0,0,0,6,False,89.5,Near_Completion,1,99,Near_Eligible,0,100,1,Approaching_OJT,1.0,100.0
2,7.07,120,35,85,29.17,17.5,65,0,2,0,0,0,6,False,53.5,Early,65,35,Far_From_Eligible,2,80,4,Long_Term_Planning,16.25,100.0
3,6.55,120,57,63,47.5,19.0,43,1,1,0,0,0,5,False,63.5,Developing,43,57,Moderate_Gap,2,80,2,Moderate_Planning_Gap,21.5,100.0
4,9.96,120,73,47,60.83,18.25,27,0,0,0,0,0,5,False,76.5,Advanced,27,73,Moderate_Gap,0,100,1,Approaching_OJT,27.0,100.0
5,6.27,120,91,29,75.83,18.2,9,2,4,0,1,0,7,False,66.5,Advanced,9,91,Near_Eligible,7,30,2,Moderate_Planning_Gap,4.5,100.0
5,6.69,120,91,29,75.83,18.2,9,2,4,1,0,0,7,False,65.5,Advanced,9,91,Near_Eligible,7,30,2,Moderate_Planning_Gap,4.5,100.0
6,6.33,120,103,17,85.83,17.17,0,4,2,2,0,0,7,False,63.5,Near_Completion,0,100,Eligible,8,20,1,Approaching_OJT,0.0,99.98
5,6.75,120,92,28,76.67,18.4,8,1,3,2,0,0,7,False,65.0,Advanced,8,92,Near_Eligible,6,40,2,Moderate_Planning_Gap,4.0,100.0
4,8.08,120,68,52,56.67,17.0,32,1,2,0,0,0,6,False,67.0,Developing,32,68,Moderate_Gap,3,70,2,Moderate_Planning_Gap,16.0,100.0
7,9.62,120,120,0,100.0,17.14,0,0,0,0,0,0,8,True,100.0,Near_Completion,0,100,Eligible,0,100,1,Approaching_OJT,0.0,100.0
5,6.37,120,85,35,70.83,17.0,15,2,5,2,1,0,6,False,49.5,Advanced,15,85,Near_Eligible,10,0,1,Approaching_OJT,15.0,100.0
3,8.1,120,55,65,45.83,18.33,45,0,2,1,0,0,6,False,57.5,Developing,45,55,Moderate_Gap,3,70,3,Long_Term_Planning,15.0,100.0
2,6.82,120,33,87,27.5,16.5,67,3,3,2,0,0,6,False,29.5,Early,67,33,Far_From_Eligible,8,20,4,Long_Term_Planning,16.75,100.0
2,7.34,120,42,78,35.0,21.0,58,0,1,1,0,0,5,False,53.0,Developing,58,42,Far_From_Eligible,2,80,3,Long_Term_Planning,19.33,100.0
2,6.56,120,34,86,28.33,17.0,66,1,3,2,0,0,6,False,36.0,Early,66,34,Far_From_Eligible,6,40,4,Long_Term_Planning,16.5,100.0
5,6.52,120,93,27,77.5,18.6,7,3,3,0,0,0,7,False,71.5,Advanced,7,93,Near_Eligible,6,40,2,Moderate_Planning_Gap,3.5,100.0
3,9.08,120,64,56,53.33,21.33,36,0,0,0,0,0,5,False,72.0,Developing,36,64,Moderate_Gap,0,100,2,Moderate_Planning_Gap,18.0,100.0
4,5.77,120,65,55,54.17,16.25,35,3,4,3,1,1,6,False,24.5,Developing,35,65,Moderate_Gap,12,0,2,Moderate_Planning_Gap,17.5,100.0
4,6.44,120,66,54,55.0,16.5,34,1,2,0,0,0,6,False,66.0,Developing,34,66,Moderate_Gap,3,70,2,Moderate_Planning_Gap,17.0,100.0
3,6.31,120,53,67,44.17,17.67,47,1,2,1,1,0,6,False,48.5,Developing,47,53,Moderate_Gap,5,50,3,Long_Term_Planning,15.67,99.98
5,6.33,120,95,25,79.17,19.0,5,2,3,1,0,0,7,False,69.5,Advanced,5,95,Near_Eligible,6,40,2,Moderate_Planning_Gap,2.5,100.0
3,5.39,120,39,81,32.5,13.0,61,4,4,1,2,0,6,False,23.5,Developing,61,39,Far_From_Eligible,11,0,3,Long_Term_Planning,20.33,100.0
4,6.08,120,69,51,57.5,17.25,31,3,3,0,1,0,5,False,54.5,Developing,31,69,Moderate_Gap,7,30,1,Approaching_OJT,31.0,100.0
4,5.14,120,67,53,55.83,16.75,33,4,5,1,1,1,6,False,32.5,Developing,33,67,Moderate_Gap,12,0,2,Moderate_Planning_Gap,16.5,100.0
8,9.75,120,115,5,95.83,14.38,0,0,0,0,0,0,8,True,97.5,Near_Completion,0,100,Eligible,0,100,0,OJT_Ready_Stage,0.0,99.97
3,3.91,120,36,84,30.0,12.0,64,7,8,2,2,2,5,False,0.0,Developing,64,36,Far_From_Eligible,21,0,2,Moderate_Planning_Gap,32.0,100.0
2,8.11,120,42,78,35.0,21.0,58,1,2,1,0,0,5,False,48.0,Developing,58,42,Far_From_Eligible,4,60,3,Long_Term_Planning,19.33,100.0
3,6.62,120,45,75,37.5,15.0,55,3,2,0,0,0,5,False,49.5,Developing,55,45,Far_From_Eligible,5,50,2,Moderate_Planning_Gap,27.5,100.0
5,7.3,120,98,22,81.67,19.6,2,0,1,0,0,0,7,False,87.0,Near_Completion,2,98,Near_Eligible,1,90,2,Moderate_Planning_Gap,1.0,100.0
6,8.14,120,106,14,88.33,17.67,0,0,0,1,0,0,6,False,87.0,Near_Completion,0,100,Eligible,1,90,0,OJT_Ready_Stage,0.0,99.98
2,6.39,120,35,85,29.17,17.5,65,1,2,2,0,0,6,False,38.5,Early,65,35,Far_From_Eligible,5,50,4,Long_Term_Planning,16.25,100.0
8,6.54,120,117,3,97.5,14.62,0,2,3,0,1,0,8,True,81.5,Near_Completion,0,100,Eligible,6,40,0,OJT_Ready_Stage,0.0,100.0
3,6.33,120,45,75,37.5,15.0,55,1,4,1,1,0,6,False,40.5,Developing,55,45,Far_From_Eligible,7,30,3,Long_Term_Planning,18.33,100.0
5,5.87,120,84,36,70.0,16.8,16,2,2,0,0,0,7,False,72.0,Advanced,16,84,Near_Eligible,4,60,2,Moderate_Planning_Gap,8.0,100.0
4,8.54,120,73,47,60.83,18.25,27,0,0,0,0,0,5,False,76.5,Advanced,27,73,Moderate_Gap,0,100,1,Approaching_OJT,27.0,100.0
2,6.3,120,32,88,26.67,16.0,68,1,4,1,0,0,6,False,39.0,Early,68,32,Far_From_Eligible,6,40,4,Long_Term_Planning,17.0,100.0
6,7.85,120,107,13,89.17,17.83,0,0,1,1,0,0,7,False,85.5,Near_Completion,0,100,Eligible,2,80,1,Approaching_OJT,0.0,100.0
6,7.52,120,103,17,85.83,17.17,0,1,1,1,0,0,7,False,80.5,Near_Completion,0,100,Eligible,3,70,1,Approaching_OJT,0.0,99.98
7,7.9,120,115,5,95.83,16.43,0,1,1,0,0,0,8,True,92.5,Near_Completion,0,100,Eligible,2,80,1,Approaching_OJT,0.0,99.99
3,6.86,120,57,63,47.5,19.0,43,2,1,0,1,0,6,False,55.5,Developing,43,57,Moderate_Gap,4,60,3,Long_Term_Planning,14.33,100.0
3,6.25,120,44,76,36.67,14.67,56,1,4,0,1,0,6,False,46.0,Developing,56,44,Far_From_Eligible,6,40,3,Long_Term_Planning,18.67,99.98
2,7.31,120,41,79,34.17,20.5,59,0,0,0,0,0,6,False,60.5,Developing,59,41,Far_From_Eligible,0,100,4,Long_Term_Planning,14.75,100.0
4,5.32,120,62,58,51.67,15.5,38,5,4,1,2,1,6,False,24.0,Developing,38,62,Moderate_Gap,13,0,2,Moderate_Planning_Gap,19.0,100.0
6,3.89,120,67,53,55.83,11.17,33,5,6,3,3,2,6,False,0.0,Developing,33,67,Moderate_Gap,19,0,0,OJT_Ready_Stage,33.0,99.97
4,6.36,120,70,50,58.33,17.5,30,2,4,0,0,0,5,False,61.0,Developing,30,70,Moderate_Gap,6,40,1,Approaching_OJT,30.0,100.0
6,5.08,120,84,36,70.0,14.0,16,3,5,2,1,0,7,False,46.0,Advanced,16,84,Near_Eligible,11,0,1,Approaching_OJT,16.0,100.0
6,7.88,120,102,18,85.0,17.0,0,0,2,1,0,0,7,False,81.0,Near_Completion,0,100,Eligible,3,70,1,Approaching_OJT,0.0,100.0
5,6.13,120,84,36,70.0,16.8,16,2,4,2,1,0,6,False,51.0,Advanced,16,84,Near_Eligible,9,10,1,Approaching_OJT,16.0,100.0
7,8.21,120,113,7,94.17,16.14,0,1,1,1,0,0,8,False,85.5,Near_Completion,0,100,Eligible,3,70,1,Approaching_OJT,0.0,100.0
2,4.12,120,22,98,18.33,11.0,78,5,5,3,3,1,6,False,0.0,Early,78,22,Far_From_Eligible,17,0,4,Long_Term_Planning,19.5,100.0
5,8.21,120,96,24,80.0,19.2,4,0,2,0,0,0,6,False,84.0,Near_Completion,4,96,Near_Eligible,2,80,1,Approaching_OJT,4.0,100.0
2,6.25,120,36,84,30.0,18.0,64,3,3,0,0,0,5,False,43.0,Developing,64,36,Far_From_Eligible,6,40,3,Long_Term_Planning,21.33,100.0
5,6.35,120,85,35,70.83,17.0,15,2,3,0,1,0,7,False,65.5,Advanced,15,85,Near_Eligible,6,40,2,Moderate_Planning_Gap,7.5,100.0
4,8.22,120,81,39,67.5,20.25,19,0,0,1,0,0,6,False,74.5,Advanced,19,81,Near_Eligible,1,90,2,Moderate_Planning_Gap,9.5,100.0
8,6.77,120,118,2,98.33,14.75,0,3,2,0,0,0,8,True,86.0,Near_Completion,0,100,Eligible,5,50,0,OJT_Ready_Stage,0.0,100.0
4,5.37,120,50,70,41.67,12.5,50,5,4,2,2,1,5,False,12.0,Developing,50,50,Moderate_Gap,14,0,1,Approaching_OJT,50.0,100.0
6,8.16,120,109,11,90.83,18.17,0,1,1,0,0,0,6,True,89.5,Near_Completion,0,100,Eligible,2,80,0,OJT_Ready_Stage,0.0,99.98
5,5.68,120,71,49,59.17,14.2,29,4,6,2,2,0,6,False,29.5,Developing,29,71,Moderate_Gap,14,0,1,Approaching_OJT,29.0,100.0
4,7.11,120,68,52,56.67,17.0,32,1,1,0,0,0,6,False,69.0,Developing,32,68,Moderate_Gap,2,80,2,Moderate_Planning_Gap,16.0,100.0
3,7.55,120,61,59,50.83,20.33,39,1,2,1,0,0,6,False,57.5,Developing,39,61,Moderate_Gap,4,60,3,Long_Term_Planning,13.0,100.0
6,7.86,120,112,8,93.33,18.67,0,0,2,1,0,0,6,False,86.0,Near_Completion,0,100,Eligible,3,70,0,OJT_Ready_Stage,0.0,99.98
2,6.21,120,34,86,28.33,17.0,66,1,3,1,0,0,6,False,42.0,Early,66,34,Far_From_Eligible,5,50,4,Long_Term_Planning,16.5,100.0
4,7.03,120,77,43,64.17,19.25,23,0,1,1,0,0,5,False,70.5,Advanced,23,77,Moderate_Gap,2,80,1,Approaching_OJT,23.0,100.0
4,7.59,120,79,41,65.83,19.75,21,0,2,1,0,0,6,False,69.5,Advanced,21,79,Moderate_Gap,3,70,2,Moderate_Planning_Gap,10.5,100.0
5,5.45,120,78,42,65.0,15.6,22,4,5,1,2,0,7,False,41.0,Advanced,22,78,Moderate_Gap,12,0,2,Moderate_Planning_Gap,11.0,100.0
4,5.47,120,60,60,50.0,15.0,40,4,5,1,2,0,6,False,32.0,Developing,40,60,Moderate_Gap,12,0,2,Moderate_Planning_Gap,20.0,100.0
5,7.27,120,99,21,82.5,19.8,1,0,1,0,0,0,7,False,87.5,Near_Completion,1,99,Near_Eligible,1,90,2,Moderate_Planning_Gap,0.5,100.0
3,8.15,120,54,66,45.0,18.0,46,1,2,1,0,0,6,False,54.0,Developing,46,54,Moderate_Gap,4,60,3,Long_Term_Planning,15.33,100.0
8,5.03,120,110,10,91.67,13.75,0,3,3,3,2,0,8,False,52.0,Near_Completion,0,100,Eligible,11,0,0,OJT_Ready_Stage,0.0,100.0
4,6.17,120,69,51,57.5,17.25,31,2,3,0,0,0,5,False,62.5,Developing,31,69,Moderate_Gap,5,50,1,Approaching_OJT,31.0,100.0
2,7.39,120,36,84,30.0,18.0,64,0,1,1,0,0,6,False,50.0,Developing,64,36,Far_From_Eligible,2,80,4,Long_Term_Planning,16.0,100.0
1,5.31,120,15,105,12.5,15.0,85,3,4,3,2,1,5,False,0.0,Early,85,15,Far_From_Eligible,13,0,4,Long_Term_Planning,21.25,100.0
4,8.04,120,77,43,64.17,19.25,23,0,1,0,0,0,5,False,76.5,Advanced,23,77,Moderate_Gap,1,90,1,Approaching_OJT,23.0,100.0
3,6.31,120,57,63,47.5,19.0,43,1,1,1,0,0,5,False,57.5,Developing,43,57,Moderate_Gap,3,70,2,Moderate_Planning_Gap,21.5,100.0
2,4.88,120,25,95,20.83,12.5,75,7,7,3,2,2,6,False,0.0,Early,75,25,Far_From_Eligible,21,0,4,Long_Term_Planning,18.75,100.0
4,6.68,120,75,45,62.5,18.75,25,3,2,0,1,0,6,False,59.5,Advanced,25,75,Moderate_Gap,6,40,2,Moderate_Planning_Gap,12.5,100.0
4,8.33,120,70,50,58.33,17.5,30,0,2,0,0,0,6,False,71.0,Developing,30,70,Moderate_Gap,2,80,2,Moderate_Planning_Gap,15.0,100.0
6,5.52,120,86,34,71.67,14.33,14,3,6,3,2,0,7,False,34.0,Advanced,14,86,Near_Eligible,14,0,1,Approaching_OJT,14.0,100.0
2,6.77,120,33,87,27.5,16.5,67,2,3,0,0,0,6,False,44.5,Early,67,33,Far_From_Eligible,5,50,4,Long_Term_Planning,16.75,100.0
6,6.58,120,106,14,88.33,17.67,0,1,4,2,0,0,6,False,70.0,Near_Completion,0,100,Eligible,7,30,0,OJT_Ready_Stage,0.0,99.98
2,9.96,120,37,83,30.83,18.5,63,0,0,0,0,0,5,False,58.5,Developing,63,37,Far_From_Eligible,0,100,3,Long_Term_Planning,21.0,100.0
5,6.96,120,80,40,66.67,16.0,20,2,3,1,1,0,6,False,57.0,Advanced,20,80,Near_Eligible,7,30,1,Approaching_OJT,20.0,100.0
5,7.27,120,95,25,79.17,19.0,5,0,2,1,0,0,6,False,77.5,Advanced,5,95,Near_Eligible,3,70,1,Approaching_OJT,5.0,100.0
5,9.99,120,95,25,79.17,19.0,5,0,0,0,0,0,7,False,87.5,Advanced,5,95,Near_Eligible,0,100,2,Moderate_Planning_Gap,2.5,100.0
7,6.47,120,108,12,90.0,15.43,0,1,1,2,1,0,8,False,72.0,Near_Completion,0,100,Eligible,5,50,1,Approaching_OJT,0.0,99.99
5,6.64,120,90,30,75.0,18.0,10,3,1,2,0,0,7,False,62.0,Advanced,10,90,Near_Eligible,6,40,2,Moderate_Planning_Gap,5.0,100.0
3,6.39,120,51,69,42.5,17.0,49,1,1,2,1,0,5,False,43.5,Developing,49,51,Moderate_Gap,5,50,2,Moderate_Planning_Gap,24.5,100.0
8,5.17,120,104,16,86.67,13.0,0,3,5,2,1,0,8,False,56.0,Near_Completion,0,100,Eligible,11,0,0,OJT_Ready_Stage,0.0,100.0
4,5.41,120,61,59,50.83,15.25,39,3,3,1,1,1,6,False,36.5,Developing,39,61,Moderate_Gap,9,10,2,Moderate_Planning_Gap,19.5,100.0
2,8.23,120,39,81,32.5,19.5,61,1,1,1,0,0,6,False,48.5,Developing,61,39,Far_From_Eligible,3,70,4,Long_Term_Planning,15.25,100.0
3,6.69,120,50,70,41.67,16.67,50,2,4,1,1,0,5,False,40.0,Developing,50,50,Moderate_Gap,8,20,2,Moderate_Planning_Gap,25.0,99.98
7,6.69,120,108,12,90.0,15.43,0,1,2,1,1,0,8,False,76.0,Near_Completion,0,100,Eligible,5,50,1,Approaching_OJT,0.0,99.99
6,9.89,120,105,15,87.5,17.5,0,0,0,0,0,0,6,True,92.5,Near_Completion,0,100,Eligible,0,100,0,OJT_Ready_Stage,0.0,100.0
5,7.97,120,99,21,82.5,19.8,1,0,2,1,0,0,7,False,79.5,Near_Completion,1,99,Near_Eligible,3,70,2,Moderate_Planning_Gap,0.5,100.0
1,5.07,120,14,106,11.67,14.0,86,5,4,1,2,1,5,False,0.0,Early,86,14,Far_From_Eligible,13,0,4,Long_Term_Planning,21.5,100.0
5,9.25,120,96,24,80.0,19.2,4,0,0,0,0,0,7,False,88.0,Near_Completion,4,96,Near_Eligible,0,100,2,Moderate_Planning_Gap,2.0,100.0
4,5.85,120,61,59,50.83,15.25,39,4,5,1,2,1,5,False,24.5,Developing,39,61,Moderate_Gap,13,0,1,Approaching_OJT,39.0,100.0
4,5.66,120,62,58,51.67,15.5,38,5,4,3,1,1,5,False,17.0,Developing,38,62,Moderate_Gap,14,0,1,Approaching_OJT,38.0,100.0
5,5.17,120,72,48,60.0,14.4,28,5,6,1,2,0,6,False,33.0,Advanced,28,72,Moderate_Gap,14,0,1,Approaching_OJT,28.0,100.0
3,9.48,120,59,61,49.17,19.67,41,0,0,0,0,0,6,False,69.5,Developing,41,59,Moderate_Gap,0,100,3,Long_Term_Planning,13.67,99.98
4,6.69,120,75,45,62.5,18.75,25,1,1,2,1,0,6,False,55.5,Advanced,25,75,Moderate_Gap,5,50,2,Moderate_Planning_Gap,12.5,100.0
6,5.39,120,92,28,76.67,15.33,8,4,5,3,2,1,7,False,28.0,Advanced,8,92,Near_Eligible,15,0,1,Approaching_OJT,8.0,100.0
5,7.71,120,96,24,80.0,19.2,4,1,2,1,0,0,7,False,75.0,Near_Completion,4,96,Near_Eligible,4,60,2,Moderate_Planning_Gap,2.0,100.0
3,5.3,120,43,77,35.83,14.33,57,4,6,1,2,0,6,False,21.5,Developing,57,43,Far_From_Eligible,13,0,3,Long_Term_Planning,19.0,100.0
8,9.22,120,117,3,97.5,14.62,0,0,0,0,0,0,8,True,98.5,Near_Completion,0,100,Eligible,0,100,0,OJT_Ready_Stage,0.0,100.0
4,7.21,120,74,46,61.67,18.5,26,0,0,1,0,0,5,False,71.0,Advanced,26,74,Moderate_Gap,1,90,1,Approaching_OJT,26.0,100.0
4,5.59,120,51,69,42.5,12.75,49,4,5,3,2,0,6,False,15.5,Developing,49,51,Moderate_Gap,14,0,2,Moderate_Planning_Gap,24.5,100.0
5,7.98,120,90,30,75.0,18.0,10,1,2,0,0,0,7,False,78.0,Advanced,10,90,Near_Eligible,3,70,2,Moderate_Planning_Gap,5.0,100.0
6,7.71,120,110,10,91.67,18.33,0,1,1,1,0,0,6,False,84.0,Near_Completion,0,100,Eligible,3,70,0,OJT_Ready_Stage,0.0,100.0
8,7.73,120,113,7,94.17,14.12,0,1,1,0,0,0,8,True,91.5,Near_Completion,0,100,Eligible,2,80,0,OJT_Ready_Stage,0.0,100.0
5,7.47,120,91,29,75.83,18.2,9,0,1,0,0,0,6,False,83.5,Advanced,9,91,Near_Eligible,1,90,1,Approaching_OJT,9.0,100.0
5,9.32,120,101,19,84.17,20.2,0,0,0,0,0,0,7,True,90.5,Near_Completion,0,100,Eligible,0,100,2,Moderate_Planning_Gap,0.0,100.0
8,6.91,120,112,8,93.33,14.0,0,2,2,2,0,0,8,False,74.0,Near_Completion,0,100,Eligible,6,40,0,OJT_Ready_Stage,0.0,100.0
5,5.82,120,83,37,69.17,16.6,17,4,4,1,1,1,6,False,42.5,Advanced,17,83,Near_Eligible,11,0,1,Approaching_OJT,17.0,100.0
4,6.95,120,75,45,62.5,18.75,25,1,3,2,1,0,6,False,51.5,Advanced,25,75,Moderate_Gap,7,30,2,Moderate_Planning_Gap,12.5,100.0
4,7.48,120,76,44,63.33,19.0,24,0,0,0,0,0,6,False,78.0,Advanced,24,76,Moderate_Gap,0,100,2,Moderate_Planning_Gap,12.0,100.0
3,6.1,120,52,68,43.33,17.33,48,1,2,1,1,0,5,False,48.0,Developing,48,52,Moderate_Gap,5,50,2,Moderate_Planning_Gap,24.0,100.0
3,4.26,120,39,81,32.5,13.0,61,5,6,4,3,1,6,False,0.0,Developing,61,39,Far_From_Eligible,19,0,3,Long_Term_Planning,20.33,100.0
3,6.34,120,45,75,37.5,15.0,55,2,4,1,0,0,6,False,42.5,Developing,55,45,Far_From_Eligible,7,30,3,Long_Term_Planning,18.33,100.0
6,7.5,120,103,17,85.83,17.17,0,1,0,0,0,0,7,True,88.5,Near_Completion,0,100,Eligible,1,90,1,Approaching_OJT,0.0,99.98
2,8.1,120,43,77,35.83,21.5,57,1,2,1,0,0,6,False,48.5,Developing,57,43,Far_From_Eligible,4,60,4,Long_Term_Planning,14.25,100.0
1,6.64,120,18,102,15.0,18.0,82,1,4,1,0,0,6,False,32.0,Early,82,18,Far_From_Eligible,6,40,5,Long_Term_Planning,16.4,100.0
5,9.08,120,97,23,80.83,19.4,3,0,0,0,0,0,7,False,88.5,Near_Completion,3,97,Near_Eligible,0,100,2,Moderate_Planning_Gap,1.5,100.0
4,7.5,120,82,38,68.33,20.5,18,1,1,1,0,0,6,False,70.0,Advanced,18,82,Near_Eligible,3,70,2,Moderate_Planning_Gap,9.0,100.0
4,7.76,120,74,46,61.67,18.5,26,0,0,1,0,0,5,False,71.0,Advanced,26,74,Moderate_Gap,1,90,1,Approaching_OJT,26.0,100.0
6,6.11,120,106,14,88.33,17.67,0,3,2,2,1,0,7,False,63.0,Near_Completion,0,100,Eligible,8,20,1,Approaching_OJT,0.0,99.98
4,6.68,120,67,53,55.83,16.75,33,2,3,2,0,0,5,False,49.5,Developing,33,67,Moderate_Gap,7,30,1,Approaching_OJT,33.0,100.0
4,8.18,120,71,49,59.17,17.75,29,0,0,0,0,0,6,False,75.5,Developing,29,71,Moderate_Gap,0,100,2,Moderate_Planning_Gap,14.5,100.0
4,6.66,120,62,58,51.67,15.5,38,2,2,1,1,0,6,False,50.0,Developing,38,62,Moderate_Gap,6,40,2,Moderate_Planning_Gap,19.0,100.0
5,7.21,120,90,30,75.0,18.0,10,0,1,0,0,0,6,False,83.0,Advanced,10,90,Near_Eligible,1,90,1,Approaching_OJT,10.0,100.0
6,6.1,120,95,25,79.17,15.83,5,1,1,1,1,0,6,False,71.5,Advanced,5,95,Near_Eligible,4,60,0,OJT_Ready_Stage,5.0,100.0
5,5.51,120,70,50,58.33,14.0,30,3,5,2,2,0,7,False,34.0,Developing,30,70,Moderate_Gap,12,0,2,Moderate_Planning_Gap,15.0,100.0
4,6.43,120,68,52,56.67,17.0,32,2,4,1,0,0,5,False,54.0,Developing,32,68,Moderate_Gap,7,30,1,Approaching_OJT,32.0,100.0
2,8.42,120,39,81,32.5,19.5,61,1,1,0,0,0,6,False,54.5,Developing,61,39,Far_From_Eligible,2,80,4,Long_Term_Planning,15.25,100.0
5,8.65,120,98,22,81.67,19.6,2,0,0,0,0,0,7,False,89.0,Near_Completion,2,98,Near_Eligible,0,100,2,Moderate_Planning_Gap,1.0,100.0
5,6.84,120,92,28,76.67,18.4,8,1,4,0,1,0,7,False,70.0,Advanced,8,92,Near_Eligible,6,40,2,Moderate_Planning_Gap,4.0,100.0
4,7.48,120,76,44,63.33,19.0,24,1,1,1,0,0,6,False,67.0,Advanced,24,76,Moderate_Gap,3,70,2,Moderate_Planning_Gap,12.0,100.0
5,6.01,120,83,37,69.17,16.6,17,2,1,0,0,0,6,False,73.5,Advanced,17,83,Near_Eligible,3,70,1,Approaching_OJT,17.0,100.0
4,6.29,120,64,56,53.33,16.0,36,1,3,1,1,0,5,False,52.0,Developing,36,64,Moderate_Gap,6,40,1,Approaching_OJT,36.0,100.0
3,7.26,120,58,62,48.33,19.33,42,1,2,0,0,0,5,False,62.0,Developing,42,58,Moderate_Gap,3,70,2,Moderate_Planning_Gap,21.0,100.0
2,6.28,120,39,81,32.5,19.5,61,1,4,0,0,0,6,False,48.5,Developing,61,39,Far_From_Eligible,5,50,4,Long_Term_Planning,15.25,100.0
5,5.71,120,75,45,62.5,15.0,25,3,3,3,1,1,7,False,31.5,Advanced,25,75,Moderate_Gap,11,0,2,Moderate_Planning_Gap,12.5,100.0
2,6.57,120,35,85,29.17,17.5,65,3,2,0,1,0,5,False,39.5,Early,65,35,Far_From_Eligible,6,40,3,Long_Term_Planning,21.67,100.0
6,7.6,120,111,9,92.5,18.5,0,0,0,1,0,0,6,False,89.5,Near_Completion,0,100,Eligible,1,90,0,OJT_Ready_Stage,0.0,100.0
4,7.95,120,81,39,67.5,20.25,19,1,2,1,0,0,6,False,67.5,Advanced,19,81,Near_Eligible,4,60,2,Moderate_Planning_Gap,9.5,100.0
6,4.16,120,68,52,56.67,11.33,32,7,8,4,3,2,6,False,0.0,Developing,32,68,Moderate_Gap,24,0,0,OJT_Ready_Stage,32.0,100.0
6,9.26,120,114,6,95.0,19.0,0,0,0,0,0,0,6,True,97.0,Near_Completion,0,100,Eligible,0,100,0,OJT_Ready_Stage,0.0,100.0
3,8.92,120,61,59,50.83,20.33,39,0,0,0,0,0,5,False,70.5,Developing,39,61,Moderate_Gap,0,100,2,Moderate_Planning_Gap,19.5,100.0
5,7.72,120,99,21,82.5,19.8,1,1,0,0,0,0,7,False,86.5,Near_Completion,1,99,Near_Eligible,1,90,2,Moderate_Planning_Gap,0.5,100.0
5,5.58,120,77,43,64.17,15.4,23,3,4,1,1,1,7,False,42.5,Advanced,23,77,Moderate_Gap,10,0,2,Moderate_Planning_Gap,11.5,100.0
5,8.03,120,94,26,78.33,18.8,6,0,2,0,0,0,6,False,83.0,Advanced,6,94,Near_Eligible,2,80,1,Approaching_OJT,6.0,100.0
3,5.05,120,37,83,30.83,12.33,63,4,5,3,1,1,5,False,5.5,Developing,63,37,Far_From_Eligible,14,0,2,Moderate_Planning_Gap,31.5,100.0
3,9.33,120,54,66,45.0,18.0,46,0,0,0,0,0,5,False,67.0,Developing,46,54,Moderate_Gap,0,100,2,Moderate_Planning_Gap,23.0,100.0
2,7.65,120,42,78,35.0,21.0,58,1,1,0,0,0,6,False,56.0,Developing,58,42,Far_From_Eligible,2,80,4,Long_Term_Planning,14.5,100.0
5,7.25,120,98,22,81.67,19.6,2,0,2,1,0,0,7,False,79.0,Near_Completion,2,98,Near_Eligible,3,70,2,Moderate_Planning_Gap,1.0,100.0
3,9.97,120,62,58,51.67,20.67,38,0,0,0,0,0,6,False,71.0,Developing,38,62,Moderate_Gap,0,100,3,Long_Term_Planning,12.67,99.98
5,5.15,120,84,36,70.0,16.8,16,4,4,1,2,1,7,False,38.0,Advanced,16,84,Near_Eligible,12,0,2,Moderate_Planning_Gap,8.0,100.0
6,6.77,120,96,24,80.0,16.0,4,1,3,2,1,0,7,False,62.0,Near_Completion,4,96,Near_Eligible,7,30,1,Approaching_OJT,4.0,100.0
4,7.56,120,68,52,56.67,17.0,32,1,1,1,0,0,5,False,63.0,Developing,32,68,Moderate_Gap,3,70,1,Approaching_OJT,32.0,100.0
6,6.95,120,101,19,84.17,16.83,0,1,3,0,0,0,7,True,81.5,Near_Completion,0,100,Eligible,4,60,1,Approaching_OJT,0.0,100.0
3,8.42,120,64,56,53.33,21.33,36,0,2,1,0,0,6,False,62.0,Developing,36,64,Moderate_Gap,3,70,3,Long_Term_Planning,12.0,100.0
6,9.53,120,115,5,95.83,19.17,0,0,0,0,0,0,7,True,97.5,Near_Completion,0,100,Eligible,0,100,1,Approaching_OJT,0.0,99.98
5,8.76,120,95,25,79.17,19.0,5,0,0,0,0,0,7,False,87.5,Advanced,5,95,Near_Eligible,0,100,2,Moderate_Planning_Gap,2.5,100.0
5,5.46,120,85,35,70.83,17.0,15,3,3,2,1,1,7,False,42.5,Advanced,15,85,Near_Eligible,10,0,2,Moderate_Planning_Gap,7.5,100.0
5,8.42,120,99,21,82.5,19.8,1,1,1,1,0,0,6,False,78.5,Near_Completion,1,99,Near_Eligible,3,70,1,Approaching_OJT,1.0,100.0
7,5.9,120,113,7,94.17,16.14,0,1,4,1,0,0,8,False,79.5,Near_Completion,0,100,Eligible,6,40,1,Approaching_OJT,0.0,100.0
4,7.2,120,78,42,65.0,19.5,22,0,0,1,0,0,6,False,73.0,Advanced,22,78,Moderate_Gap,1,90,2,Moderate_Planning_Gap,11.0,100.0
4,7.82,120,76,44,63.33,19.0,24,1,2,0,0,0,6,False,71.0,Advanced,24,76,Moderate_Gap,3,70,2,Moderate_Planning_Gap,12.0,100.0
2,6.31,120,34,86,28.33,17.0,66,1,1,0,1,0,6,False,47.0,Early,66,34,Far_From_Eligible,3,70,4,Long_Term_Planning,16.5,100.0
1,5.57,120,16,104,13.33,16.0,84,4,3,2,2,1,6,False,0.0,Early,84,16,Far_From_Eligible,12,0,5,Long_Term_Planning,16.8,100.0
6,7.81,120,105,15,87.5,17.5,0,1,0,0,0,0,7,True,89.5,Near_Completion,0,100,Eligible,1,90,1,Approaching_OJT,0.0,100.0
1,8.2,120,20,100,16.67,20.0,80,0,0,1,0,0,6,False,44.0,Early,80,20,Far_From_Eligible,1,90,5,Long_Term_Planning,16.0,100.0
3,5.89,120,48,72,40.0,16.0,52,1,4,0,0,0,6,False,53.0,Developing,52,48,Far_From_Eligible,5,50,3,Long_Term_Planning,17.33,100.0
3,5.25,120,37,83,30.83,12.33,63,5,5,2,1,0,6,False,16.5,Developing,63,37,Far_From_Eligible,13,0,3,Long_Term_Planning,21.0,100.0
4,6.45,120,71,49,59.17,17.75,29,2,5,1,1,0,6,False,48.5,Developing,29,71,Moderate_Gap,9,10,2,Moderate_Planning_Gap,14.5,100.0
5,6.54,120,87,33,72.5,17.4,13,3,4,1,0,0,7,False,60.5,Advanced,13,87,Near_Eligible,8,20,2,Moderate_Planning_Gap,6.5,100.0
7,7.07,120,114,6,95.0,16.29,0,1,1,1,0,0,8,False,86.0,Near_Completion,0,100,Eligible,3,70,1,Approaching_OJT,0.0,99.97
5,6.47,120,89,31,74.17,17.8,11,3,2,2,1,0,6,False,54.5,Advanced,11,89,Near_Eligible,8,20,1,Approaching_OJT,11.0,100.0
8,6.17,120,116,4,96.67,14.5,0,2,4,2,1,0,8,False,67.0,Near_Completion,0,100,Eligible,9,10,0,OJT_Ready_Stage,0.0,100.0
5,6.24,120,80,40,66.67,16.0,20,1,2,1,0,0,6,False,67.0,Advanced,20,80,Near_Eligible,4,60,1,Approaching_OJT,20.0,100.0
1,5.75,120,15,105,12.5,15.0,85,3,4,2,2,0,6,False,8.5,Early,85,15,Far_From_Eligible,11,0,5,Long_Term_Planning,17.0,100.0
7,4.01,120,92,28,76.67,13.14,8,5,8,2,3,1,8,False,20.0,Advanced,8,92,Near_Eligible,19,0,1,Approaching_OJT,8.0,100.0
3,8.31,120,63,57,52.5,21.0,37,1,1,1,0,0,6,False,60.5,Developing,37,63,Moderate_Gap,3,70,3,Long_Term_Planning,12.33,100.0
4,3.97,120,57,63,47.5,14.25,43,5,5,4,3,1,5,False,0.0,Developing,43,57,Moderate_Gap,18,0,1,Approaching_OJT,43.0,100.0
5,6.96,120,95,25,79.17,19.0,5,1,1,0,1,0,6,False,77.5,Advanced,5,95,Near_Eligible,3,70,1,Approaching_OJT,5.0,100.0
5,4.48,120,65,55,54.17,13.0,35,6,5,2,2,1,7,False,14.5,Developing,35,65,Moderate_Gap,16,0,2,Moderate_Planning_Gap,17.5,100.0
4,8.41,120,73,47,60.83,18.25,27,0,1,0,0,0,5,False,74.5,Advanced,27,73,Moderate_Gap,1,90,1,Approaching_OJT,27.0,100.0
5,7.79,120,95,25,79.17,19.0,5,0,0,0,0,0,6,False,87.5,Advanced,5,95,Near_Eligible,0,100,1,Approaching_OJT,5.0,100.0
3,8.13,120,63,57,52.5,21.0,37,1,1,1,0,0,5,False,60.5,Developing,37,63,Moderate_Gap,3,70,2,Moderate_Planning_Gap,18.5,100.0
4,6.57,120,56,64,46.67,14.0,44,4,3,0,0,0,6,False,50.0,Developing,44,56,Moderate_Gap,7,30,2,Moderate_Planning_Gap,22.0,100.0
3,6.1,120,55,65,45.83,18.33,45,1,1,0,0,0,5,False,62.5,Developing,45,55,Moderate_Gap,2,80,2,Moderate_Planning_Gap,22.5,100.0
6,6.78,120,100,20,83.33,16.67,0,3,3,2,0,0,7,False,63.0,Near_Completion,0,100,Eligible,8,20,1,Approaching_OJT,0.0,99.98
5,7.14,120,100,20,83.33,20.0,0,0,0,1,0,0,6,False,84.0,Near_Completion,0,100,Eligible,1,90,1,Approaching_OJT,0.0,100.0
4,6.82,120,69,51,57.5,17.25,31,2,3,2,0,0,6,False,50.5,Developing,31,69,Moderate_Gap,7,30,2,Moderate_Planning_Gap,15.5,100.0
1,9.92,120,21,99,17.5,21.0,79,0,0,0,0,0,6,False,50.5,Early,79,21,Far_From_Eligible,0,100,5,Long_Term_Planning,15.8,100.0
2,7.08,120,38,82,31.67,19.0,62,0,1,1,0,0,6,False,51.0,Developing,62,38,Far_From_Eligible,2,80,4,Long_Term_Planning,15.5,100.0
2,6.98,120,31,89,25.83,15.5,69,2,1,2,0,0,6,False,35.5,Early,69,31,Far_From_Eligible,5,50,4,Long_Term_Planning,17.25,100.0
2,8.02,120,45,75,37.5,22.5,55,1,1,1,0,0,5,False,51.5,Developing,55,45,Far_From_Eligible,3,70,3,Long_Term_Planning,18.33,100.0
7,7.35,120,109,11,90.83,15.57,0,0,0,1,0,0,8,False,88.5,Near_Completion,0,100,Eligible,1,90,1,Approaching_OJT,0.0,100.0
5,7.38,120,100,20,83.33,20.0,0,1,0,1,0,0,7,False,81.0,Near_Completion,0,100,Eligible,2,80,2,Moderate_Planning_Gap,0.0,100.0
2,6.61,120,37,83,30.83,18.5,63,3,4,0,0,0,6,False,41.5,Developing,63,37,Far_From_Eligible,7,30,4,Long_Term_Planning,15.75,100.0
3,5.61,120,42,78,35.0,14.0,58,4,3,2,2,0,5,False,21.0,Developing,58,42,Far_From_Eligible,11,0,2,Moderate_Planning_Gap,29.0,100.0
4,7.82,120,82,38,68.33,20.5,18,0,1,1,0,0,5,False,73.0,Advanced,18,82,Near_Eligible,2,80,1,Approaching_OJT,18.0,100.0
3,7.91,120,54,66,45.0,18.0,46,1,2,1,0,0,5,False,54.0,Developing,46,54,Moderate_Gap,4,60,2,Moderate_Planning_Gap,23.0,100.0
6,7.8,120,110,10,91.67,18.33,0,0,0,1,0,0,6,False,89.0,Near_Completion,0,100,Eligible,1,90,0,OJT_Ready_Stage,0.0,100.0
3,9.05,120,66,54,55.0,22.0,34,0,0,0,0,0,5,False,73.0,Developing,34,66,Moderate_Gap,0,100,2,Moderate_Planning_Gap,17.0,100.0
5,8.6,120,97,23,80.83,19.4,3,0,0,0,0,0,6,False,88.5,Near_Completion,3,97,Near_Eligible,0,100,1,Approaching_OJT,3.0,100.0
4,8.35,120,78,42,65.0,19.5,22,0,2,0,0,0,5,False,75.0,Advanced,22,78,Moderate_Gap,2,80,1,Approaching_OJT,22.0,100.0
4,7.46,120,76,44,63.33,19.0,24,1,1,0,0,0,6,False,73.0,Advanced,24,76,Moderate_Gap,2,80,2,Moderate_Planning_Gap,12.0,100.0
4,5.06,120,57,63,47.5,14.25,43,5,3,1,1,1,5,False,28.5,Developing,43,57,Moderate_Gap,11,0,1,Approaching_OJT,43.0,100.0
6,8.33,120,112,8,93.33,18.67,0,1,1,1,0,0,6,False,85.0,Near_Completion,0,100,Eligible,3,70,0,OJT_Ready_Stage,0.0,99.98
3,6.53,120,46,74,38.33,15.33,54,3,3,2,0,0,6,False,36.0,Developing,54,46,Far_From_Eligible,8,20,3,Long_Term_Planning,18.0,100.0
3,6.42,120,49,71,40.83,16.33,51,1,3,1,0,0,5,False,49.5,Developing,51,49,Far_From_Eligible,5,50,2,Moderate_Planning_Gap,25.5,100.0
5,6.76,120,84,36,70.0,16.8,16,2,3,1,1,0,7,False,59.0,Advanced,16,84,Near_Eligible,7,30,2,Moderate_Planning_Gap,8.0,100.0
6,5.35,120,96,24,80.0,16.0,4,5,4,3,2,0,6,False,37.0,Near_Completion,4,96,Near_Eligible,14,0,0,OJT_Ready_Stage,4.0,100.0
4,5.96,120,60,60,50.0,15.0,40,5,6,3,2,0,6,False,15.0,Developing,40,60,Moderate_Gap,16,0,2,Moderate_Planning_Gap,20.0,100.0
6,7.63,120,112,8,93.33,18.67,0,1,0,0,0,0,7,True,93.0,Near_Completion,0,100,Eligible,1,90,1,Approaching_OJT,0.0,99.98
5,6.85,120,82,38,68.33,16.4,18,1,2,2,0,0,7,False,62.0,Advanced,18,82,Near_Eligible,5,50,2,Moderate_Planning_Gap,9.0,100.0
2,6.13,120,35,85,29.17,17.5,65,2,2,0,1,0,5,False,42.5,Early,65,35,Far_From_Eligible,5,50,3,Long_Term_Planning,21.67,100.0
5,6.09,120,82,38,68.33,16.4,18,3,2,1,0,0,7,False,62.0,Advanced,18,82,Near_Eligible,6,40,2,Moderate_Planning_Gap,9.0,100.0
2,8.46,120,44,76,36.67,22.0,56,0,2,0,0,0,6,False,58.0,Developing,56,44,Far_From_Eligible,2,80,4,Long_Term_Planning,14.0,100.0
1,7.29,120,21,99,17.5,21.0,79,0,0,0,0,0,5,False,50.5,Early,79,21,Far_From_Eligible,0,100,4,Long_Term_Planning,19.75,100.0
3,6.52,120,38,82,31.67,12.67,62,3,3,0,1,0,6,False,39.0,Developing,62,38,Far_From_Eligible,7,30,3,Long_Term_Planning,20.67,99.97
4,5.82,120,58,62,48.33,14.5,42,4,4,1,1,0,6,False,38.0,Developing,42,58,Moderate_Gap,10,0,2,Moderate_Planning_Gap,21.0,100.0
4,6.7,120,61,59,50.83,15.25,39,2,3,1,1,0,5,False,47.5,Developing,39,61,Moderate_Gap,7,30,1,Approaching_OJT,39.0,100.0
3,6.88,120,48,72,40.0,16.0,52,3,3,0,0,0,6,False,49.0,Developing,52,48,Far_From_Eligible,6,40,3,Long_Term_Planning,17.33,100.0
5,9.1,120,103,17,85.83,20.6,0,0,0,0,0,0,6,True,91.5,Near_Completion,0,100,Eligible,0,100,1,Approaching_OJT,0.0,100.0
4,7.62,120,69,51,57.5,17.25,31,1,1,1,0,0,5,False,63.5,Developing,31,69,Moderate_Gap,3,70,1,Approaching_OJT,31.0,100.0
5,5.57,120,69,51,57.5,13.8,31,4,5,3,1,0,6,False,29.5,Developing,31,69,Moderate_Gap,13,0,1,Approaching_OJT,31.0,100.0
5,6.41,120,91,29,75.83,18.2,9,3,5,0,1,0,7,False,61.5,Advanced,9,91,Near_Eligible,9,10,2,Moderate_Planning_Gap,4.5,100.0
7,5.6,120,105,15,87.5,15.0,0,3,6,1,2,0,8,False,55.5,Near_Completion,0,100,Eligible,12,0,1,Approaching_OJT,0.0,100.0
3,6.63,120,46,74,38.33,15.33,54,3,1,1,1,0,6,False,41.0,Developing,54,46,Far_From_Eligible,6,40,3,Long_Term_Planning,18.0,100.0
3,6.46,120,46,74,38.33,15.33,54,2,4,1,1,0,6,False,38.0,Developing,54,46,Far_From_Eligible,8,20,3,Long_Term_Planning,18.0,100.0
5,4.88,120,75,45,62.5,15.0,25,6,7,4,2,1,6,False,3.5,Advanced,25,75,Moderate_Gap,20,0,1,Approaching_OJT,25.0,100.0
2,8.12,120,38,82,31.67,19.0,62,1,2,1,0,0,6,False,46.0,Developing,62,38,Far_From_Eligible,4,60,4,Long_Term_Planning,15.5,100.0
1,7.07,120,18,102,15.0,18.0,82,3,2,2,0,0,6,False,24.0,Early,82,18,Far_From_Eligible,7,30,5,Long_Term_Planning,16.4,100.0
4,5.96,120,59,61,49.17,14.75,41,3,4,3,2,1,5,False,16.5,Developing,41,59,Moderate_Gap,13,0,1,Approaching_OJT,41.0,100.0
2,5.42,120,34,86,28.33,17.0,66,4,4,3,1,1,6,False,6.0,Early,66,34,Far_From_Eligible,13,0,4,Long_Term_Planning,16.5,100.0
4,6.68,120,65,55,54.17,16.25,35,1,2,1,0,0,5,False,59.5,Developing,35,65,Moderate_Gap,4,60,1,Approaching_OJT,35.0,100.0
3,8.03,120,50,70,41.67,16.67,50,0,0,0,0,0,5,False,65.0,Developing,50,50,Moderate_Gap,0,100,2,Moderate_Planning_Gap,25.0,99.98
5,6.49,120,89,31,74.17,17.8,11,1,3,0,0,0,6,False,75.5,Advanced,11,89,Near_Eligible,4,60,1,Approaching_OJT,11.0,100.0
8,6.84,120,112,8,93.33,14.0,0,3,3,2,1,0,8,False,64.0,Near_Completion,0,100,Eligible,9,10,0,OJT_Ready_Stage,0.0,100.0
6,7.09,120,100,20,83.33,16.67,0,1,2,1,0,0,7,False,77.0,Near_Completion,0,100,Eligible,4,60,1,Approaching_OJT,0.0,99.98
4,6.43,120,71,49,59.17,17.75,29,1,2,2,1,0,5,False,51.5,Developing,29,71,Moderate_Gap,6,40,1,Approaching_OJT,29.0,100.0
3,6.97,120,48,72,40.0,16.0,52,2,4,1,0,0,6,False,44.0,Developing,52,48,Far_From_Eligible,7,30,3,Long_Term_Planning,17.33,100.0
7,6.43,120,113,7,94.17,16.14,0,2,3,1,0,0,8,False,78.5,Near_Completion,0,100,Eligible,6,40,1,Approaching_OJT,0.0,100.0
4,6.75,120,72,48,60.0,18.0,28,3,4,2,1,0,6,False,42.0,Advanced,28,72,Moderate_Gap,10,0,2,Moderate_Planning_Gap,14.0,100.0
3,7.22,120,51,69,42.5,17.0,49,0,2,0,0,0,5,False,61.5,Developing,49,51,Moderate_Gap,2,80,2,Moderate_Planning_Gap,24.5,100.0
4,6.4,120,68,52,56.67,17.0,32,1,3,0,0,0,6,False,65.0,Developing,32,68,Moderate_Gap,4,60,2,Moderate_Planning_Gap,16.0,100.0
3,7.94,120,55,65,45.83,18.33,45,1,2,1,0,0,6,False,54.5,Developing,45,55,Moderate_Gap,4,60,3,Long_Term_Planning,15.0,100.0
4,7.21,120,76,44,63.33,19.0,24,1,0,1,0,0,5,False,69.0,Advanced,24,76,Moderate_Gap,2,80,1,Approaching_OJT,24.0,100.0
6,6.83,120,97,23,80.83,16.17,3,2,2,1,1,0,6,False,67.5,Near_Completion,3,97,Near_Eligible,6,40,0,OJT_Ready_Stage,3.0,99.98
2,7.42,120,43,77,35.83,21.5,57,1,2,0,0,0,6,False,54.5,Developing,57,43,Far_From_Eligible,3,70,4,Long_Term_Planning,14.25,100.0
5,8.49,120,92,28,76.67,18.4,8,0,2,0,0,0,7,False,82.0,Advanced,8,92,Near_Eligible,2,80,2,Moderate_Planning_Gap,4.0,100.0
3,7.03,120,53,67,44.17,17.67,47,0,1,0,0,0,6,False,64.5,Developing,47,53,Moderate_Gap,1,90,3,Long_Term_Planning,15.67,99.98
3,6.22,120,51,69,42.5,17.0,49,2,2,2,0,0,6,False,43.5,Developing,49,51,Moderate_Gap,6,40,3,Long_Term_Planning,16.33,100.0
3,5.4,120,38,82,31.67,12.67,62,4,5,3,2,1,6,False,1.0,Developing,62,38,Far_From_Eligible,15,0,3,Long_Term_Planning,20.67,99.97
1,6.26,120,19,101,15.83,19.0,81,2,2,1,0,0,5,False,33.5,Early,81,19,Far_From_Eligible,5,50,4,Long_Term_Planning,20.25,100.0
4,4.27,120,55,65,45.83,13.75,45,8,6,3,3,1,6,False,0.0,Developing,45,55,Moderate_Gap,21,0,2,Moderate_Planning_Gap,22.5,100.0
4,7.99,120,73,47,60.83,18.25,27,1,1,1,0,0,6,False,65.5,Advanced,27,73,Moderate_Gap,3,70,2,Moderate_Planning_Gap,13.5,100.0
2,6.96,120,38,82,31.67,19.0,62,1,4,2,1,0,5,False,31.0,Developing,62,38,Far_From_Eligible,8,20,3,Long_Term_Planning,20.67,100.0
5,5.96,120,75,45,62.5,15.0,25,3,3,1,1,0,6,False,51.5,Advanced,25,75,Moderate_Gap,8,20,1,Approaching_OJT,25.0,100.0
5,5.12,120,85,35,70.83,17.0,15,4,4,1,2,1,6,False,38.5,Advanced,15,85,Near_Eligible,12,0,1,Approaching_OJT,15.0,100.0
5,7.65,120,96,24,80.0,19.2,4,0,0,0,0,0,6,False,88.0,Near_Completion,4,96,Near_Eligible,0,100,1,Approaching_OJT,4.0,100.0
7,8.82,120,120,0,100.0,17.14,0,0,0,0,0,0,8,True,100.0,Near_Completion,0,100,Eligible,0,100,1,Approaching_OJT,0.0,100.0
2,9.3,120,47,73,39.17,23.5,53,0,0,0,0,0,5,False,63.5,Developing,53,47,Far_From_Eligible,0,100,3,Long_Term_Planning,17.67,100.0
5,7.28,120,95,25,79.17,19.0,5,1,2,0,0,0,7,False,80.5,Advanced,5,95,Near_Eligible,3,70,2,Moderate_Planning_Gap,2.5,100.0
1,5.47,120,15,105,12.5,15.0,85,5,4,3,2,0,5,False,0.0,Early,85,15,Far_From_Eligible,14,0,4,Long_Term_Planning,21.25,100.0
5,5.05,120,71,49,59.17,14.2,29,5,6,1,2,0,7,False,32.5,Developing,29,71,Moderate_Gap,14,0,2,Moderate_Planning_Gap,14.5,100.0
5,6.99,120,87,33,72.5,17.4,13,1,2,1,1,0,6,False,65.5,Advanced,13,87,Near_Eligible,5,50,1,Approaching_OJT,13.0,100.0
5,6.02,120,83,37,69.17,16.6,17,3,2,1,0,0,6,False,62.5,Advanced,17,83,Near_Eligible,6,40,1,Approaching_OJT,17.0,100.0
4,6.78,120,65,55,54.17,16.25,35,2,3,1,0,0,5,False,54.5,Developing,35,65,Moderate_Gap,6,40,1,Approaching_OJT,35.0,100.0
6,7.26,120,101,19,84.17,16.83,0,1,0,1,0,0,6,False,81.5,Near_Completion,0,100,Eligible,2,80,0,OJT_Ready_Stage,0.0,100.0
6,4.8,120,86,34,71.67,14.33,14,8,8,4,3,2,7,False,0.0,Advanced,14,86,Near_Eligible,25,0,1,Approaching_OJT,14.0,100.0
3,5.12,120,43,77,35.83,14.33,57,5,5,3,1,0,5,False,13.5,Developing,57,43,Far_From_Eligible,14,0,2,Moderate_Planning_Gap,28.5,100.0
6,6.02,120,92,28,76.67,15.33,8,1,3,0,1,0,7,False,72.0,Advanced,8,92,Near_Eligible,5,50,1,Approaching_OJT,8.0,100.0
5,6.25,120,88,32,73.33,17.6,12,3,1,2,0,0,7,False,61.0,Advanced,12,88,Near_Eligible,6,40,2,Moderate_Planning_Gap,6.0,100.0
5,5.84,120,84,36,70.0,16.8,16,4,4,2,1,1,6,False,37.0,Advanced,16,84,Near_Eligible,12,0,1,Approaching_OJT,16.0,100.0
7,9.17,120,118,2,98.33,16.86,0,0,0,0,0,0,8,True,99.0,Near_Completion,0,100,Eligible,0,100,1,Approaching_OJT,0.0,99.98
4,9.41,120,75,45,62.5,18.75,25,0,0,0,0,0,6,False,77.5,Advanced,25,75,Moderate_Gap,0,100,2,Moderate_Planning_Gap,12.5,100.0
5,6.91,120,83,37,69.17,16.6,17,1,2,0,1,0,6,False,69.5,Advanced,17,83,Near_Eligible,4,60,1,Approaching_OJT,17.0,100.0
4,3.63,120,52,68,43.33,13.0,48,6,8,2,2,1,6,False,2.0,Developing,48,52,Moderate_Gap,19,0,2,Moderate_Planning_Gap,24.0,100.0
5,6.95,120,92,28,76.67,18.4,8,3,1,2,1,0,7,False,58.0,Advanced,8,92,Near_Eligible,7,30,2,Moderate_Planning_Gap,4.0,100.0
4,6.14,120,72,48,60.0,18.0,28,3,1,0,0,0,6,False,65.0,Advanced,28,72,Moderate_Gap,4,60,2,Moderate_Planning_Gap,14.0,100.0
5,7.45,120,91,29,75.83,18.2,9,1,0,1,0,0,7,False,76.5,Advanced,9,91,Near_Eligible,2,80,2,Moderate_Planning_Gap,4.5,100.0
5,5.24,120,84,36,70.0,16.8,16,5,3,3,2,0,6,False,33.0,Advanced,16,84,Near_Eligible,13,0,1,Approaching_OJT,16.0,100.0
7,9.1,120,118,2,98.33,16.86,0,0,0,0,0,0,8,True,99.0,Near_Completion,0,100,Eligible,0,100,1,Approaching_OJT,0.0,99.98
6,8.43,120,108,12,90.0,18.0,0,0,1,1,0,0,7,False,86.0,Near_Completion,0,100,Eligible,2,80,1,Approaching_OJT,0.0,100.0
7,6.2,120,110,10,91.67,15.71,0,1,3,0,1,0,8,True,81.0,Near_Completion,0,100,Eligible,5,50,1,Approaching_OJT,0.0,100.0
5,6.86,120,88,32,73.33,17.6,12,3,1,0,0,0,7,False,73.0,Advanced,12,88,Near_Eligible,4,60,2,Moderate_Planning_Gap,6.0,100.0
7,6.91,120,109,11,90.83,15.57,0,1,2,0,0,0,8,True,87.5,Near_Completion,0,100,Eligible,3,70,1,Approaching_OJT,0.0,100.0
5,6.97,120,89,31,74.17,17.8,11,2,3,1,1,0,7,False,61.5,Advanced,11,89,Near_Eligible,7,30,2,Moderate_Planning_Gap,5.5,100.0
5,7.06,120,100,20,83.33,20.0,0,0,2,0,0,0,6,True,86.0,Near_Completion,0,100,Eligible,2,80,1,Approaching_OJT,0.0,100.0
6,6.8,120,99,21,82.5,16.5,1,2,4,2,1,0,7,False,58.5,Near_Completion,1,99,Near_Eligible,9,10,1,Approaching_OJT,1.0,100.0
4,7.08,120,74,46,61.67,18.5,26,1,0,1,0,0,5,False,68.0,Advanced,26,74,Moderate_Gap,2,80,1,Approaching_OJT,26.0,100.0
3,6.93,120,45,75,37.5,15.0,55,1,1,0,1,0,5,False,52.5,Developing,55,45,Far_From_Eligible,3,70,2,Moderate_Planning_Gap,27.5,100.0
4,6.14,120,64,56,53.33,16.0,36,2,3,1,1,0,6,False,49.0,Developing,36,64,Moderate_Gap,7,30,2,Moderate_Planning_Gap,18.0,100.0
4,5.58,120,68,52,56.67,17.0,32,3,6,1,2,1,5,False,29.0,Developing,32,68,Moderate_Gap,13,0,1,Approaching_OJT,32.0,100.0
5,7.7,120,90,30,75.0,18.0,10,0,1,1,0,0,6,False,77.0,Advanced,10,90,Near_Eligible,2,80,1,Approaching_OJT,10.0,100.0
5,9.3,120,94,26,78.33,18.8,6,0,0,0,0,0,7,False,87.0,Advanced,6,94,Near_Eligible,0,100,2,Moderate_Planning_Gap,3.0,100.0
5,8.02,120,95,25,79.17,19.0,5,1,2,1,0,0,6,False,74.5,Advanced,5,95,Near_Eligible,4,60,1,Approaching_OJT,5.0,100.0
2,5.66,120,27,93,22.5,13.5,73,4,6,3,2,1,5,False,0.0,Early,73,27,Far_From_Eligible,16,0,3,Long_Term_Planning,24.33,100.0
5,7.6,120,97,23,80.83,19.4,3,0,2,0,0,0,6,False,84.5,Near_Completion,3,97,Near_Eligible,2,80,1,Approaching_OJT,3.0,100.0
5,8.96,120,90,30,75.0,18.0,10,0,0,0,0,0,7,False,85.0,Advanced,10,90,Near_Eligible,0,100,2,Moderate_Planning_Gap,5.0,100.0
1,7.22,120,20,100,16.67,20.0,80,1,0,0,0,0,6,False,47.0,Early,80,20,Far_From_Eligible,1,90,5,Long_Term_Planning,16.0,100.0
3,8.31,120,54,66,45.0,18.0,46,0,2,1,0,0,5,False,57.0,Developing,46,54,Moderate_Gap,3,70,2,Moderate_Planning_Gap,23.0,100.0
1,6.24,120,16,104,13.33,16.0,84,3,2,2,1,0,6,False,18.0,Early,84,16,Far_From_Eligible,8,20,5,Long_Term_Planning,16.8,100.0
8,3.96,120,89,31,74.17,11.12,11,5,6,4,2,2,8,False,7.5,Advanced,11,89,Near_Eligible,19,0,0,OJT_Ready_Stage,11.0,100.0
1,6.63,120,20,100,16.67,20.0,80,1,4,1,0,0,6,False,33.0,Early,80,20,Far_From_Eligible,6,40,5,Long_Term_Planning,16.0,100.0
4,7.54,120,79,41,65.83,19.75,21,1,2,0,0,0,5,False,72.5,Advanced,21,79,Moderate_Gap,3,70,1,Approaching_OJT,21.0,100.0
3,6.5,120,48,72,40.0,16.0,52,3,4,1,1,0,6,False,36.0,Developing,52,48,Far_From_Eligible,9,10,3,Long_Term_Planning,17.33,100.0
5,6.72,120,85,35,70.83,17.0,15,3,2,0,1,0,6,False,64.5,Advanced,15,85,Near_Eligible,6,40,1,Approaching_OJT,15.0,100.0
1,6.31,120,18,102,15.0,18.0,82,3,2,2,0,0,5,False,24.0,Early,82,18,Far_From_Eligible,7,30,4,Long_Term_Planning,20.5,100.0
5,6.22,120,84,36,70.0,16.8,16,2,4,1,1,0,7,False,57.0,Advanced,16,84,Near_Eligible,8,20,2,Moderate_Planning_Gap,8.0,100.0
6,6.16,120,101,19,84.17,16.83,0,2,3,1,1,0,7,False,67.5,Near_Completion,0,100,Eligible,7,30,1,Approaching_OJT,0.0,100.0
1,5.46,120,15,105,12.5,15.0,85,4,5,2,2,1,6,False,0.0,Early,85,15,Far_From_Eligible,14,0,5,Long_Term_Planning,17.0,100.0
3,6.7,120,42,78,35.0,14.0,58,2,2,0,0,0,5,False,51.0,Developing,58,42,Far_From_Eligible,4,60,2,Moderate_Planning_Gap,29.0,100.0
3,5.76,120,43,77,35.83,14.33,57,3,4,3,2,1,6,False,8.5,Developing,57,43,Far_From_Eligible,13,0,3,Long_Term_Planning,19.0,100.0
6,6.9,120,107,13,89.17,17.83,0,2,2,1,0,0,7,False,77.5,Near_Completion,0,100,Eligible,5,50,1,Approaching_OJT,0.0,100.0
4,6.21,120,69,51,57.5,17.25,31,2,4,1,1,0,6,False,49.5,Developing,31,69,Moderate_Gap,8,20,2,Moderate_Planning_Gap,15.5,100.0
8,9.67,120,115,5,95.83,14.38,0,0,0,0,0,0,8,True,97.5,Near_Completion,0,100,Eligible,0,100,0,OJT_Ready_Stage,0.0,99.97
5,8.25,120,99,21,82.5,19.8,1,0,1,1,0,0,6,False,81.5,Near_Completion,1,99,Near_Eligible,2,80,1,Approaching_OJT,1.0,100.0
5,3.87,120,74,46,61.67,14.8,26,8,6,3,2,2,6,False,0.0,Advanced,26,74,Moderate_Gap,21,0,1,Approaching_OJT,26.0,100.0
2,7.0,120,29,91,24.17,14.5,71,3,2,0,1,0,5,False,36.5,Early,71,29,Far_From_Eligible,6,40,3,Long_Term_Planning,23.67,100.0
2,6.2,120,38,82,31.67,19.0,62,1,1,2,0,0,5,False,42.0,Developing,62,38,Far_From_Eligible,4,60,3,Long_Term_Planning,20.67,100.0
5,8.23,120,99,21,82.5,19.8,1,0,0,1,0,0,6,False,83.5,Near_Completion,1,99,Near_Eligible,1,90,1,Approaching_OJT,1.0,100.0
6,7.74,120,112,8,93.33,18.67,0,0,1,0,0,0,7,True,94.0,Near_Completion,0,100,Eligible,1,90,1,Approaching_OJT,0.0,99.98
5,7.42,120,94,26,78.33,18.8,6,1,2,0,0,0,7,False,80.0,Advanced,6,94,Near_Eligible,3,70,2,Moderate_Planning_Gap,3.0,100.0
4,5.3,120,61,59,50.83,15.25,39,3,5,2,1,1,6,False,26.5,Developing,39,61,Moderate_Gap,12,0,2,Moderate_Planning_Gap,19.5,100.0
3,7.1,120,54,66,45.0,18.0,46,0,2,0,0,0,6,False,63.0,Developing,46,54,Moderate_Gap,2,80,3,Long_Term_Planning,15.33,100.0
6,5.9,120,97,23,80.83,16.17,3,3,4,3,2,0,6,False,43.5,Near_Completion,3,97,Near_Eligible,12,0,0,OJT_Ready_Stage,3.0,99.98
5,6.06,120,88,32,73.33,17.6,12,2,3,2,0,0,7,False,60.0,Advanced,12,88,Near_Eligible,7,30,2,Moderate_Planning_Gap,6.0,100.0
7,9.01,120,116,4,96.67,16.57,0,0,0,0,0,0,8,True,98.0,Near_Completion,0,100,Eligible,0,100,1,Approaching_OJT,0.0,100.0
7,6.46,120,114,6,95.0,16.29,0,1,1,0,0,0,8,True,92.0,Near_Completion,0,100,Eligible,2,80,1,Approaching_OJT,0.0,99.97
1,8.81,120,23,97,19.17,23.0,77,0,0,0,0,0,6,False,51.5,Early,77,23,Far_From_Eligible,0,100,5,Long_Term_Planning,15.4,100.0
5,6.29,120,94,26,78.33,18.8,6,3,2,1,0,0,7,False,68.0,Advanced,6,94,Near_Eligible,6,40,2,Moderate_Planning_Gap,3.0,100.0
3,6.27,120,49,71,40.83,16.33,51,2,4,0,1,0,5,False,45.5,Developing,51,49,Far_From_Eligible,7,30,2,Moderate_Planning_Gap,25.5,100.0
6,8.13,120,109,11,90.83,18.17,0,0,2,0,0,0,7,True,90.5,Near_Completion,0,100,Eligible,2,80,1,Approaching_OJT,0.0,99.98
8,6.09,120,118,2,98.33,14.75,0,1,4,2,0,0,8,False,76.0,Near_Completion,0,100,Eligible,7,30,0,OJT_Ready_Stage,0.0,100.0
8,6.12,120,115,5,95.83,14.38,0,2,3,2,0,0,8,False,73.5,Near_Completion,0,100,Eligible,7,30,0,OJT_Ready_Stage,0.0,99.97
4,6.52,120,65,55,54.17,16.25,35,1,3,1,0,0,5,False,57.5,Developing,35,65,Moderate_Gap,5,50,1,Approaching_OJT,35.0,100.0
8,7.93,120,113,7,94.17,14.12,0,1,0,0,0,0,8,True,93.5,Near_Completion,0,100,Eligible,1,90,0,OJT_Ready_Stage,0.0,100.0
4,6.61,120,70,50,58.33,17.5,30,1,4,1,0,0,5,False,58.0,Developing,30,70,Moderate_Gap,6,40,1,Approaching_OJT,30.0,100.0
4,8.41,120,79,41,65.83,19.75,21,1,2,0,0,0,6,False,72.5,Advanced,21,79,Moderate_Gap,3,70,2,Moderate_Planning_Gap,10.5,100.0
2,7.15,120,39,81,32.5,19.5,61,0,0,1,0,0,6,False,53.5,Developing,61,39,Far_From_Eligible,1,90,4,Long_Term_Planning,15.25,100.0
4,5.6,120,58,62,48.33,14.5,42,5,3,3,1,0,5,False,25.0,Developing,42,58,Moderate_Gap,12,0,1,Approaching_OJT,42.0,100.0
4,8.55,120,75,45,62.5,18.75,25,0,0,0,0,0,6,False,77.5,Advanced,25,75,Moderate_Gap,0,100,2,Moderate_Planning_Gap,12.5,100.0
5,5.32,120,71,49,59.17,14.2,29,4,6,1,1,0,6,False,40.5,Developing,29,71,Moderate_Gap,12,0,1,Approaching_OJT,29.0,100.0
6,7.51,120,107,13,89.17,17.83,0,1,2,0,0,0,7,True,86.5,Near_Completion,0,100,Eligible,3,70,1,Approaching_OJT,0.0,100.0
1,6.81,120,18,102,15.0,18.0,82,3,2,0,1,0,6,False,31.0,Early,82,18,Far_From_Eligible,6,40,5,Long_Term_Planning,16.4,100.0
1,6.4,120,20,100,16.67,20.0,80,1,4,2,0,0,6,False,27.0,Early,80,20,Far_From_Eligible,7,30,5,Long_Term_Planning,16.0,100.0
1,6.33,120,17,103,14.17,17.0,83,2,2,2,1,0,5,False,21.5,Early,83,17,Far_From_Eligible,7,30,4,Long_Term_Planning,20.75,100.0
3,6.56,120,45,75,37.5,15.0,55,3,4,1,1,0,5,False,34.5,Developing,55,45,Far_From_Eligible,9,10,2,Moderate_Planning_Gap,27.5,100.0
3,5.68,120,41,79,34.17,13.67,59,4,5,1,1,0,6,False,27.5,Developing,59,41,Far_From_Eligible,11,0,3,Long_Term_Planning,19.67,99.98
1,6.75,120,16,104,13.33,16.0,84,3,2,0,1,0,5,False,30.0,Early,84,16,Far_From_Eligible,6,40,4,Long_Term_Planning,21.0,100.0
7,7.56,120,115,5,95.83,16.43,0,0,0,0,0,0,8,True,97.5,Near_Completion,0,100,Eligible,0,100,1,Approaching_OJT,0.0,99.99
5,6.67,120,81,39,67.5,16.2,19,3,4,1,0,0,6,False,57.5,Advanced,19,81,Near_Eligible,8,20,1,Approaching_OJT,19.0,100.0
2,6.78,120,32,88,26.67,16.0,68,1,2,1,0,0,6,False,43.0,Early,68,32,Far_From_Eligible,4,60,4,Long_Term_Planning,17.0,100.0
5,8.3,120,92,28,76.67,18.4,8,1,1,0,0,0,6,False,81.0,Advanced,8,92,Near_Eligible,2,80,1,Approaching_OJT,8.0,100.0
5,6.06,120,92,28,76.67,18.4,8,1,1,2,0,0,6,False,69.0,Advanced,8,92,Near_Eligible,4,60,1,Approaching_OJT,8.0,100.0
4,7.78,120,75,45,62.5,18.75,25,1,0,1,0,0,6,False,68.5,Advanced,25,75,Moderate_Gap,2,80,2,Moderate_Planning_Gap,12.5,100.0
1,6.01,120,18,102,15.0,18.0,82,3,1,1,0,0,6,False,32.0,Early,82,18,Far_From_Eligible,5,50,5,Long_Term_Planning,16.4,100.0
4,7.88,120,77,43,64.17,19.25,23,1,1,1,0,0,5,False,67.5,Advanced,23,77,Moderate_Gap,3,70,1,Approaching_OJT,23.0,100.0
5,8.17,120,99,21,82.5,19.8,1,1,2,0,0,0,6,False,82.5,Near_Completion,1,99,Near_Eligible,3,70,1,Approaching_OJT,1.0,100.0
4,7.78,120,79,41,65.83,19.75,21,0,1,1,0,0,6,False,71.5,Advanced,21,79,Moderate_Gap,2,80,2,Moderate_Planning_Gap,10.5,100.0
4,6.42,120,64,56,53.33,16.0,36,1,4,0,1,0,5,False,56.0,Developing,36,64,Moderate_Gap,6,40,1,Approaching_OJT,36.0,100.0
7,6.78,120,105,15,87.5,15.0,0,1,3,0,1,0,8,True,78.5,Near_Completion,0,100,Eligible,5,50,1,Approaching_OJT,0.0,100.0
5,5.86,120,89,31,74.17,17.8,11,2,4,0,1,0,6,False,65.5,Advanced,11,89,Near_Eligible,7,30,1,Approaching_OJT,11.0,100.0
5,5.55,120,68,52,56.67,13.6,32,5,4,1,2,1,6,False,27.0,Developing,32,68,Moderate_Gap,13,0,1,Approaching_OJT,32.0,100.0
6,3.55,120,85,35,70.83,14.17,15,6,8,3,2,1,6,False,12.5,Advanced,15,85,Near_Eligible,20,0,0,OJT_Ready_Stage,15.0,99.98
3,5.95,120,50,70,41.67,16.67,50,5,3,2,1,0,6,False,27.0,Developing,50,50,Moderate_Gap,11,0,3,Long_Term_Planning,16.67,99.98
5,3.95,120,60,60,50.0,12.0,40,5,8,3,3,2,7,False,0.0,Developing,40,60,Moderate_Gap,21,0,2,Moderate_Planning_Gap,20.0,100.0
8,4.12,120,95,25,79.17,11.88,5,7,8,2,2,1,8,False,20.5,Advanced,5,95,Near_Eligible,20,0,0,OJT_Ready_Stage,5.0,99.96
4,7.54,120,69,51,57.5,17.25,31,1,2,1,0,0,6,False,61.5,Developing,31,69,Moderate_Gap,4,60,2,Moderate_Planning_Gap,15.5,100.0
8,5.12,120,113,7,94.17,14.12,0,3,4,3,1,1,8,False,48.5,Near_Completion,0,100,Eligible,12,0,0,OJT_Ready_Stage,0.0,100.0
3,6.55,120,50,70,41.67,16.67,50,2,2,1,0,0,6,False,49.0,Developing,50,50,Moderate_Gap,5,50,3,Long_Term_Planning,16.67,99.98
4,6.85,120,64,56,53.33,16.0,36,3,4,0,1,0,5,False,50.0,Developing,36,64,Moderate_Gap,8,20,1,Approaching_OJT,36.0,100.0
3,9.55,120,66,54,55.0,22.0,34,0,0,0,0,0,5,False,73.0,Developing,34,66,Moderate_Gap,0,100,2,Moderate_Planning_Gap,17.0,100.0
4,9.78,120,78,42,65.0,19.5,22,0,0,0,0,0,6,False,79.0,Advanced,22,78,Moderate_Gap,0,100,2,Moderate_Planning_Gap,11.0,100.0
2,7.61,120,42,78,35.0,21.0,58,0,2,1,0,0,6,False,51.0,Developing,58,42,Far_From_Eligible,3,70,4,Long_Term_Planning,14.5,100.0
5,5.55,120,68,52,56.67,13.6,32,3,3,1,1,1,6,False,40.0,Developing,32,68,Moderate_Gap,9,10,1,Approaching_OJT,32.0,100.0
5,6.18,120,85,35,70.83,17.0,15,1,4,1,0,0,7,False,65.5,Advanced,15,85,Near_Eligible,6,40,2,Moderate_Planning_Gap,7.5,100.0
5,9.07,120,97,23,80.83,19.4,3,0,0,0,0,0,7,False,88.5,Near_Completion,3,97,Near_Eligible,0,100,2,Moderate_Planning_Gap,1.5,100.0
5,8.03,120,97,23,80.83,19.4,3,0,1,1,0,0,6,False,80.5,Near_Completion,3,97,Near_Eligible,2,80,1,Approaching_OJT,3.0,100.0
6,8.13,120,107,13,89.17,17.83,0,0,0,0,0,0,7,True,93.5,Near_Completion,0,100,Eligible,0,100,1,Approaching_OJT,0.0,100.0
3,6.18,120,50,70,41.67,16.67,50,2,3,0,0,0,5,False,53.0,Developing,50,50,Moderate_Gap,5,50,2,Moderate_Planning_Gap,25.0,99.98
3,6.06,120,47,73,39.17,15.67,53,3,2,0,0,0,6,False,50.5,Developing,53,47,Far_From_Eligible,5,50,3,Long_Term_Planning,17.67,99.98
3,7.07,120,58,62,48.33,19.33,42,0,2,0,0,0,5,False,65.0,Developing,42,58,Moderate_Gap,2,80,2,Moderate_Planning_Gap,21.0,100.0
2,8.85,120,45,75,37.5,22.5,55,0,0,0,0,0,5,False,62.5,Developing,55,45,Far_From_Eligible,0,100,3,Long_Term_Planning,18.33,100.0
3,5.25,120,37,83,30.83,12.33,63,5,4,2,1,0,5,False,18.5,Developing,63,37,Far_From_Eligible,12,0,2,Moderate_Planning_Gap,31.5,100.0
6,5.37,120,90,30,75.0,15.0,10,5,3,2,1,0,6,False,47.0,Advanced,10,90,Near_Eligible,11,0,0,OJT_Ready_Stage,10.0,100.0
1,9.56,120,20,100,16.67,20.0,80,0,0,0,0,0,5,False,50.0,Early,80,20,Far_From_Eligible,0,100,4,Long_Term_Planning,20.0,100.0
3,3.57,120,38,82,31.67,12.67,62,8,6,3,2,1,6,False,0.0,Developing,62,38,Far_From_Eligible,20,0,3,Long_Term_Planning,20.67,99.97
4,5.45,120,55,65,45.83,13.75,45,3,3,1,1,1,5,False,33.5,Developing,45,55,Moderate_Gap,9,10,1,Approaching_OJT,45.0,100.0
4,7.24,120,70,50,58.33,17.5,30,0,0,0,0,0,5,False,75.0,Developing,30,70,Moderate_Gap,0,100,1,Approaching_OJT,30.0,100.0
3,6.63,120,53,67,44.17,17.67,47,3,3,0,0,0,6,False,51.5,Developing,47,53,Moderate_Gap,6,40,3,Long_Term_Planning,15.67,99.98
3,5.72,120,38,82,31.67,12.67,62,4,3,3,2,0,6,False,13.0,Developing,62,38,Far_From_Eligible,12,0,3,Long_Term_Planning,20.67,99.97
3,8.87,120,56,64,46.67,18.67,44,0,0,0,0,0,6,False,68.0,Developing,44,56,Moderate_Gap,0,100,3,Long_Term_Planning,14.67,99.98
5,6.28,120,88,32,73.33,17.6,12,1,1,1,1,0,7,False,68.0,Advanced,12,88,Near_Eligible,4,60,2,Moderate_Planning_Gap,6.0,100.0
3,6.61,120,42,78,35.0,14.0,58,3,5,2,1,0,5,False,25.0,Developing,58,42,Far_From_Eligible,11,0,2,Moderate_Planning_Gap,29.0,100.0
3,9.37,120,57,63,47.5,19.0,43,0,0,0,0,0,6,False,68.5,Developing,43,57,Moderate_Gap,0,100,3,Long_Term_Planning,14.33,100.0
5,6.1,120,82,38,68.33,16.4,18,3,4,1,1,0,7,False,53.0,Advanced,18,82,Near_Eligible,9,10,2,Moderate_Planning_Gap,9.0,100.0
4,7.94,120,80,40,66.67,20.0,20,0,1,0,0,0,6,False,78.0,Advanced,20,80,Near_Eligible,1,90,2,Moderate_Planning_Gap,10.0,100.0
2,6.78,120,30,90,25.0,15.0,70,4,4,1,0,0,6,False,29.0,Early,70,30,Far_From_Eligible,9,10,4,Long_Term_Planning,17.5,100.0
6,6.24,120,103,17,85.83,17.17,0,2,3,1,0,0,6,False,73.5,Near_Completion,0,100,Eligible,6,40,0,OJT_Ready_Stage,0.0,99.98
2,7.41,120,41,79,34.17,20.5,59,0,0,1,0,0,5,False,54.5,Developing,59,41,Far_From_Eligible,1,90,3,Long_Term_Planning,19.67,100.0
4,9.42,120,76,44,63.33,19.0,24,0,0,0,0,0,6,False,78.0,Advanced,24,76,Moderate_Gap,0,100,2,Moderate_Planning_Gap,12.0,100.0
4,6.53,120,62,58,51.67,15.5,38,3,3,2,1,0,6,False,39.0,Developing,38,62,Moderate_Gap,9,10,2,Moderate_Planning_Gap,19.0,100.0
2,9.65,120,45,75,37.5,22.5,55,0,0,0,0,0,5,False,62.5,Developing,55,45,Far_From_Eligible,0,100,3,Long_Term_Planning,18.33,100.0
5,6.93,120,95,25,79.17,19.0,5,3,4,1,1,0,6,False,59.5,Advanced,5,95,Near_Eligible,9,10,1,Approaching_OJT,5.0,100.0
5,5.26,120,82,38,68.33,16.4,18,5,6,3,1,0,6,False,31.0,Advanced,18,82,Near_Eligible,15,0,1,Approaching_OJT,18.0,100.0
5,5.44,120,71,49,59.17,14.2,29,3,5,3,1,0,6,False,33.5,Developing,29,71,Moderate_Gap,12,0,1,Approaching_OJT,29.0,100.0
5,4.92,120,62,58,51.67,12.4,38,6,7,2,2,1,6,False,9.0,Developing,38,62,Moderate_Gap,18,0,1,Approaching_OJT,38.0,100.0
8,8.22,120,118,2,98.33,14.75,0,0,1,1,0,0,8,False,91.0,Near_Completion,0,100,Eligible,2,80,0,OJT_Ready_Stage,0.0,100.0
5,5.04,120,83,37,69.17,16.6,17,3,6,1,1,1,7,False,41.5,Advanced,17,83,Near_Eligible,12,0,2,Moderate_Planning_Gap,8.5,100.0
3,7.4,120,61,59,50.83,20.33,39,1,1,0,0,0,5,False,65.5,Developing,39,61,Moderate_Gap,2,80,2,Moderate_Planning_Gap,19.5,100.0
6,8.02,120,101,19,84.17,16.83,0,0,0,1,0,0,7,False,84.5,Near_Completion,0,100,Eligible,1,90,1,Approaching_OJT,0.0,100.0
5,7.23,120,97,23,80.83,19.4,3,0,0,1,0,0,7,False,82.5,Near_Completion,3,97,Near_Eligible,1,90,2,Moderate_Planning_Gap,1.5,100.0
3,6.97,120,57,63,47.5,19.0,43,2,4,2,0,0,5,False,42.5,Developing,43,57,Moderate_Gap,8,20,2,Moderate_Planning_Gap,21.5,100.0
3,8.12,120,62,58,51.67,20.67,38,1,2,1,0,0,5,False,58.0,Developing,38,62,Moderate_Gap,4,60,2,Moderate_Planning_Gap,19.0,99.98
3,6.74,120,48,72,40.0,16.0,52,3,4,0,0,0,5,False,47.0,Developing,52,48,Far_From_Eligible,7,30,2,Moderate_Planning_Gap,26.0,100.0
4,4.12,120,48,72,40.0,12.0,52,7,6,2,3,1,6,False,0.0,Developing,52,48,Far_From_Eligible,19,0,2,Moderate_Planning_Gap,26.0,100.0
3,9.99,120,58,62,48.33,19.33,42,0,0,0,0,0,6,False,69.0,Developing,42,58,Moderate_Gap,0,100,3,Long_Term_Planning,14.0,100.0
2,7.54,120,37,83,30.83,18.5,63,0,2,1,0,0,6,False,48.5,Developing,63,37,Far_From_Eligible,3,70,4,Long_Term_Planning,15.75,100.0
2,7.57,120,39,81,32.5,19.5,61,1,2,1,0,0,6,False,46.5,Developing,61,39,Far_From_Eligible,4,60,4,Long_Term_Planning,15.25,100.0
7,6.06,120,110,10,91.67,15.71,0,1,3,1,1,0,8,False,75.0,Near_Completion,0,100,Eligible,6,40,1,Approaching_OJT,0.0,100.0
5,7.29,120,97,23,80.83,19.4,3,0,1,1,0,0,7,False,80.5,Near_Completion,3,97,Near_Eligible,2,80,2,Moderate_Planning_Gap,1.5,100.0
4,5.21,120,68,52,56.67,17.0,32,3,4,3,1,0,6,False,34.0,Developing,32,68,Moderate_Gap,11,0,2,Moderate_Planning_Gap,16.0,100.0
2,6.4,120,36,84,30.0,18.0,64,2,3,0,0,0,5,False,46.0,Developing,64,36,Far_From_Eligible,5,50,3,Long_Term_Planning,21.33,100.0
1,6.06,120,18,102,15.0,18.0,82,2,3,2,1,0,6,False,20.0,Early,82,18,Far_From_Eligible,8,20,5,Long_Term_Planning,16.4,100.0
5,5.75,120,78,42,65.0,15.6,22,4,3,1,2,1,7,False,37.0,Advanced,22,78,Moderate_Gap,11,0,2,Moderate_Planning_Gap,11.0,100.0
5,7.17,120,88,32,73.33,17.6,12,1,2,1,0,0,7,False,71.0,Advanced,12,88,Near_Eligible,4,60,2,Moderate_Planning_Gap,6.0,100.0
3,4.91,120,34,86,28.33,11.33,66,7,8,3,2,2,6,False,0.0,Early,66,34,Far_From_Eligible,22,0,3,Long_Term_Planning,22.0,100.0
5,5.89,120,84,36,70.0,16.8,16,5,3,3,1,1,7,False,30.0,Advanced,16,84,Near_Eligible,13,0,2,Moderate_Planning_Gap,8.0,100.0
7,6.18,120,110,10,91.67,15.71,0,3,4,0,1,0,8,True,73.0,Near_Completion,0,100,Eligible,8,20,1,Approaching_OJT,0.0,100.0
6,6.57,120,94,26,78.33,15.67,6,2,4,1,0,0,7,False,67.0,Advanced,6,94,Near_Eligible,7,30,1,Approaching_OJT,6.0,99.98
3,6.1,120,58,62,48.33,19.33,42,3,3,1,1,0,6,False,43.0,Developing,42,58,Moderate_Gap,8,20,3,Long_Term_Planning,14.0,100.0
6,7.24,120,102,18,85.0,17.0,0,0,1,0,0,0,7,True,89.0,Near_Completion,0,100,Eligible,1,90,1,Approaching_OJT,0.0,100.0
5,8.29,120,88,32,73.33,17.6,12,0,2,0,0,0,6,False,80.0,Advanced,12,88,Near_Eligible,2,80,1,Approaching_OJT,12.0,100.0
5,9.09,120,92,28,76.67,18.4,8,0,0,0,0,0,7,False,86.0,Advanced,8,92,Near_Eligible,0,100,2,Moderate_Planning_Gap,4.0,100.0
5,6.63,120,83,37,69.17,16.6,17,1,2,2,1,0,7,False,57.5,Advanced,17,83,Near_Eligible,6,40,2,Moderate_Planning_Gap,8.5,100.0
5,5.52,120,74,46,61.67,14.8,26,4,4,3,1,0,6,False,34.0,Advanced,26,74,Moderate_Gap,12,0,1,Approaching_OJT,26.0,100.0
4,8.46,120,69,51,57.5,17.25,31,1,1,0,0,0,6,False,69.5,Developing,31,69,Moderate_Gap,2,80,2,Moderate_Planning_Gap,15.5,100.0
5,9.31,120,103,17,85.83,20.6,0,0,0,0,0,0,6,True,91.5,Near_Completion,0,100,Eligible,0,100,1,Approaching_OJT,0.0,100.0
4,7.79,120,82,38,68.33,20.5,18,0,0,1,0,0,6,False,75.0,Advanced,18,82,Near_Eligible,1,90,2,Moderate_Planning_Gap,9.0,100.0
3,6.35,120,50,70,41.67,16.67,50,2,2,0,1,0,6,False,50.0,Developing,50,50,Moderate_Gap,5,50,3,Long_Term_Planning,16.67,99.98
4,7.55,120,72,48,60.0,18.0,28,0,0,0,0,0,5,False,76.0,Advanced,28,72,Moderate_Gap,0,100,1,Approaching_OJT,28.0,100.0
6,7.18,120,103,17,85.83,17.17,0,1,0,1,0,0,7,False,82.5,Near_Completion,0,100,Eligible,2,80,1,Approaching_OJT,0.0,99.98
4,6.21,120,65,55,54.17,16.25,35,3,4,0,0,0,5,False,55.5,Developing,35,65,Moderate_Gap,7,30,1,Approaching_OJT,35.0,100.0
2,8.92,120,45,75,37.5,22.5,55,0,0,0,0,0,6,False,62.5,Developing,55,45,Far_From_Eligible,0,100,4,Long_Term_Planning,13.75,100.0
7,3.77,120,89,31,74.17,12.71,11,5,5,2,2,1,8,False,29.5,Advanced,11,89,Near_Eligible,15,0,1,Approaching_OJT,11.0,100.0
5,6.48,120,79,41,65.83,15.8,21,2,4,2,1,0,7,False,48.5,Advanced,21,79,Moderate_Gap,9,10,2,Moderate_Planning_Gap,10.5,100.0
2,9.65,120,47,73,39.17,23.5,53,0,0,0,0,0,6,False,63.5,Developing,53,47,Far_From_Eligible,0,100,4,Long_Term_Planning,13.25,100.0
4,6.11,120,72,48,60.0,18.0,28,1,3,1,0,0,6,False,61.0,Advanced,28,72,Moderate_Gap,5,50,2,Moderate_Planning_Gap,14.0,100.0
7,7.68,120,114,6,95.0,16.29,0,0,1,0,0,0,8,True,95.0,Near_Completion,0,100,Eligible,1,90,1,Approaching_OJT,0.0,99.97
3,5.85,120,50,70,41.67,16.67,50,2,2,1,0,0,6,False,49.0,Developing,50,50,Moderate_Gap,5,50,3,Long_Term_Planning,16.67,99.98
6,6.26,120,100,20,83.33,16.67,0,1,4,0,1,0,7,True,74.0,Near_Completion,0,100,Eligible,6,40,1,Approaching_OJT,0.0,99.98
2,6.87,120,42,78,35.0,21.0,58,1,4,2,1,0,6,False,33.0,Developing,58,42,Far_From_Eligible,8,20,4,Long_Term_Planning,14.5,100.0
7,5.96,120,113,7,94.17,16.14,0,2,4,1,1,0,8,False,71.5,Near_Completion,0,100,Eligible,8,20,1,Approaching_OJT,0.0,100.0
8,7.59,120,115,5,95.83,14.38,0,0,0,0,0,0,8,True,97.5,Near_Completion,0,100,Eligible,0,100,0,OJT_Ready_Stage,0.0,99.97
3,8.45,120,50,70,41.67,16.67,50,0,0,1,0,0,6,False,59.0,Developing,50,50,Moderate_Gap,1,90,3,Long_Term_Planning,16.67,99.98
4,6.75,120,67,53,55.83,16.75,33,2,2,0,1,0,5,False,58.5,Developing,33,67,Moderate_Gap,5,50,1,Approaching_OJT,33.0,100.0
3,5.06,120,50,70,41.67,16.67,50,3,6,2,2,0,6,False,22.0,Developing,50,50,Moderate_Gap,13,0,3,Long_Term_Planning,16.67,99.98
4,8.36,120,77,43,64.17,19.25,23,0,1,0,0,0,5,False,76.5,Advanced,23,77,Moderate_Gap,1,90,1,Approaching_OJT,23.0,100.0
6,8.21,120,112,8,93.33,18.67,0,0,1,0,0,0,7,True,94.0,Near_Completion,0,100,Eligible,1,90,1,Approaching_OJT,0.0,99.98
5,8.0,120,88,32,73.33,17.6,12,1,0,1,0,0,6,False,75.0,Advanced,12,88,Near_Eligible,2,80,1,Approaching_OJT,12.0,100.0
2,6.88,120,35,85,29.17,17.5,65,3,2,0,0,0,5,False,44.5,Early,65,35,Far_From_Eligible,5,50,3,Long_Term_Planning,21.67,100.0
5,7.67,120,99,21,82.5,19.8,1,1,2,1,0,0,6,False,76.5,Near_Completion,1,99,Near_Eligible,4,60,1,Approaching_OJT,1.0,100.0
5,8.06,120,100,20,83.33,20.0,0,0,1,1,0,0,6,False,82.0,Near_Completion,0,100,Eligible,2,80,1,Approaching_OJT,0.0,100.0
7,3.83,120,80,40,66.67,11.43,20,5,7,4,2,1,8,False,9.0,Advanced,20,80,Near_Eligible,19,0,1,Approaching_OJT,20.0,99.99
4,6.46,120,64,56,53.33,16.0,36,2,3,1,1,0,6,False,49.0,Developing,36,64,Moderate_Gap,7,30,2,Moderate_Planning_Gap,18.0,100.0
5,6.15,120,84,36,70.0,16.8,16,2,2,1,0,0,6,False,66.0,Advanced,16,84,Near_Eligible,5,50,1,Approaching_OJT,16.0,100.0
7,7.18,120,104,16,86.67,14.86,0,2,3,2,0,0,8,False,68.0,Near_Completion,0,100,Eligible,7,30,1,Approaching_OJT,0.0,99.98
5,8.32,120,100,20,83.33,20.0,0,0,0,1,0,0,6,False,84.0,Near_Completion,0,100,Eligible,1,90,1,Approaching_OJT,0.0,100.0
8,6.13,120,116,4,96.67,14.5,0,2,4,1,0,0,8,False,78.0,Near_Completion,0,100,Eligible,7,30,0,OJT_Ready_Stage,0.0,100.0
1,5.96,120,15,105,12.5,15.0,85,4,5,3,2,1,5,False,0.0,Early,85,15,Far_From_Eligible,15,0,4,Long_Term_Planning,21.25,100.0
4,7.53,120,75,45,62.5,18.75,25,0,2,0,0,0,6,False,73.5,Advanced,25,75,Moderate_Gap,2,80,2,Moderate_Planning_Gap,12.5,100.0
4,5.86,120,58,62,48.33,14.5,42,2,4,0,1,0,6,False,50.0,Developing,42,58,Moderate_Gap,7,30,2,Moderate_Planning_Gap,21.0,100.0
5,7.73,120,100,20,83.33,20.0,0,1,1,1,0,0,7,False,79.0,Near_Completion,0,100,Eligible,3,70,2,Moderate_Planning_Gap,0.0,100.0
5,6.41,120,80,40,66.67,16.0,20,1,4,1,0,0,7,False,63.0,Advanced,20,80,Near_Eligible,6,40,2,Moderate_Planning_Gap,10.0,100.0
4,5.57,120,68,52,56.67,17.0,32,4,5,3,1,0,5,False,29.0,Developing,32,68,Moderate_Gap,13,0,1,Approaching_OJT,32.0,100.0
3,4.45,120,29,91,24.17,9.67,71,8,6,3,3,1,6,False,0.0,Early,71,29,Far_From_Eligible,21,0,3,Long_Term_Planning,23.67,99.97
5,6.5,120,80,40,66.67,16.0,20,1,1,2,0,0,6,False,63.0,Advanced,20,80,Near_Eligible,4,60,1,Approaching_OJT,20.0,100.0
1,6.38,120,16,104,13.33,16.0,84,2,1,2,0,0,6,False,28.0,Early,84,16,Far_From_Eligible,5,50,5,Long_Term_Planning,16.8,100.0
4,8.79,120,80,40,66.67,20.0,20,0,0,0,0,0,5,False,80.0,Advanced,20,80,Near_Eligible,0,100,1,Approaching_OJT,20.0,100.0
5,6.57,120,84,36,70.0,16.8,16,3,3,1,1,0,7,False,56.0,Advanced,16,84,Near_Eligible,8,20,2,Moderate_Planning_Gap,8.0,100.0
4,7.15,120,74,46,61.67,18.5,26,0,0,1,0,0,6,False,71.0,Advanced,26,74,Moderate_Gap,1,90,2,Moderate_Planning_Gap,13.0,100.0
7,6.35,120,103,17,85.83,14.71,0,2,4,1,1,0,8,False,66.5,Near_Completion,0,100,Eligible,8,20,1,Approaching_OJT,0.0,100.0
3,6.86,120,46,74,38.33,15.33,54,3,2,1,1,0,5,False,39.0,Developing,54,46,Far_From_Eligible,7,30,2,Moderate_Planning_Gap,27.0,100.0
5,6.09,120,81,39,67.5,16.2,19,3,4,0,0,0,7,False,63.5,Advanced,19,81,Near_Eligible,7,30,2,Moderate_Planning_Gap,9.5,100.0
1,8.45,120,22,98,18.33,22.0,78,1,0,0,0,0,6,False,48.0,Early,78,22,Far_From_Eligible,1,90,5,Long_Term_Planning,15.6,100.0
6,6.53,120,99,21,82.5,16.5,1,1,2,2,0,0,6,False,70.5,Near_Completion,1,99,Near_Eligible,5,50,0,OJT_Ready_Stage,1.0,100.0
8,6.29,120,116,4,96.67,14.5,0,2,1,0,1,0,8,True,85.0,Near_Completion,0,100,Eligible,4,60,0,OJT_Ready_Stage,0.0,100.0
5,6.75,120,94,26,78.33,18.8,6,3,4,2,0,0,6,False,58.0,Advanced,6,94,Near_Eligible,9,10,1,Approaching_OJT,6.0,100.0
5,8.12,120,99,21,82.5,19.8,1,0,1,1,0,0,6,False,81.5,Near_Completion,1,99,Near_Eligible,2,80,1,Approaching_OJT,1.0,100.0
2,8.3,120,34,86,28.33,17.0,66,1,1,0,0,0,6,False,52.0,Early,66,34,Far_From_Eligible,2,80,4,Long_Term_Planning,16.5,100.0
5,7.45,120,97,23,80.83,19.4,3,0,1,1,0,0,6,False,80.5,Near_Completion,3,97,Near_Eligible,2,80,1,Approaching_OJT,3.0,100.0
3,5.94,120,43,77,35.83,14.33,57,1,3,0,0,0,5,False,52.5,Developing,57,43,Far_From_Eligible,4,60,2,Moderate_Planning_Gap,28.5,100.0
1,9.74,120,20,100,16.67,20.0,80,0,0,0,0,0,5,False,50.0,Early,80,20,Far_From_Eligible,0,100,4,Long_Term_Planning,20.0,100.0
5,7.81,120,96,24,80.0,19.2,4,0,1,0,0,0,6,False,86.0,Near_Completion,4,96,Near_Eligible,1,90,1,Approaching_OJT,4.0,100.0
4,6.54,120,69,51,57.5,17.25,31,2,1,1,0,0,5,False,60.5,Developing,31,69,Moderate_Gap,4,60,1,Approaching_OJT,31.0,100.0
5,5.18,120,69,51,57.5,13.8,31,5,3,1,2,0,6,False,37.5,Developing,31,69,Moderate_Gap,11,0,1,Approaching_OJT,31.0,100.0
4,4.25,120,54,66,45.0,13.5,46,5,6,4,2,1,5,False,0.0,Developing,46,54,Moderate_Gap,18,0,1,Approaching_OJT,46.0,100.0
4,5.09,120,63,57,52.5,15.75,37,5,5,1,2,0,5,False,30.5,Developing,37,63,Moderate_Gap,13,0,1,Approaching_OJT,37.0,100.0
4,4.13,120,41,79,34.17,10.25,59,5,7,3,3,2,5,False,0.0,Developing,59,41,Far_From_Eligible,20,0,1,Approaching_OJT,59.0,100.0
3,6.29,120,45,75,37.5,15.0,55,3,2,2,0,0,5,False,37.5,Developing,55,45,Far_From_Eligible,7,30,2,Moderate_Planning_Gap,27.5,100.0
3,6.55,120,55,65,45.83,18.33,45,2,4,2,0,0,6,False,41.5,Developing,45,55,Moderate_Gap,8,20,3,Long_Term_Planning,15.0,100.0
5,5.17,120,79,41,65.83,15.8,21,5,3,2,2,0,6,False,36.5,Advanced,21,79,Moderate_Gap,12,0,1,Approaching_OJT,21.0,100.0
5,8.18,120,95,25,79.17,19.0,5,0,1,1,0,0,6,False,79.5,Advanced,5,95,Near_Eligible,2,80,1,Approaching_OJT,5.0,100.0
6,6.31,120,100,20,83.33,16.67,0,4,5,1,0,0,7,False,62.0,Near_Completion,0,100,Eligible,10,0,1,Approaching_OJT,0.0,99.98
5,6.15,120,81,39,67.5,16.2,19,1,2,2,1,0,6,False,56.5,Advanced,19,81,Near_Eligible,6,40,1,Approaching_OJT,19.0,100.0
4,5.37,120,58,62,48.33,14.5,42,3,3,3,2,0,6,False,26.0,Developing,42,58,Moderate_Gap,11,0,2,Moderate_Planning_Gap,21.0,100.0
2,6.59,120,33,87,27.5,16.5,67,3,3,2,0,0,5,False,29.5,Early,67,33,Far_From_Eligible,8,20,3,Long_Term_Planning,22.33,100.0
7,6.15,120,105,15,87.5,15.0,0,1,1,2,0,0,8,False,75.5,Near_Completion,0,100,Eligible,4,60,1,Approaching_OJT,0.0,100.0
6,6.43,120,106,14,88.33,17.67,0,1,3,2,1,0,7,False,67.0,Near_Completion,0,100,Eligible,7,30,1,Approaching_OJT,0.0,99.98
3,8.75,120,59,61,49.17,19.67,41,0,0,0,0,0,5,False,69.5,Developing,41,59,Moderate_Gap,0,100,2,Moderate_Planning_Gap,20.5,99.98
5,5.62,120,81,39,67.5,16.2,19,3,4,1,2,0,7,False,47.5,Advanced,19,81,Near_Eligible,10,0,2,Moderate_Planning_Gap,9.5,100.0
5,8.24,120,88,32,73.33,17.6,12,1,0,0,0,0,7,False,81.0,Advanced,12,88,Near_Eligible,1,90,2,Moderate_Planning_Gap,6.0,100.0
4,6.38,120,70,50,58.33,17.5,30,3,1,1,0,0,6,False,58.0,Developing,30,70,Moderate_Gap,5,50,2,Moderate_Planning_Gap,15.0,100.0
3,6.75,120,56,64,46.67,18.67,44,2,1,0,0,0,6,False,60.0,Developing,44,56,Moderate_Gap,3,70,3,Long_Term_Planning,14.67,99.98
6,6.83,120,108,12,90.0,18.0,0,3,4,2,1,0,7,False,60.0,Near_Completion,0,100,Eligible,10,0,1,Approaching_OJT,0.0,100.0
3,7.73,120,61,59,50.83,20.33,39,1,1,0,0,0,5,False,65.5,Developing,39,61,Moderate_Gap,2,80,2,Moderate_Planning_Gap,19.5,100.0
5,6.12,120,88,32,73.33,17.6,12,1,1,2,1,0,6,False,62.0,Advanced,12,88,Near_Eligible,5,50,1,Approaching_OJT,12.0,100.0
6,7.86,120,100,20,83.33,16.67,0,0,1,1,0,0,6,False,82.0,Near_Completion,0,100,Eligible,2,80,0,OJT_Ready_Stage,0.0,99.98
7,6.95,120,106,14,88.33,15.14,0,1,2,0,1,0,8,True,81.0,Near_Completion,0,100,Eligible,4,60,1,Approaching_OJT,0.0,100.0
3,6.63,120,48,72,40.0,16.0,52,1,3,1,1,0,6,False,44.0,Developing,52,48,Far_From_Eligible,6,40,3,Long_Term_Planning,17.33,100.0
4,7.86,120,73,47,60.83,18.25,27,1,2,0,0,0,5,False,69.5,Advanced,27,73,Moderate_Gap,3,70,1,Approaching_OJT,27.0,100.0
5,6.87,120,93,27,77.5,18.6,7,2,2,2,0,0,6,False,64.5,Advanced,7,93,Near_Eligible,6,40,1,Approaching_OJT,7.0,100.0
3,6.77,120,58,62,48.33,19.33,42,1,4,2,1,0,6,False,41.0,Developing,42,58,Moderate_Gap,8,20,3,Long_Term_Planning,14.0,100.0
2,5.7,120,32,88,26.67,16.0,68,3,4,2,2,0,5,False,17.0,Early,68,32,Far_From_Eligible,11,0,3,Long_Term_Planning,22.67,100.0
4,8.06,120,81,39,67.5,20.25,19,1,0,0,0,0,6,False,77.5,Advanced,19,81,Near_Eligible,1,90,2,Moderate_Planning_Gap,9.5,100.0
7,7.03,120,111,9,92.5,15.86,0,1,1,0,0,0,8,True,90.5,Near_Completion,0,100,Eligible,2,80,1,Approaching_OJT,0.0,99.98
3,6.48,120,41,79,34.17,13.67,59,4,2,0,1,0,5,False,39.5,Developing,59,41,Far_From_Eligible,7,30,2,Moderate_Planning_Gap,29.5,99.98
2,6.2,120,30,90,25.0,15.0,70,2,3,0,1,0,6,False,38.0,Early,70,30,Far_From_Eligible,6,40,4,Long_Term_Planning,17.5,100.0
4,4.05,120,46,74,38.33,11.5,54,7,5,3,2,2,6,False,0.0,Developing,54,46,Far_From_Eligible,19,0,2,Moderate_Planning_Gap,27.0,100.0
4,6.61,120,71,49,59.17,17.75,29,3,4,2,0,0,6,False,46.5,Developing,29,71,Moderate_Gap,9,10,2,Moderate_Planning_Gap,14.5,100.0
5,8.34,120,99,21,82.5,19.8,1,0,2,1,0,0,7,False,79.5,Near_Completion,1,99,Near_Eligible,3,70,2,Moderate_Planning_Gap,0.5,100.0
6,5.95,120,85,35,70.83,14.17,15,3,6,2,1,0,7,False,44.5,Advanced,15,85,Near_Eligible,12,0,1,Approaching_OJT,15.0,99.98
3,6.19,120,58,62,48.33,19.33,42,3,1,2,0,0,6,False,46.0,Developing,42,58,Moderate_Gap,6,40,3,Long_Term_Planning,14.0,100.0
2,3.74,120,24,96,20.0,12.0,76,5,5,3,2,2,5,False,0.0,Early,76,24,Far_From_Eligible,17,0,3,Long_Term_Planning,25.33,100.0
1,8.31,120,19,101,15.83,19.0,81,1,2,1,0,0,6,False,36.5,Early,81,19,Far_From_Eligible,4,60,5,Long_Term_Planning,16.2,100.0
5,6.82,120,81,39,67.5,16.2,19,2,1,0,0,0,7,False,72.5,Advanced,19,81,Near_Eligible,3,70,2,Moderate_Planning_Gap,9.5,100.0
5,8.2,120,99,21,82.5,19.8,1,1,2,1,0,0,6,False,76.5,Near_Completion,1,99,Near_Eligible,4,60,1,Approaching_OJT,1.0,100.0
3,6.41,120,52,68,43.33,17.33,48,3,3,0,0,0,6,False,51.0,Developing,48,52,Moderate_Gap,6,40,3,Long_Term_Planning,16.0,100.0
5,6.95,120,89,31,74.17,17.8,11,3,1,0,0,0,6,False,73.5,Advanced,11,89,Near_Eligible,4,60,1,Approaching_OJT,11.0,100.0
4,8.4,120,76,44,63.33,19.0,24,0,2,0,0,0,6,False,74.0,Advanced,24,76,Moderate_Gap,2,80,2,Moderate_Planning_Gap,12.0,100.0
4,8.37,120,82,38,68.33,20.5,18,1,2,1,0,0,5,False,68.0,Advanced,18,82,Near_Eligible,4,60,1,Approaching_OJT,18.0,100.0
3,5.01,120,36,84,30.0,12.0,64,3,4,2,2,1,6,False,11.0,Developing,64,36,Far_From_Eligible,12,0,3,Long_Term_Planning,21.33,100.0
6,6.33,120,93,27,77.5,15.5,7,1,3,2,0,0,7,False,65.5,Advanced,7,93,Near_Eligible,6,40,1,Approaching_OJT,7.0,100.0
6,6.37,120,108,12,90.0,18.0,0,3,4,0,0,0,6,True,77.0,Near_Completion,0,100,Eligible,7,30,0,OJT_Ready_Stage,0.0,100.0
2,7.1,120,29,91,24.17,14.5,71,4,4,2,1,0,6,False,17.5,Early,71,29,Far_From_Eligible,11,0,4,Long_Term_Planning,17.75,100.0
6,7.52,120,112,8,93.33,18.67,0,0,2,0,0,0,6,True,92.0,Near_Completion,0,100,Eligible,2,80,0,OJT_Ready_Stage,0.0,99.98
2,7.29,120,41,79,34.17,20.5,59,1,1,1,0,0,6,False,49.5,Developing,59,41,Far_From_Eligible,3,70,4,Long_Term_Planning,14.75,100.0
5,7.52,120,98,22,81.67,19.6,2,0,1,1,0,0,6,False,81.0,Near_Completion,2,98,Near_Eligible,2,80,1,Approaching_OJT,2.0,100.0
3,6.07,120,45,75,37.5,15.0,55,2,2,0,0,0,6,False,52.5,Developing,55,45,Far_From_Eligible,4,60,3,Long_Term_Planning,18.33,100.0
6,6.93,120,95,25,79.17,15.83,5,3,4,1,0,0,6,False,64.5,Advanced,5,95,Near_Eligible,8,20,0,OJT_Ready_Stage,5.0,100.0
7,7.14,120,116,4,96.67,16.57,0,0,2,1,0,0,8,False,88.0,Near_Completion,0,100,Eligible,3,70,1,Approaching_OJT,0.0,100.0
7,5.94,120,111,9,92.5,15.86,0,1,3,0,1,0,8,True,81.5,Near_Completion,0,100,Eligible,5,50,1,Approaching_OJT,0.0,99.98
8,7.58,120,120,0,100.0,15.0,0,1,0,0,0,0,8,True,97.0,Near_Completion,0,100,Eligible,1,90,0,OJT_Ready_Stage,0.0,100.0
5,6.41,120,90,30,75.0,18.0,10,1,2,1,0,0,6,False,72.0,Advanced,10,90,Near_Eligible,4,60,1,Approaching_OJT,10.0,100.0
3,6.8,120,58,62,48.33,19.33,42,1,2,1,0,0,6,False,56.0,Developing,42,58,Moderate_Gap,4,60,3,Long_Term_Planning,14.0,100.0
1,4.19,120,16,104,13.33,16.0,84,5,5,2,2,2,6,False,0.0,Early,84,16,Far_From_Eligible,16,0,5,Long_Term_Planning,16.8,100.0
5,6.75,120,94,26,78.33,18.8,6,3,2,1,0,0,7,False,68.0,Advanced,6,94,Near_Eligible,6,40,2,Moderate_Planning_Gap,3.0,100.0
4,5.54,120,65,55,54.17,16.25,35,4,5,2,2,0,5,False,28.5,Developing,35,65,Moderate_Gap,13,0,1,Approaching_OJT,35.0,100.0
4,6.25,120,68,52,56.67,17.0,32,1,4,0,1,0,6,False,58.0,Developing,32,68,Moderate_Gap,6,40,2,Moderate_Planning_Gap,16.0,100.0
5,6.84,120,95,25,79.17,19.0,5,2,3,1,1,0,6,False,64.5,Advanced,5,95,Near_Eligible,7,30,1,Approaching_OJT,5.0,100.0
4,8.99,120,78,42,65.0,19.5,22,0,0,0,0,0,5,False,79.0,Advanced,22,78,Moderate_Gap,0,100,1,Approaching_OJT,22.0,100.0
6,9.7,120,108,12,90.0,18.0,0,0,0,0,0,0,7,True,94.0,Near_Completion,0,100,Eligible,0,100,1,Approaching_OJT,0.0,100.0
6,6.83,120,94,26,78.33,15.67,6,3,2,0,0,0,7,False,74.0,Advanced,6,94,Near_Eligible,5,50,1,Approaching_OJT,6.0,99.98
6,6.34,120,96,24,80.0,16.0,4,2,2,2,1,0,6,False,61.0,Near_Completion,4,96,Near_Eligible,7,30,0,OJT_Ready_Stage,4.0,100.0
1,6.01,120,17,103,14.17,17.0,83,2,4,2,1,0,6,False,17.5,Early,83,17,Far_From_Eligible,9,10,5,Long_Term_Planning,16.6,100.0
6,7.57,120,102,18,85.0,17.0,0,0,1,1,0,0,6,False,83.0,Near_Completion,0,100,Eligible,2,80,0,OJT_Ready_Stage,0.0,100.0
3,3.74,120,34,86,28.33,11.33,66,5,6,3,3,1,6,False,0.0,Early,66,34,Far_From_Eligible,18,0,3,Long_Term_Planning,22.0,100.0
3,6.42,120,39,81,32.5,13.0,61,4,3,2,1,0,5,False,24.5,Developing,61,39,Far_From_Eligible,10,0,2,Moderate_Planning_Gap,30.5,100.0
3,4.14,120,28,92,23.33,9.33,72,8,6,3,3,1,6,False,0.0,Early,72,28,Far_From_Eligible,21,0,3,Long_Term_Planning,24.0,100.0
5,6.21,120,95,25,79.17,19.0,5,3,4,1,0,0,6,False,64.5,Advanced,5,95,Near_Eligible,8,20,1,Approaching_OJT,5.0,100.0
3,6.44,120,56,64,46.67,18.67,44,3,2,2,0,0,6,False,43.0,Developing,44,56,Moderate_Gap,7,30,3,Long_Term_Planning,14.67,99.98
5,5.78,120,79,41,65.83,15.8,21,4,3,1,2,0,7,False,45.5,Advanced,21,79,Moderate_Gap,10,0,2,Moderate_Planning_Gap,10.5,100.0
3,6.76,120,50,70,41.67,16.67,50,2,2,2,0,0,6,False,43.0,Developing,50,50,Moderate_Gap,6,40,3,Long_Term_Planning,16.67,99.98
3,9.92,120,54,66,45.0,18.0,46,0,0,0,0,0,6,False,67.0,Developing,46,54,Moderate_Gap,0,100,3,Long_Term_Planning,15.33,100.0
5,6.9,120,85,35,70.83,17.0,15,2,4,1,1,0,7,False,57.5,Advanced,15,85,Near_Eligible,8,20,2,Moderate_Planning_Gap,7.5,100.0
2,6.26,120,31,89,25.83,15.5,69,2,1,0,1,0,6,False,42.5,Early,69,31,Far_From_Eligible,4,60,4,Long_Term_Planning,17.25,100.0
7,7.34,120,114,6,95.0,16.29,0,0,1,0,0,0,8,True,95.0,Near_Completion,0,100,Eligible,1,90,1,Approaching_OJT,0.0,99.97
4,5.77,120,53,67,44.17,13.25,47,4,3,2,2,1,6,False,18.5,Developing,47,53,Moderate_Gap,12,0,2,Moderate_Planning_Gap,23.5,100.0
4,9.89,120,75,45,62.5,18.75,25,0,0,0,0,0,6,False,77.5,Advanced,25,75,Moderate_Gap,0,100,2,Moderate_Planning_Gap,12.5,100.0
7,6.21,120,102,18,85.0,14.57,0,2,2,0,0,0,8,True,81.0,Near_Completion,0,100,Eligible,4,60,1,Approaching_OJT,0.0,100.0
2,6.63,120,38,82,31.67,19.0,62,1,3,0,0,0,6,False,50.0,Developing,62,38,Far_From_Eligible,4,60,4,Long_Term_Planning,15.5,100.0
5,7.25,120,90,30,75.0,18.0,10,1,2,1,0,0,6,False,72.0,Advanced,10,90,Near_Eligible,4,60,1,Approaching_OJT,10.0,100.0
4,6.75,120,72,48,60.0,18.0,28,1,3,1,0,0,6,False,61.0,Advanced,28,72,Moderate_Gap,5,50,2,Moderate_Planning_Gap,14.0,100.0
5,6.27,120,85,35,70.83,17.0,15,2,2,1,1,0,6,False,61.5,Advanced,15,85,Near_Eligible,6,40,1,Approaching_OJT,15.0,100.0
1,5.2,120,16,104,13.33,16.0,84,3,5,2,1,1,5,False,4.0,Early,84,16,Far_From_Eligible,12,0,4,Long_Term_Planning,21.0,100.0
4,6.58,120,57,63,47.5,14.25,43,4,2,0,1,0,6,False,47.5,Developing,43,57,Moderate_Gap,7,30,2,Moderate_Planning_Gap,21.5,100.0
1,6.57,120,17,103,14.17,17.0,83,1,3,2,0,0,6,False,27.5,Early,83,17,Far_From_Eligible,6,40,5,Long_Term_Planning,16.6,100.0
4,5.63,120,53,67,44.17,13.25,47,5,3,1,2,1,6,False,21.5,Developing,47,53,Moderate_Gap,12,0,2,Moderate_Planning_Gap,23.5,100.0
4,8.12,120,76,44,63.33,19.0,24,0,1,1,0,0,6,False,70.0,Advanced,24,76,Moderate_Gap,2,80,2,Moderate_Planning_Gap,12.0,100.0
2,6.65,120,32,88,26.67,16.0,68,2,4,0,0,0,6,False,42.0,Early,68,32,Far_From_Eligible,6,40,4,Long_Term_Planning,17.0,100.0
5,6.19,120,94,26,78.33,18.8,6,3,4,1,0,0,6,False,64.0,Advanced,6,94,Near_Eligible,8,20,1,Approaching_OJT,6.0,100.0
5,6.38,120,86,34,71.67,17.2,14,2,4,0,1,0,7,False,64.0,Advanced,14,86,Near_Eligible,7,30,2,Moderate_Planning_Gap,7.0,100.0
2,9.43,120,45,75,37.5,22.5,55,0,0,0,0,0,6,False,62.5,Developing,55,45,Far_From_Eligible,0,100,4,Long_Term_Planning,13.75,100.0
2,6.63,120,34,86,28.33,17.0,66,3,4,2,0,0,5,False,28.0,Early,66,34,Far_From_Eligible,9,10,3,Long_Term_Planning,22.0,100.0
6,6.53,120,107,13,89.17,17.83,0,3,4,2,0,0,6,False,64.5,Near_Completion,0,100,Eligible,9,10,0,OJT_Ready_Stage,0.0,100.0
5,6.32,120,94,26,78.33,18.8,6,2,2,2,0,0,6,False,65.0,Advanced,6,94,Near_Eligible,6,40,1,Approaching_OJT,6.0,100.0
4,5.14,120,55,65,45.83,13.75,45,3,4,3,2,1,5,False,14.5,Developing,45,55,Moderate_Gap,13,0,1,Approaching_OJT,45.0,100.0
4,6.61,120,70,50,58.33,17.5,30,3,2,2,0,0,6,False,50.0,Developing,30,70,Moderate_Gap,7,30,2,Moderate_Planning_Gap,15.0,100.0
5,9.28,120,102,18,85.0,20.4,0,0,0,0,0,0,6,True,91.0,Near_Completion,0,100,Eligible,0,100,1,Approaching_OJT,0.0,100.0
2,7.15,120,36,84,30.0,18.0,64,1,0,0,0,0,5,False,55.0,Developing,64,36,Far_From_Eligible,1,90,3,Long_Term_Planning,21.33,100.0
4,8.1,120,81,39,67.5,20.25,19,0,0,0,0,0,5,False,80.5,Advanced,19,81,Near_Eligible,0,100,1,Approaching_OJT,19.0,100.0
2,7.48,120,43,77,35.83,21.5,57,0,0,0,0,0,5,False,61.5,Developing,57,43,Far_From_Eligible,0,100,3,Long_Term_Planning,19.0,100.0
5,9.39,120,96,24,80.0,19.2,4,0,0,0,0,0,7,False,88.0,Near_Completion,4,96,Near_Eligible,0,100,2,Moderate_Planning_Gap,2.0,100.0
5,6.8,120,86,34,71.67,17.2,14,1,3,1,0,0,7,False,68.0,Advanced,14,86,Near_Eligible,5,50,2,Moderate_Planning_Gap,7.0,100.0
2,6.73,120,34,86,28.33,17.0,66,1,1,0,1,0,5,False,47.0,Early,66,34,Far_From_Eligible,3,70,3,Long_Term_Planning,22.0,100.0
8,5.59,120,104,16,86.67,13.0,0,4,3,2,1,0,8,False,57.0,Near_Completion,0,100,Eligible,10,0,0,OJT_Ready_Stage,0.0,100.0
6,5.55,120,91,29,75.83,15.17,9,5,6,2,1,0,6,False,41.5,Advanced,9,91,Near_Eligible,14,0,0,OJT_Ready_Stage,9.0,99.98
5,6.29,120,82,38,68.33,16.4,18,1,2,2,1,0,7,False,57.0,Advanced,18,82,Near_Eligible,6,40,2,Moderate_Planning_Gap,9.0,100.0
3,5.85,120,47,73,39.17,15.67,53,5,6,2,2,0,5,False,14.5,Developing,53,47,Far_From_Eligible,15,0,2,Moderate_Planning_Gap,26.5,99.98
6,9.93,120,112,8,93.33,18.67,0,0,0,0,0,0,7,True,96.0,Near_Completion,0,100,Eligible,0,100,1,Approaching_OJT,0.0,99.98
5,8.09,120,95,25,79.17,19.0,5,1,0,1,0,0,7,False,78.5,Advanced,5,95,Near_Eligible,2,80,2,Moderate_Planning_Gap,2.5,100.0
4,7.54,120,72,48,60.0,18.0,28,0,2,0,0,0,6,False,72.0,Advanced,28,72,Moderate_Gap,2,80,2,Moderate_Planning_Gap,14.0,100.0
2,6.54,120,36,84,30.0,18.0,64,2,3,2,0,0,6,False,34.0,Developing,64,36,Far_From_Eligible,7,30,4,Long_Term_Planning,16.0,100.0
1,6.6,120,16,104,13.33,16.0,84,1,4,1,1,0,5,False,26.0,Early,84,16,Far_From_Eligible,7,30,4,Long_Term_Planning,21.0,100.0
6,6.42,120,104,16,86.67,17.33,0,1,1,1,1,0,7,False,76.0,Near_Completion,0,100,Eligible,4,60,1,Approaching_OJT,0.0,100.0
3,7.02,120,54,66,45.0,18.0,46,1,1,0,0,0,6,False,62.0,Developing,46,54,Moderate_Gap,2,80,3,Long_Term_Planning,15.33,100.0
4,5.88,120,65,55,54.17,16.25,35,5,3,3,1,0,6,False,28.5,Developing,35,65,Moderate_Gap,12,0,2,Moderate_Planning_Gap,17.5,100.0
4,6.81,120,60,60,50.0,15.0,40,3,3,2,0,0,5,False,43.0,Developing,40,60,Moderate_Gap,8,20,1,Approaching_OJT,40.0,100.0
3,6.36,120,57,63,47.5,19.0,43,2,4,0,0,0,5,False,54.5,Developing,43,57,Moderate_Gap,6,40,2,Moderate_Planning_Gap,21.5,100.0
1,6.01,120,16,104,13.33,16.0,84,2,4,2,0,0,5,False,22.0,Early,84,16,Far_From_Eligible,8,20,4,Long_Term_Planning,21.0,100.0
5,6.71,120,84,36,70.0,16.8,16,2,4,0,0,0,6,False,68.0,Advanced,16,84,Near_Eligible,6,40,1,Approaching_OJT,16.0,100.0
3,8.44,120,60,60,50.0,20.0,40,0,2,1,0,0,6,False,60.0,Developing,40,60,Moderate_Gap,3,70,3,Long_Term_Planning,13.33,100.0
8,6.86,120,115,5,95.83,14.38,0,2,5,0,0,0,8,True,81.5,Near_Completion,0,100,Eligible,7,30,0,OJT_Ready_Stage,0.0,99.97
6,7.27,120,106,14,88.33,17.67,0,0,0,0,0,0,6,True,93.0,Near_Completion,0,100,Eligible,0,100,0,OJT_Ready_Stage,0.0,99.98
3,5.91,120,42,78,35.0,14.0,58,5,6,2,1,1,6,False,9.0,Developing,58,42,Far_From_Eligible,15,0,3,Long_Term_Planning,19.33,100.0
6,8.32,120,109,11,90.83,18.17,0,0,0,0,0,0,6,True,94.5,Near_Completion,0,100,Eligible,0,100,0,OJT_Ready_Stage,0.0,99.98
3,5.17,120,39,81,32.5,13.0,61,4,5,3,2,0,6,False,9.5,Developing,61,39,Far_From_Eligible,14,0,3,Long_Term_Planning,20.33,100.0
2,9.62,120,39,81,32.5,19.5,61,0,0,0,0,0,5,False,59.5,Developing,61,39,Far_From_Eligible,0,100,3,Long_Term_Planning,20.33,100.0
4,6.12,120,59,61,49.17,14.75,41,2,3,1,1,0,5,False,46.5,Developing,41,59,Moderate_Gap,7,30,1,Approaching_OJT,41.0,100.0
5,6.79,120,94,26,78.33,18.8,6,3,4,1,1,0,7,False,59.0,Advanced,6,94,Near_Eligible,9,10,2,Moderate_Planning_Gap,3.0,100.0
6,5.04,120,89,31,74.17,14.83,11,5,6,3,2,0,6,False,29.5,Advanced,11,89,Near_Eligible,16,0,0,OJT_Ready_Stage,11.0,100.0
4,5.15,120,53,67,44.17,13.25,47,3,6,1,2,0,5,False,29.5,Developing,47,53,Moderate_Gap,12,0,1,Approaching_OJT,47.0,100.0
5,5.75,120,77,43,64.17,15.4,23,3,3,1,1,0,7,False,52.5,Advanced,23,77,Moderate_Gap,8,20,2,Moderate_Planning_Gap,11.5,100.0
6,7.56,120,104,16,86.67,17.33,0,0,2,1,0,0,6,False,82.0,Near_Completion,0,100,Eligible,3,70,0,OJT_Ready_Stage,0.0,100.0
6,5.82,120,94,26,78.33,15.67,6,3,3,2,1,0,6,False,55.0,Advanced,6,94,Near_Eligible,9,10,0,OJT_Ready_Stage,6.0,99.98
4,5.5,120,50,70,41.67,12.5,50,3,6,2,2,0,5,False,22.0,Developing,50,50,Moderate_Gap,13,0,1,Approaching_OJT,50.0,100.0
6,7.46,120,111,9,92.5,18.5,0,0,1,1,0,0,7,False,87.5,Near_Completion,0,100,Eligible,2,80,1,Approaching_OJT,0.0,100.0
4,9.54,120,79,41,65.83,19.75,21,0,0,0,0,0,6,False,79.5,Advanced,21,79,Moderate_Gap,0,100,2,Moderate_Planning_Gap,10.5,100.0
5,6.25,120,86,34,71.67,17.2,14,2,3,0,0,0,7,False,71.0,Advanced,14,86,Near_Eligible,5,50,2,Moderate_Planning_Gap,7.0,100.0
3,6.63,120,52,68,43.33,17.33,48,1,3,1,1,0,5,False,46.0,Developing,48,52,Moderate_Gap,6,40,2,Moderate_Planning_Gap,24.0,100.0
3,7.2,120,57,63,47.5,19.0,43,0,1,0,0,0,5,False,66.5,Developing,43,57,Moderate_Gap,1,90,2,Moderate_Planning_Gap,21.5,100.0
5,5.38,120,75,45,62.5,15.0,25,5,6,1,1,0,6,False,39.5,Advanced,25,75,Moderate_Gap,13,0,1,Approaching_OJT,25.0,100.0
4,5.68,120,60,60,50.0,15.0,40,4,5,3,2,0,5,False,20.0,Developing,40,60,Moderate_Gap,14,0,1,Approaching_OJT,40.0,100.0
4,5.77,120,61,59,50.83,15.25,39,5,3,3,2,0,5,False,21.5,Developing,39,61,Moderate_Gap,13,0,1,Approaching_OJT,39.0,100.0
7,7.75,120,111,9,92.5,15.86,0,0,2,0,0,0,8,True,91.5,Near_Completion,0,100,Eligible,2,80,1,Approaching_OJT,0.0,99.98
4,7.39,120,81,39,67.5,20.25,19,0,0,1,0,0,5,False,74.5,Advanced,19,81,Near_Eligible,1,90,1,Approaching_OJT,19.0,100.0
4,4.38,120,43,77,35.83,10.75,57,6,8,3,3,2,6,False,0.0,Developing,57,43,Far_From_Eligible,22,0,2,Moderate_Planning_Gap,28.5,100.0
3,5.49,120,43,77,35.83,14.33,57,3,4,1,2,0,6,False,28.5,Developing,57,43,Far_From_Eligible,10,0,3,Long_Term_Planning,19.0,100.0
3,6.58,120,53,67,44.17,17.67,47,2,2,1,1,0,6,False,45.5,Developing,47,53,Moderate_Gap,6,40,3,Long_Term_Planning,15.67,99.98
7,9.61,120,113,7,94.17,16.14,0,0,0,0,0,0,8,True,96.5,Near_Completion,0,100,Eligible,0,100,1,Approaching_OJT,0.0,100.0
5,7.23,120,90,30,75.0,18.0,10,1,1,1,0,0,7,False,74.0,Advanced,10,90,Near_Eligible,3,70,2,Moderate_Planning_Gap,5.0,100.0
5,6.06,120,82,38,68.33,16.4,18,2,4,0,0,0,7,False,67.0,Advanced,18,82,Near_Eligible,6,40,2,Moderate_Planning_Gap,9.0,100.0
6,8.03,120,108,12,90.0,18.0,0,0,2,0,0,0,7,True,90.0,Near_Completion,0,100,Eligible,2,80,1,Approaching_OJT,0.0,100.0
5,8.62,120,101,19,84.17,20.2,0,0,0,0,0,0,7,True,90.5,Near_Completion,0,100,Eligible,0,100,2,Moderate_Planning_Gap,0.0,100.0
5,7.56,120,99,21,82.5,19.8,1,1,0,1,0,0,7,False,80.5,Near_Completion,1,99,Near_Eligible,2,80,2,Moderate_Planning_Gap,0.5,100.0
7,6.39,120,102,18,85.0,14.57,0,3,2,1,0,0,8,False,72.0,Near_Completion,0,100,Eligible,6,40,1,Approaching_OJT,0.0,100.0
7,5.06,120,103,17,85.83,14.71,0,4,3,1,1,0,8,False,62.5,Near_Completion,0,100,Eligible,9,10,1,Approaching_OJT,0.0,100.0
5,9.09,120,93,27,77.5,18.6,7,0,0,0,0,0,6,False,86.5,Advanced,7,93,Near_Eligible,0,100,1,Approaching_OJT,7.0,100.0
6,5.74,120,96,24,80.0,16.0,4,3,4,2,1,1,7,False,46.0,Near_Completion,4,96,Near_Eligible,11,0,1,Approaching_OJT,4.0,100.0
5,6.06,120,84,36,70.0,16.8,16,1,1,2,1,0,7,False,60.0,Advanced,16,84,Near_Eligible,5,50,2,Moderate_Planning_Gap,8.0,100.0
1,8.19,120,22,98,18.33,22.0,78,1,2,1,0,0,6,False,38.0,Early,78,22,Far_From_Eligible,4,60,5,Long_Term_Planning,15.6,100.0
6,9.91,120,114,6,95.0,19.0,0,0,0,0,0,0,6,True,97.0,Near_Completion,0,100,Eligible,0,100,0,OJT_Ready_Stage,0.0,100.0
3,7.5,120,50,70,41.67,16.67,50,1,0,1,0,0,5,False,56.0,Developing,50,50,Moderate_Gap,2,80,2,Moderate_Planning_Gap,25.0,99.98
7,7.45,120,108,12,90.0,15.43,0,0,0,0,0,0,8,True,94.0,Near_Completion,0,100,Eligible,0,100,1,Approaching_OJT,0.0,99.99
3,6.52,120,54,66,45.0,18.0,46,2,2,2,1,0,6,False,40.0,Developing,46,54,Moderate_Gap,7,30,3,Long_Term_Planning,15.33,100.0
3,5.9,120,39,81,32.5,13.0,61,4,5,1,1,1,5,False,18.5,Developing,61,39,Far_From_Eligible,12,0,2,Moderate_Planning_Gap,30.5,100.0
4,5.47,120,58,62,48.33,14.5,42,3,4,1,1,0,6,False,41.0,Developing,42,58,Moderate_Gap,9,10,2,Moderate_Planning_Gap,21.0,100.0
3,6.88,120,45,75,37.5,15.0,55,2,1,0,1,0,5,False,49.5,Developing,55,45,Far_From_Eligible,4,60,2,Moderate_Planning_Gap,27.5,100.0
4,8.45,120,72,48,60.0,18.0,28,0,1,0,0,0,5,False,74.0,Advanced,28,72,Moderate_Gap,1,90,1,Approaching_OJT,28.0,100.0
3,6.1,120,42,78,35.0,14.0,58,1,3,0,1,0,6,False,47.0,Developing,58,42,Far_From_Eligible,5,50,3,Long_Term_Planning,19.33,100.0
3,8.24,120,53,67,44.17,17.67,47,0,0,0,0,0,6,False,66.5,Developing,47,53,Moderate_Gap,0,100,3,Long_Term_Planning,15.67,99.98
4,6.43,120,74,46,61.67,18.5,26,3,3,1,0,0,5,False,56.0,Advanced,26,74,Moderate_Gap,7,30,1,Approaching_OJT,26.0,100.0
2,9.97,120,37,83,30.83,18.5,63,0,0,0,0,0,6,False,58.5,Developing,63,37,Far_From_Eligible,0,100,4,Long_Term_Planning,15.75,100.0
6,8.4,120,100,20,83.33,16.67,0,1,1,0,0,0,7,True,85.0,Near_Completion,0,100,Eligible,2,80,1,Approaching_OJT,0.0,99.98
5,6.89,120,94,26,78.33,18.8,6,1,1,0,0,0,7,False,82.0,Advanced,6,94,Near_Eligible,2,80,2,Moderate_Planning_Gap,3.0,100.0
5,5.87,120,74,46,61.67,14.8,26,5,5,3,1,1,7,False,21.0,Advanced,26,74,Moderate_Gap,15,0,2,Moderate_Planning_Gap,13.0,100.0
3,7.2,120,50,70,41.67,16.67,50,1,2,0,0,0,5,False,58.0,Developing,50,50,Moderate_Gap,3,70,2,Moderate_Planning_Gap,25.0,99.98
6,6.48,120,94,26,78.33,15.67,6,4,5,1,1,0,7,False,54.0,Advanced,6,94,Near_Eligible,11,0,1,Approaching_OJT,6.0,99.98
6,6.22,120,105,15,87.5,17.5,0,2,4,0,0,0,7,True,78.5,Near_Completion,0,100,Eligible,6,40,1,Approaching_OJT,0.0,100.0
4,6.51,120,67,53,55.83,16.75,33,1,4,1,1,0,5,False,51.5,Developing,33,67,Moderate_Gap,7,30,1,Approaching_OJT,33.0,100.0
4,8.04,120,76,44,63.33,19.0,24,0,1,0,0,0,5,False,76.0,Advanced,24,76,Moderate_Gap,1,90,1,Approaching_OJT,24.0,100.0
6,7.19,120,97,23,80.83,16.17,3,2,5,2,0,0,6,False,60.5,Near_Completion,3,97,Near_Eligible,9,10,0,OJT_Ready_Stage,3.0,99.98
6,6.75,120,94,26,78.33,15.67,6,1,4,2,0,0,6,False,64.0,Advanced,6,94,Near_Eligible,7,30,0,OJT_Ready_Stage,6.0,99.98
4,8.47,120,78,42,65.0,19.5,22,0,2,1,0,0,5,False,69.0,Advanced,22,78,Moderate_Gap,3,70,1,Approaching_OJT,22.0,100.0
6,5.68,120,89,31,74.17,14.83,11,3,4,1,2,0,6,False,51.5,Advanced,11,89,Near_Eligible,10,0,0,OJT_Ready_Stage,11.0,100.0
6,8.06,120,103,17,85.83,17.17,0,1,1,0,0,0,7,True,86.5,Near_Completion,0,100,Eligible,2,80,1,Approaching_OJT,0.0,99.98
1,8.04,120,19,101,15.83,19.0,81,1,1,0,0,0,6,False,44.5,Early,81,19,Far_From_Eligible,2,80,5,Long_Term_Planning,16.2,100.0
6,6.29,120,108,12,90.0,18.0,0,1,1,1,0,0,7,False,83.0,Near_Completion,0,100,Eligible,3,70,1,Approaching_OJT,0.0,100.0
5,9.32,120,90,30,75.0,18.0,10,0,0,0,0,0,7,False,85.0,Advanced,10,90,Near_Eligible,0,100,2,Moderate_Planning_Gap,5.0,100.0
7,6.72,120,112,8,93.33,16.0,0,2,2,0,1,0,8,True,81.0,Near_Completion,0,100,Eligible,5,50,1,Approaching_OJT,0.0,100.0
7,9.01,120,120,0,100.0,17.14,0,0,0,0,0,0,8,True,100.0,Near_Completion,0,100,Eligible,0,100,1,Approaching_OJT,0.0,100.0
5,6.02,120,83,37,69.17,16.6,17,2,4,1,0,0,7,False,61.5,Advanced,17,83,Near_Eligible,7,30,2,Moderate_Planning_Gap,8.5,100.0
5,3.7,120,75,45,62.5,15.0,25,5,8,2,2,1,6,False,16.5,Advanced,25,75,Moderate_Gap,18,0,1,Approaching_OJT,25.0,100.0
3,5.06,120,50,70,41.67,16.67,50,4,5,1,1,0,5,False,32.0,Developing,50,50,Moderate_Gap,11,0,2,Moderate_Planning_Gap,25.0,99.98
5,7.56,120,90,30,75.0,18.0,10,1,0,1,0,0,6,False,76.0,Advanced,10,90,Near_Eligible,2,80,1,Approaching_OJT,10.0,100.0
4,8.23,120,72,48,60.0,18.0,28,1,1,1,0,0,5,False,65.0,Advanced,28,72,Moderate_Gap,3,70,1,Approaching_OJT,28.0,100.0
5,5.65,120,81,39,67.5,16.2,19,4,3,3,2,1,7,False,26.5,Advanced,19,81,Near_Eligible,13,0,2,Moderate_Planning_Gap,9.5,100.0
4,7.37,120,79,41,65.83,19.75,21,1,1,1,0,0,5,False,68.5,Advanced,21,79,Moderate_Gap,3,70,1,Approaching_OJT,21.0,100.0
6,7.59,120,100,20,83.33,16.67,0,0,1,0,0,0,7,True,88.0,Near_Completion,0,100,Eligible,1,90,1,Approaching_OJT,0.0,99.98
3,7.21,120,57,63,47.5,19.0,43,0,0,1,0,0,6,False,62.5,Developing,43,57,Moderate_Gap,1,90,3,Long_Term_Planning,14.33,100.0
6,5.23,120,96,24,80.0,16.0,4,3,4,2,1,1,7,False,46.0,Near_Completion,4,96,Near_Eligible,11,0,1,Approaching_OJT,4.0,100.0
7,8.27,120,116,4,96.67,16.57,0,1,0,0,0,0,8,True,95.0,Near_Completion,0,100,Eligible,1,90,1,Approaching_OJT,0.0,100.0
5,6.8,120,86,34,71.67,17.2,14,2,3,1,0,0,7,False,65.0,Advanced,14,86,Near_Eligible,6,40,2,Moderate_Planning_Gap,7.0,100.0
4,5.27,120,63,57,52.5,15.75,37,3,4,1,2,0,5,False,38.5,Developing,37,63,Moderate_Gap,10,0,1,Approaching_OJT,37.0,100.0
3,8.45,120,55,65,45.83,18.33,45,1,2,1,0,0,6,False,54.5,Developing,45,55,Moderate_Gap,4,60,3,Long_Term_Planning,15.0,100.0
3,4.02,120,37,83,30.83,12.33,63,6,7,4,3,2,5,False,0.0,Developing,63,37,Far_From_Eligible,22,0,2,Moderate_Planning_Gap,31.5,100.0
5,4.58,120,66,54,55.0,13.2,34,8,8,2,2,2,7,False,0.0,Developing,34,66,Moderate_Gap,22,0,2,Moderate_Planning_Gap,17.0,100.0
8,6.41,120,112,8,93.33,14.0,0,1,3,0,1,0,8,True,82.0,Near_Completion,0,100,Eligible,5,50,0,OJT_Ready_Stage,0.0,100.0
6,5.43,120,93,27,77.5,15.5,7,5,4,2,1,0,7,False,46.5,Advanced,7,93,Near_Eligible,12,0,1,Approaching_OJT,7.0,100.0
4,7.2,120,55,65,45.83,13.75,45,3,4,0,1,0,5,False,45.5,Developing,45,55,Moderate_Gap,8,20,1,Approaching_OJT,45.0,100.0
5,7.08,120,86,34,71.67,17.2,14,4,4,2,1,0,6,False,46.0,Advanced,14,86,Near_Eligible,11,0,1,Approaching_OJT,14.0,100.0
5,8.51,120,104,16,86.67,20.8,0,0,0,0,0,0,6,True,92.0,Near_Completion,0,100,Eligible,0,100,1,Approaching_OJT,0.0,100.0
3,5.05,120,50,70,41.67,16.67,50,3,6,2,1,0,6,False,27.0,Developing,50,50,Moderate_Gap,12,0,3,Long_Term_Planning,16.67,99.98
1,6.69,120,19,101,15.83,19.0,81,1,3,1,1,0,5,False,29.5,Early,81,19,Far_From_Eligible,6,40,4,Long_Term_Planning,20.25,100.0
7,6.63,120,108,12,90.0,15.43,0,2,3,1,0,0,8,False,76.0,Near_Completion,0,100,Eligible,6,40,1,Approaching_OJT,0.0,99.99
7,8.03,120,115,5,95.83,16.43,0,1,2,0,0,0,8,True,90.5,Near_Completion,0,100,Eligible,3,70,1,Approaching_OJT,0.0,99.99
3,8.22,120,53,67,44.17,17.67,47,1,0,1,0,0,6,False,57.5,Developing,47,53,Moderate_Gap,2,80,3,Long_Term_Planning,15.67,99.98
5,7.55,120,95,25,79.17,19.0,5,0,0,0,0,0,7,False,87.5,Advanced,5,95,Near_Eligible,0,100,2,Moderate_Planning_Gap,2.5,100.0
6,6.01,120,100,20,83.33,16.67,0,2,2,2,1,0,6,False,63.0,Near_Completion,0,100,Eligible,7,30,0,OJT_Ready_Stage,0.0,99.98
5,6.2,120,86,34,71.67,17.2,14,1,1,1,0,0,6,False,72.0,Advanced,14,86,Near_Eligible,3,70,1,Approaching_OJT,14.0,100.0
5,6.34,120,90,30,75.0,18.0,10,2,3,0,1,0,7,False,68.0,Advanced,10,90,Near_Eligible,6,40,2,Moderate_Planning_Gap,5.0,100.0
7,7.98,120,118,2,98.33,16.86,0,0,0,1,0,0,8,False,93.0,Near_Completion,0,100,Eligible,1,90,1,Approaching_OJT,0.0,99.98
3,5.28,120,37,83,30.83,12.33,63,3,6,1,2,0,6,False,21.5,Developing,63,37,Far_From_Eligible,12,0,3,Long_Term_Planning,21.0,100.0
4,5.72,120,58,62,48.33,14.5,42,5,3,3,2,0,6,False,20.0,Developing,42,58,Moderate_Gap,13,0,2,Moderate_Planning_Gap,21.0,100.0
4,6.39,120,73,47,60.83,18.25,27,1,4,0,1,0,5,False,60.5,Advanced,27,73,Moderate_Gap,6,40,1,Approaching_OJT,27.0,100.0
5,8.07,120,93,27,77.5,18.6,7,0,1,0,0,0,7,False,84.5,Advanced,7,93,Near_Eligible,1,90,2,Moderate_Planning_Gap,3.5,100.0
6,7.24,120,104,16,86.67,17.33,0,1,1,1,0,0,7,False,81.0,Near_Completion,0,100,Eligible,3,70,1,Approaching_OJT,0.0,100.0
4,8.13,120,71,49,59.17,17.75,29,1,1,0,0,0,6,False,70.5,Developing,29,71,Moderate_Gap,2,80,2,Moderate_Planning_Gap,14.5,100.0
4,5.61,120,63,57,52.5,15.75,37,3,5,1,2,0,5,False,36.5,Developing,37,63,Moderate_Gap,11,0,1,Approaching_OJT,37.0,100.0
6,6.09,120,106,14,88.33,17.67,0,1,1,0,0,0,6,True,88.0,Near_Completion,0,100,Eligible,2,80,0,OJT_Ready_Stage,0.0,99.98
4,5.45,120,52,68,43.33,13.0,48,5,6,1,2,0,5,False,23.0,Developing,48,52,Moderate_Gap,14,0,1,Approaching_OJT,48.0,100.0
5,7.78,120,100,20,83.33,20.0,0,0,2,0,0,0,6,True,86.0,Near_Completion,0,100,Eligible,2,80,1,Approaching_OJT,0.0,100.0
5,8.9,120,90,30,75.0,18.0,10,0,0,0,0,0,7,False,85.0,Advanced,10,90,Near_Eligible,0,100,2,Moderate_Planning_Gap,5.0,100.0
5,7.92,120,89,31,74.17,17.8,11,0,1,1,0,0,6,False,76.5,Advanced,11,89,Near_Eligible,2,80,1,Approaching_OJT,11.0,100.0
5,7.99,120,96,24,80.0,19.2,4,0,2,1,0,0,7,False,78.0,Near_Completion,4,96,Near_Eligible,3,70,2,Moderate_Planning_Gap,2.0,100.0
4,6.82,120,64,56,53.33,16.0,36,2,4,1,0,0,6,False,52.0,Developing,36,64,Moderate_Gap,7,30,2,Moderate_Planning_Gap,18.0,100.0
2,8.1,120,36,84,30.0,18.0,64,0,1,0,0,0,5,False,56.0,Developing,64,36,Far_From_Eligible,1,90,3,Long_Term_Planning,21.33,100.0
4,6.57,120,69,51,57.5,17.25,31,2,2,0,0,0,6,False,64.5,Developing,31,69,Moderate_Gap,4,60,2,Moderate_Planning_Gap,15.5,100.0
4,9.49,120,72,48,60.0,18.0,28,0,0,0,0,0,5,False,76.0,Advanced,28,72,Moderate_Gap,0,100,1,Approaching_OJT,28.0,100.0
1,7.11,120,14,106,11.67,14.0,86,4,2,2,1,0,6,False,14.0,Early,86,14,Far_From_Eligible,9,10,5,Long_Term_Planning,17.2,100.0
4,5.85,120,67,53,55.83,16.75,33,4,6,3,1,0,5,False,26.5,Developing,33,67,Moderate_Gap,14,0,1,Approaching_OJT,33.0,100.0
3,6.46,120,58,62,48.33,19.33,42,3,2,0,0,0,6,False,56.0,Developing,42,58,Moderate_Gap,5,50,3,Long_Term_Planning,14.0,100.0
3,7.92,120,60,60,50.0,20.0,40,1,1,0,0,0,6,False,65.0,Developing,40,60,Moderate_Gap,2,80,3,Long_Term_Planning,13.33,100.0
6,6.82,120,107,13,89.17,17.83,0,1,2,1,0,0,6,False,80.5,Near_Completion,0,100,Eligible,4,60,0,OJT_Ready_Stage,0.0,100.0
4,5.97,120,70,50,58.33,17.5,30,1,3,1,0,0,5,False,60.0,Developing,30,70,Moderate_Gap,5,50,1,Approaching_OJT,30.0,100.0
5,9.31,120,92,28,76.67,18.4,8,0,0,0,0,0,6,False,86.0,Advanced,8,92,Near_Eligible,0,100,1,Approaching_OJT,8.0,100.0
4,8.36,120,79,41,65.83,19.75,21,1,1,1,0,0,5,False,68.5,Advanced,21,79,Moderate_Gap,3,70,1,Approaching_OJT,21.0,100.0
3,5.74,120,37,83,30.83,12.33,63,3,3,3,1,0,6,False,20.5,Developing,63,37,Far_From_Eligible,10,0,3,Long_Term_Planning,21.0,100.0
3,6.74,120,53,67,44.17,17.67,47,2,4,0,0,0,6,False,52.5,Developing,47,53,Moderate_Gap,6,40,3,Long_Term_Planning,15.67,99.98
2,6.74,120,31,89,25.83,15.5,69,2,4,0,1,0,5,False,36.5,Early,69,31,Far_From_Eligible,7,30,3,Long_Term_Planning,23.0,100.0
4,6.62,120,71,49,59.17,17.75,29,3,2,0,0,0,5,False,62.5,Developing,29,71,Moderate_Gap,5,50,1,Approaching_OJT,29.0,100.0
3,6.67,120,56,64,46.67,18.67,44,3,2,0,1,0,5,False,50.0,Developing,44,56,Moderate_Gap,6,40,2,Moderate_Planning_Gap,22.0,99.98
8,6.41,120,108,12,90.0,13.5,0,3,3,2,0,0,8,False,67.0,Near_Completion,0,100,Eligible,8,20,0,OJT_Ready_Stage,0.0,100.0
1,6.1,120,18,102,15.0,18.0,82,3,1,0,1,0,6,False,33.0,Early,82,18,Far_From_Eligible,5,50,5,Long_Term_Planning,16.4,100.0
4,9.81,120,77,43,64.17,19.25,23,0,0,0,0,0,6,False,78.5,Advanced,23,77,Moderate_Gap,0,100,2,Moderate_Planning_Gap,11.5,100.0
5,5.44,120,72,48,60.0,14.4,28,5,3,3,1,1,6,False,24.0,Advanced,28,72,Moderate_Gap,13,0,1,Approaching_OJT,28.0,100.0
3,6.17,120,46,74,38.33,15.33,54,1,1,1,1,0,6,False,47.0,Developing,54,46,Far_From_Eligible,4,60,3,Long_Term_Planning,18.0,100.0
5,6.87,120,92,28,76.67,18.4,8,1,1,1,1,0,6,False,70.0,Advanced,8,92,Near_Eligible,4,60,1,Approaching_OJT,8.0,100.0
4,3.57,120,56,64,46.67,14.0,44,6,7,4,3,1,6,False,0.0,Developing,44,56,Moderate_Gap,21,0,2,Moderate_Planning_Gap,22.0,100.0
1,7.62,120,19,101,15.83,19.0,81,1,2,1,0,0,5,False,36.5,Early,81,19,Far_From_Eligible,4,60,4,Long_Term_Planning,20.25,100.0
5,8.08,120,91,29,75.83,18.2,9,1,0,0,0,0,6,False,82.5,Advanced,9,91,Near_Eligible,1,90,1,Approaching_OJT,9.0,100.0
4,4.0,120,54,66,45.0,13.5,46,7,6,2,3,1,5,False,0.0,Developing,46,54,Moderate_Gap,19,0,1,Approaching_OJT,46.0,100.0
4,3.7,120,58,62,48.33,14.5,42,7,6,3,2,1,6,False,0.0,Developing,42,58,Moderate_Gap,19,0,2,Moderate_Planning_Gap,21.0,100.0
1,3.52,120,12,108,10.0,12.0,88,7,6,3,3,2,6,False,0.0,Early,88,12,Far_From_Eligible,21,0,5,Long_Term_Planning,17.6,100.0
6,9.3,120,111,9,92.5,18.5,0,0,0,0,0,0,6,True,95.5,Near_Completion,0,100,Eligible,0,100,0,OJT_Ready_Stage,0.0,100.0
5,5.02,120,74,46,61.67,14.8,26,4,3,3,1,1,7,False,28.0,Advanced,26,74,Moderate_Gap,12,0,2,Moderate_Planning_Gap,13.0,100.0
4,8.07,120,82,38,68.33,20.5,18,1,2,1,0,0,5,False,68.0,Advanced,18,82,Near_Eligible,4,60,1,Approaching_OJT,18.0,100.0
5,7.96,120,93,27,77.5,18.6,7,1,0,0,0,0,6,False,83.5,Advanced,7,93,Near_Eligible,1,90,1,Approaching_OJT,7.0,100.0
6,6.36,120,94,26,78.33,15.67,6,1,2,2,1,0,6,False,63.0,Advanced,6,94,Near_Eligible,6,40,0,OJT_Ready_Stage,6.0,99.98
6,8.49,120,107,13,89.17,17.83,0,0,1,1,0,0,7,False,85.5,Near_Completion,0,100,Eligible,2,80,1,Approaching_OJT,0.0,100.0
2,4.38,120,19,101,15.83,9.5,81,5,6,4,3,1,6,False,0.0,Early,81,19,Far_From_Eligible,19,0,4,Long_Term_Planning,20.25,100.0
5,8.16,120,89,31,74.17,17.8,11,1,1,1,0,0,6,False,73.5,Advanced,11,89,Near_Eligible,3,70,1,Approaching_OJT,11.0,100.0
4,6.58,120,61,59,50.83,15.25,39,1,2,1,0,0,6,False,57.5,Developing,39,61,Moderate_Gap,4,60,2,Moderate_Planning_Gap,19.5,100.0
5,6.16,120,93,27,77.5,18.6,7,2,4,0,0,0,6,False,72.5,Advanced,7,93,Near_Eligible,6,40,1,Approaching_OJT,7.0,100.0
5,6.96,120,84,36,70.0,16.8,16,2,2,0,1,0,7,False,67.0,Advanced,16,84,Near_Eligible,5,50,2,Moderate_Planning_Gap,8.0,100.0
4,7.13,120,73,47,60.83,18.25,27,0,1,1,0,0,6,False,68.5,Advanced,27,73,Moderate_Gap,2,80,2,Moderate_Planning_Gap,13.5,100.0
4,6.15,120,71,49,59.17,17.75,29,1,3,0,0,0,6,False,66.5,Developing,29,71,Moderate_Gap,4,60,2,Moderate_Planning_Gap,14.5,100.0
8,6.24,120,114,6,95.0,14.25,0,1,3,0,1,0,8,True,83.0,Near_Completion,0,100,Eligible,5,50,0,OJT_Ready_Stage,0.0,100.0
6,7.86,120,111,9,92.5,18.5,0,1,0,0,0,0,6,True,92.5,Near_Completion,0,100,Eligible,1,90,0,OJT_Ready_Stage,0.0,100.0
5,8.64,120,94,26,78.33,18.8,6,0,0,0,0,0,6,False,87.0,Advanced,6,94,Near_Eligible,0,100,1,Approaching_OJT,6.0,100.0
1,6.45,120,19,101,15.83,19.0,81,3,3,1,1,0,6,False,23.5,Early,81,19,Far_From_Eligible,8,20,5,Long_Term_Planning,16.2,100.0
6,6.45,120,99,21,82.5,16.5,1,2,2,0,0,0,6,False,79.5,Near_Completion,1,99,Near_Eligible,4,60,0,OJT_Ready_Stage,1.0,100.0
2,6.18,120,40,80,33.33,20.0,60,3,3,1,1,0,6,False,34.0,Developing,60,40,Far_From_Eligible,8,20,4,Long_Term_Planning,15.0,100.0
4,6.28,120,66,54,55.0,16.5,34,2,3,1,0,0,5,False,55.0,Developing,34,66,Moderate_Gap,6,40,1,Approaching_OJT,34.0,100.0
2,8.12,120,39,81,32.5,19.5,61,1,0,0,0,0,5,False,56.5,Developing,61,39,Far_From_Eligible,1,90,3,Long_Term_Planning,20.33,100.0
6,6.5,120,99,21,82.5,16.5,1,2,3,1,0,0,6,False,71.5,Near_Completion,1,99,Near_Eligible,6,40,0,OJT_Ready_Stage,1.0,100.0
5,8.78,120,95,25,79.17,19.0,5,0,0,0,0,0,6,False,87.5,Advanced,5,95,Near_Eligible,0,100,1,Approaching_OJT,5.0,100.0
5,6.75,120,87,33,72.5,17.4,13,2,4,0,1,0,6,False,64.5,Advanced,13,87,Near_Eligible,7,30,1,Approaching_OJT,13.0,100.0
5,6.68,120,84,36,70.0,16.8,16,2,3,0,1,0,7,False,65.0,Advanced,16,84,Near_Eligible,6,40,2,Moderate_Planning_Gap,8.0,100.0
1,6.4,120,19,101,15.83,19.0,81,3,2,0,0,0,6,False,36.5,Early,81,19,Far_From_Eligible,5,50,5,Long_Term_Planning,16.2,100.0
2,9.84,120,40,80,33.33,20.0,60,0,0,0,0,0,5,False,60.0,Developing,60,40,Far_From_Eligible,0,100,3,Long_Term_Planning,20.0,100.0
6,6.32,120,103,17,85.83,17.17,0,3,5,0,0,0,6,True,72.5,Near_Completion,0,100,Eligible,8,20,0,OJT_Ready_Stage,0.0,99.98
5,7.99,120,89,31,74.17,17.8,11,1,0,1,0,0,7,False,75.5,Advanced,11,89,Near_Eligible,2,80,2,Moderate_Planning_Gap,5.5,100.0
3,5.75,120,39,81,32.5,13.0,61,4,6,1,1,0,6,False,24.5,Developing,61,39,Far_From_Eligible,12,0,3,Long_Term_Planning,20.33,100.0
1,6.21,120,19,101,15.83,19.0,81,1,2,0,0,0,5,False,42.5,Early,81,19,Far_From_Eligible,3,70,4,Long_Term_Planning,20.25,100.0
3,6.08,120,55,65,45.83,18.33,45,2,3,1,1,0,6,False,44.5,Developing,45,55,Moderate_Gap,7,30,3,Long_Term_Planning,15.0,100.0
2,6.94,120,41,79,34.17,20.5,59,2,4,2,0,0,5,False,34.5,Developing,59,41,Far_From_Eligible,8,20,3,Long_Term_Planning,19.67,100.0
5,7.6,120,96,24,80.0,19.2,4,0,0,1,0,0,6,False,82.0,Near_Completion,4,96,Near_Eligible,1,90,1,Approaching_OJT,4.0,100.0
6,7.69,120,110,10,91.67,18.33,0,1,0,1,0,0,7,False,86.0,Near_Completion,0,100,Eligible,2,80,1,Approaching_OJT,0.0,100.0
5,8.17,120,95,25,79.17,19.0,5,0,0,1,0,0,6,False,81.5,Advanced,5,95,Near_Eligible,1,90,1,Approaching_OJT,5.0,100.0
6,6.86,120,107,13,89.17,17.83,0,1,1,0,0,0,7,True,88.5,Near_Completion,0,100,Eligible,2,80,1,Approaching_OJT,0.0,100.0
7,7.04,120,116,4,96.67,16.57,0,1,2,0,0,0,8,True,91.0,Near_Completion,0,100,Eligible,3,70,1,Approaching_OJT,0.0,100.0
5,7.18,120,95,25,79.17,19.0,5,1,0,1,0,0,7,False,78.5,Advanced,5,95,Near_Eligible,2,80,2,Moderate_Planning_Gap,2.5,100.0
5,8.49,120,88,32,73.33,17.6,12,1,0,0,0,0,7,False,81.0,Advanced,12,88,Near_Eligible,1,90,2,Moderate_Planning_Gap,6.0,100.0
2,8.12,120,34,86,28.33,17.0,66,1,2,0,0,0,5,False,50.0,Early,66,34,Far_From_Eligible,3,70,3,Long_Term_Planning,22.0,100.0
2,6.49,120,34,86,28.33,17.0,66,1,1,0,0,0,5,False,52.0,Early,66,34,Far_From_Eligible,2,80,3,Long_Term_Planning,22.0,100.0
6,7.5,120,103,17,85.83,17.17,0,1,0,0,0,0,6,True,88.5,Near_Completion,0,100,Eligible,1,90,0,OJT_Ready_Stage,0.0,99.98
7,5.96,120,99,21,82.5,14.14,1,4,6,2,2,0,8,False,43.5,Near_Completion,1,99,Near_Eligible,14,0,1,Approaching_OJT,1.0,100.0
2,8.07,120,44,76,36.67,22.0,56,1,1,0,0,0,5,False,57.0,Developing,56,44,Far_From_Eligible,2,80,3,Long_Term_Planning,18.67,100.0
1,6.57,120,18,102,15.0,18.0,82,4,3,2,0,0,5,False,19.0,Early,82,18,Far_From_Eligible,9,10,4,Long_Term_Planning,20.5,100.0
6,6.96,120,102,18,85.0,17.0,0,1,3,0,1,0,6,True,77.0,Near_Completion,0,100,Eligible,5,50,0,OJT_Ready_Stage,0.0,100.0
5,5.86,120,71,49,59.17,14.2,29,4,6,1,1,1,7,False,32.5,Developing,29,71,Moderate_Gap,13,0,2,Moderate_Planning_Gap,14.5,100.0
7,7.45,120,114,6,95.0,16.29,0,0,2,1,0,0,8,False,87.0,Near_Completion,0,100,Eligible,3,70,1,Approaching_OJT,0.0,99.97
2,6.04,120,36,84,30.0,18.0,64,1,1,2,0,0,6,False,41.0,Developing,64,36,Far_From_Eligible,4,60,4,Long_Term_Planning,16.0,100.0
3,7.93,120,56,64,46.67,18.67,44,0,2,1,0,0,5,False,58.0,Developing,44,56,Moderate_Gap,3,70,2,Moderate_Planning_Gap,22.0,99.98
5,6.57,120,92,28,76.67,18.4,8,3,2,2,1,0,7,False,56.0,Advanced,8,92,Near_Eligible,8,20,2,Moderate_Planning_Gap,4.0,100.0
4,6.08,120,71,49,59.17,17.75,29,1,1,0,1,0,6,False,65.5,Developing,29,71,Moderate_Gap,3,70,2,Moderate_Planning_Gap,14.5,100.0
2,3.82,120,23,97,19.17,11.5,77,7,7,3,3,2,5,False,0.0,Early,77,23,Far_From_Eligible,22,0,3,Long_Term_Planning,25.67,100.0
6,7.56,120,112,8,93.33,18.67,0,0,0,0,0,0,6,True,96.0,Near_Completion,0,100,Eligible,0,100,0,OJT_Ready_Stage,0.0,99.98
5,5.35,120,78,42,65.0,15.6,22,5,3,3,1,1,7,False,27.0,Advanced,22,78,Moderate_Gap,13,0,2,Moderate_Planning_Gap,11.0,100.0
1,6.08,120,19,101,15.83,19.0,81,1,4,1,1,0,6,False,27.5,Early,81,19,Far_From_Eligible,7,30,5,Long_Term_Planning,16.2,100.0
3,7.49,120,52,68,43.33,17.33,48,0,2,0,0,0,6,False,62.0,Developing,48,52,Moderate_Gap,2,80,3,Long_Term_Planning,16.0,100.0
4,7.1,120,78,42,65.0,19.5,22,1,2,1,0,0,5,False,66.0,Advanced,22,78,Moderate_Gap,4,60,1,Approaching_OJT,22.0,100.0
3,6.83,120,52,68,43.33,17.33,48,1,4,2,0,0,5,False,43.0,Developing,48,52,Moderate_Gap,7,30,2,Moderate_Planning_Gap,24.0,100.0
5,9.13,120,103,17,85.83,20.6,0,0,0,0,0,0,7,True,91.5,Near_Completion,0,100,Eligible,0,100,2,Moderate_Planning_Gap,0.0,100.0
7,7.62,120,118,2,98.33,16.86,0,1,2,1,0,0,8,False,86.0,Near_Completion,0,100,Eligible,4,60,1,Approaching_OJT,0.0,99.98
5,5.95,120,78,42,65.0,15.6,22,2,4,0,1,0,6,False,60.0,Advanced,22,78,Moderate_Gap,7,30,1,Approaching_OJT,22.0,100.0
5,3.55,120,65,55,54.17,13.0,35,5,6,4,2,2,6,False,0.0,Developing,35,65,Moderate_Gap,19,0,1,Approaching_OJT,35.0,100.0
4,7.46,120,69,51,57.5,17.25,31,0,0,1,0,0,6,False,68.5,Developing,31,69,Moderate_Gap,1,90,2,Moderate_Planning_Gap,15.5,100.0
5,5.83,120,90,30,75.0,18.0,10,2,3,0,1,0,7,False,68.0,Advanced,10,90,Near_Eligible,6,40,2,Moderate_Planning_Gap,5.0,100.0
3,6.05,120,48,72,40.0,16.0,52,2,1,2,0,0,5,False,44.0,Developing,52,48,Far_From_Eligible,5,50,2,Moderate_Planning_Gap,26.0,100.0
3,6.08,120,47,73,39.17,15.67,53,1,3,1,0,0,5,False,48.5,Developing,53,47,Far_From_Eligible,5,50,2,Moderate_Planning_Gap,26.5,99.98
3,8.68,120,54,66,45.0,18.0,46,0,0,0,0,0,6,False,67.0,Developing,46,54,Moderate_Gap,0,100,3,Long_Term_Planning,15.33,100.0
5,5.04,120,77,43,64.17,15.4,23,5,4,3,2,0,7,False,27.5,Advanced,23,77,Moderate_Gap,14,0,2,Moderate_Planning_Gap,11.5,100.0
3,6.75,120,57,63,47.5,19.0,43,1,1,2,0,0,5,False,51.5,Developing,43,57,Moderate_Gap,4,60,2,Moderate_Planning_Gap,21.5,100.0
4,6.14,120,70,50,58.33,17.5,30,3,3,1,0,0,5,False,54.0,Developing,30,70,Moderate_Gap,7,30,1,Approaching_OJT,30.0,100.0
2,8.27,120,40,80,33.33,20.0,60,0,0,0,0,0,5,False,60.0,Developing,60,40,Far_From_Eligible,0,100,3,Long_Term_Planning,20.0,100.0
6,5.55,120,98,22,81.67,16.33,2,5,3,2,2,0,6,False,46.0,Near_Completion,2,98,Near_Eligible,12,0,0,OJT_Ready_Stage,2.0,100.0
7,8.65,120,118,2,98.33,16.86,0,0,0,0,0,0,8,True,99.0,Near_Completion,0,100,Eligible,0,100,1,Approaching_OJT,0.0,99.98
1,7.14,120,18,102,15.0,18.0,82,0,2,0,0,0,5,False,45.0,Early,82,18,Far_From_Eligible,2,80,4,Long_Term_Planning,20.5,100.0
5,9.92,120,90,30,75.0,18.0,10,0,0,0,0,0,7,False,85.0,Advanced,10,90,Near_Eligible,0,100,2,Moderate_Planning_Gap,5.0,100.0
5,6.13,120,85,35,70.83,17.0,15,3,4,1,0,0,7,False,59.5,Advanced,15,85,Near_Eligible,8,20,2,Moderate_Planning_Gap,7.5,100.0
5,7.62,120,91,29,75.83,18.2,9,0,0,1,0,0,6,False,79.5,Advanced,9,91,Near_Eligible,1,90,1,Approaching_OJT,9.0,100.0
8,7.4,120,117,3,97.5,14.62,0,0,2,0,0,0,8,True,94.5,Near_Completion,0,100,Eligible,2,80,0,OJT_Ready_Stage,0.0,100.0
1,7.39,120,20,100,16.67,20.0,80,0,2,0,0,0,5,False,46.0,Early,80,20,Far_From_Eligible,2,80,4,Long_Term_Planning,20.0,100.0
5,7.2,120,94,26,78.33,18.8,6,0,0,0,0,0,7,False,87.0,Advanced,6,94,Near_Eligible,0,100,2,Moderate_Planning_Gap,3.0,100.0
2,9.15,120,45,75,37.5,22.5,55,0,0,0,0,0,5,False,62.5,Developing,55,45,Far_From_Eligible,0,100,3,Long_Term_Planning,18.33,100.0
4,8.15,120,74,46,61.67,18.5,26,0,0,0,0,0,6,False,77.0,Advanced,26,74,Moderate_Gap,0,100,2,Moderate_Planning_Gap,13.0,100.0
3,5.12,120,39,81,32.5,13.0,61,4,6,1,1,1,5,False,16.5,Developing,61,39,Far_From_Eligible,13,0,2,Moderate_Planning_Gap,30.5,100.0
1,7.88,120,21,99,17.5,21.0,79,1,2,0,0,0,6,False,43.5,Early,79,21,Far_From_Eligible,3,70,5,Long_Term_Planning,15.8,100.0
5,9.89,120,103,17,85.83,20.6,0,0,0,0,0,0,7,True,91.5,Near_Completion,0,100,Eligible,0,100,2,Moderate_Planning_Gap,0.0,100.0
5,7.13,120,94,26,78.33,18.8,6,1,0,0,0,0,6,False,84.0,Advanced,6,94,Near_Eligible,1,90,1,Approaching_OJT,6.0,100.0
3,3.59,120,28,92,23.33,9.33,72,8,5,3,2,2,6,False,0.0,Early,72,28,Far_From_Eligible,20,0,3,Long_Term_Planning,24.0,100.0
7,6.96,120,112,8,93.33,16.0,0,1,2,1,1,0,8,False,78.0,Near_Completion,0,100,Eligible,5,50,1,Approaching_OJT,0.0,100.0
4,6.18,120,66,54,55.0,16.5,34,2,1,1,1,0,5,False,54.0,Developing,34,66,Moderate_Gap,5,50,1,Approaching_OJT,34.0,100.0
6,3.82,120,68,52,56.67,11.33,32,6,8,3,2,1,7,False,4.0,Developing,32,68,Moderate_Gap,20,0,1,Approaching_OJT,32.0,100.0
5,6.97,120,87,33,72.5,17.4,13,1,1,2,1,0,6,False,61.5,Advanced,13,87,Near_Eligible,5,50,1,Approaching_OJT,13.0,100.0
2,6.14,120,31,89,25.83,15.5,69,2,1,2,0,0,6,False,35.5,Early,69,31,Far_From_Eligible,5,50,4,Long_Term_Planning,17.25,100.0
5,7.63,120,96,24,80.0,19.2,4,0,2,1,0,0,6,False,78.0,Near_Completion,4,96,Near_Eligible,3,70,1,Approaching_OJT,4.0,100.0
7,6.17,120,100,20,83.33,14.29,0,3,1,0,0,0,8,True,79.0,Near_Completion,0,100,Eligible,4,60,1,Approaching_OJT,0.0,99.97
5,4.82,120,64,56,53.33,12.8,36,6,7,3,2,2,7,False,0.0,Developing,36,64,Moderate_Gap,20,0,2,Moderate_Planning_Gap,18.0,100.0
4,7.92,120,68,52,56.67,17.0,32,1,1,1,0,0,6,False,63.0,Developing,32,68,Moderate_Gap,3,70,2,Moderate_Planning_Gap,16.0,100.0
3,9.13,120,66,54,55.0,22.0,34,0,0,0,0,0,5,False,73.0,Developing,34,66,Moderate_Gap,0,100,2,Moderate_Planning_Gap,17.0,100.0
3,6.65,120,51,69,42.5,17.0,49,1,3,0,1,0,6,False,51.5,Developing,49,51,Moderate_Gap,5,50,3,Long_Term_Planning,16.33,100.0
5,7.72,120,95,25,79.17,19.0,5,1,1,0,0,0,7,False,82.5,Advanced,5,95,Near_Eligible,2,80,2,Moderate_Planning_Gap,2.5,100.0
3,5.87,120,43,77,35.83,14.33,57,4,5,2,1,1,5,False,14.5,Developing,57,43,Far_From_Eligible,13,0,2,Moderate_Planning_Gap,28.5,100.0
6,7.02,120,111,9,92.5,18.5,0,1,2,1,0,0,6,False,82.5,Near_Completion,0,100,Eligible,4,60,0,OJT_Ready_Stage,0.0,100.0
3,9.36,120,54,66,45.0,18.0,46,0,0,0,0,0,5,False,67.0,Developing,46,54,Moderate_Gap,0,100,2,Moderate_Planning_Gap,23.0,100.0
5,3.72,120,73,47,60.83,14.6,27,5,8,2,2,2,6,False,7.5,Advanced,27,73,Moderate_Gap,19,0,1,Approaching_OJT,27.0,100.0
7,7.6,120,109,11,90.83,15.57,0,1,1,1,0,0,8,False,83.5,Near_Completion,0,100,Eligible,3,70,1,Approaching_OJT,0.0,100.0
8,6.23,120,115,5,95.83,14.38,0,2,2,2,1,0,8,False,70.5,Near_Completion,0,100,Eligible,7,30,0,OJT_Ready_Stage,0.0,99.97
5,6.2,120,94,26,78.33,18.8,6,3,1,1,1,0,6,False,65.0,Advanced,6,94,Near_Eligible,6,40,1,Approaching_OJT,6.0,100.0
4,5.42,120,67,53,55.83,16.75,33,3,6,2,1,0,5,False,35.5,Developing,33,67,Moderate_Gap,12,0,1,Approaching_OJT,33.0,100.0
1,7.04,120,21,99,17.5,21.0,79,1,1,1,0,0,5,False,39.5,Early,79,21,Far_From_Eligible,3,70,4,Long_Term_Planning,19.75,100.0
4,8.72,120,84,36,70.0,21.0,16,0,0,0,0,0,5,False,82.0,Advanced,16,84,Near_Eligible,0,100,1,Approaching_OJT,16.0,100.0
7,3.73,120,87,33,72.5,12.43,13,8,8,4,2,1,8,False,1.5,Advanced,13,87,Near_Eligible,23,0,1,Approaching_OJT,13.0,99.99
2,4.04,120,27,93,22.5,13.5,73,5,7,3,2,1,5,False,0.0,Early,73,27,Far_From_Eligible,18,0,3,Long_Term_Planning,24.33,100.0
4,6.61,120,62,58,51.67,15.5,38,2,4,1,0,0,6,False,51.0,Developing,38,62,Moderate_Gap,7,30,2,Moderate_Planning_Gap,19.0,100.0
3,4.83,120,33,87,27.5,11.0,67,5,5,3,3,2,6,False,0.0,Early,67,33,Far_From_Eligible,18,0,3,Long_Term_Planning,22.33,100.0
3,8.15,120,61,59,50.83,20.33,39,1,0,1,0,0,6,False,61.5,Developing,39,61,Moderate_Gap,2,80,3,Long_Term_Planning,13.0,100.0
2,5.65,120,32,88,26.67,16.0,68,5,6,3,1,1,6,False,0.0,Early,68,32,Far_From_Eligible,16,0,4,Long_Term_Planning,17.0,100.0
4,6.58,120,67,53,55.83,16.75,33,1,1,2,0,0,5,False,56.5,Developing,33,67,Moderate_Gap,4,60,1,Approaching_OJT,33.0,100.0
6,6.53,120,103,17,85.83,17.17,0,2,2,1,0,0,7,False,75.5,Near_Completion,0,100,Eligible,5,50,1,Approaching_OJT,0.0,99.98
4,6.6,120,70,50,58.33,17.5,30,3,1,2,1,0,5,False,47.0,Developing,30,70,Moderate_Gap,7,30,1,Approaching_OJT,30.0,100.0
5,8.04,120,92,28,76.67,18.4,8,1,1,0,0,0,7,False,81.0,Advanced,8,92,Near_Eligible,2,80,2,Moderate_Planning_Gap,4.0,100.0
5,9.87,120,99,21,82.5,19.8,1,0,0,0,0,0,7,False,89.5,Near_Completion,1,99,Near_Eligible,0,100,2,Moderate_Planning_Gap,0.5,100.0
4,6.24,120,66,54,55.0,16.5,34,1,4,0,0,0,6,False,62.0,Developing,34,66,Moderate_Gap,5,50,2,Moderate_Planning_Gap,17.0,100.0
5,5.46,120,72,48,60.0,14.4,28,4,5,2,1,0,7,False,37.0,Advanced,28,72,Moderate_Gap,12,0,2,Moderate_Planning_Gap,14.0,100.0
5,5.82,120,77,43,64.17,15.4,23,4,6,2,2,1,6,False,24.5,Advanced,23,77,Moderate_Gap,15,0,1,Approaching_OJT,23.0,100.0
3,6.88,120,51,69,42.5,17.0,49,3,1,1,1,0,5,False,43.5,Developing,49,51,Moderate_Gap,6,40,2,Moderate_Planning_Gap,24.5,100.0
3,7.43,120,55,65,45.83,18.33,45,1,0,0,0,0,6,False,64.5,Developing,45,55,Moderate_Gap,1,90,3,Long_Term_Planning,15.0,100.0
5,5.11,120,77,43,64.17,15.4,23,4,3,2,2,1,6,False,30.5,Advanced,23,77,Moderate_Gap,12,0,1,Approaching_OJT,23.0,100.0
2,5.06,120,33,87,27.5,16.5,67,3,6,1,1,1,6,False,16.5,Early,67,33,Far_From_Eligible,12,0,4,Long_Term_Planning,16.75,100.0
4,9.21,120,73,47,60.83,18.25,27,0,0,0,0,0,6,False,76.5,Advanced,27,73,Moderate_Gap,0,100,2,Moderate_Planning_Gap,13.5,100.0
8,8.99,120,120,0,100.0,15.0,0,0,0,0,0,0,8,True,100.0,Near_Completion,0,100,Eligible,0,100,0,OJT_Ready_Stage,0.0,100.0
4,7.45,120,77,43,64.17,19.25,23,0,0,1,0,0,6,False,72.5,Advanced,23,77,Moderate_Gap,1,90,2,Moderate_Planning_Gap,11.5,100.0
1,7.43,120,18,102,15.0,18.0,82,1,0,1,0,0,6,False,40.0,Early,82,18,Far_From_Eligible,2,80,5,Long_Term_Planning,16.4,100.0
3,8.98,120,62,58,51.67,20.67,38,0,0,0,0,0,6,False,71.0,Developing,38,62,Moderate_Gap,0,100,3,Long_Term_Planning,12.67,99.98
6,8.08,120,101,19,84.17,16.83,0,0,0,1,0,0,7,False,84.5,Near_Completion,0,100,Eligible,1,90,1,Approaching_OJT,0.0,100.0
5,7.96,120,90,30,75.0,18.0,10,0,0,0,0,0,6,False,85.0,Advanced,10,90,Near_Eligible,0,100,1,Approaching_OJT,10.0,100.0
7,8.94,120,118,2,98.33,16.86,0,0,0,0,0,0,8,True,99.0,Near_Completion,0,100,Eligible,0,100,1,Approaching_OJT,0.0,99.98
4,6.43,120,65,55,54.17,16.25,35,3,3,1,0,0,5,False,51.5,Developing,35,65,Moderate_Gap,7,30,1,Approaching_OJT,35.0,100.0
1,4.72,120,15,105,12.5,15.0,85,7,6,2,2,2,6,False,0.0,Early,85,15,Far_From_Eligible,19,0,5,Long_Term_Planning,17.0,100.0
8,6.59,120,108,12,90.0,13.5,0,1,3,0,1,0,8,True,80.0,Near_Completion,0,100,Eligible,5,50,0,OJT_Ready_Stage,0.0,100.0
6,4.82,120,70,50,58.33,11.67,30,7,7,4,2,2,6,False,0.0,Developing,30,70,Moderate_Gap,22,0,0,OJT_Ready_Stage,30.0,99.97
4,7.48,120,69,51,57.5,17.25,31,1,2,1,0,0,6,False,61.5,Developing,31,69,Moderate_Gap,4,60,2,Moderate_Planning_Gap,15.5,100.0
5,9.39,120,92,28,76.67,18.4,8,0,0,0,0,0,7,False,86.0,Advanced,8,92,Near_Eligible,0,100,2,Moderate_Planning_Gap,4.0,100.0
4,9.2,120,73,47,60.83,18.25,27,0,0,0,0,0,5,False,76.5,Advanced,27,73,Moderate_Gap,0,100,1,Approaching_OJT,27.0,100.0
2,9.71,120,39,81,32.5,19.5,61,0,0,0,0,0,6,False,59.5,Developing,61,39,Far_From_Eligible,0,100,4,Long_Term_Planning,15.25,100.0
6,7.26,120,111,9,92.5,18.5,0,0,1,0,0,0,6,True,93.5,Near_Completion,0,100,Eligible,1,90,0,OJT_Ready_Stage,0.0,100.0
2,6.55,120,36,84,30.0,18.0,64,3,2,1,1,0,6,False,34.0,Developing,64,36,Far_From_Eligible,7,30,4,Long_Term_Planning,16.0,100.0
8,5.27,120,101,19,84.17,12.62,0,5,6,2,2,1,8,False,33.5,Near_Completion,0,100,Eligible,16,0,0,OJT_Ready_Stage,0.0,100.0
7,7.09,120,114,6,95.0,16.29,0,1,0,0,0,0,8,True,94.0,Near_Completion,0,100,Eligible,1,90,1,Approaching_OJT,0.0,99.97
7,7.36,120,109,11,90.83,15.57,0,0,0,1,0,0,8,False,88.5,Near_Completion,0,100,Eligible,1,90,1,Approaching_OJT,0.0,100.0
7,6.37,120,113,7,94.17,16.14,0,1,2,1,1,0,8,False,78.5,Near_Completion,0,100,Eligible,5,50,1,Approaching_OJT,0.0,100.0
3,5.31,120,49,71,40.83,16.33,51,4,3,2,2,1,5,False,16.5,Developing,51,49,Far_From_Eligible,12,0,2,Moderate_Planning_Gap,25.5,100.0
7,7.51,120,109,11,90.83,15.57,0,0,0,1,0,0,8,False,88.5,Near_Completion,0,100,Eligible,1,90,1,Approaching_OJT,0.0,100.0
4,7.5,120,69,51,57.5,17.25,31,0,2,0,0,0,6,False,70.5,Developing,31,69,Moderate_Gap,2,80,2,Moderate_Planning_Gap,15.5,100.0
4,7.12,120,76,44,63.33,19.0,24,1,0,0,0,0,6,False,75.0,Advanced,24,76,Moderate_Gap,1,90,2,Moderate_Planning_Gap,12.0,100.0
2,6.9,120,34,86,28.33,17.0,66,1,2,0,0,0,5,False,50.0,Early,66,34,Far_From_Eligible,3,70,3,Long_Term_Planning,22.0,100.0
1,6.42,120,16,104,13.33,16.0,84,2,4,1,0,0,5,False,28.0,Early,84,16,Far_From_Eligible,7,30,4,Long_Term_Planning,21.0,100.0
5,7.9,120,100,20,83.33,20.0,0,0,2,1,0,0,7,False,80.0,Near_Completion,0,100,Eligible,3,70,2,Moderate_Planning_Gap,0.0,100.0
6,6.78,120,99,21,82.5,16.5,1,3,2,2,1,0,6,False,59.5,Near_Completion,1,99,Near_Eligible,8,20,0,OJT_Ready_Stage,1.0,100.0
1,6.39,120,16,104,13.33,16.0,84,1,4,1,1,0,6,False,26.0,Early,84,16,Far_From_Eligible,7,30,5,Long_Term_Planning,16.8,100.0
4,9.2,120,84,36,70.0,21.0,16,0,0,0,0,0,6,False,82.0,Advanced,16,84,Near_Eligible,0,100,2,Moderate_Planning_Gap,8.0,100.0
3,9.59,120,55,65,45.83,18.33,45,0,0,0,0,0,5,False,67.5,Developing,45,55,Moderate_Gap,0,100,2,Moderate_Planning_Gap,22.5,100.0
7,7.32,120,117,3,97.5,16.71,0,1,0,0,0,0,8,True,95.5,Near_Completion,0,100,Eligible,1,90,1,Approaching_OJT,0.0,100.0
8,8.71,120,120,0,100.0,15.0,0,0,0,0,0,0,8,True,100.0,Near_Completion,0,100,Eligible,0,100,0,OJT_Ready_Stage,0.0,100.0
2,6.15,120,41,79,34.17,20.5,59,2,3,0,0,0,5,False,48.5,Developing,59,41,Far_From_Eligible,5,50,3,Long_Term_Planning,19.67,100.0
5,9.5,120,100,20,83.33,20.0,0,0,0,0,0,0,6,True,90.0,Near_Completion,0,100,Eligible,0,100,1,Approaching_OJT,0.0,100.0
3,6.16,120,49,71,40.83,16.33,51,1,3,0,0,0,6,False,55.5,Developing,51,49,Far_From_Eligible,4,60,3,Long_Term_Planning,17.0,100.0
7,4.34,120,95,25,79.17,13.57,5,7,7,2,3,2,8,False,9.5,Advanced,5,95,Near_Eligible,21,0,1,Approaching_OJT,5.0,100.0
5,6.75,120,95,25,79.17,19.0,5,1,4,1,0,0,6,False,70.5,Advanced,5,95,Near_Eligible,6,40,1,Approaching_OJT,5.0,100.0
1,6.19,120,19,101,15.83,19.0,81,1,4,0,1,0,6,False,33.5,Early,81,19,Far_From_Eligible,6,40,5,Long_Term_Planning,16.2,100.0
8,8.65,120,119,1,99.17,14.88,0,0,0,0,0,0,8,True,99.5,Near_Completion,0,100,Eligible,0,100,0,OJT_Ready_Stage,0.0,99.97
4,5.11,120,57,63,47.5,14.25,43,5,6,3,2,1,5,False,5.5,Developing,43,57,Moderate_Gap,17,0,1,Approaching_OJT,43.0,100.0
5,6.33,120,85,35,70.83,17.0,15,3,3,1,0,0,7,False,61.5,Advanced,15,85,Near_Eligible,7,30,2,Moderate_Planning_Gap,7.5,100.0
2,3.94,120,20,100,16.67,10.0,80,7,6,3,2,2,6,False,0.0,Early,80,20,Far_From_Eligible,20,0,4,Long_Term_Planning,20.0,100.0
4,3.64,120,46,74,38.33,11.5,54,7,6,3,2,1,6,False,0.0,Developing,54,46,Far_From_Eligible,19,0,2,Moderate_Planning_Gap,27.0,100.0
1,6.23,120,20,100,16.67,20.0,80,3,1,2,1,0,5,False,22.0,Early,80,20,Far_From_Eligible,7,30,4,Long_Term_Planning,20.0,100.0
5,7.99,120,89,31,74.17,17.8,11,0,0,0,0,0,7,False,84.5,Advanced,11,89,Near_Eligible,0,100,2,Moderate_Planning_Gap,5.5,100.0
4,4.09,120,40,80,33.33,10.0,60,5,7,4,2,2,6,False,0.0,Developing,60,40,Far_From_Eligible,20,0,2,Moderate_Planning_Gap,30.0,100.0
5,6.66,120,94,26,78.33,18.8,6,2,4,2,0,0,7,False,61.0,Advanced,6,94,Near_Eligible,8,20,2,Moderate_Planning_Gap,3.0,100.0
4,7.96,120,69,51,57.5,17.25,31,1,1,0,0,0,5,False,69.5,Developing,31,69,Moderate_Gap,2,80,1,Approaching_OJT,31.0,100.0
5,6.38,120,88,32,73.33,17.6,12,2,2,0,1,0,6,False,69.0,Advanced,12,88,Near_Eligible,5,50,1,Approaching_OJT,12.0,100.0
2,7.31,120,44,76,36.67,22.0,56,1,0,0,0,0,6,False,59.0,Developing,56,44,Far_From_Eligible,1,90,4,Long_Term_Planning,14.0,100.0
5,3.56,120,60,60,50.0,12.0,40,6,7,3,2,1,7,False,2.0,Developing,40,60,Moderate_Gap,19,0,2,Moderate_Planning_Gap,20.0,100.0
4,5.32,120,58,62,48.33,14.5,42,4,3,3,1,0,5,False,28.0,Developing,42,58,Moderate_Gap,11,0,1,Approaching_OJT,42.0,100.0
6,5.23,120,91,29,75.83,15.17,9,3,3,1,1,1,6,False,51.5,Advanced,9,91,Near_Eligible,9,10,0,OJT_Ready_Stage,9.0,99.98
4,6.23,120,60,60,50.0,15.0,40,1,3,0,0,0,5,False,61.0,Developing,40,60,Moderate_Gap,4,60,1,Approaching_OJT,40.0,100.0
4,6.89,120,65,55,54.17,16.25,35,2,2,2,1,0,6,False,45.5,Developing,35,65,Moderate_Gap,7,30,2,Moderate_Planning_Gap,17.5,100.0
4,6.52,120,69,51,57.5,17.25,31,3,5,2,1,0,6,False,38.5,Developing,31,69,Moderate_Gap,11,0,2,Moderate_Planning_Gap,15.5,100.0
4,7.21,120,75,45,62.5,18.75,25,1,1,0,0,0,6,False,72.5,Advanced,25,75,Moderate_Gap,2,80,2,Moderate_Planning_Gap,12.5,100.0
8,7.63,120,113,7,94.17,14.12,0,0,0,1,0,0,8,False,90.5,Near_Completion,0,100,Eligible,1,90,0,OJT_Ready_Stage,0.0,100.0
3,7.75,120,52,68,43.33,17.33,48,0,2,0,0,0,5,False,62.0,Developing,48,52,Moderate_Gap,2,80,2,Moderate_Planning_Gap,24.0,100.0
5,9.45,120,92,28,76.67,18.4,8,0,0,0,0,0,6,False,86.0,Advanced,8,92,Near_Eligible,0,100,1,Approaching_OJT,8.0,100.0
3,4.37,120,37,83,30.83,12.33,63,7,6,2,3,1,6,False,0.0,Developing,63,37,Far_From_Eligible,19,0,3,Long_Term_Planning,21.0,100.0
6,8.72,120,112,8,93.33,18.67,0,0,0,0,0,0,7,True,96.0,Near_Completion,0,100,Eligible,0,100,1,Approaching_OJT,0.0,99.98
2,7.13,120,24,96,20.0,12.0,76,2,5,1,1,0,6,False,25.0,Early,76,24,Far_From_Eligible,9,10,4,Long_Term_Planning,19.0,100.0
3,6.61,120,57,63,47.5,19.0,43,1,3,0,1,0,5,False,54.5,Developing,43,57,Moderate_Gap,5,50,2,Moderate_Planning_Gap,21.5,100.0
3,8.29,120,64,56,53.33,21.33,36,1,0,0,0,0,6,False,69.0,Developing,36,64,Moderate_Gap,1,90,3,Long_Term_Planning,12.0,100.0
5,8.96,120,97,23,80.83,19.4,3,0,0,0,0,0,6,False,88.5,Near_Completion,3,97,Near_Eligible,0,100,1,Approaching_OJT,3.0,100.0
6,7.39,120,111,9,92.5,18.5,0,1,0,1,0,0,6,False,86.5,Near_Completion,0,100,Eligible,2,80,0,OJT_Ready_Stage,0.0,100.0
7,8.16,120,111,9,92.5,15.86,0,1,2,1,0,0,8,False,82.5,Near_Completion,0,100,Eligible,4,60,1,Approaching_OJT,0.0,99.98
6,6.14,120,97,23,80.83,16.17,3,1,4,0,1,0,6,False,72.5,Near_Completion,3,97,Near_Eligible,6,40,0,OJT_Ready_Stage,3.0,99.98
5,8.59,120,97,23,80.83,19.4,3,0,0,0,0,0,7,False,88.5,Near_Completion,3,97,Near_Eligible,0,100,2,Moderate_Planning_Gap,1.5,100.0
5,7.11,120,96,24,80.0,19.2,4,1,0,1,0,0,7,False,79.0,Near_Completion,4,96,Near_Eligible,2,80,2,Moderate_Planning_Gap,2.0,100.0
1,6.54,120,16,104,13.33,16.0,84,3,4,2,0,0,6,False,19.0,Early,84,16,Far_From_Eligible,9,10,5,Long_Term_Planning,16.8,100.0
4,4.03,120,49,71,40.83,12.25,51,8,5,2,2,2,5,False,0.0,Developing,51,49,Far_From_Eligible,19,0,1,Approaching_OJT,51.0,100.0
6,8.29,120,100,20,83.33,16.67,0,1,1,0,0,0,7,True,85.0,Near_Completion,0,100,Eligible,2,80,1,Approaching_OJT,0.0,99.98
7,8.33,120,114,6,95.0,16.29,0,1,0,0,0,0,8,True,94.0,Near_Completion,0,100,Eligible,1,90,1,Approaching_OJT,0.0,99.97
4,7.38,120,69,51,57.5,17.25,31,1,2,1,0,0,5,False,61.5,Developing,31,69,Moderate_Gap,4,60,1,Approaching_OJT,31.0,100.0
6,7.62,120,107,13,89.17,17.83,0,1,0,1,0,0,7,False,84.5,Near_Completion,0,100,Eligible,2,80,1,Approaching_OJT,0.0,100.0
4,3.86,120,48,72,40.0,12.0,52,6,8,2,2,1,5,False,0.0,Developing,52,48,Far_From_Eligible,19,0,1,Approaching_OJT,52.0,100.0
5,9.56,120,99,21,82.5,19.8,1,0,0,0,0,0,6,False,89.5,Near_Completion,1,99,Near_Eligible,0,100,1,Approaching_OJT,1.0,100.0
3,4.59,120,38,82,31.67,12.67,62,5,5,2,2,2,5,False,0.0,Developing,62,38,Far_From_Eligible,16,0,2,Moderate_Planning_Gap,31.0,99.97
4,6.24,120,69,51,57.5,17.25,31,2,4,0,0,0,6,False,60.5,Developing,31,69,Moderate_Gap,6,40,2,Moderate_Planning_Gap,15.5,100.0
4,7.26,120,81,39,67.5,20.25,19,0,2,1,0,0,6,False,70.5,Advanced,19,81,Near_Eligible,3,70,2,Moderate_Planning_Gap,9.5,100.0
5,7.75,120,94,26,78.33,18.8,6,1,2,0,0,0,7,False,80.0,Advanced,6,94,Near_Eligible,3,70,2,Moderate_Planning_Gap,3.0,100.0
4,6.56,120,59,61,49.17,14.75,41,1,2,0,1,0,6,False,57.5,Developing,41,59,Moderate_Gap,4,60,2,Moderate_Planning_Gap,20.5,100.0
5,7.03,120,98,22,81.67,19.6,2,1,0,0,0,0,6,False,86.0,Near_Completion,2,98,Near_Eligible,1,90,1,Approaching_OJT,2.0,100.0
5,6.72,120,86,34,71.67,17.2,14,3,4,2,0,0,6,False,54.0,Advanced,14,86,Near_Eligible,9,10,1,Approaching_OJT,14.0,100.0
6,6.24,120,103,17,85.83,17.17,0,1,4,0,1,0,6,True,75.5,Near_Completion,0,100,Eligible,6,40,0,OJT_Ready_Stage,0.0,99.98
3,5.85,120,46,74,38.33,15.33,54,3,5,3,2,0,6,False,16.0,Developing,54,46,Far_From_Eligible,13,0,3,Long_Term_Planning,18.0,100.0
2,5.68,120,29,91,24.17,14.5,71,4,3,2,1,1,5,False,11.5,Early,71,29,Far_From_Eligible,11,0,3,Long_Term_Planning,23.67,100.0
5,5.82,120,78,42,65.0,15.6,22,4,3,3,1,1,7,False,30.0,Advanced,22,78,Moderate_Gap,12,0,2,Moderate_Planning_Gap,11.0,100.0
7,6.74,120,109,11,90.83,15.57,0,2,3,0,1,0,8,True,77.5,Near_Completion,0,100,Eligible,6,40,1,Approaching_OJT,0.0,100.0
3,6.62,120,47,73,39.17,15.67,53,3,4,2,0,0,6,False,34.5,Developing,53,47,Far_From_Eligible,9,10,3,Long_Term_Planning,17.67,99.98
6,6.35,120,97,23,80.83,16.17,3,3,3,2,0,0,7,False,61.5,Near_Completion,3,97,Near_Eligible,8,20,1,Approaching_OJT,3.0,99.98
5,6.25,120,85,35,70.83,17.0,15,3,2,2,1,0,6,False,52.5,Advanced,15,85,Near_Eligible,8,20,1,Approaching_OJT,15.0,100.0
5,4.08,120,69,51,57.5,13.8,31,6,8,3,2,1,7,False,4.5,Developing,31,69,Moderate_Gap,20,0,2,Moderate_Planning_Gap,15.5,100.0
4,6.4,120,70,50,58.33,17.5,30,1,4,2,0,0,5,False,52.0,Developing,30,70,Moderate_Gap,7,30,1,Approaching_OJT,30.0,100.0
5,3.53,120,68,52,56.67,13.6,32,6,7,4,3,1,7,False,0.0,Developing,32,68,Moderate_Gap,21,0,2,Moderate_Planning_Gap,16.0,100.0
6,6.31,120,103,17,85.83,17.17,0,3,1,2,1,0,7,False,63.5,Near_Completion,0,100,Eligible,7,30,1,Approaching_OJT,0.0,99.98
6,3.78,120,80,40,66.67,13.33,20,8,8,2,2,1,7,False,10.0,Advanced,20,80,Near_Eligible,21,0,1,Approaching_OJT,20.0,100.0
7,7.3,120,113,7,94.17,16.14,0,0,1,1,0,0,8,False,88.5,Near_Completion,0,100,Eligible,2,80,1,Approaching_OJT,0.0,100.0
6,6.88,120,93,27,77.5,15.5,7,1,1,0,1,0,6,False,76.5,Advanced,7,93,Near_Eligible,3,70,0,OJT_Ready_Stage,7.0,100.0
6,5.78,120,95,25,79.17,15.83,5,3,6,1,2,1,7,False,42.5,Advanced,5,95,Near_Eligible,13,0,1,Approaching_OJT,5.0,100.0
4,6.41,120,64,56,53.33,16.0,36,3,2,1,0,0,6,False,53.0,Developing,36,64,Moderate_Gap,6,40,2,Moderate_Planning_Gap,18.0,100.0
8,5.95,120,108,12,90.0,13.5,0,5,4,1,2,1,8,False,47.0,Near_Completion,0,100,Eligible,13,0,0,OJT_Ready_Stage,0.0,100.0
3,6.66,120,36,84,30.0,12.0,64,3,4,2,1,0,6,False,24.0,Developing,64,36,Far_From_Eligible,10,0,3,Long_Term_Planning,21.33,100.0
6,8.79,120,114,6,95.0,19.0,0,0,0,0,0,0,7,True,97.0,Near_Completion,0,100,Eligible,0,100,1,Approaching_OJT,0.0,100.0
2,6.49,120,27,93,22.5,13.5,73,4,2,1,1,0,6,False,26.5,Early,73,27,Far_From_Eligible,8,20,4,Long_Term_Planning,18.25,100.0
8,6.24,120,119,1,99.17,14.88,0,1,2,2,0,0,8,False,80.5,Near_Completion,0,100,Eligible,5,50,0,OJT_Ready_Stage,0.0,99.97
3,6.99,120,54,66,45.0,18.0,46,1,4,0,1,0,5,False,51.0,Developing,46,54,Moderate_Gap,6,40,2,Moderate_Planning_Gap,23.0,100.0
6,6.98,120,104,16,86.67,17.33,0,1,2,2,1,0,7,False,68.0,Near_Completion,0,100,Eligible,6,40,1,Approaching_OJT,0.0,100.0
6,4.5,120,71,49,59.17,11.83,29,7,7,2,2,1,6,False,10.5,Developing,29,71,Moderate_Gap,19,0,0,OJT_Ready_Stage,29.0,100.0
3,8.29,120,56,64,46.67,18.67,44,0,1,1,0,0,6,False,60.0,Developing,44,56,Moderate_Gap,2,80,3,Long_Term_Planning,14.67,99.98
5,8.49,120,99,21,82.5,19.8,1,0,2,1,0,0,6,False,79.5,Near_Completion,1,99,Near_Eligible,3,70,1,Approaching_OJT,1.0,100.0
7,6.63,120,112,8,93.33,16.0,0,3,1,2,0,0,8,False,73.0,Near_Completion,0,100,Eligible,6,40,1,Approaching_OJT,0.0,100.0
4,5.39,120,50,70,41.67,12.5,50,4,4,3,1,0,6,False,22.0,Developing,50,50,Moderate_Gap,12,0,2,Moderate_Planning_Gap,25.0,100.0
2,6.71,120,30,90,25.0,15.0,70,4,5,1,0,0,5,False,27.0,Early,70,30,Far_From_Eligible,10,0,3,Long_Term_Planning,23.33,100.0
4,8.44,120,75,45,62.5,18.75,25,0,0,1,0,0,5,False,71.5,Advanced,25,75,Moderate_Gap,1,90,1,Approaching_OJT,25.0,100.0
4,6.45,120,63,57,52.5,15.75,37,3,1,1,0,0,5,False,54.5,Developing,37,63,Moderate_Gap,5,50,1,Approaching_OJT,37.0,100.0
7,9.52,120,120,0,100.0,17.14,0,0,0,0,0,0,8,True,100.0,Near_Completion,0,100,Eligible,0,100,1,Approaching_OJT,0.0,100.0
6,6.16,120,101,19,84.17,16.83,0,2,1,2,0,0,6,False,70.5,Near_Completion,0,100,Eligible,5,50,0,OJT_Ready_Stage,0.0,100.0
4,6.83,120,72,48,60.0,18.0,28,2,1,1,0,0,5,False,62.0,Advanced,28,72,Moderate_Gap,4,60,1,Approaching_OJT,28.0,100.0
2,5.89,120,40,80,33.33,20.0,60,2,4,0,1,0,5,False,41.0,Developing,60,40,Far_From_Eligible,7,30,3,Long_Term_Planning,20.0,100.0
4,8.24,120,75,45,62.5,18.75,25,1,1,1,0,0,5,False,66.5,Advanced,25,75,Moderate_Gap,3,70,1,Approaching_OJT,25.0,100.0
5,8.42,120,91,29,75.83,18.2,9,0,0,0,0,0,7,False,85.5,Advanced,9,91,Near_Eligible,0,100,2,Moderate_Planning_Gap,4.5,100.0
4,6.57,120,69,51,57.5,17.25,31,1,1,2,1,0,6,False,52.5,Developing,31,69,Moderate_Gap,5,50,2,Moderate_Planning_Gap,15.5,100.0
3,6.39,120,46,74,38.33,15.33,54,3,3,1,0,0,5,False,42.0,Developing,54,46,Far_From_Eligible,7,30,2,Moderate_Planning_Gap,27.0,100.0
2,6.15,120,37,83,30.83,18.5,63,2,4,1,0,0,6,False,38.5,Developing,63,37,Far_From_Eligible,7,30,4,Long_Term_Planning,15.75,100.0
7,9.42,120,113,7,94.17,16.14,0,0,0,0,0,0,8,True,96.5,Near_Completion,0,100,Eligible,0,100,1,Approaching_OJT,0.0,100.0
5,6.76,120,83,37,69.17,16.6,17,2,2,2,0,0,7,False,59.5,Advanced,17,83,Near_Eligible,6,40,2,Moderate_Planning_Gap,8.5,100.0
3,5.55,120,46,74,38.33,15.33,54,3,4,2,1,0,6,False,29.0,Developing,54,46,Far_From_Eligible,10,0,3,Long_Term_Planning,18.0,100.0
6,5.54,120,96,24,80.0,16.0,4,5,3,2,1,0,6,False,50.0,Near_Completion,4,96,Near_Eligible,11,0,0,OJT_Ready_Stage,4.0,100.0
5,6.57,120,91,29,75.83,18.2,9,3,3,2,1,0,6,False,53.5,Advanced,9,91,Near_Eligible,9,10,1,Approaching_OJT,9.0,100.0
6,6.43,120,93,27,77.5,15.5,7,2,5,1,1,0,6,False,59.5,Advanced,7,93,Near_Eligible,9,10,0,OJT_Ready_Stage,7.0,100.0
4,6.22,120,57,63,47.5,14.25,43,3,3,0,1,0,5,False,48.5,Developing,43,57,Moderate_Gap,7,30,1,Approaching_OJT,43.0,100.0
2,5.33,120,29,91,24.17,14.5,71,3,6,3,2,0,6,False,5.5,Early,71,29,Far_From_Eligible,14,0,4,Long_Term_Planning,17.75,100.0
3,7.63,120,64,56,53.33,21.33,36,1,0,1,0,0,6,False,63.0,Developing,36,64,Moderate_Gap,2,80,3,Long_Term_Planning,12.0,100.0
4,7.59,120,71,49,59.17,17.75,29,1,2,0,0,0,5,False,68.5,Developing,29,71,Moderate_Gap,3,70,1,Approaching_OJT,29.0,100.0
6,6.44,120,93,27,77.5,15.5,7,1,2,2,1,0,7,False,62.5,Advanced,7,93,Near_Eligible,6,40,1,Approaching_OJT,7.0,100.0
5,6.34,120,92,28,76.67,18.4,8,1,2,2,0,0,7,False,67.0,Advanced,8,92,Near_Eligible,5,50,2,Moderate_Planning_Gap,4.0,100.0
4,3.97,120,46,74,38.33,11.5,54,7,5,2,3,1,5,False,0.0,Developing,54,46,Far_From_Eligible,18,0,1,Approaching_OJT,54.0,100.0
5,8.12,120,89,31,74.17,17.8,11,1,2,1,0,0,6,False,71.5,Advanced,11,89,Near_Eligible,4,60,1,Approaching_OJT,11.0,100.0
7,6.46,120,106,14,88.33,15.14,0,1,1,0,0,0,8,True,88.0,Near_Completion,0,100,Eligible,2,80,1,Approaching_OJT,0.0,100.0
4,6.71,120,60,60,50.0,15.0,40,3,1,2,1,0,6,False,42.0,Developing,40,60,Moderate_Gap,7,30,2,Moderate_Planning_Gap,20.0,100.0
6,9.5,120,110,10,91.67,18.33,0,0,0,0,0,0,7,True,95.0,Near_Completion,0,100,Eligible,0,100,1,Approaching_OJT,0.0,100.0
5,9.75,120,97,23,80.83,19.4,3,0,0,0,0,0,7,False,88.5,Near_Completion,3,97,Near_Eligible,0,100,2,Moderate_Planning_Gap,1.5,100.0
5,7.02,120,96,24,80.0,19.2,4,1,2,0,0,0,7,False,81.0,Near_Completion,4,96,Near_Eligible,3,70,2,Moderate_Planning_Gap,2.0,100.0
6,8.75,120,109,11,90.83,18.17,0,0,0,0,0,0,7,True,94.5,Near_Completion,0,100,Eligible,0,100,1,Approaching_OJT,0.0,99.98
3,4.43,120,32,88,26.67,10.67,68,8,5,4,2,1,6,False,0.0,Early,68,32,Far_From_Eligible,20,0,3,Long_Term_Planning,22.67,99.97
5,7.94,120,93,27,77.5,18.6,7,0,2,1,0,0,7,False,76.5,Advanced,7,93,Near_Eligible,3,70,2,Moderate_Planning_Gap,3.5,100.0
4,7.31,120,75,45,62.5,18.75,25,0,2,0,0,0,6,False,73.5,Advanced,25,75,Moderate_Gap,2,80,2,Moderate_Planning_Gap,12.5,100.0
5,9.03,120,99,21,82.5,19.8,1,0,0,0,0,0,6,False,89.5,Near_Completion,1,99,Near_Eligible,0,100,1,Approaching_OJT,1.0,100.0
4,5.38,120,64,56,53.33,16.0,36,5,4,1,2,0,6,False,33.0,Developing,36,64,Moderate_Gap,12,0,2,Moderate_Planning_Gap,18.0,100.0
5,7.11,120,90,30,75.0,18.0,10,1,2,1,0,0,6,False,72.0,Advanced,10,90,Near_Eligible,4,60,1,Approaching_OJT,10.0,100.0
4,7.09,120,80,40,66.67,20.0,20,0,0,0,0,0,6,False,80.0,Advanced,20,80,Near_Eligible,0,100,2,Moderate_Planning_Gap,10.0,100.0
3,6.16,120,49,71,40.83,16.33,51,3,2,1,1,0,5,False,40.5,Developing,51,49,Far_From_Eligible,7,30,2,Moderate_Planning_Gap,25.5,100.0
5,9.15,120,100,20,83.33,20.0,0,0,0,0,0,0,6,True,90.0,Near_Completion,0,100,Eligible,0,100,1,Approaching_OJT,0.0,100.0
6,7.26,120,112,8,93.33,18.67,0,0,1,1,0,0,6,False,88.0,Near_Completion,0,100,Eligible,2,80,0,OJT_Ready_Stage,0.0,99.98
5,6.15,120,85,35,70.83,17.0,15,3,1,0,1,0,7,False,66.5,Advanced,15,85,Near_Eligible,5,50,2,Moderate_Planning_Gap,7.5,100.0
5,6.58,120,94,26,78.33,18.8,6,1,3,1,0,0,6,False,72.0,Advanced,6,94,Near_Eligible,5,50,1,Approaching_OJT,6.0,100.0
3,7.75,120,52,68,43.33,17.33,48,0,1,1,0,0,6,False,58.0,Developing,48,52,Moderate_Gap,2,80,3,Long_Term_Planning,16.0,100.0
5,8.03,120,88,32,73.33,17.6,12,0,2,0,0,0,7,False,80.0,Advanced,12,88,Near_Eligible,2,80,2,Moderate_Planning_Gap,6.0,100.0
3,7.34,120,59,61,49.17,19.67,41,1,1,0,0,0,6,False,64.5,Developing,41,59,Moderate_Gap,2,80,3,Long_Term_Planning,13.67,99.98
4,6.22,120,69,51,57.5,17.25,31,2,4,2,1,0,5,False,43.5,Developing,31,69,Moderate_Gap,9,10,1,Approaching_OJT,31.0,100.0
3,6.17,120,48,72,40.0,16.0,52,2,1,0,0,0,6,False,56.0,Developing,52,48,Far_From_Eligible,3,70,3,Long_Term_Planning,17.33,100.0
7,7.11,120,106,14,88.33,15.14,0,4,5,0,1,0,8,True,66.0,Near_Completion,0,100,Eligible,10,0,1,Approaching_OJT,0.0,100.0
4,5.93,120,69,51,57.5,17.25,31,1,4,1,0,0,6,False,57.5,Developing,31,69,Moderate_Gap,6,40,2,Moderate_Planning_Gap,15.5,100.0
4,5.45,120,66,54,55.0,16.5,34,4,4,1,2,0,6,False,37.0,Developing,34,66,Moderate_Gap,11,0,2,Moderate_Planning_Gap,17.0,100.0
3,9.81,120,62,58,51.67,20.67,38,0,0,0,0,0,5,False,71.0,Developing,38,62,Moderate_Gap,0,100,2,Moderate_Planning_Gap,19.0,99.98
6,8.09,120,109,11,90.83,18.17,0,1,2,0,0,0,7,True,87.5,Near_Completion,0,100,Eligible,3,70,1,Approaching_OJT,0.0,99.98
3,9.73,120,58,62,48.33,19.33,42,0,0,0,0,0,5,False,69.0,Developing,42,58,Moderate_Gap,0,100,2,Moderate_Planning_Gap,21.0,100.0
7,6.26,120,106,14,88.33,15.14,0,2,2,1,1,0,8,False,72.0,Near_Completion,0,100,Eligible,6,40,1,Approaching_OJT,0.0,100.0
4,6.96,120,75,45,62.5,18.75,25,1,2,0,0,0,6,False,70.5,Advanced,25,75,Moderate_Gap,3,70,2,Moderate_Planning_Gap,12.5,100.0
2,7.33,120,42,78,35.0,21.0,58,1,0,0,0,0,5,False,58.0,Developing,58,42,Far_From_Eligible,1,90,3,Long_Term_Planning,19.33,100.0
3,7.54,120,61,59,50.83,20.33,39,1,0,1,0,0,5,False,61.5,Developing,39,61,Moderate_Gap,2,80,2,Moderate_Planning_Gap,19.5,100.0
5,7.96,120,94,26,78.33,18.8,6,0,1,0,0,0,7,False,85.0,Advanced,6,94,Near_Eligible,1,90,2,Moderate_Planning_Gap,3.0,100.0
3,6.87,120,53,67,44.17,17.67,47,2,4,2,0,0,6,False,40.5,Developing,47,53,Moderate_Gap,8,20,3,Long_Term_Planning,15.67,99.98
4,6.96,120,61,59,50.83,15.25,39,2,2,1,1,0,5,False,49.5,Developing,39,61,Moderate_Gap,6,40,1,Approaching_OJT,39.0,100.0
5,9.41,120,101,19,84.17,20.2,0,0,0,0,0,0,7,True,90.5,Near_Completion,0,100,Eligible,0,100,2,Moderate_Planning_Gap,0.0,100.0
3,6.55,120,42,78,35.0,14.0,58,3,4,2,1,0,6,False,27.0,Developing,58,42,Far_From_Eligible,10,0,3,Long_Term_Planning,19.33,100.0
5,7.52,120,93,27,77.5,18.6,7,1,1,0,0,0,7,False,81.5,Advanced,7,93,Near_Eligible,2,80,2,Moderate_Planning_Gap,3.5,100.0
3,6.46,120,49,71,40.83,16.33,51,1,4,2,1,0,6,False,36.5,Developing,51,49,Far_From_Eligible,8,20,3,Long_Term_Planning,17.0,100.0
4,9.85,120,73,47,60.83,18.25,27,0,0,0,0,0,6,False,76.5,Advanced,27,73,Moderate_Gap,0,100,2,Moderate_Planning_Gap,13.5,100.0
1,3.89,120,16,104,13.33,16.0,84,5,8,2,2,1,6,False,0.0,Early,84,16,Far_From_Eligible,18,0,5,Long_Term_Planning,16.8,100.0
7,8.37,120,109,11,90.83,15.57,0,0,0,0,0,0,8,True,94.5,Near_Completion,0,100,Eligible,0,100,1,Approaching_OJT,0.0,100.0
5,5.42,120,84,36,70.0,16.8,16,5,4,3,1,1,7,False,28.0,Advanced,16,84,Near_Eligible,14,0,2,Moderate_Planning_Gap,8.0,100.0
4,6.67,120,71,49,59.17,17.75,29,1,2,0,1,0,5,False,63.5,Developing,29,71,Moderate_Gap,4,60,1,Approaching_OJT,29.0,100.0
4,7.89,120,81,39,67.5,20.25,19,0,2,0,0,0,5,False,76.5,Advanced,19,81,Near_Eligible,2,80,1,Approaching_OJT,19.0,100.0
1,6.28,120,16,104,13.33,16.0,84,3,1,1,1,0,5,False,26.0,Early,84,16,Far_From_Eligible,6,40,4,Long_Term_Planning,21.0,100.0
4,5.49,120,53,67,44.17,13.25,47,3,5,2,2,1,5,False,17.5,Developing,47,53,Moderate_Gap,13,0,1,Approaching_OJT,47.0,100.0
4,5.81,120,71,49,59.17,17.75,29,1,4,0,0,0,6,False,64.5,Developing,29,71,Moderate_Gap,5,50,2,Moderate_Planning_Gap,14.5,100.0
3,6.57,120,48,72,40.0,16.0,52,2,1,1,0,0,5,False,50.0,Developing,52,48,Far_From_Eligible,4,60,2,Moderate_Planning_Gap,26.0,100.0
3,7.98,120,63,57,52.5,21.0,37,0,0,0,0,0,6,False,71.5,Developing,37,63,Moderate_Gap,0,100,3,Long_Term_Planning,12.33,100.0
2,7.96,120,44,76,36.67,22.0,56,1,0,0,0,0,5,False,59.0,Developing,56,44,Far_From_Eligible,1,90,3,Long_Term_Planning,18.67,100.0
6,6.27,120,98,22,81.67,16.33,2,2,4,1,0,0,6,False,69.0,Near_Completion,2,98,Near_Eligible,7,30,0,OJT_Ready_Stage,2.0,100.0
4,6.48,120,70,50,58.33,17.5,30,1,3,1,1,0,5,False,55.0,Developing,30,70,Moderate_Gap,6,40,1,Approaching_OJT,30.0,100.0
5,7.19,120,81,39,67.5,16.2,19,2,3,1,0,0,6,False,62.5,Advanced,19,81,Near_Eligible,6,40,1,Approaching_OJT,19.0,100.0
4,7.84,120,76,44,63.33,19.0,24,1,2,1,0,0,6,False,65.0,Advanced,24,76,Moderate_Gap,4,60,2,Moderate_Planning_Gap,12.0,100.0
3,6.44,120,58,62,48.33,19.33,42,3,1,2,1,0,6,False,41.0,Developing,42,58,Moderate_Gap,7,30,3,Long_Term_Planning,14.0,100.0
7,4.85,120,89,31,74.17,12.71,11,7,8,4,3,1,8,False,0.5,Advanced,11,89,Near_Eligible,23,0,1,Approaching_OJT,11.0,100.0
1,6.11,120,20,100,16.67,20.0,80,3,3,0,0,0,6,False,35.0,Early,80,20,Far_From_Eligible,6,40,5,Long_Term_Planning,16.0,100.0
5,6.66,120,94,26,78.33,18.8,6,1,1,0,0,0,7,False,82.0,Advanced,6,94,Near_Eligible,2,80,2,Moderate_Planning_Gap,3.0,100.0
5,6.01,120,95,25,79.17,19.0,5,3,1,2,1,0,7,False,59.5,Advanced,5,95,Near_Eligible,7,30,2,Moderate_Planning_Gap,2.5,100.0
5,4.69,120,55,65,45.83,11.0,45,7,7,3,3,2,6,False,0.0,Developing,45,55,Moderate_Gap,22,0,1,Approaching_OJT,45.0,100.0
5,7.7,120,92,28,76.67,18.4,8,0,2,0,0,0,6,False,82.0,Advanced,8,92,Near_Eligible,2,80,1,Approaching_OJT,8.0,100.0
4,5.71,120,58,62,48.33,14.5,42,5,6,1,2,1,6,False,18.0,Developing,42,58,Moderate_Gap,15,0,2,Moderate_Planning_Gap,21.0,100.0
7,5.9,120,106,14,88.33,15.14,0,3,6,1,2,1,8,False,48.0,Near_Completion,0,100,Eligible,13,0,1,Approaching_OJT,0.0,100.0
4,6.65,120,67,53,55.83,16.75,33,3,3,0,1,0,6,False,53.5,Developing,33,67,Moderate_Gap,7,30,2,Moderate_Planning_Gap,16.5,100.0
7,6.77,120,115,5,95.83,16.43,0,1,4,1,1,0,8,False,75.5,Near_Completion,0,100,Eligible,7,30,1,Approaching_OJT,0.0,99.99
4,3.67,120,44,76,36.67,11.0,56,6,7,2,3,2,5,False,0.0,Developing,56,44,Far_From_Eligible,20,0,1,Approaching_OJT,56.0,100.0
5,7.84,120,98,22,81.67,19.6,2,0,2,0,0,0,7,False,85.0,Near_Completion,2,98,Near_Eligible,2,80,2,Moderate_Planning_Gap,1.0,100.0
5,4.43,120,65,55,54.17,13.0,35,7,6,4,2,2,7,False,0.0,Developing,35,65,Moderate_Gap,21,0,2,Moderate_Planning_Gap,17.5,100.0
5,9.07,120,94,26,78.33,18.8,6,0,0,0,0,0,6,False,87.0,Advanced,6,94,Near_Eligible,0,100,1,Approaching_OJT,6.0,100.0
5,7.28,120,90,30,75.0,18.0,10,1,1,0,0,0,6,False,80.0,Advanced,10,90,Near_Eligible,2,80,1,Approaching_OJT,10.0,100.0
2,8.35,120,46,74,38.33,23.0,54,1,0,0,0,0,5,False,60.0,Developing,54,46,Far_From_Eligible,1,90,3,Long_Term_Planning,18.0,100.0
5,6.76,120,86,34,71.67,17.2,14,1,3,1,1,0,7,False,63.0,Advanced,14,86,Near_Eligible,6,40,2,Moderate_Planning_Gap,7.0,100.0
5,9.9,120,94,26,78.33,18.8,6,0,0,0,0,0,6,False,87.0,Advanced,6,94,Near_Eligible,0,100,1,Approaching_OJT,6.0,100.0
8,9.1,120,116,4,96.67,14.5,0,0,0,0,0,0,8,True,98.0,Near_Completion,0,100,Eligible,0,100,0,OJT_Ready_Stage,0.0,100.0
2,5.68,120,35,85,29.17,17.5,65,4,6,2,1,1,5,False,8.5,Early,65,35,Far_From_Eligible,14,0,3,Long_Term_Planning,21.67,100.0
6,6.42,120,100,20,83.33,16.67,0,1,2,1,1,0,6,False,72.0,Near_Completion,0,100,Eligible,5,50,0,OJT_Ready_Stage,0.0,99.98
5,5.41,120,82,38,68.33,16.4,18,4,6,1,2,1,7,False,33.0,Advanced,18,82,Near_Eligible,14,0,2,Moderate_Planning_Gap,9.0,100.0
1,6.74,120,18,102,15.0,18.0,82,3,2,2,1,0,6,False,19.0,Early,82,18,Far_From_Eligible,8,20,5,Long_Term_Planning,16.4,100.0
4,5.89,120,59,61,49.17,14.75,41,3,6,1,2,1,6,False,24.5,Developing,41,59,Moderate_Gap,13,0,2,Moderate_Planning_Gap,20.5,100.0
1,6.38,120,19,101,15.83,19.0,81,3,3,2,0,0,6,False,22.5,Early,81,19,Far_From_Eligible,8,20,5,Long_Term_Planning,16.2,100.0
8,6.58,120,112,8,93.33,14.0,0,3,4,0,1,0,8,True,74.0,Near_Completion,0,100,Eligible,8,20,0,OJT_Ready_Stage,0.0,100.0
1,4.78,120,13,107,10.83,13.0,87,5,5,3,2,2,6,False,0.0,Early,87,13,Far_From_Eligible,17,0,5,Long_Term_Planning,17.4,100.0
6,7.85,120,112,8,93.33,18.67,0,1,1,0,0,0,7,True,91.0,Near_Completion,0,100,Eligible,2,80,1,Approaching_OJT,0.0,99.98
4,9.25,120,84,36,70.0,21.0,16,0,0,0,0,0,6,False,82.0,Advanced,16,84,Near_Eligible,0,100,2,Moderate_Planning_Gap,8.0,100.0
2,6.62,120,33,87,27.5,16.5,67,2,5,0,0,0,6,False,40.5,Early,67,33,Far_From_Eligible,7,30,4,Long_Term_Planning,16.75,100.0
5,7.47,120,92,28,76.67,18.4,8,0,0,1,0,0,7,False,80.0,Advanced,8,92,Near_Eligible,1,90,2,Moderate_Planning_Gap,4.0,100.0
6,6.24,120,95,25,79.17,15.83,5,1,1,1,1,0,6,False,71.5,Advanced,5,95,Near_Eligible,4,60,0,OJT_Ready_Stage,5.0,100.0
3,7.98,120,62,58,51.67,20.67,38,0,0,1,0,0,5,False,65.0,Developing,38,62,Moderate_Gap,1,90,2,Moderate_Planning_Gap,19.0,99.98
3,7.03,120,42,78,35.0,14.0,58,2,4,1,1,0,6,False,36.0,Developing,58,42,Far_From_Eligible,8,20,3,Long_Term_Planning,19.33,100.0
6,6.77,120,94,26,78.33,15.67,6,2,3,2,0,0,6,False,63.0,Advanced,6,94,Near_Eligible,7,30,0,OJT_Ready_Stage,6.0,99.98
3,5.3,120,37,83,30.83,12.33,63,3,6,3,2,1,6,False,1.5,Developing,63,37,Far_From_Eligible,15,0,3,Long_Term_Planning,21.0,100.0
7,6.66,120,105,15,87.5,15.0,0,1,2,0,1,0,8,True,80.5,Near_Completion,0,100,Eligible,4,60,1,Approaching_OJT,0.0,100.0
6,6.51,120,104,16,86.67,17.33,0,2,4,2,0,0,6,False,66.0,Near_Completion,0,100,Eligible,8,20,0,OJT_Ready_Stage,0.0,100.0
5,6.78,120,80,40,66.67,16.0,20,2,5,1,1,0,6,False,53.0,Advanced,20,80,Near_Eligible,9,10,1,Approaching_OJT,20.0,100.0
5,7.81,120,92,28,76.67,18.4,8,1,2,0,0,0,7,False,79.0,Advanced,8,92,Near_Eligible,3,70,2,Moderate_Planning_Gap,4.0,100.0
5,6.65,120,95,25,79.17,19.0,5,3,4,2,1,0,7,False,53.5,Advanced,5,95,Near_Eligible,10,0,2,Moderate_Planning_Gap,2.5,100.0
3,5.88,120,53,67,44.17,17.67,47,2,4,0,1,0,6,False,47.5,Developing,47,53,Moderate_Gap,7,30,3,Long_Term_Planning,15.67,99.98
3,5.77,120,48,72,40.0,16.0,52,3,6,3,1,1,6,False,12.0,Developing,52,48,Far_From_Eligible,14,0,3,Long_Term_Planning,17.33,100.0
3,6.2,120,53,67,44.17,17.67,47,1,1,1,0,0,5,False,55.5,Developing,47,53,Moderate_Gap,3,70,2,Moderate_Planning_Gap,23.5,99.98
5,4.0,120,64,56,53.33,12.8,36,8,7,2,2,2,6,False,0.0,Developing,36,64,Moderate_Gap,21,0,1,Approaching_OJT,36.0,100.0
5,8.26,120,92,28,76.67,18.4,8,0,1,1,0,0,6,False,78.0,Advanced,8,92,Near_Eligible,2,80,1,Approaching_OJT,8.0,100.0
3,8.16,120,61,59,50.83,20.33,39,1,2,1,0,0,6,False,57.5,Developing,39,61,Moderate_Gap,4,60,3,Long_Term_Planning,13.0,100.0
6,6.65,120,103,17,85.83,17.17,0,3,4,2,0,0,7,False,62.5,Near_Completion,0,100,Eligible,9,10,1,Approaching_OJT,0.0,99.98
6,5.63,120,91,29,75.83,15.17,9,3,5,1,1,1,7,False,47.5,Advanced,9,91,Near_Eligible,11,0,1,Approaching_OJT,9.0,99.98
5,6.08,120,95,25,79.17,19.0,5,3,3,0,0,0,6,False,72.5,Advanced,5,95,Near_Eligible,6,40,1,Approaching_OJT,5.0,100.0
4,8.9,120,73,47,60.83,18.25,27,0,0,0,0,0,5,False,76.5,Advanced,27,73,Moderate_Gap,0,100,1,Approaching_OJT,27.0,100.0
4,5.87,120,64,56,53.33,16.0,36,5,5,3,2,0,5,False,19.0,Developing,36,64,Moderate_Gap,15,0,1,Approaching_OJT,36.0,100.0
4,8.41,120,71,49,59.17,17.75,29,0,0,0,0,0,6,False,75.5,Developing,29,71,Moderate_Gap,0,100,2,Moderate_Planning_Gap,14.5,100.0
5,8.02,120,98,22,81.67,19.6,2,1,2,1,0,0,6,False,76.0,Near_Completion,2,98,Near_Eligible,4,60,1,Approaching_OJT,2.0,100.0
7,8.28,120,109,11,90.83,15.57,0,0,1,1,0,0,8,False,86.5,Near_Completion,0,100,Eligible,2,80,1,Approaching_OJT,0.0,100.0
4,5.85,120,50,70,41.67,12.5,50,4,3,1,2,1,6,False,23.0,Developing,50,50,Moderate_Gap,11,0,2,Moderate_Planning_Gap,25.0,100.0
4,8.84,120,78,42,65.0,19.5,22,0,0,0,0,0,6,False,79.0,Advanced,22,78,Moderate_Gap,0,100,2,Moderate_Planning_Gap,11.0,100.0
6,7.06,120,106,14,88.33,17.67,0,2,3,1,0,0,6,False,75.0,Near_Completion,0,100,Eligible,6,40,0,OJT_Ready_Stage,0.0,99.98
4,9.42,120,73,47,60.83,18.25,27,0,0,0,0,0,6,False,76.5,Advanced,27,73,Moderate_Gap,0,100,2,Moderate_Planning_Gap,13.5,100.0
2,6.3,120,42,78,35.0,21.0,58,2,1,2,0,0,5,False,41.0,Developing,58,42,Far_From_Eligible,5,50,3,Long_Term_Planning,19.33,100.0
4,6.4,120,71,49,59.17,17.75,29,4,5,0,1,0,5,False,48.5,Developing,29,71,Moderate_Gap,10,0,1,Approaching_OJT,29.0,100.0
3,8.1,120,59,61,49.17,19.67,41,0,2,0,0,0,5,False,65.5,Developing,41,59,Moderate_Gap,2,80,2,Moderate_Planning_Gap,20.5,99.98
3,6.4,120,48,72,40.0,16.0,52,2,4,1,0,0,5,False,44.0,Developing,52,48,Far_From_Eligible,7,30,2,Moderate_Planning_Gap,26.0,100.0
5,6.79,120,84,36,70.0,16.8,16,2,4,2,1,0,6,False,51.0,Advanced,16,84,Near_Eligible,9,10,1,Approaching_OJT,16.0,100.0
3,6.12,120,50,70,41.67,16.67,50,3,2,2,1,0,6,False,35.0,Developing,50,50,Moderate_Gap,8,20,3,Long_Term_Planning,16.67,99.98
5,5.57,120,83,37,69.17,16.6,17,5,4,2,1,1,7,False,33.5,Advanced,17,83,Near_Eligible,13,0,2,Moderate_Planning_Gap,8.5,100.0
5,6.36,120,91,29,75.83,18.2,9,3,4,0,1,0,7,False,63.5,Advanced,9,91,Near_Eligible,8,20,2,Moderate_Planning_Gap,4.5,100.0
5,6.21,120,94,26,78.33,18.8,6,4,4,0,0,0,6,False,67.0,Advanced,6,94,Near_Eligible,8,20,1,Approaching_OJT,6.0,100.0
5,7.72,120,92,28,76.67,18.4,8,1,2,1,0,0,6,False,73.0,Advanced,8,92,Near_Eligible,4,60,1,Approaching_OJT,8.0,100.0
5,9.81,120,98,22,81.67,19.6,2,0,0,0,0,0,6,False,89.0,Near_Completion,2,98,Near_Eligible,0,100,1,Approaching_OJT,2.0,100.0
4,6.31,120,73,47,60.83,18.25,27,3,1,2,0,0,6,False,53.5,Advanced,27,73,Moderate_Gap,6,40,2,Moderate_Planning_Gap,13.5,100.0
3,5.82,120,50,70,41.67,16.67,50,5,6,3,1,0,5,False,15.0,Developing,50,50,Moderate_Gap,15,0,2,Moderate_Planning_Gap,25.0,99.98
5,4.08,120,66,54,55.0,13.2,34,7,7,3,2,1,7,False,2.0,Developing,34,66,Moderate_Gap,20,0,2,Moderate_Planning_Gap,17.0,100.0
7,7.18,120,114,6,95.0,16.29,0,1,1,1,0,0,8,False,86.0,Near_Completion,0,100,Eligible,3,70,1,Approaching_OJT,0.0,99.97
1,6.81,120,20,100,16.67,20.0,80,2,1,1,1,0,5,False,31.0,Early,80,20,Far_From_Eligible,5,50,4,Long_Term_Planning,20.0,100.0
1,7.11,120,18,102,15.0,18.0,82,0,2,1,0,0,6,False,39.0,Early,82,18,Far_From_Eligible,3,70,5,Long_Term_Planning,16.4,100.0
4,6.55,120,69,51,57.5,17.25,31,2,3,0,1,0,5,False,57.5,Developing,31,69,Moderate_Gap,6,40,1,Approaching_OJT,31.0,100.0
5,7.9,120,95,25,79.17,19.0,5,0,1,0,0,0,7,False,85.5,Advanced,5,95,Near_Eligible,1,90,2,Moderate_Planning_Gap,2.5,100.0
6,6.63,120,102,18,85.0,17.0,0,1,2,1,0,0,6,False,78.0,Near_Completion,0,100,Eligible,4,60,0,OJT_Ready_Stage,0.0,100.0
7,8.25,120,115,5,95.83,16.43,0,1,0,1,0,0,8,False,88.5,Near_Completion,0,100,Eligible,2,80,1,Approaching_OJT,0.0,99.99
4,8.35,120,68,52,56.67,17.0,32,0,1,1,0,0,6,False,66.0,Developing,32,68,Moderate_Gap,2,80,2,Moderate_Planning_Gap,16.0,100.0
5,5.32,120,68,52,56.67,13.6,32,5,3,1,2,0,7,False,37.0,Developing,32,68,Moderate_Gap,11,0,2,Moderate_Planning_Gap,16.0,100.0
3,7.5,120,59,61,49.17,19.67,41,0,2,0,0,0,5,False,65.5,Developing,41,59,Moderate_Gap,2,80,2,Moderate_Planning_Gap,20.5,99.98
5,6.82,120,92,28,76.67,18.4,8,2,1,0,1,0,6,False,73.0,Advanced,8,92,Near_Eligible,4,60,1,Approaching_OJT,8.0,100.0
5,7.55,120,95,25,79.17,19.0,5,0,0,0,0,0,7,False,87.5,Advanced,5,95,Near_Eligible,0,100,2,Moderate_Planning_Gap,2.5,100.0
4,6.86,120,64,56,53.33,16.0,36,2,3,2,0,0,5,False,48.0,Developing,36,64,Moderate_Gap,7,30,1,Approaching_OJT,36.0,100.0
4,5.53,120,65,55,54.17,16.25,35,5,4,2,2,0,6,False,27.5,Developing,35,65,Moderate_Gap,13,0,2,Moderate_Planning_Gap,17.5,100.0
6,6.79,120,107,13,89.17,17.83,0,2,1,1,0,0,6,False,79.5,Near_Completion,0,100,Eligible,4,60,0,OJT_Ready_Stage,0.0,100.0
3,7.86,120,63,57,52.5,21.0,37,0,2,1,0,0,6,False,61.5,Developing,37,63,Moderate_Gap,3,70,3,Long_Term_Planning,12.33,100.0
5,7.35,120,100,20,83.33,20.0,0,0,2,1,0,0,6,False,80.0,Near_Completion,0,100,Eligible,3,70,1,Approaching_OJT,0.0,100.0
5,7.06,120,97,23,80.83,19.4,3,0,2,1,0,0,6,False,78.5,Near_Completion,3,97,Near_Eligible,3,70,1,Approaching_OJT,3.0,100.0
5,8.23,120,97,23,80.83,19.4,3,1,2,0,0,0,7,False,81.5,Near_Completion,3,97,Near_Eligible,3,70,2,Moderate_Planning_Gap,1.5,100.0
4,5.02,120,64,56,53.33,16.0,36,5,3,3,2,0,5,False,23.0,Developing,36,64,Moderate_Gap,13,0,1,Approaching_OJT,36.0,100.0
3,5.12,120,45,75,37.5,15.0,55,3,3,3,1,0,5,False,24.5,Developing,55,45,Far_From_Eligible,10,0,2,Moderate_Planning_Gap,27.5,100.0
3,8.01,120,62,58,51.67,20.67,38,1,2,0,0,0,6,False,64.0,Developing,38,62,Moderate_Gap,3,70,3,Long_Term_Planning,12.67,99.98
4,6.56,120,70,50,58.33,17.5,30,1,2,0,1,0,5,False,63.0,Developing,30,70,Moderate_Gap,4,60,1,Approaching_OJT,30.0,100.0
2,7.65,120,42,78,35.0,21.0,58,1,0,1,0,0,6,False,52.0,Developing,58,42,Far_From_Eligible,2,80,4,Long_Term_Planning,14.5,100.0
7,7.64,120,116,4,96.67,16.57,0,1,2,1,0,0,8,False,85.0,Near_Completion,0,100,Eligible,4,60,1,Approaching_OJT,0.0,100.0
2,6.85,120,37,83,30.83,18.5,63,1,4,2,0,0,6,False,35.5,Developing,63,37,Far_From_Eligible,7,30,4,Long_Term_Planning,15.75,100.0
6,6.98,120,106,14,88.33,17.67,0,3,3,2,1,0,7,False,61.0,Near_Completion,0,100,Eligible,9,10,1,Approaching_OJT,0.0,99.98
7,5.44,120,100,20,83.33,14.29,0,4,6,2,1,0,8,False,49.0,Near_Completion,0,100,Eligible,13,0,1,Approaching_OJT,0.0,99.97
5,8.34,120,93,27,77.5,18.6,7,0,0,0,0,0,6,False,86.5,Advanced,7,93,Near_Eligible,0,100,1,Approaching_OJT,7.0,100.0
2,6.87,120,23,97,19.17,11.5,77,3,4,0,1,0,5,False,29.5,Early,77,23,Far_From_Eligible,8,20,3,Long_Term_Planning,25.67,100.0
6,5.66,120,88,32,73.33,14.67,12,3,6,1,1,0,6,False,52.0,Advanced,12,88,Near_Eligible,11,0,0,OJT_Ready_Stage,12.0,99.98
2,7.66,120,38,82,31.67,19.0,62,1,0,0,0,0,6,False,56.0,Developing,62,38,Far_From_Eligible,1,90,4,Long_Term_Planning,15.5,100.0
4,6.9,120,64,56,53.33,16.0,36,1,1,0,0,0,6,False,67.0,Developing,36,64,Moderate_Gap,2,80,2,Moderate_Planning_Gap,18.0,100.0
5,8.99,120,95,25,79.17,19.0,5,0,0,0,0,0,6,False,87.5,Advanced,5,95,Near_Eligible,0,100,1,Approaching_OJT,5.0,100.0
2,8.46,120,35,85,29.17,17.5,65,0,1,0,0,0,6,False,55.5,Early,65,35,Far_From_Eligible,1,90,4,Long_Term_Planning,16.25,100.0
1,6.52,120,14,106,11.67,14.0,86,2,5,1,0,0,6,False,25.0,Early,86,14,Far_From_Eligible,8,20,5,Long_Term_Planning,17.2,100.0
4,6.71,120,70,50,58.33,17.5,30,3,4,1,0,0,5,False,52.0,Developing,30,70,Moderate_Gap,8,20,1,Approaching_OJT,30.0,100.0
5,8.03,120,96,24,80.0,19.2,4,0,2,0,0,0,7,False,84.0,Near_Completion,4,96,Near_Eligible,2,80,2,Moderate_Planning_Gap,2.0,100.0
2,6.3,120,33,87,27.5,16.5,67,1,2,1,0,0,6,False,43.5,Early,67,33,Far_From_Eligible,4,60,4,Long_Term_Planning,16.75,100.0
4,7.62,120,81,39,67.5,20.25,19,0,2,1,0,0,6,False,70.5,Advanced,19,81,Near_Eligible,3,70,2,Moderate_Planning_Gap,9.5,100.0
5,5.9,120,82,38,68.33,16.4,18,2,3,1,1,0,7,False,58.0,Advanced,18,82,Near_Eligible,7,30,2,Moderate_Planning_Gap,9.0,100.0
6,8.4,120,101,19,84.17,16.83,0,1,1,1,0,0,7,False,79.5,Near_Completion,0,100,Eligible,3,70,1,Approaching_OJT,0.0,100.0
2,8.72,120,45,75,37.5,22.5,55,0,0,0,0,0,5,False,62.5,Developing,55,45,Far_From_Eligible,0,100,3,Long_Term_Planning,18.33,100.0
5,6.36,120,95,25,79.17,19.0,5,3,2,0,1,0,6,False,69.5,Advanced,5,95,Near_Eligible,6,40,1,Approaching_OJT,5.0,100.0
6,5.11,120,87,33,72.5,14.5,13,3,4,3,1,0,7,False,43.5,Advanced,13,87,Near_Eligible,11,0,1,Approaching_OJT,13.0,100.0
5,6.84,120,91,29,75.83,18.2,9,1,1,1,1,0,7,False,69.5,Advanced,9,91,Near_Eligible,4,60,2,Moderate_Planning_Gap,4.5,100.0
8,9.86,120,115,5,95.83,14.38,0,0,0,0,0,0,8,True,97.5,Near_Completion,0,100,Eligible,0,100,0,OJT_Ready_Stage,0.0,99.97
4,5.36,120,56,64,46.67,14.0,44,3,5,3,1,1,5,False,18.0,Developing,44,56,Moderate_Gap,13,0,1,Approaching_OJT,44.0,100.0
5,7.71,120,95,25,79.17,19.0,5,0,0,1,0,0,7,False,81.5,Advanced,5,95,Near_Eligible,1,90,2,Moderate_Planning_Gap,2.5,100.0
6,7.4,120,108,12,90.0,18.0,0,1,0,0,0,0,6,True,91.0,Near_Completion,0,100,Eligible,1,90,0,OJT_Ready_Stage,0.0,100.0
8,6.66,120,112,8,93.33,14.0,0,1,4,1,1,0,8,False,74.0,Near_Completion,0,100,Eligible,7,30,0,OJT_Ready_Stage,0.0,100.0
7,8.19,120,111,9,92.5,15.86,0,0,0,0,0,0,8,True,95.5,Near_Completion,0,100,Eligible,0,100,1,Approaching_OJT,0.0,99.98
4,5.9,120,68,52,56.67,17.0,32,4,5,2,2,1,6,False,22.0,Developing,32,68,Moderate_Gap,14,0,2,Moderate_Planning_Gap,16.0,100.0
2,6.75,120,37,83,30.83,18.5,63,3,1,2,0,0,5,False,35.5,Developing,63,37,Far_From_Eligible,6,40,3,Long_Term_Planning,21.0,100.0
4,6.94,120,62,58,51.67,15.5,38,1,3,0,1,0,6,False,57.0,Developing,38,62,Moderate_Gap,5,50,2,Moderate_Planning_Gap,19.0,100.0
7,6.09,120,107,13,89.17,15.29,0,3,1,0,1,0,8,True,77.5,Near_Completion,0,100,Eligible,5,50,1,Approaching_OJT,0.0,99.97
2,7.42,120,38,82,31.67,19.0,62,0,0,1,0,0,6,False,53.0,Developing,62,38,Far_From_Eligible,1,90,4,Long_Term_Planning,15.5,100.0
1,7.25,120,22,98,18.33,22.0,78,1,0,1,0,0,5,False,42.0,Early,78,22,Far_From_Eligible,2,80,4,Long_Term_Planning,19.5,100.0
6,8.19,120,100,20,83.33,16.67,0,1,0,0,0,0,7,True,87.0,Near_Completion,0,100,Eligible,1,90,1,Approaching_OJT,0.0,99.98
3,7.05,120,60,60,50.0,20.0,40,1,2,1,0,0,6,False,57.0,Developing,40,60,Moderate_Gap,4,60,3,Long_Term_Planning,13.33,100.0
4,5.28,120,64,56,53.33,16.0,36,5,3,2,1,0,5,False,34.0,Developing,36,64,Moderate_Gap,11,0,1,Approaching_OJT,36.0,100.0
7,4.22,120,95,25,79.17,13.57,5,6,6,2,2,1,8,False,27.5,Advanced,5,95,Near_Eligible,17,0,1,Approaching_OJT,5.0,100.0
4,5.02,120,58,62,48.33,14.5,42,4,3,2,1,0,6,False,34.0,Developing,42,58,Moderate_Gap,10,0,2,Moderate_Planning_Gap,21.0,100.0
4,5.67,120,62,58,51.67,15.5,38,3,5,1,1,0,6,False,41.0,Developing,38,62,Moderate_Gap,10,0,2,Moderate_Planning_Gap,19.0,100.0
5,9.75,120,96,24,80.0,19.2,4,0,0,0,0,0,6,False,88.0,Near_Completion,4,96,Near_Eligible,0,100,1,Approaching_OJT,4.0,100.0
3,5.97,120,38,82,31.67,12.67,62,5,3,3,2,1,5,False,2.0,Developing,62,38,Far_From_Eligible,14,0,2,Moderate_Planning_Gap,31.0,99.97
2,6.06,120,42,78,35.0,21.0,58,3,2,2,0,0,6,False,36.0,Developing,58,42,Far_From_Eligible,7,30,4,Long_Term_Planning,14.5,100.0
3,7.21,120,58,62,48.33,19.33,42,0,2,0,0,0,5,False,65.0,Developing,42,58,Moderate_Gap,2,80,2,Moderate_Planning_Gap,21.0,100.0
3,6.12,120,53,67,44.17,17.67,47,1,4,0,0,0,6,False,55.5,Developing,47,53,Moderate_Gap,5,50,3,Long_Term_Planning,15.67,99.98
5,8.28,120,96,24,80.0,19.2,4,0,1,0,0,0,6,False,86.0,Near_Completion,4,96,Near_Eligible,1,90,1,Approaching_OJT,4.0,100.0
6,9.41,120,105,15,87.5,17.5,0,0,0,0,0,0,7,True,92.5,Near_Completion,0,100,Eligible,0,100,1,Approaching_OJT,0.0,100.0
6,9.29,120,111,9,92.5,18.5,0,0,0,0,0,0,7,True,95.5,Near_Completion,0,100,Eligible,0,100,1,Approaching_OJT,0.0,100.0
4,6.3,120,58,62,48.33,14.5,42,1,2,0,1,0,5,False,57.0,Developing,42,58,Moderate_Gap,4,60,1,Approaching_OJT,42.0,100.0
5,6.1,120,87,33,72.5,17.4,13,3,3,0,1,0,6,False,63.5,Advanced,13,87,Near_Eligible,7,30,1,Approaching_OJT,13.0,100.0
7,7.69,120,115,5,95.83,16.43,0,1,1,0,0,0,8,True,92.5,Near_Completion,0,100,Eligible,2,80,1,Approaching_OJT,0.0,99.99
3,7.08,120,64,56,53.33,21.33,36,1,1,1,0,0,5,False,61.0,Developing,36,64,Moderate_Gap,3,70,2,Moderate_Planning_Gap,18.0,100.0
1,4.77,120,11,109,9.17,11.0,89,5,8,4,3,1,6,False,0.0,Early,89,11,Far_From_Eligible,21,0,5,Long_Term_Planning,17.8,100.0
5,6.81,120,82,38,68.33,16.4,18,3,2,2,1,0,6,False,51.0,Advanced,18,82,Near_Eligible,8,20,1,Approaching_OJT,18.0,100.0
8,6.92,120,115,5,95.83,14.38,0,3,1,1,0,0,8,False,80.5,Near_Completion,0,100,Eligible,5,50,0,OJT_Ready_Stage,0.0,99.97
3,5.73,120,38,82,31.67,12.67,62,5,4,3,2,1,5,False,0.0,Developing,62,38,Far_From_Eligible,15,0,2,Moderate_Planning_Gap,31.0,99.97
2,8.48,120,34,86,28.33,17.0,66,0,2,1,0,0,5,False,47.0,Early,66,34,Far_From_Eligible,3,70,3,Long_Term_Planning,22.0,100.0
3,6.82,120,50,70,41.67,16.67,50,4,5,2,1,0,6,False,26.0,Developing,50,50,Moderate_Gap,12,0,3,Long_Term_Planning,16.67,99.98
4,6.13,120,66,54,55.0,16.5,34,1,3,0,1,0,5,False,59.0,Developing,34,66,Moderate_Gap,5,50,1,Approaching_OJT,34.0,100.0
5,7.69,120,99,21,82.5,19.8,1,1,0,0,0,0,6,False,86.5,Near_Completion,1,99,Near_Eligible,1,90,1,Approaching_OJT,1.0,100.0
2,4.66,120,21,99,17.5,10.5,79,8,8,2,2,1,5,False,0.0,Early,79,21,Far_From_Eligible,21,0,3,Long_Term_Planning,26.33,100.0
5,6.45,120,93,27,77.5,18.6,7,2,1,1,1,0,7,False,67.5,Advanced,7,93,Near_Eligible,5,50,2,Moderate_Planning_Gap,3.5,100.0
5,5.28,120,70,50,58.33,14.0,30,5,5,2,2,0,7,False,28.0,Developing,30,70,Moderate_Gap,14,0,2,Moderate_Planning_Gap,15.0,100.0
4,5.88,120,56,64,46.67,14.0,44,3,6,1,1,0,6,False,36.0,Developing,44,56,Moderate_Gap,11,0,2,Moderate_Planning_Gap,22.0,100.0
2,5.13,120,27,93,22.5,13.5,73,5,4,1,2,0,5,False,14.5,Early,73,27,Far_From_Eligible,12,0,3,Long_Term_Planning,24.33,100.0
7,9.19,120,120,0,100.0,17.14,0,0,0,0,0,0,8,True,100.0,Near_Completion,0,100,Eligible,0,100,1,Approaching_OJT,0.0,100.0
5,5.1,120,72,48,60.0,14.4,28,3,5,3,1,1,6,False,26.0,Advanced,28,72,Moderate_Gap,13,0,1,Approaching_OJT,28.0,100.0
7,6.73,120,112,8,93.33,16.0,0,2,3,1,0,0,8,False,78.0,Near_Completion,0,100,Eligible,6,40,1,Approaching_OJT,0.0,100.0
4,8.73,120,81,39,67.5,20.25,19,0,0,0,0,0,6,False,80.5,Advanced,19,81,Near_Eligible,0,100,2,Moderate_Planning_Gap,9.5,100.0
4,8.66,120,72,48,60.0,18.0,28,0,0,0,0,0,5,False,76.0,Advanced,28,72,Moderate_Gap,0,100,1,Approaching_OJT,28.0,100.0
6,6.56,120,100,20,83.33,16.67,0,4,2,1,0,0,7,False,68.0,Near_Completion,0,100,Eligible,7,30,1,Approaching_OJT,0.0,99.98
5,8.26,120,97,23,80.83,19.4,3,0,2,0,0,0,7,False,84.5,Near_Completion,3,97,Near_Eligible,2,80,2,Moderate_Planning_Gap,1.5,100.0
2,5.84,120,36,84,30.0,18.0,64,4,3,1,2,0,5,False,24.0,Developing,64,36,Far_From_Eligible,10,0,3,Long_Term_Planning,21.33,100.0
7,7.56,120,113,7,94.17,16.14,0,1,2,1,0,0,8,False,83.5,Near_Completion,0,100,Eligible,4,60,1,Approaching_OJT,0.0,100.0
4,5.66,120,61,59,50.83,15.25,39,4,4,1,1,1,6,False,31.5,Developing,39,61,Moderate_Gap,11,0,2,Moderate_Planning_Gap,19.5,100.0
6,6.37,120,92,28,76.67,15.33,8,1,3,1,1,0,6,False,66.0,Advanced,8,92,Near_Eligible,6,40,0,OJT_Ready_Stage,8.0,100.0
4,7.34,120,72,48,60.0,18.0,28,0,1,0,0,0,6,False,74.0,Advanced,28,72,Moderate_Gap,1,90,2,Moderate_Planning_Gap,14.0,100.0
1,6.32,120,20,100,16.67,20.0,80,1,2,1,0,0,6,False,37.0,Early,80,20,Far_From_Eligible,4,60,5,Long_Term_Planning,16.0,100.0
4,7.45,120,68,52,56.67,17.0,32,1,1,1,0,0,5,False,63.0,Developing,32,68,Moderate_Gap,3,70,1,Approaching_OJT,32.0,100.0
1,8.59,120,18,102,15.0,18.0,82,0,0,0,0,0,5,False,49.0,Early,82,18,Far_From_Eligible,0,100,4,Long_Term_Planning,20.5,100.0
5,3.96,120,69,51,57.5,13.8,31,5,7,3,2,2,6,False,1.5,Developing,31,69,Moderate_Gap,19,0,1,Approaching_OJT,31.0,100.0
4,9.89,120,77,43,64.17,19.25,23,0,0,0,0,0,5,False,78.5,Advanced,23,77,Moderate_Gap,0,100,1,Approaching_OJT,23.0,100.0
6,8.42,120,111,9,92.5,18.5,0,0,0,1,0,0,6,False,89.5,Near_Completion,0,100,Eligible,1,90,0,OJT_Ready_Stage,0.0,100.0
6,9.47,120,110,10,91.67,18.33,0,0,0,0,0,0,7,True,95.0,Near_Completion,0,100,Eligible,0,100,1,Approaching_OJT,0.0,100.0
5,7.59,120,94,26,78.33,18.8,6,1,0,1,0,0,6,False,78.0,Advanced,6,94,Near_Eligible,2,80,1,Approaching_OJT,6.0,100.0
6,5.13,120,89,31,74.17,14.83,11,4,3,1,1,1,7,False,47.5,Advanced,11,89,Near_Eligible,10,0,1,Approaching_OJT,11.0,100.0
3,8.26,120,50,70,41.67,16.67,50,0,0,0,0,0,5,False,65.0,Developing,50,50,Moderate_Gap,0,100,2,Moderate_Planning_Gap,25.0,99.98
4,6.19,120,65,55,54.17,16.25,35,1,4,0,1,0,6,False,56.5,Developing,35,65,Moderate_Gap,6,40,2,Moderate_Planning_Gap,17.5,100.0
3,4.11,120,39,81,32.5,13.0,61,5,5,4,3,1,5,False,0.0,Developing,61,39,Far_From_Eligible,18,0,2,Moderate_Planning_Gap,30.5,100.0
5,9.04,120,93,27,77.5,18.6,7,0,0,0,0,0,7,False,86.5,Advanced,7,93,Near_Eligible,0,100,2,Moderate_Planning_Gap,3.5,100.0
4,6.75,120,75,45,62.5,18.75,25,3,2,1,1,0,5,False,53.5,Advanced,25,75,Moderate_Gap,7,30,1,Approaching_OJT,25.0,100.0
4,5.72,120,58,62,48.33,14.5,42,5,4,1,2,1,5,False,22.0,Developing,42,58,Moderate_Gap,13,0,1,Approaching_OJT,42.0,100.0
3,6.22,120,52,68,43.33,17.33,48,3,4,0,1,0,6,False,44.0,Developing,48,52,Moderate_Gap,8,20,3,Long_Term_Planning,16.0,100.0
2,9.69,120,37,83,30.83,18.5,63,0,0,0,0,0,6,False,58.5,Developing,63,37,Far_From_Eligible,0,100,4,Long_Term_Planning,15.75,100.0
5,6.34,120,84,36,70.0,16.8,16,2,3,1,0,0,7,False,64.0,Advanced,16,84,Near_Eligible,6,40,2,Moderate_Planning_Gap,8.0,100.0
7,6.29,120,101,19,84.17,14.43,0,2,3,0,1,0,8,True,73.5,Near_Completion,0,100,Eligible,6,40,1,Approaching_OJT,0.0,99.99
3,6.41,120,56,64,46.67,18.67,44,3,2,0,1,0,5,False,50.0,Developing,44,56,Moderate_Gap,6,40,2,Moderate_Planning_Gap,22.0,99.98
5,8.08,120,89,31,74.17,17.8,11,1,2,0,0,0,7,False,77.5,Advanced,11,89,Near_Eligible,3,70,2,Moderate_Planning_Gap,5.5,100.0
2,7.69,120,34,86,28.33,17.0,66,0,1,1,0,0,6,False,49.0,Early,66,34,Far_From_Eligible,2,80,4,Long_Term_Planning,16.5,100.0
3,5.48,120,41,79,34.17,13.67,59,5,3,1,1,0,5,False,28.5,Developing,59,41,Far_From_Eligible,10,0,2,Moderate_Planning_Gap,29.5,99.98
2,8.72,120,48,72,40.0,24.0,52,0,0,0,0,0,6,False,64.0,Developing,52,48,Far_From_Eligible,0,100,4,Long_Term_Planning,13.0,100.0
3,9.7,120,63,57,52.5,21.0,37,0,0,0,0,0,5,False,71.5,Developing,37,63,Moderate_Gap,0,100,2,Moderate_Planning_Gap,18.5,100.0
5,4.7,120,65,55,54.17,13.0,35,6,7,2,2,2,6,False,2.5,Developing,35,65,Moderate_Gap,19,0,1,Approaching_OJT,35.0,100.0
4,8.47,120,69,51,57.5,17.25,31,0,1,0,0,0,5,False,72.5,Developing,31,69,Moderate_Gap,1,90,1,Approaching_OJT,31.0,100.0
3,6.56,120,55,65,45.83,18.33,45,3,1,1,0,0,5,False,50.5,Developing,45,55,Moderate_Gap,5,50,2,Moderate_Planning_Gap,22.5,100.0
4,6.27,120,72,48,60.0,18.0,28,1,4,2,1,0,5,False,48.0,Advanced,28,72,Moderate_Gap,8,20,1,Approaching_OJT,28.0,100.0
4,9.42,120,80,40,66.67,20.0,20,0,0,0,0,0,5,False,80.0,Advanced,20,80,Near_Eligible,0,100,1,Approaching_OJT,20.0,100.0
5,7.87,120,90,30,75.0,18.0,10,1,2,1,0,0,7,False,72.0,Advanced,10,90,Near_Eligible,4,60,2,Moderate_Planning_Gap,5.0,100.0
5,5.92,120,75,45,62.5,15.0,25,3,4,3,2,0,6,False,32.5,Advanced,25,75,Moderate_Gap,12,0,1,Approaching_OJT,25.0,100.0
4,5.44,120,64,56,53.33,16.0,36,4,4,3,2,1,5,False,16.0,Developing,36,64,Moderate_Gap,14,0,1,Approaching_OJT,36.0,100.0
5,9.25,120,93,27,77.5,18.6,7,0,0,0,0,0,6,False,86.5,Advanced,7,93,Near_Eligible,0,100,1,Approaching_OJT,7.0,100.0
5,6.43,120,93,27,77.5,18.6,7,3,2,0,1,0,6,False,68.5,Advanced,7,93,Near_Eligible,6,40,1,Approaching_OJT,7.0,100.0
7,5.76,120,92,28,76.67,13.14,8,5,5,2,2,0,8,False,39.0,Advanced,8,92,Near_Eligible,14,0,1,Approaching_OJT,8.0,100.0
4,9.74,120,76,44,63.33,19.0,24,0,0,0,0,0,6,False,78.0,Advanced,24,76,Moderate_Gap,0,100,2,Moderate_Planning_Gap,12.0,100.0
5,6.83,120,80,40,66.67,16.0,20,3,4,0,0,0,7,False,63.0,Advanced,20,80,Near_Eligible,7,30,2,Moderate_Planning_Gap,10.0,100.0
5,7.54,120,98,22,81.67,19.6,2,1,1,0,0,0,7,False,84.0,Near_Completion,2,98,Near_Eligible,2,80,2,Moderate_Planning_Gap,1.0,100.0
3,6.93,120,39,81,32.5,13.0,61,2,4,1,0,0,5,False,39.5,Developing,61,39,Far_From_Eligible,7,30,2,Moderate_Planning_Gap,30.5,100.0
1,4.48,120,12,108,10.0,12.0,88,5,7,3,3,2,6,False,0.0,Early,88,12,Far_From_Eligible,20,0,5,Long_Term_Planning,17.6,100.0
4,7.84,120,81,39,67.5,20.25,19,0,0,1,0,0,6,False,74.5,Advanced,19,81,Near_Eligible,1,90,2,Moderate_Planning_Gap,9.5,100.0
4,6.22,120,63,57,52.5,15.75,37,3,2,1,0,0,5,False,52.5,Developing,37,63,Moderate_Gap,6,40,1,Approaching_OJT,37.0,100.0
4,6.1,120,66,54,55.0,16.5,34,2,3,0,1,0,6,False,56.0,Developing,34,66,Moderate_Gap,6,40,2,Moderate_Planning_Gap,17.0,100.0
2,8.66,120,42,78,35.0,21.0,58,0,0,0,0,0,6,False,61.0,Developing,58,42,Far_From_Eligible,0,100,4,Long_Term_Planning,14.5,100.0
5,7.95,120,100,20,83.33,20.0,0,0,1,1,0,0,6,False,82.0,Near_Completion,0,100,Eligible,2,80,1,Approaching_OJT,0.0,100.0
3,6.87,120,40,80,33.33,13.33,60,2,3,1,1,0,5,False,37.0,Developing,60,40,Far_From_Eligible,7,30,2,Moderate_Planning_Gap,30.0,100.0
1,6.42,120,20,100,16.67,20.0,80,2,1,2,0,0,6,False,30.0,Early,80,20,Far_From_Eligible,5,50,5,Long_Term_Planning,16.0,100.0
4,5.54,120,54,66,45.0,13.5,46,3,4,2,2,0,5,False,28.0,Developing,46,54,Moderate_Gap,11,0,1,Approaching_OJT,46.0,100.0
4,7.96,120,73,47,60.83,18.25,27,1,1,1,0,0,5,False,65.5,Advanced,27,73,Moderate_Gap,3,70,1,Approaching_OJT,27.0,100.0
2,7.09,120,46,74,38.33,23.0,54,0,1,1,0,0,5,False,55.0,Developing,54,46,Far_From_Eligible,2,80,3,Long_Term_Planning,18.0,100.0
2,6.61,120,39,81,32.5,19.5,61,1,1,2,1,0,6,False,37.5,Developing,61,39,Far_From_Eligible,5,50,4,Long_Term_Planning,15.25,100.0
7,5.64,120,102,18,85.0,14.57,0,5,6,3,2,1,8,False,28.0,Near_Completion,0,100,Eligible,17,0,1,Approaching_OJT,0.0,100.0
2,5.85,120,30,90,25.0,15.0,70,4,4,2,2,0,6,False,13.0,Early,70,30,Far_From_Eligible,12,0,4,Long_Term_Planning,17.5,100.0
2,6.86,120,30,90,25.0,15.0,70,2,4,1,1,0,5,False,30.0,Early,70,30,Far_From_Eligible,8,20,3,Long_Term_Planning,23.33,100.0
2,8.23,120,37,83,30.83,18.5,63,1,2,1,0,0,5,False,45.5,Developing,63,37,Far_From_Eligible,4,60,3,Long_Term_Planning,21.0,100.0
1,7.14,120,18,102,15.0,18.0,82,0,2,0,0,0,5,False,45.0,Early,82,18,Far_From_Eligible,2,80,4,Long_Term_Planning,20.5,100.0
3,6.39,120,45,75,37.5,15.0,55,2,1,1,0,0,6,False,48.5,Developing,55,45,Far_From_Eligible,4,60,3,Long_Term_Planning,18.33,100.0
5,9.63,120,102,18,85.0,20.4,0,0,0,0,0,0,6,True,91.0,Near_Completion,0,100,Eligible,0,100,1,Approaching_OJT,0.0,100.0
5,6.81,120,95,25,79.17,19.0,5,3,2,2,1,0,7,False,57.5,Advanced,5,95,Near_Eligible,8,20,2,Moderate_Planning_Gap,2.5,100.0
4,8.17,120,81,39,67.5,20.25,19,1,1,0,0,0,6,False,75.5,Advanced,19,81,Near_Eligible,2,80,2,Moderate_Planning_Gap,9.5,100.0
2,6.46,120,40,80,33.33,20.0,60,1,4,0,0,0,5,False,49.0,Developing,60,40,Far_From_Eligible,5,50,3,Long_Term_Planning,20.0,100.0
5,6.5,120,84,36,70.0,16.8,16,2,2,1,1,0,7,False,61.0,Advanced,16,84,Near_Eligible,6,40,2,Moderate_Planning_Gap,8.0,100.0
3,6.09,120,46,74,38.33,15.33,54,2,4,1,1,0,5,False,38.0,Developing,54,46,Far_From_Eligible,8,20,2,Moderate_Planning_Gap,27.0,100.0
8,5.21,120,106,14,88.33,13.25,0,3,6,2,2,0,8,False,50.0,Near_Completion,0,100,Eligible,13,0,0,OJT_Ready_Stage,0.0,100.0
5,6.71,120,89,31,74.17,17.8,11,2,1,2,1,0,7,False,59.5,Advanced,11,89,Near_Eligible,6,40,2,Moderate_Planning_Gap,5.5,100.0
2,9.35,120,44,76,36.67,22.0,56,0,0,0,0,0,5,False,62.0,Developing,56,44,Far_From_Eligible,0,100,3,Long_Term_Planning,18.67,100.0
5,7.41,120,91,29,75.83,18.2,9,1,1,1,0,0,7,False,74.5,Advanced,9,91,Near_Eligible,3,70,2,Moderate_Planning_Gap,4.5,100.0
3,6.67,120,57,63,47.5,19.0,43,3,4,0,1,0,6,False,46.5,Developing,43,57,Moderate_Gap,8,20,3,Long_Term_Planning,14.33,100.0
5,7.78,120,91,29,75.83,18.2,9,0,2,0,0,0,7,False,81.5,Advanced,9,91,Near_Eligible,2,80,2,Moderate_Planning_Gap,4.5,100.0
5,6.71,120,83,37,69.17,16.6,17,1,1,0,0,0,7,False,76.5,Advanced,17,83,Near_Eligible,2,80,2,Moderate_Planning_Gap,8.5,100.0
4,5.88,120,54,66,45.0,13.5,46,5,5,1,1,1,6,False,23.0,Developing,46,54,Moderate_Gap,13,0,2,Moderate_Planning_Gap,23.0,100.0
2,6.33,120,34,86,28.33,17.0,66,3,4,0,0,0,6,False,40.0,Early,66,34,Far_From_Eligible,7,30,4,Long_Term_Planning,16.5,100.0
5,6.52,120,80,40,66.67,16.0,20,2,1,2,0,0,7,False,60.0,Advanced,20,80,Near_Eligible,5,50,2,Moderate_Planning_Gap,10.0,100.0
8,5.19,120,105,15,87.5,13.12,0,3,5,3,1,1,8,False,42.5,Near_Completion,0,100,Eligible,13,0,0,OJT_Ready_Stage,0.0,100.0
3,5.47,120,41,79,34.17,13.67,59,3,5,3,1,0,6,False,18.5,Developing,59,41,Far_From_Eligible,12,0,3,Long_Term_Planning,19.67,99.98
4,7.66,120,73,47,60.83,18.25,27,0,2,0,0,0,6,False,72.5,Advanced,27,73,Moderate_Gap,2,80,2,Moderate_Planning_Gap,13.5,100.0
6,7.14,120,105,15,87.5,17.5,0,1,2,0,0,0,6,True,85.5,Near_Completion,0,100,Eligible,3,70,0,OJT_Ready_Stage,0.0,100.0
4,6.79,120,65,55,54.17,16.25,35,1,3,1,0,0,5,False,57.5,Developing,35,65,Moderate_Gap,5,50,1,Approaching_OJT,35.0,100.0
3,8.15,120,60,60,50.0,20.0,40,0,1,0,0,0,5,False,68.0,Developing,40,60,Moderate_Gap,1,90,2,Moderate_Planning_Gap,20.0,100.0
5,6.76,120,86,34,71.67,17.2,14,2,2,2,1,0,7,False,56.0,Advanced,14,86,Near_Eligible,7,30,2,Moderate_Planning_Gap,7.0,100.0
5,7.71,120,99,21,82.5,19.8,1,0,1,1,0,0,6,False,81.5,Near_Completion,1,99,Near_Eligible,2,80,1,Approaching_OJT,1.0,100.0
4,6.87,120,73,47,60.83,18.25,27,1,2,2,1,0,6,False,52.5,Advanced,27,73,Moderate_Gap,6,40,2,Moderate_Planning_Gap,13.5,100.0
4,9.61,120,72,48,60.0,18.0,28,0,0,0,0,0,6,False,76.0,Advanced,28,72,Moderate_Gap,0,100,2,Moderate_Planning_Gap,14.0,100.0
6,8.02,120,102,18,85.0,17.0,0,1,1,0,0,0,7,True,86.0,Near_Completion,0,100,Eligible,2,80,1,Approaching_OJT,0.0,100.0
3,6.29,120,50,70,41.67,16.67,50,2,1,2,0,0,6,False,45.0,Developing,50,50,Moderate_Gap,5,50,3,Long_Term_Planning,16.67,99.98
4,7.51,120,78,42,65.0,19.5,22,0,1,0,0,0,6,False,77.0,Advanced,22,78,Moderate_Gap,1,90,2,Moderate_Planning_Gap,11.0,100.0
5,6.34,120,80,40,66.67,16.0,20,3,1,1,1,0,6,False,58.0,Advanced,20,80,Near_Eligible,6,40,1,Approaching_OJT,20.0,100.0
7,6.67,120,105,15,87.5,15.0,0,3,3,1,0,0,8,False,71.5,Near_Completion,0,100,Eligible,7,30,1,Approaching_OJT,0.0,100.0
6,7.27,120,104,16,86.67,17.33,0,1,2,0,0,0,6,True,85.0,Near_Completion,0,100,Eligible,3,70,0,OJT_Ready_Stage,0.0,100.0
5,7.78,120,95,25,79.17,19.0,5,1,1,1,0,0,6,False,76.5,Advanced,5,95,Near_Eligible,3,70,1,Approaching_OJT,5.0,100.0
4,6.49,120,74,46,61.67,18.5,26,1,2,2,1,0,5,False,53.0,Advanced,26,74,Moderate_Gap,6,40,1,Approaching_OJT,26.0,100.0
4,6.7,120,70,50,58.33,17.5,30,3,4,0,1,0,5,False,53.0,Developing,30,70,Moderate_Gap,8,20,1,Approaching_OJT,30.0,100.0
5,7.98,120,100,20,83.33,20.0,0,0,1,1,0,0,7,False,82.0,Near_Completion,0,100,Eligible,2,80,2,Moderate_Planning_Gap,0.0,100.0
5,7.15,120,95,25,79.17,19.0,5,4,2,1,0,0,7,False,65.5,Advanced,5,95,Near_Eligible,7,30,2,Moderate_Planning_Gap,2.5,100.0
2,9.09,120,41,79,34.17,20.5,59,0,0,0,0,0,6,False,60.5,Developing,59,41,Far_From_Eligible,0,100,4,Long_Term_Planning,14.75,100.0
3,5.27,120,43,77,35.83,14.33,57,4,3,3,2,0,6,False,15.5,Developing,57,43,Far_From_Eligible,12,0,3,Long_Term_Planning,19.0,100.0
6,5.72,120,83,37,69.17,13.83,17,4,6,3,2,1,6,False,21.5,Advanced,17,83,Near_Eligible,16,0,0,OJT_Ready_Stage,17.0,100.0
4,7.73,120,70,50,58.33,17.5,30,1,0,0,0,0,6,False,72.0,Developing,30,70,Moderate_Gap,1,90,2,Moderate_Planning_Gap,15.0,100.0
1,6.78,120,16,104,13.33,16.0,84,3,4,0,0,0,6,False,31.0,Early,84,16,Far_From_Eligible,7,30,5,Long_Term_Planning,16.8,100.0
6,5.32,120,96,24,80.0,16.0,4,5,6,2,1,1,6,False,36.0,Near_Completion,4,96,Near_Eligible,15,0,0,OJT_Ready_Stage,4.0,100.0
4,7.5,120,78,42,65.0,19.5,22,1,1,0,0,0,6,False,74.0,Advanced,22,78,Moderate_Gap,2,80,2,Moderate_Planning_Gap,11.0,100.0
6,6.07,120,99,21,82.5,16.5,1,1,1,1,1,0,6,False,73.5,Near_Completion,1,99,Near_Eligible,4,60,0,OJT_Ready_Stage,1.0,100.0
5,6.52,120,81,39,67.5,16.2,19,3,3,0,0,0,6,False,65.5,Advanced,19,81,Near_Eligible,6,40,1,Approaching_OJT,19.0,100.0
6,9.7,120,106,14,88.33,17.67,0,0,0,0,0,0,6,True,93.0,Near_Completion,0,100,Eligible,0,100,0,OJT_Ready_Stage,0.0,99.98
8,7.82,120,119,1,99.17,14.88,0,1,2,1,0,0,8,False,86.5,Near_Completion,0,100,Eligible,4,60,0,OJT_Ready_Stage,0.0,99.97
6,6.28,120,105,15,87.5,17.5,0,3,2,0,1,0,6,True,74.5,Near_Completion,0,100,Eligible,6,40,0,OJT_Ready_Stage,0.0,100.0
3,6.62,120,58,62,48.33,19.33,42,2,3,0,0,0,5,False,57.0,Developing,42,58,Moderate_Gap,5,50,2,Moderate_Planning_Gap,21.0,100.0
6,6.98,120,105,15,87.5,17.5,0,3,2,1,0,0,7,False,73.5,Near_Completion,0,100,Eligible,6,40,1,Approaching_OJT,0.0,100.0
3,8.75,120,62,58,51.67,20.67,38,0,0,0,0,0,5,False,71.0,Developing,38,62,Moderate_Gap,0,100,2,Moderate_Planning_Gap,19.0,99.98
6,6.34,120,105,15,87.5,17.5,0,3,4,2,0,0,6,False,63.5,Near_Completion,0,100,Eligible,9,10,0,OJT_Ready_Stage,0.0,100.0
5,6.67,120,82,38,68.33,16.4,18,2,5,0,1,0,7,False,60.0,Advanced,18,82,Near_Eligible,8,20,2,Moderate_Planning_Gap,9.0,100.0
3,5.4,120,38,82,31.67,12.67,62,4,4,1,1,1,5,False,20.0,Developing,62,38,Far_From_Eligible,11,0,2,Moderate_Planning_Gap,31.0,99.97
4,5.25,120,55,65,45.83,13.75,45,4,6,3,2,1,6,False,7.5,Developing,45,55,Moderate_Gap,16,0,2,Moderate_Planning_Gap,22.5,100.0
3,6.79,120,55,65,45.83,18.33,45,2,3,1,0,0,5,False,49.5,Developing,45,55,Moderate_Gap,6,40,2,Moderate_Planning_Gap,22.5,100.0
3,8.34,120,54,66,45.0,18.0,46,1,2,1,0,0,6,False,54.0,Developing,46,54,Moderate_Gap,4,60,3,Long_Term_Planning,15.33,100.0
3,8.22,120,61,59,50.83,20.33,39,0,0,0,0,0,5,False,70.5,Developing,39,61,Moderate_Gap,0,100,2,Moderate_Planning_Gap,19.5,100.0
5,6.73,120,94,26,78.33,18.8,6,4,3,2,0,0,7,False,57.0,Advanced,6,94,Near_Eligible,9,10,2,Moderate_Planning_Gap,3.0,100.0
3,6.28,120,37,83,30.83,12.33,63,2,2,2,0,0,5,False,36.5,Developing,63,37,Far_From_Eligible,6,40,2,Moderate_Planning_Gap,31.5,100.0
5,5.75,120,73,47,60.83,14.6,27,3,4,1,1,0,6,False,48.5,Advanced,27,73,Moderate_Gap,9,10,1,Approaching_OJT,27.0,100.0
4,7.51,120,72,48,60.0,18.0,28,0,1,1,0,0,6,False,68.0,Advanced,28,72,Moderate_Gap,2,80,2,Moderate_Planning_Gap,14.0,100.0
4,8.97,120,82,38,68.33,20.5,18,0,0,0,0,0,6,False,81.0,Advanced,18,82,Near_Eligible,0,100,2,Moderate_Planning_Gap,9.0,100.0
4,6.55,120,72,48,60.0,18.0,28,2,5,2,0,0,5,False,48.0,Advanced,28,72,Moderate_Gap,9,10,1,Approaching_OJT,28.0,100.0
3,7.01,120,61,59,50.83,20.33,39,0,2,1,0,0,6,False,60.5,Developing,39,61,Moderate_Gap,3,70,3,Long_Term_Planning,13.0,100.0
1,7.48,120,18,102,15.0,18.0,82,1,2,1,0,0,6,False,36.0,Early,82,18,Far_From_Eligible,4,60,5,Long_Term_Planning,16.4,100.0
5,9.75,120,98,22,81.67,19.6,2,0,0,0,0,0,7,False,89.0,Near_Completion,2,98,Near_Eligible,0,100,2,Moderate_Planning_Gap,1.0,100.0
7,8.32,120,112,8,93.33,16.0,0,0,1,1,0,0,8,False,88.0,Near_Completion,0,100,Eligible,2,80,1,Approaching_OJT,0.0,100.0
7,9.18,120,116,4,96.67,16.57,0,0,0,0,0,0,8,True,98.0,Near_Completion,0,100,Eligible,0,100,1,Approaching_OJT,0.0,100.0
2,7.33,120,41,79,34.17,20.5,59,1,2,1,0,0,5,False,47.5,Developing,59,41,Far_From_Eligible,4,60,3,Long_Term_Planning,19.67,100.0
6,6.34,120,92,28,76.67,15.33,8,3,2,0,0,0,7,False,73.0,Advanced,8,92,Near_Eligible,5,50,1,Approaching_OJT,8.0,100.0
2,7.5,120,35,85,29.17,17.5,65,0,0,0,0,0,6,False,57.5,Early,65,35,Far_From_Eligible,0,100,4,Long_Term_Planning,16.25,100.0
3,7.92,120,57,63,47.5,19.0,43,0,1,1,0,0,5,False,60.5,Developing,43,57,Moderate_Gap,2,80,2,Moderate_Planning_Gap,21.5,100.0
2,6.26,120,22,98,18.33,11.0,78,3,4,2,0,0,5,False,22.0,Early,78,22,Far_From_Eligible,9,10,3,Long_Term_Planning,26.0,100.0
1,6.27,120,17,103,14.17,17.0,83,1,3,2,1,0,6,False,22.5,Early,83,17,Far_From_Eligible,7,30,5,Long_Term_Planning,16.6,100.0
6,6.83,120,101,19,84.17,16.83,0,3,2,1,0,0,7,False,71.5,Near_Completion,0,100,Eligible,6,40,1,Approaching_OJT,0.0,100.0
5,6.14,120,86,34,71.67,17.2,14,3,4,1,1,0,7,False,55.0,Advanced,14,86,Near_Eligible,9,10,2,Moderate_Planning_Gap,7.0,100.0
4,8.19,120,70,50,58.33,17.5,30,0,1,0,0,0,6,False,73.0,Developing,30,70,Moderate_Gap,1,90,2,Moderate_Planning_Gap,15.0,100.0
3,6.64,120,54,66,45.0,18.0,46,3,1,0,0,0,6,False,56.0,Developing,46,54,Moderate_Gap,4,60,3,Long_Term_Planning,15.33,100.0
4,7.06,120,65,55,54.17,16.25,35,4,4,1,0,0,6,False,46.5,Developing,35,65,Moderate_Gap,9,10,2,Moderate_Planning_Gap,17.5,100.0
8,5.03,120,102,18,85.0,12.75,0,3,5,2,2,0,8,False,50.0,Near_Completion,0,100,Eligible,12,0,0,OJT_Ready_Stage,0.0,100.0
3,7.99,120,59,61,49.17,19.67,41,1,2,0,0,0,5,False,62.5,Developing,41,59,Moderate_Gap,3,70,2,Moderate_Planning_Gap,20.5,99.98
6,8.2,120,104,16,86.67,17.33,0,1,0,0,0,0,6,True,89.0,Near_Completion,0,100,Eligible,1,90,0,OJT_Ready_Stage,0.0,100.0
4,5.88,120,59,61,49.17,14.75,41,2,3,1,0,0,5,False,51.5,Developing,41,59,Moderate_Gap,6,40,1,Approaching_OJT,41.0,100.0
3,5.23,120,45,75,37.5,15.0,55,5,6,3,2,1,6,False,0.0,Developing,55,45,Far_From_Eligible,17,0,3,Long_Term_Planning,18.33,100.0
4,6.98,120,64,56,53.33,16.0,36,1,4,0,0,0,6,False,61.0,Developing,36,64,Moderate_Gap,5,50,2,Moderate_Planning_Gap,18.0,100.0
6,6.1,120,108,12,90.0,18.0,0,3,2,0,0,0,6,True,81.0,Near_Completion,0,100,Eligible,5,50,0,OJT_Ready_Stage,0.0,100.0
3,6.26,120,54,66,45.0,18.0,46,1,1,2,0,0,6,False,50.0,Developing,46,54,Moderate_Gap,4,60,3,Long_Term_Planning,15.33,100.0
7,7.75,120,111,9,92.5,15.86,0,0,1,0,0,0,8,True,93.5,Near_Completion,0,100,Eligible,1,90,1,Approaching_OJT,0.0,99.98
4,6.87,120,67,53,55.83,16.75,33,3,2,1,0,0,6,False,54.5,Developing,33,67,Moderate_Gap,6,40,2,Moderate_Planning_Gap,16.5,100.0
5,6.66,120,81,39,67.5,16.2,19,4,3,0,1,0,6,False,57.5,Advanced,19,81,Near_Eligible,8,20,1,Approaching_OJT,19.0,100.0
7,7.78,120,110,10,91.67,15.71,0,1,1,1,0,0,8,False,84.0,Near_Completion,0,100,Eligible,3,70,1,Approaching_OJT,0.0,100.0
4,9.2,120,72,48,60.0,18.0,28,0,0,0,0,0,6,False,76.0,Advanced,28,72,Moderate_Gap,0,100,2,Moderate_Planning_Gap,14.0,100.0
2,6.55,120,34,86,28.33,17.0,66,4,2,0,1,0,6,False,36.0,Early,66,34,Far_From_Eligible,7,30,4,Long_Term_Planning,16.5,100.0
2,7.94,120,43,77,35.83,21.5,57,0,1,0,0,0,6,False,59.5,Developing,57,43,Far_From_Eligible,1,90,4,Long_Term_Planning,14.25,100.0
2,6.46,120,42,78,35.0,21.0,58,2,3,0,0,0,5,False,49.0,Developing,58,42,Far_From_Eligible,5,50,3,Long_Term_Planning,19.33,100.0
2,5.59,120,36,84,30.0,18.0,64,5,6,3,1,1,6,False,0.0,Developing,64,36,Far_From_Eligible,16,0,4,Long_Term_Planning,16.0,100.0
7,6.32,120,110,10,91.67,15.71,0,2,3,0,1,0,8,True,78.0,Near_Completion,0,100,Eligible,6,40,1,Approaching_OJT,0.0,100.0
5,5.33,120,69,51,57.5,13.8,31,4,5,3,1,1,7,False,21.5,Developing,31,69,Moderate_Gap,14,0,2,Moderate_Planning_Gap,15.5,100.0
5,7.19,120,82,38,68.33,16.4,18,4,5,1,0,0,6,False,53.0,Advanced,18,82,Near_Eligible,10,0,1,Approaching_OJT,18.0,100.0
7,7.3,120,118,2,98.33,16.86,0,0,0,1,0,0,8,False,93.0,Near_Completion,0,100,Eligible,1,90,1,Approaching_OJT,0.0,99.98
4,6.89,120,68,52,56.67,17.0,32,2,3,2,1,0,5,False,45.0,Developing,32,68,Moderate_Gap,8,20,1,Approaching_OJT,32.0,100.0
6,8.82,120,111,9,92.5,18.5,0,0,0,0,0,0,7,True,95.5,Near_Completion,0,100,Eligible,0,100,1,Approaching_OJT,0.0,100.0
1,6.01,120,17,103,14.17,17.0,83,2,4,1,0,0,5,False,28.5,Early,83,17,Far_From_Eligible,7,30,4,Long_Term_Planning,20.75,100.0
7,6.24,120,101,19,84.17,14.43,0,1,1,2,1,0,8,False,68.5,Near_Completion,0,100,Eligible,5,50,1,Approaching_OJT,0.0,99.99
4,7.09,120,68,52,56.67,17.0,32,1,1,1,0,0,5,False,63.0,Developing,32,68,Moderate_Gap,3,70,1,Approaching_OJT,32.0,100.0
7,6.02,120,115,5,95.83,16.43,0,3,3,0,1,0,8,True,77.5,Near_Completion,0,100,Eligible,7,30,1,Approaching_OJT,0.0,99.99
4,9.44,120,82,38,68.33,20.5,18,0,0,0,0,0,5,False,81.0,Advanced,18,82,Near_Eligible,0,100,1,Approaching_OJT,18.0,100.0
3,6.93,120,45,75,37.5,15.0,55,2,1,1,0,0,6,False,48.5,Developing,55,45,Far_From_Eligible,4,60,3,Long_Term_Planning,18.33,100.0
4,7.96,120,78,42,65.0,19.5,22,0,0,1,0,0,5,False,73.0,Advanced,22,78,Moderate_Gap,1,90,1,Approaching_OJT,22.0,100.0
3,6.63,120,48,72,40.0,16.0,52,3,1,2,0,0,6,False,41.0,Developing,52,48,Far_From_Eligible,6,40,3,Long_Term_Planning,17.33,100.0
3,6.32,120,46,74,38.33,15.33,54,3,4,1,0,0,6,False,40.0,Developing,54,46,Far_From_Eligible,8,20,3,Long_Term_Planning,18.0,100.0
6,6.45,120,105,15,87.5,17.5,0,1,2,1,1,0,7,False,74.5,Near_Completion,0,100,Eligible,5,50,1,Approaching_OJT,0.0,100.0
1,6.56,120,19,101,15.83,19.0,81,2,2,2,1,0,6,False,22.5,Early,81,19,Far_From_Eligible,7,30,5,Long_Term_Planning,16.2,100.0
2,6.44,120,22,98,18.33,11.0,78,2,3,0,0,0,5,False,39.0,Early,78,22,Far_From_Eligible,5,50,3,Long_Term_Planning,26.0,100.0
3,5.46,120,39,81,32.5,13.0,61,3,6,1,1,0,5,False,27.5,Developing,61,39,Far_From_Eligible,11,0,2,Moderate_Planning_Gap,30.5,100.0
3,6.46,120,56,64,46.67,18.67,44,2,4,1,1,0,5,False,43.0,Developing,44,56,Moderate_Gap,8,20,2,Moderate_Planning_Gap,22.0,99.98
6,7.56,120,106,14,88.33,17.67,0,1,0,1,0,0,6,False,84.0,Near_Completion,0,100,Eligible,2,80,0,OJT_Ready_Stage,0.0,99.98
5,6.99,120,88,32,73.33,17.6,12,2,5,0,1,0,7,False,63.0,Advanced,12,88,Near_Eligible,8,20,2,Moderate_Planning_Gap,6.0,100.0
5,8.43,120,91,29,75.83,18.2,9,0,1,0,0,0,7,False,83.5,Advanced,9,91,Near_Eligible,1,90,2,Moderate_Planning_Gap,4.5,100.0
2,6.51,120,35,85,29.17,17.5,65,2,3,0,0,0,6,False,45.5,Early,65,35,Far_From_Eligible,5,50,4,Long_Term_Planning,16.25,100.0
5,6.93,120,81,39,67.5,16.2,19,3,4,2,0,0,6,False,51.5,Advanced,19,81,Near_Eligible,9,10,1,Approaching_OJT,19.0,100.0
5,7.48,120,91,29,75.83,18.2,9,1,2,1,0,0,6,False,72.5,Advanced,9,91,Near_Eligible,4,60,1,Approaching_OJT,9.0,100.0
4,6.41,120,60,60,50.0,15.0,40,3,4,0,0,0,5,False,53.0,Developing,40,60,Moderate_Gap,7,30,1,Approaching_OJT,40.0,100.0
5,6.87,120,89,31,74.17,17.8,11,1,4,2,1,0,6,False,56.5,Advanced,11,89,Near_Eligible,8,20,1,Approaching_OJT,11.0,100.0
7,7.29,120,117,3,97.5,16.71,0,1,0,1,0,0,8,False,89.5,Near_Completion,0,100,Eligible,2,80,1,Approaching_OJT,0.0,100.0
4,7.08,120,70,50,58.33,17.5,30,1,0,0,0,0,6,False,72.0,Developing,30,70,Moderate_Gap,1,90,2,Moderate_Planning_Gap,15.0,100.0
6,8.31,120,109,11,90.83,18.17,0,0,2,0,0,0,6,True,90.5,Near_Completion,0,100,Eligible,2,80,0,OJT_Ready_Stage,0.0,99.98
6,6.82,120,99,21,82.5,16.5,1,2,1,2,0,0,7,False,69.5,Near_Completion,1,99,Near_Eligible,5,50,1,Approaching_OJT,1.0,100.0
5,9.39,120,90,30,75.0,18.0,10,0,0,0,0,0,7,False,85.0,Advanced,10,90,Near_Eligible,0,100,2,Moderate_Planning_Gap,5.0,100.0
3,6.09,120,49,71,40.83,16.33,51,2,4,1,0,0,5,False,44.5,Developing,51,49,Far_From_Eligible,7,30,2,Moderate_Planning_Gap,25.5,100.0
1,6.29,120,13,107,10.83,13.0,87,3,5,0,0,0,5,False,27.5,Early,87,13,Far_From_Eligible,8,20,4,Long_Term_Planning,21.75,100.0
4,7.26,120,74,46,61.67,18.5,26,1,0,1,0,0,5,False,68.0,Advanced,26,74,Moderate_Gap,2,80,1,Approaching_OJT,26.0,100.0
5,7.97,120,96,24,80.0,19.2,4,0,2,1,0,0,7,False,78.0,Near_Completion,4,96,Near_Eligible,3,70,2,Moderate_Planning_Gap,2.0,100.0
2,7.86,120,42,78,35.0,21.0,58,1,1,0,0,0,6,False,56.0,Developing,58,42,Far_From_Eligible,2,80,4,Long_Term_Planning,14.5,100.0
3,6.83,120,57,63,47.5,19.0,43,1,1,2,0,0,5,False,51.5,Developing,43,57,Moderate_Gap,4,60,2,Moderate_Planning_Gap,21.5,100.0
7,6.27,120,103,17,85.83,14.71,0,2,1,1,0,0,8,False,77.5,Near_Completion,0,100,Eligible,4,60,1,Approaching_OJT,0.0,100.0
2,9.01,120,45,75,37.5,22.5,55,0,0,0,0,0,5,False,62.5,Developing,55,45,Far_From_Eligible,0,100,3,Long_Term_Planning,18.33,100.0
5,7.24,120,96,24,80.0,19.2,4,0,0,0,0,0,6,False,88.0,Near_Completion,4,96,Near_Eligible,0,100,1,Approaching_OJT,4.0,100.0
5,6.28,120,80,40,66.67,16.0,20,2,1,0,0,0,6,False,72.0,Advanced,20,80,Near_Eligible,3,70,1,Approaching_OJT,20.0,100.0
4,7.98,120,80,40,66.67,20.0,20,1,0,1,0,0,6,False,71.0,Advanced,20,80,Near_Eligible,2,80,2,Moderate_Planning_Gap,10.0,100.0
5,9.91,120,100,20,83.33,20.0,0,0,0,0,0,0,7,True,90.0,Near_Completion,0,100,Eligible,0,100,2,Moderate_Planning_Gap,0.0,100.0
3,8.57,120,55,65,45.83,18.33,45,0,0,0,0,0,6,False,67.5,Developing,45,55,Moderate_Gap,0,100,3,Long_Term_Planning,15.0,100.0
4,5.81,120,65,55,54.17,16.25,35,1,4,0,0,0,6,False,61.5,Developing,35,65,Moderate_Gap,5,50,2,Moderate_Planning_Gap,17.5,100.0
3,5.27,120,47,73,39.17,15.67,53,5,4,3,2,1,6,False,4.5,Developing,53,47,Far_From_Eligible,15,0,3,Long_Term_Planning,17.67,99.98
4,6.44,120,64,56,53.33,16.0,36,3,1,1,1,0,6,False,50.0,Developing,36,64,Moderate_Gap,6,40,2,Moderate_Planning_Gap,18.0,100.0
3,7.71,120,50,70,41.67,16.67,50,0,0,1,0,0,5,False,59.0,Developing,50,50,Moderate_Gap,1,90,2,Moderate_Planning_Gap,25.0,99.98
2,8.34,120,41,79,34.17,20.5,59,1,2,1,0,0,5,False,47.5,Developing,59,41,Far_From_Eligible,4,60,3,Long_Term_Planning,19.67,100.0
5,8.35,120,97,23,80.83,19.4,3,1,1,1,0,0,6,False,77.5,Near_Completion,3,97,Near_Eligible,3,70,1,Approaching_OJT,3.0,100.0
6,6.76,120,105,15,87.5,17.5,0,1,3,0,1,0,7,True,78.5,Near_Completion,0,100,Eligible,5,50,1,Approaching_OJT,0.0,100.0
5,6.88,120,91,29,75.83,18.2,9,2,4,2,0,0,6,False,59.5,Advanced,9,91,Near_Eligible,8,20,1,Approaching_OJT,9.0,100.0
1,7.21,120,21,99,17.5,21.0,79,0,1,1,0,0,6,False,42.5,Early,79,21,Far_From_Eligible,2,80,5,Long_Term_Planning,15.8,100.0
4,6.81,120,70,50,58.33,17.5,30,1,3,2,0,0,5,False,54.0,Developing,30,70,Moderate_Gap,6,40,1,Approaching_OJT,30.0,100.0
6,5.06,120,90,30,75.0,15.0,10,5,3,3,1,1,6,False,33.0,Advanced,10,90,Near_Eligible,13,0,0,OJT_Ready_Stage,10.0,100.0
3,7.56,120,58,62,48.33,19.33,42,1,0,0,0,0,6,False,66.0,Developing,42,58,Moderate_Gap,1,90,3,Long_Term_Planning,14.0,100.0
8,9.53,120,118,2,98.33,14.75,0,0,0,0,0,0,8,True,99.0,Near_Completion,0,100,Eligible,0,100,0,OJT_Ready_Stage,0.0,100.0
3,7.74,120,63,57,52.5,21.0,37,0,1,1,0,0,5,False,63.5,Developing,37,63,Moderate_Gap,2,80,2,Moderate_Planning_Gap,18.5,100.0
5,8.07,120,92,28,76.67,18.4,8,1,0,1,0,0,7,False,77.0,Advanced,8,92,Near_Eligible,2,80,2,Moderate_Planning_Gap,4.0,100.0
5,4.19,120,75,45,62.5,15.0,25,7,5,4,2,1,7,False,4.5,Advanced,25,75,Moderate_Gap,19,0,2,Moderate_Planning_Gap,12.5,100.0
5,8.73,120,103,17,85.83,20.6,0,0,0,0,0,0,7,True,91.5,Near_Completion,0,100,Eligible,0,100,2,Moderate_Planning_Gap,0.0,100.0
2,4.82,120,23,97,19.17,11.5,77,8,8,4,2,1,6,False,0.0,Early,77,23,Far_From_Eligible,23,0,4,Long_Term_Planning,19.25,100.0
7,5.88,120,107,13,89.17,15.29,0,4,5,3,2,0,8,False,43.5,Near_Completion,0,100,Eligible,14,0,1,Approaching_OJT,0.0,99.97
4,6.28,120,72,48,60.0,18.0,28,1,4,2,1,0,5,False,48.0,Advanced,28,72,Moderate_Gap,8,20,1,Approaching_OJT,28.0,100.0
3,6.54,120,50,70,41.67,16.67,50,1,1,0,0,0,5,False,60.0,Developing,50,50,Moderate_Gap,2,80,2,Moderate_Planning_Gap,25.0,99.98
6,7.09,120,111,9,92.5,18.5,0,0,1,1,0,0,7,False,87.5,Near_Completion,0,100,Eligible,2,80,1,Approaching_OJT,0.0,100.0
5,7.8,120,100,20,83.33,20.0,0,0,2,1,0,0,6,False,80.0,Near_Completion,0,100,Eligible,3,70,1,Approaching_OJT,0.0,100.0
5,5.85,120,81,39,67.5,16.2,19,2,2,0,1,0,6,False,65.5,Advanced,19,81,Near_Eligible,5,50,1,Approaching_OJT,19.0,100.0
3,7.31,120,50,70,41.67,16.67,50,1,2,1,0,0,5,False,52.0,Developing,50,50,Moderate_Gap,4,60,2,Moderate_Planning_Gap,25.0,99.98
2,5.98,120,32,88,26.67,16.0,68,2,2,0,1,0,5,False,41.0,Early,68,32,Far_From_Eligible,5,50,3,Long_Term_Planning,22.67,100.0
1,5.61,120,16,104,13.33,16.0,84,3,4,2,1,1,6,False,6.0,Early,84,16,Far_From_Eligible,11,0,5,Long_Term_Planning,16.8,100.0
4,6.6,120,64,56,53.33,16.0,36,2,2,0,0,0,5,False,62.0,Developing,36,64,Moderate_Gap,4,60,1,Approaching_OJT,36.0,100.0
2,6.14,120,34,86,28.33,17.0,66,1,4,1,0,0,5,False,40.0,Early,66,34,Far_From_Eligible,6,40,3,Long_Term_Planning,22.0,100.0
2,6.73,120,27,93,22.5,13.5,73,4,5,0,0,0,5,False,31.5,Early,73,27,Far_From_Eligible,9,10,3,Long_Term_Planning,24.33,100.0
5,6.41,120,87,33,72.5,17.4,13,1,3,0,0,0,6,False,74.5,Advanced,13,87,Near_Eligible,4,60,1,Approaching_OJT,13.0,100.0
4,6.86,120,71,49,59.17,17.75,29,2,2,1,1,0,5,False,54.5,Developing,29,71,Moderate_Gap,6,40,1,Approaching_OJT,29.0,100.0
4,5.27,120,53,67,44.17,13.25,47,3,6,1,1,0,5,False,34.5,Developing,47,53,Moderate_Gap,11,0,1,Approaching_OJT,47.0,100.0
3,6.35,120,51,69,42.5,17.0,49,2,1,1,1,0,6,False,46.5,Developing,49,51,Moderate_Gap,5,50,3,Long_Term_Planning,16.33,100.0
4,7.25,120,82,38,68.33,20.5,18,0,0,0,0,0,5,False,81.0,Advanced,18,82,Near_Eligible,0,100,1,Approaching_OJT,18.0,100.0
4,6.79,120,69,51,57.5,17.25,31,1,2,2,0,0,6,False,55.5,Developing,31,69,Moderate_Gap,5,50,2,Moderate_Planning_Gap,15.5,100.0
3,6.53,120,52,68,43.33,17.33,48,2,1,1,0,0,6,False,52.0,Developing,48,52,Moderate_Gap,4,60,3,Long_Term_Planning,16.0,100.0
4,9.57,120,81,39,67.5,20.25,19,0,0,0,0,0,5,False,80.5,Advanced,19,81,Near_Eligible,0,100,1,Approaching_OJT,19.0,100.0
2,6.65,120,30,90,25.0,15.0,70,2,1,1,0,0,6,False,41.0,Early,70,30,Far_From_Eligible,4,60,4,Long_Term_Planning,17.5,100.0
3,7.0,120,61,59,50.83,20.33,39,1,2,0,0,0,5,False,63.5,Developing,39,61,Moderate_Gap,3,70,2,Moderate_Planning_Gap,19.5,100.0
6,6.42,120,95,25,79.17,15.83,5,1,4,1,0,0,7,False,70.5,Advanced,5,95,Near_Eligible,6,40,1,Approaching_OJT,5.0,100.0
5,7.33,120,90,30,75.0,18.0,10,0,0,0,0,0,6,False,85.0,Advanced,10,90,Near_Eligible,0,100,1,Approaching_OJT,10.0,100.0
5,5.29,120,70,50,58.33,14.0,30,5,3,1,2,1,7,False,30.0,Developing,30,70,Moderate_Gap,12,0,2,Moderate_Planning_Gap,15.0,100.0
4,6.59,120,74,46,61.67,18.5,26,3,2,2,0,0,6,False,52.0,Advanced,26,74,Moderate_Gap,7,30,2,Moderate_Planning_Gap,13.0,100.0
2,6.1,120,38,82,31.67,19.0,62,1,2,1,1,0,6,False,41.0,Developing,62,38,Far_From_Eligible,5,50,4,Long_Term_Planning,15.5,100.0
4,6.07,120,73,47,60.83,18.25,27,2,2,1,1,0,6,False,55.5,Advanced,27,73,Moderate_Gap,6,40,2,Moderate_Planning_Gap,13.5,100.0
1,7.81,120,22,98,18.33,22.0,78,0,2,1,0,0,5,False,41.0,Early,78,22,Far_From_Eligible,3,70,4,Long_Term_Planning,19.5,100.0
5,4.51,120,60,60,50.0,12.0,40,7,7,2,3,1,7,False,0.0,Developing,40,60,Moderate_Gap,20,0,2,Moderate_Planning_Gap,20.0,100.0
2,7.33,120,45,75,37.5,22.5,55,0,2,0,0,0,5,False,58.5,Developing,55,45,Far_From_Eligible,2,80,3,Long_Term_Planning,18.33,100.0
7,8.18,120,108,12,90.0,15.43,0,1,2,0,0,0,8,True,87.0,Near_Completion,0,100,Eligible,3,70,1,Approaching_OJT,0.0,99.99
4,6.69,120,71,49,59.17,17.75,29,2,4,1,0,0,6,False,55.5,Developing,29,71,Moderate_Gap,7,30,2,Moderate_Planning_Gap,14.5,100.0
2,7.06,120,38,82,31.67,19.0,62,0,0,0,0,0,5,False,59.0,Developing,62,38,Far_From_Eligible,0,100,3,Long_Term_Planning,20.67,100.0
4,6.29,120,73,47,60.83,18.25,27,2,1,2,1,0,5,False,51.5,Advanced,27,73,Moderate_Gap,6,40,1,Approaching_OJT,27.0,100.0
3,7.1,120,62,58,51.67,20.67,38,1,1,1,0,0,5,False,60.0,Developing,38,62,Moderate_Gap,3,70,2,Moderate_Planning_Gap,19.0,99.98
7,6.57,120,101,19,84.17,14.43,0,3,1,2,1,0,8,False,62.5,Near_Completion,0,100,Eligible,7,30,1,Approaching_OJT,0.0,99.99
2,6.88,120,37,83,30.83,18.5,63,3,1,1,1,0,5,False,36.5,Developing,63,37,Far_From_Eligible,6,40,3,Long_Term_Planning,21.0,100.0
3,7.96,120,56,64,46.67,18.67,44,0,0,1,0,0,5,False,62.0,Developing,44,56,Moderate_Gap,1,90,2,Moderate_Planning_Gap,22.0,99.98
5,8.1,120,91,29,75.83,18.2,9,1,0,1,0,0,6,False,76.5,Advanced,9,91,Near_Eligible,2,80,1,Approaching_OJT,9.0,100.0
3,7.19,120,40,80,33.33,13.33,60,2,4,2,1,0,5,False,29.0,Developing,60,40,Far_From_Eligible,9,10,2,Moderate_Planning_Gap,30.0,100.0
6,8.13,120,107,13,89.17,17.83,0,0,1,1,0,0,6,False,85.5,Near_Completion,0,100,Eligible,2,80,0,OJT_Ready_Stage,0.0,100.0
4,9.58,120,74,46,61.67,18.5,26,0,0,0,0,0,6,False,77.0,Advanced,26,74,Moderate_Gap,0,100,2,Moderate_Planning_Gap,13.0,100.0
5,5.91,120,85,35,70.83,17.0,15,2,4,0,1,0,7,False,63.5,Advanced,15,85,Near_Eligible,7,30,2,Moderate_Planning_Gap,7.5,100.0
6,7.39,120,112,8,93.33,18.67,0,0,1,0,0,0,7,True,94.0,Near_Completion,0,100,Eligible,1,90,1,Approaching_OJT,0.0,99.98
3,4.27,120,33,87,27.5,11.0,67,5,8,3,2,2,5,False,0.0,Early,67,33,Far_From_Eligible,20,0,2,Moderate_Planning_Gap,33.5,100.0
3,8.04,120,63,57,52.5,21.0,37,1,2,1,0,0,6,False,58.5,Developing,37,63,Moderate_Gap,4,60,3,Long_Term_Planning,12.33,100.0
3,6.8,120,51,69,42.5,17.0,49,2,1,2,0,0,6,False,45.5,Developing,49,51,Moderate_Gap,5,50,3,Long_Term_Planning,16.33,100.0
4,7.17,120,63,57,52.5,15.75,37,4,4,1,1,0,6,False,40.5,Developing,37,63,Moderate_Gap,10,0,2,Moderate_Planning_Gap,18.5,100.0
3,6.72,120,54,66,45.0,18.0,46,3,3,2,1,0,6,False,35.0,Developing,46,54,Moderate_Gap,9,10,3,Long_Term_Planning,15.33,100.0
8,6.14,120,111,9,92.5,13.88,0,2,3,0,0,0,8,True,83.5,Near_Completion,0,100,Eligible,5,50,0,OJT_Ready_Stage,0.0,99.96
4,5.98,120,62,58,51.67,15.5,38,4,6,2,1,1,5,False,22.0,Developing,38,62,Moderate_Gap,14,0,1,Approaching_OJT,38.0,100.0
4,7.26,120,76,44,63.33,19.0,24,1,2,0,0,0,5,False,71.0,Advanced,24,76,Moderate_Gap,3,70,1,Approaching_OJT,24.0,100.0
8,6.22,120,114,6,95.0,14.25,0,3,3,0,1,0,8,True,77.0,Near_Completion,0,100,Eligible,7,30,0,OJT_Ready_Stage,0.0,100.0
4,7.2,120,81,39,67.5,20.25,19,0,0,1,0,0,5,False,74.5,Advanced,19,81,Near_Eligible,1,90,1,Approaching_OJT,19.0,100.0
5,7.86,120,99,21,82.5,19.8,1,1,1,1,0,0,6,False,78.5,Near_Completion,1,99,Near_Eligible,3,70,1,Approaching_OJT,1.0,100.0
3,6.3,120,50,70,41.67,16.67,50,2,1,1,0,0,6,False,51.0,Developing,50,50,Moderate_Gap,4,60,3,Long_Term_Planning,16.67,99.98
3,8.31,120,57,63,47.5,19.0,43,1,2,0,0,0,5,False,61.5,Developing,43,57,Moderate_Gap,3,70,2,Moderate_Planning_Gap,21.5,100.0
3,7.2,120,53,67,44.17,17.67,47,1,2,0,0,0,5,False,59.5,Developing,47,53,Moderate_Gap,3,70,2,Moderate_Planning_Gap,23.5,99.98
5,7.65,120,94,26,78.33,18.8,6,1,2,1,0,0,6,False,74.0,Advanced,6,94,Near_Eligible,4,60,1,Approaching_OJT,6.0,100.0
7,7.94,120,113,7,94.17,16.14,0,1,0,0,0,0,8,True,93.5,Near_Completion,0,100,Eligible,1,90,1,Approaching_OJT,0.0,100.0
2,8.08,120,44,76,36.67,22.0,56,0,1,0,0,0,6,False,60.0,Developing,56,44,Far_From_Eligible,1,90,4,Long_Term_Planning,14.0,100.0
5,6.33,120,83,37,69.17,16.6,17,2,3,2,1,0,7,False,52.5,Advanced,17,83,Near_Eligible,8,20,2,Moderate_Planning_Gap,8.5,100.0
3,5.56,120,47,73,39.17,15.67,53,3,5,1,2,0,5,False,28.5,Developing,53,47,Far_From_Eligible,11,0,2,Moderate_Planning_Gap,26.5,99.98
6,7.18,120,108,12,90.0,18.0,0,0,2,0,0,0,7,True,90.0,Near_Completion,0,100,Eligible,2,80,1,Approaching_OJT,0.0,100.0
2,8.55,120,36,84,30.0,18.0,64,0,0,0,0,0,6,False,58.0,Developing,64,36,Far_From_Eligible,0,100,4,Long_Term_Planning,16.0,100.0
7,6.41,120,114,6,95.0,16.29,0,3,2,0,0,0,8,True,84.0,Near_Completion,0,100,Eligible,5,50,1,Approaching_OJT,0.0,99.97
6,6.03,120,99,21,82.5,16.5,1,1,2,1,1,0,6,False,71.5,Near_Completion,1,99,Near_Eligible,5,50,0,OJT_Ready_Stage,1.0,100.0
1,8.28,120,22,98,18.33,22.0,78,1,1,1,0,0,5,False,40.0,Early,78,22,Far_From_Eligible,3,70,4,Long_Term_Planning,19.5,100.0
4,6.51,120,60,60,50.0,15.0,40,1,1,1,0,0,6,False,59.0,Developing,40,60,Moderate_Gap,3,70,2,Moderate_Planning_Gap,20.0,100.0
3,7.91,120,51,69,42.5,17.0,49,0,1,0,0,0,6,False,63.5,Developing,49,51,Moderate_Gap,1,90,3,Long_Term_Planning,16.33,100.0
5,5.91,120,85,35,70.83,17.0,15,1,3,1,1,0,7,False,62.5,Advanced,15,85,Near_Eligible,6,40,2,Moderate_Planning_Gap,7.5,100.0
6,7.0,120,106,14,88.33,17.67,0,1,2,0,0,0,6,True,86.0,Near_Completion,0,100,Eligible,3,70,0,OJT_Ready_Stage,0.0,99.98
5,7.21,120,100,20,83.33,20.0,0,1,0,1,0,0,7,False,81.0,Near_Completion,0,100,Eligible,2,80,2,Moderate_Planning_Gap,0.0,100.0
6,6.77,120,97,23,80.83,16.17,3,3,2,0,1,0,7,False,70.5,Near_Completion,3,97,Near_Eligible,6,40,1,Approaching_OJT,3.0,99.98
4,6.41,120,66,54,55.0,16.5,34,2,4,2,0,0,5,False,47.0,Developing,34,66,Moderate_Gap,8,20,1,Approaching_OJT,34.0,100.0
5,6.01,120,93,27,77.5,18.6,7,2,1,1,1,0,6,False,67.5,Advanced,7,93,Near_Eligible,5,50,1,Approaching_OJT,7.0,100.0
3,5.57,120,50,70,41.67,16.67,50,5,4,2,2,1,6,False,12.0,Developing,50,50,Moderate_Gap,14,0,3,Long_Term_Planning,16.67,99.98
2,8.26,120,42,78,35.0,21.0,58,1,1,0,0,0,6,False,56.0,Developing,58,42,Far_From_Eligible,2,80,4,Long_Term_Planning,14.5,100.0
3,7.77,120,54,66,45.0,18.0,46,0,0,0,0,0,6,False,67.0,Developing,46,54,Moderate_Gap,0,100,3,Long_Term_Planning,15.33,100.0
7,6.37,120,111,9,92.5,15.86,0,2,2,1,1,0,8,False,74.5,Near_Completion,0,100,Eligible,6,40,1,Approaching_OJT,0.0,99.98
3,6.54,120,48,72,40.0,16.0,52,2,4,2,1,0,5,False,33.0,Developing,52,48,Far_From_Eligible,9,10,2,Moderate_Planning_Gap,26.0,100.0
4,6.16,120,74,46,61.67,18.5,26,1,3,1,1,0,6,False,57.0,Advanced,26,74,Moderate_Gap,6,40,2,Moderate_Planning_Gap,13.0,100.0
5,7.11,120,89,31,74.17,17.8,11,0,0,1,0,0,7,False,78.5,Advanced,11,89,Near_Eligible,1,90,2,Moderate_Planning_Gap,5.5,100.0
4,9.68,120,82,38,68.33,20.5,18,0,0,0,0,0,6,False,81.0,Advanced,18,82,Near_Eligible,0,100,2,Moderate_Planning_Gap,9.0,100.0
4,8.0,120,78,42,65.0,19.5,22,1,2,1,0,0,5,False,66.0,Advanced,22,78,Moderate_Gap,4,60,1,Approaching_OJT,22.0,100.0
4,7.49,120,80,40,66.67,20.0,20,0,0,0,0,0,6,False,80.0,Advanced,20,80,Near_Eligible,0,100,2,Moderate_Planning_Gap,10.0,100.0
4,6.95,120,71,49,59.17,17.75,29,2,2,2,0,0,6,False,53.5,Developing,29,71,Moderate_Gap,6,40,2,Moderate_Planning_Gap,14.5,100.0
4,7.66,120,81,39,67.5,20.25,19,1,2,1,0,0,6,False,67.5,Advanced,19,81,Near_Eligible,4,60,2,Moderate_Planning_Gap,9.5,100.0
6,8.29,120,108,12,90.0,18.0,0,0,0,0,0,0,6,True,94.0,Near_Completion,0,100,Eligible,0,100,0,OJT_Ready_Stage,0.0,100.0
4,5.91,120,53,67,44.17,13.25,47,5,6,1,2,1,6,False,15.5,Developing,47,53,Moderate_Gap,15,0,2,Moderate_Planning_Gap,23.5,100.0
4,8.42,120,81,39,67.5,20.25,19,1,1,0,0,0,6,False,75.5,Advanced,19,81,Near_Eligible,2,80,2,Moderate_Planning_Gap,9.5,100.0
4,6.66,120,71,49,59.17,17.75,29,1,1,2,1,0,6,False,53.5,Developing,29,71,Moderate_Gap,5,50,2,Moderate_Planning_Gap,14.5,100.0
3,5.7,120,43,77,35.83,14.33,57,5,5,1,2,1,6,False,12.5,Developing,57,43,Far_From_Eligible,14,0,3,Long_Term_Planning,19.0,100.0
3,6.75,120,55,65,45.83,18.33,45,1,2,0,0,0,5,False,60.5,Developing,45,55,Moderate_Gap,3,70,2,Moderate_Planning_Gap,22.5,100.0
3,6.56,120,55,65,45.83,18.33,45,2,4,1,0,0,5,False,47.5,Developing,45,55,Moderate_Gap,7,30,2,Moderate_Planning_Gap,22.5,100.0
2,7.43,120,41,79,34.17,20.5,59,1,0,0,0,0,5,False,57.5,Developing,59,41,Far_From_Eligible,1,90,3,Long_Term_Planning,19.67,100.0
4,7.23,120,71,49,59.17,17.75,29,0,0,1,0,0,6,False,69.5,Developing,29,71,Moderate_Gap,1,90,2,Moderate_Planning_Gap,14.5,100.0
3,7.38,120,57,63,47.5,19.0,43,1,0,0,0,0,5,False,65.5,Developing,43,57,Moderate_Gap,1,90,2,Moderate_Planning_Gap,21.5,100.0
1,6.59,120,20,100,16.67,20.0,80,2,2,1,1,0,5,False,29.0,Early,80,20,Far_From_Eligible,6,40,4,Long_Term_Planning,20.0,100.0
3,6.28,120,49,71,40.83,16.33,51,1,1,2,1,0,5,False,42.5,Developing,51,49,Far_From_Eligible,5,50,2,Moderate_Planning_Gap,25.5,100.0
1,6.27,120,16,104,13.33,16.0,84,2,2,0,0,0,5,False,38.0,Early,84,16,Far_From_Eligible,4,60,4,Long_Term_Planning,21.0,100.0
5,7.63,120,97,23,80.83,19.4,3,0,2,0,0,0,6,False,84.5,Near_Completion,3,97,Near_Eligible,2,80,1,Approaching_OJT,3.0,100.0
4,7.26,120,75,45,62.5,18.75,25,1,1,0,0,0,6,False,72.5,Advanced,25,75,Moderate_Gap,2,80,2,Moderate_Planning_Gap,12.5,100.0
3,6.68,120,57,63,47.5,19.0,43,1,1,1,1,0,5,False,52.5,Developing,43,57,Moderate_Gap,4,60,2,Moderate_Planning_Gap,21.5,100.0
6,8.22,120,107,13,89.17,17.83,0,0,0,0,0,0,6,True,93.5,Near_Completion,0,100,Eligible,0,100,0,OJT_Ready_Stage,0.0,100.0
4,9.03,120,73,47,60.83,18.25,27,0,0,0,0,0,5,False,76.5,Advanced,27,73,Moderate_Gap,0,100,1,Approaching_OJT,27.0,100.0
4,8.03,120,82,38,68.33,20.5,18,1,0,0,0,0,6,False,78.0,Advanced,18,82,Near_Eligible,1,90,2,Moderate_Planning_Gap,9.0,100.0
3,5.74,120,38,82,31.67,12.67,62,3,6,1,1,1,6,False,19.0,Developing,62,38,Far_From_Eligible,12,0,3,Long_Term_Planning,20.67,99.97
5,5.49,120,73,47,60.83,14.6,27,4,6,3,2,1,7,False,16.5,Advanced,27,73,Moderate_Gap,16,0,2,Moderate_Planning_Gap,13.5,100.0
3,7.94,120,52,68,43.33,17.33,48,0,2,1,0,0,5,False,56.0,Developing,48,52,Moderate_Gap,3,70,2,Moderate_Planning_Gap,24.0,100.0
3,6.57,120,37,83,30.83,12.33,63,3,2,0,1,0,5,False,40.5,Developing,63,37,Far_From_Eligible,6,40,2,Moderate_Planning_Gap,31.5,100.0
4,9.67,120,76,44,63.33,19.0,24,0,0,0,0,0,6,False,78.0,Advanced,24,76,Moderate_Gap,0,100,2,Moderate_Planning_Gap,12.0,100.0
1,8.39,120,22,98,18.33,22.0,78,0,0,0,0,0,5,False,51.0,Early,78,22,Far_From_Eligible,0,100,4,Long_Term_Planning,19.5,100.0
6,5.71,120,84,36,70.0,14.0,16,5,3,1,2,1,7,False,37.0,Advanced,16,84,Near_Eligible,12,0,1,Approaching_OJT,16.0,100.0
5,8.26,120,98,22,81.67,19.6,2,1,1,0,0,0,6,False,84.0,Near_Completion,2,98,Near_Eligible,2,80,1,Approaching_OJT,2.0,100.0
5,6.46,120,91,29,75.83,18.2,9,3,4,2,1,0,6,False,51.5,Advanced,9,91,Near_Eligible,10,0,1,Approaching_OJT,9.0,100.0
3,6.1,120,48,72,40.0,16.0,52,2,1,0,1,0,5,False,51.0,Developing,52,48,Far_From_Eligible,4,60,2,Moderate_Planning_Gap,26.0,100.0
7,6.33,120,107,13,89.17,15.29,0,2,5,1,0,0,8,False,71.5,Near_Completion,0,100,Eligible,8,20,1,Approaching_OJT,0.0,99.97
5,7.96,120,91,29,75.83,18.2,9,0,2,0,0,0,6,False,81.5,Advanced,9,91,Near_Eligible,2,80,1,Approaching_OJT,9.0,100.0
5,6.84,120,88,32,73.33,17.6,12,3,5,1,0,0,6,False,59.0,Advanced,12,88,Near_Eligible,9,10,1,Approaching_OJT,12.0,100.0
5,6.54,120,81,39,67.5,16.2,19,2,3,2,1,0,7,False,51.5,Advanced,19,81,Near_Eligible,8,20,2,Moderate_Planning_Gap,9.5,100.0
5,5.11,120,83,37,69.17,16.6,17,5,5,1,2,0,7,False,40.5,Advanced,17,83,Near_Eligible,13,0,2,Moderate_Planning_Gap,8.5,100.0
3,6.06,120,50,70,41.67,16.67,50,2,3,1,1,0,6,False,42.0,Developing,50,50,Moderate_Gap,7,30,3,Long_Term_Planning,16.67,99.98
6,7.39,120,107,13,89.17,17.83,0,1,0,0,0,0,6,True,90.5,Near_Completion,0,100,Eligible,1,90,0,OJT_Ready_Stage,0.0,100.0
4,8.38,120,76,44,63.33,19.0,24,0,0,0,0,0,5,False,78.0,Advanced,24,76,Moderate_Gap,0,100,1,Approaching_OJT,24.0,100.0
3,7.68,120,55,65,45.83,18.33,45,1,0,0,0,0,6,False,64.5,Developing,45,55,Moderate_Gap,1,90,3,Long_Term_Planning,15.0,100.0
7,5.93,120,101,19,84.17,14.43,0,3,3,3,1,1,8,False,44.5,Near_Completion,0,100,Eligible,11,0,1,Approaching_OJT,0.0,99.99
6,6.35,120,107,13,89.17,17.83,0,1,3,1,1,0,6,False,73.5,Near_Completion,0,100,Eligible,6,40,0,OJT_Ready_Stage,0.0,100.0
8,6.17,120,115,5,95.83,14.38,0,2,4,0,1,0,8,True,78.5,Near_Completion,0,100,Eligible,7,30,0,OJT_Ready_Stage,0.0,99.97
3,5.25,120,36,84,30.0,12.0,64,4,4,2,2,0,6,False,16.0,Developing,64,36,Far_From_Eligible,12,0,3,Long_Term_Planning,21.33,100.0
5,6.56,120,84,36,70.0,16.8,16,1,4,0,0,0,6,False,71.0,Advanced,16,84,Near_Eligible,5,50,1,Approaching_OJT,16.0,100.0
5,6.2,120,82,38,68.33,16.4,18,1,4,0,0,0,6,False,70.0,Advanced,18,82,Near_Eligible,5,50,1,Approaching_OJT,18.0,100.0
4,6.91,120,61,59,50.83,15.25,39,3,2,0,1,0,6,False,52.5,Developing,39,61,Moderate_Gap,6,40,2,Moderate_Planning_Gap,19.5,100.0
3,6.62,120,51,69,42.5,17.0,49,2,3,1,1,0,6,False,42.5,Developing,49,51,Moderate_Gap,7,30,3,Long_Term_Planning,16.33,100.0
3,6.74,120,56,64,46.67,18.67,44,3,3,0,1,0,6,False,48.0,Developing,44,56,Moderate_Gap,7,30,3,Long_Term_Planning,14.67,99.98
3,7.51,120,60,60,50.0,20.0,40,0,2,0,0,0,6,False,66.0,Developing,40,60,Moderate_Gap,2,80,3,Long_Term_Planning,13.33,100.0
5,6.55,120,84,36,70.0,16.8,16,1,1,0,0,0,6,False,77.0,Advanced,16,84,Near_Eligible,2,80,1,Approaching_OJT,16.0,100.0
5,7.95,120,90,30,75.0,18.0,10,0,2,0,0,0,6,False,81.0,Advanced,10,90,Near_Eligible,2,80,1,Approaching_OJT,10.0,100.0
6,8.77,120,107,13,89.17,17.83,0,0,0,0,0,0,7,True,93.5,Near_Completion,0,100,Eligible,0,100,1,Approaching_OJT,0.0,100.0
2,6.82,120,32,88,26.67,16.0,68,1,1,2,1,0,6,False,34.0,Early,68,32,Far_From_Eligible,5,50,4,Long_Term_Planning,17.0,100.0
4,5.77,120,62,58,51.67,15.5,38,5,5,1,1,0,5,False,35.0,Developing,38,62,Moderate_Gap,12,0,1,Approaching_OJT,38.0,100.0
7,6.04,120,115,5,95.83,16.43,0,2,1,2,1,0,8,False,72.5,Near_Completion,0,100,Eligible,6,40,1,Approaching_OJT,0.0,99.99
5,5.63,120,80,40,66.67,16.0,20,5,3,2,1,1,6,False,34.0,Advanced,20,80,Near_Eligible,12,0,1,Approaching_OJT,20.0,100.0
6,7.34,120,109,11,90.83,18.17,0,0,2,1,0,0,7,False,84.5,Near_Completion,0,100,Eligible,3,70,1,Approaching_OJT,0.0,99.98
4,8.04,120,68,52,56.67,17.0,32,1,0,0,0,0,5,False,71.0,Developing,32,68,Moderate_Gap,1,90,1,Approaching_OJT,32.0,100.0
5,9.47,120,93,27,77.5,18.6,7,0,0,0,0,0,7,False,86.5,Advanced,7,93,Near_Eligible,0,100,2,Moderate_Planning_Gap,3.5,100.0
5,5.69,120,70,50,58.33,14.0,30,4,3,2,2,0,7,False,35.0,Developing,30,70,Moderate_Gap,11,0,2,Moderate_Planning_Gap,15.0,100.0
3,5.76,120,43,77,35.83,14.33,57,5,6,2,2,1,5,False,4.5,Developing,57,43,Far_From_Eligible,16,0,2,Moderate_Planning_Gap,28.5,100.0
4,9.66,120,80,40,66.67,20.0,20,0,0,0,0,0,6,False,80.0,Advanced,20,80,Near_Eligible,0,100,2,Moderate_Planning_Gap,10.0,100.0
4,6.22,120,72,48,60.0,18.0,28,1,2,1,0,0,6,False,63.0,Advanced,28,72,Moderate_Gap,4,60,2,Moderate_Planning_Gap,14.0,100.0
8,6.11,120,118,2,98.33,14.75,0,2,1,2,0,0,8,False,79.0,Near_Completion,0,100,Eligible,5,50,0,OJT_Ready_Stage,0.0,100.0
3,7.12,120,60,60,50.0,20.0,40,0,2,1,0,0,6,False,60.0,Developing,40,60,Moderate_Gap,3,70,3,Long_Term_Planning,13.33,100.0
2,7.1,120,24,96,20.0,12.0,76,4,5,1,0,0,6,False,24.0,Early,76,24,Far_From_Eligible,10,0,4,Long_Term_Planning,19.0,100.0
6,8.37,120,100,20,83.33,16.67,0,1,1,0,0,0,6,True,85.0,Near_Completion,0,100,Eligible,2,80,0,OJT_Ready_Stage,0.0,99.98
6,7.43,120,110,10,91.67,18.33,0,1,2,0,0,0,6,True,88.0,Near_Completion,0,100,Eligible,3,70,0,OJT_Ready_Stage,0.0,100.0
3,8.42,120,50,70,41.67,16.67,50,1,1,0,0,0,6,False,60.0,Developing,50,50,Moderate_Gap,2,80,3,Long_Term_Planning,16.67,99.98
3,7.59,120,51,69,42.5,17.0,49,1,2,1,0,0,6,False,52.5,Developing,49,51,Moderate_Gap,4,60,3,Long_Term_Planning,16.33,100.0
4,7.51,120,68,52,56.67,17.0,32,0,1,1,0,0,6,False,66.0,Developing,32,68,Moderate_Gap,2,80,2,Moderate_Planning_Gap,16.0,100.0
5,9.88,120,99,21,82.5,19.8,1,0,0,0,0,0,7,False,89.5,Near_Completion,1,99,Near_Eligible,0,100,2,Moderate_Planning_Gap,0.5,100.0
4,6.66,120,68,52,56.67,17.0,32,3,2,2,1,0,5,False,44.0,Developing,32,68,Moderate_Gap,8,20,1,Approaching_OJT,32.0,100.0
3,7.36,120,55,65,45.83,18.33,45,0,1,1,0,0,5,False,59.5,Developing,45,55,Moderate_Gap,2,80,2,Moderate_Planning_Gap,22.5,100.0
1,8.26,120,18,102,15.0,18.0,82,1,0,1,0,0,5,False,40.0,Early,82,18,Far_From_Eligible,2,80,4,Long_Term_Planning,20.5,100.0
3,7.2,120,35,85,29.17,11.67,65,2,4,0,0,0,5,False,43.5,Early,65,35,Far_From_Eligible,6,40,2,Moderate_Planning_Gap,32.5,99.97
8,9.44,120,115,5,95.83,14.38,0,0,0,0,0,0,8,True,97.5,Near_Completion,0,100,Eligible,0,100,0,OJT_Ready_Stage,0.0,99.97
5,7.69,120,100,20,83.33,20.0,0,1,0,0,0,0,6,True,87.0,Near_Completion,0,100,Eligible,1,90,1,Approaching_OJT,0.0,100.0
2,6.08,120,36,84,30.0,18.0,64,3,2,2,0,0,6,False,33.0,Developing,64,36,Far_From_Eligible,7,30,4,Long_Term_Planning,16.0,100.0
3,8.96,120,63,57,52.5,21.0,37,0,0,0,0,0,6,False,71.5,Developing,37,63,Moderate_Gap,0,100,3,Long_Term_Planning,12.33,100.0
5,6.41,120,82,38,68.33,16.4,18,1,1,1,1,0,7,False,65.0,Advanced,18,82,Near_Eligible,4,60,2,Moderate_Planning_Gap,9.0,100.0
3,9.0,120,55,65,45.83,18.33,45,0,0,0,0,0,6,False,67.5,Developing,45,55,Moderate_Gap,0,100,3,Long_Term_Planning,15.0,100.0
5,6.14,120,87,33,72.5,17.4,13,3,3,0,1,0,7,False,63.5,Advanced,13,87,Near_Eligible,7,30,2,Moderate_Planning_Gap,6.5,100.0
6,5.72,120,83,37,69.17,13.83,17,4,6,3,2,0,7,False,29.5,Advanced,17,83,Near_Eligible,15,0,1,Approaching_OJT,17.0,100.0
3,7.75,120,61,59,50.83,20.33,39,0,1,1,0,0,6,False,62.5,Developing,39,61,Moderate_Gap,2,80,3,Long_Term_Planning,13.0,100.0
3,6.57,120,45,75,37.5,15.0,55,2,3,1,1,0,5,False,39.5,Developing,55,45,Far_From_Eligible,7,30,2,Moderate_Planning_Gap,27.5,100.0
2,6.0,120,31,89,25.83,15.5,69,1,4,1,1,0,5,False,33.5,Early,69,31,Far_From_Eligible,7,30,3,Long_Term_Planning,23.0,100.0
6,5.23,120,85,35,70.83,14.17,15,4,4,1,1,1,6,False,43.5,Advanced,15,85,Near_Eligible,11,0,0,OJT_Ready_Stage,15.0,99.98
4,6.94,120,60,60,50.0,15.0,40,1,3,2,0,0,5,False,49.0,Developing,40,60,Moderate_Gap,6,40,1,Approaching_OJT,40.0,100.0
4,6.75,120,66,54,55.0,16.5,34,3,4,0,1,0,6,False,51.0,Developing,34,66,Moderate_Gap,8,20,2,Moderate_Planning_Gap,17.0,100.0
5,5.5,120,73,47,60.83,14.6,27,5,6,3,1,0,6,False,26.5,Advanced,27,73,Moderate_Gap,15,0,1,Approaching_OJT,27.0,100.0
4,5.51,120,62,58,51.67,15.5,38,3,5,1,1,1,6,False,33.0,Developing,38,62,Moderate_Gap,11,0,2,Moderate_Planning_Gap,19.0,100.0
5,6.64,120,90,30,75.0,18.0,10,2,1,0,0,0,6,False,77.0,Advanced,10,90,Near_Eligible,3,70,1,Approaching_OJT,10.0,100.0
8,5.52,120,105,15,87.5,13.12,0,5,5,1,2,1,8,False,43.5,Near_Completion,0,100,Eligible,14,0,0,OJT_Ready_Stage,0.0,100.0
5,3.76,120,64,56,53.33,12.8,36,6,7,4,3,2,6,False,0.0,Developing,36,64,Moderate_Gap,22,0,1,Approaching_OJT,36.0,100.0
6,4.16,120,81,39,67.5,13.5,19,8,5,4,2,2,6,False,0.0,Advanced,19,81,Near_Eligible,21,0,0,OJT_Ready_Stage,19.0,100.0
4,6.41,120,67,53,55.83,16.75,33,4,5,2,1,0,5,False,34.5,Developing,33,67,Moderate_Gap,12,0,1,Approaching_OJT,33.0,100.0
5,5.0,120,83,37,69.17,16.6,17,4,5,2,2,0,7,False,37.5,Advanced,17,83,Near_Eligible,13,0,2,Moderate_Planning_Gap,8.5,100.0
4,8.18,120,77,43,64.17,19.25,23,0,1,1,0,0,6,False,70.5,Advanced,23,77,Moderate_Gap,2,80,2,Moderate_Planning_Gap,11.5,100.0
2,6.79,120,33,87,27.5,16.5,67,3,1,1,1,0,6,False,34.5,Early,67,33,Far_From_Eligible,6,40,4,Long_Term_Planning,16.75,100.0
7,6.1,120,114,6,95.0,16.29,0,1,3,0,0,0,8,True,88.0,Near_Completion,0,100,Eligible,4,60,1,Approaching_OJT,0.0,99.97
6,6.89,120,92,28,76.67,15.33,8,1,1,2,1,0,7,False,64.0,Advanced,8,92,Near_Eligible,5,50,1,Approaching_OJT,8.0,100.0
1,6.44,120,18,102,15.0,18.0,82,1,1,1,1,0,5,False,33.0,Early,82,18,Far_From_Eligible,4,60,4,Long_Term_Planning,20.5,100.0
7,5.06,120,104,16,86.67,14.86,0,3,6,1,1,1,8,False,52.0,Near_Completion,0,100,Eligible,12,0,1,Approaching_OJT,0.0,99.98
3,8.81,120,57,63,47.5,19.0,43,0,0,0,0,0,6,False,68.5,Developing,43,57,Moderate_Gap,0,100,3,Long_Term_Planning,14.33,100.0
4,8.81,120,80,40,66.67,20.0,20,0,0,0,0,0,5,False,80.0,Advanced,20,80,Near_Eligible,0,100,1,Approaching_OJT,20.0,100.0
4,6.72,120,60,60,50.0,15.0,40,1,2,1,1,0,6,False,52.0,Developing,40,60,Moderate_Gap,5,50,2,Moderate_Planning_Gap,20.0,100.0
8,8.42,120,120,0,100.0,15.0,0,1,1,1,0,0,8,False,89.0,Near_Completion,0,100,Eligible,3,70,0,OJT_Ready_Stage,0.0,100.0
5,4.81,120,62,58,51.67,12.4,38,7,5,3,3,2,7,False,0.0,Developing,38,62,Moderate_Gap,20,0,2,Moderate_Planning_Gap,19.0,100.0
7,7.67,120,110,10,91.67,15.71,0,1,0,1,0,0,8,False,86.0,Near_Completion,0,100,Eligible,2,80,1,Approaching_OJT,0.0,100.0
6,6.53,120,100,20,83.33,16.67,0,3,4,0,0,0,6,True,73.0,Near_Completion,0,100,Eligible,7,30,0,OJT_Ready_Stage,0.0,99.98
5,8.82,120,92,28,76.67,18.4,8,0,0,0,0,0,7,False,86.0,Advanced,8,92,Near_Eligible,0,100,2,Moderate_Planning_Gap,4.0,100.0
4,6.82,120,63,57,52.5,15.75,37,2,1,1,1,0,5,False,52.5,Developing,37,63,Moderate_Gap,5,50,1,Approaching_OJT,37.0,100.0
5,6.6,120,84,36,70.0,16.8,16,3,4,1,1,0,7,False,54.0,Advanced,16,84,Near_Eligible,9,10,2,Moderate_Planning_Gap,8.0,100.0
4,4.11,120,51,69,42.5,12.75,49,7,5,3,2,1,5,False,0.0,Developing,49,51,Moderate_Gap,18,0,1,Approaching_OJT,49.0,100.0
4,9.48,120,80,40,66.67,20.0,20,0,0,0,0,0,5,False,80.0,Advanced,20,80,Near_Eligible,0,100,1,Approaching_OJT,20.0,100.0
8,6.12,120,114,6,95.0,14.25,0,3,4,1,1,0,8,False,69.0,Near_Completion,0,100,Eligible,9,10,0,OJT_Ready_Stage,0.0,100.0
7,6.01,120,112,8,93.33,16.0,0,1,4,1,1,0,8,False,74.0,Near_Completion,0,100,Eligible,7,30,1,Approaching_OJT,0.0,100.0
4,6.23,120,60,60,50.0,15.0,40,2,1,0,0,0,6,False,62.0,Developing,40,60,Moderate_Gap,3,70,2,Moderate_Planning_Gap,20.0,100.0
6,7.46,120,106,14,88.33,17.67,0,0,2,0,0,0,7,True,89.0,Near_Completion,0,100,Eligible,2,80,1,Approaching_OJT,0.0,99.98
2,6.16,120,33,87,27.5,16.5,67,1,2,2,0,0,6,False,37.5,Early,67,33,Far_From_Eligible,5,50,4,Long_Term_Planning,16.75,100.0
4,6.01,120,70,50,58.33,17.5,30,1,4,2,0,0,6,False,52.0,Developing,30,70,Moderate_Gap,7,30,2,Moderate_Planning_Gap,15.0,100.0
3,8.15,120,64,56,53.33,21.33,36,1,1,0,0,0,6,False,67.0,Developing,36,64,Moderate_Gap,2,80,3,Long_Term_Planning,12.0,100.0
5,8.06,120,90,30,75.0,18.0,10,1,2,0,0,0,7,False,78.0,Advanced,10,90,Near_Eligible,3,70,2,Moderate_Planning_Gap,5.0,100.0
4,7.86,120,78,42,65.0,19.5,22,0,1,1,0,0,6,False,71.0,Advanced,22,78,Moderate_Gap,2,80,2,Moderate_Planning_Gap,11.0,100.0
2,9.64,120,43,77,35.83,21.5,57,0,0,0,0,0,5,False,61.5,Developing,57,43,Far_From_Eligible,0,100,3,Long_Term_Planning,19.0,100.0
1,7.93,120,21,99,17.5,21.0,79,0,0,0,0,0,6,False,50.5,Early,79,21,Far_From_Eligible,0,100,5,Long_Term_Planning,15.8,100.0
5,7.71,120,88,32,73.33,17.6,12,0,2,0,0,0,6,False,80.0,Advanced,12,88,Near_Eligible,2,80,1,Approaching_OJT,12.0,100.0
3,6.44,120,49,71,40.83,16.33,51,3,4,0,0,0,6,False,47.5,Developing,51,49,Far_From_Eligible,7,30,3,Long_Term_Planning,17.0,100.0
4,9.19,120,79,41,65.83,19.75,21,0,0,0,0,0,5,False,79.5,Advanced,21,79,Moderate_Gap,0,100,1,Approaching_OJT,21.0,100.0
6,8.83,120,105,15,87.5,17.5,0,0,0,0,0,0,7,True,92.5,Near_Completion,0,100,Eligible,0,100,1,Approaching_OJT,0.0,100.0
3,9.87,120,59,61,49.17,19.67,41,0,0,0,0,0,5,False,69.5,Developing,41,59,Moderate_Gap,0,100,2,Moderate_Planning_Gap,20.5,99.98
4,5.61,120,63,57,52.5,15.75,37,3,3,2,2,1,6,False,26.5,Developing,37,63,Moderate_Gap,11,0,2,Moderate_Planning_Gap,18.5,100.0
7,5.87,120,108,12,90.0,15.43,0,2,4,1,1,0,8,False,69.0,Near_Completion,0,100,Eligible,8,20,1,Approaching_OJT,0.0,99.99
6,7.79,120,101,19,84.17,16.83,0,1,1,1,0,0,6,False,79.5,Near_Completion,0,100,Eligible,3,70,0,OJT_Ready_Stage,0.0,100.0
5,6.01,120,94,26,78.33,18.8,6,3,3,1,0,0,7,False,66.0,Advanced,6,94,Near_Eligible,7,30,2,Moderate_Planning_Gap,3.0,100.0
5,7.14,120,98,22,81.67,19.6,2,0,1,1,0,0,6,False,81.0,Near_Completion,2,98,Near_Eligible,2,80,1,Approaching_OJT,2.0,100.0
2,6.94,120,31,89,25.83,15.5,69,2,2,0,1,0,5,False,40.5,Early,69,31,Far_From_Eligible,5,50,3,Long_Term_Planning,23.0,100.0
5,3.54,120,69,51,57.5,13.8,31,8,6,4,3,1,7,False,0.0,Developing,31,69,Moderate_Gap,22,0,2,Moderate_Planning_Gap,15.5,100.0
8,6.22,120,118,2,98.33,14.75,0,1,1,0,1,0,8,True,89.0,Near_Completion,0,100,Eligible,3,70,0,OJT_Ready_Stage,0.0,100.0
4,6.54,120,73,47,60.83,18.25,27,1,2,2,1,0,5,False,52.5,Advanced,27,73,Moderate_Gap,6,40,1,Approaching_OJT,27.0,100.0
5,5.98,120,78,42,65.0,15.6,22,5,4,1,1,1,6,False,37.0,Advanced,22,78,Moderate_Gap,12,0,1,Approaching_OJT,22.0,100.0
3,9.48,120,65,55,54.17,21.67,35,0,0,0,0,0,5,False,72.5,Developing,35,65,Moderate_Gap,0,100,2,Moderate_Planning_Gap,17.5,99.98
8,7.75,120,120,0,100.0,15.0,0,1,1,1,0,0,8,False,89.0,Near_Completion,0,100,Eligible,3,70,0,OJT_Ready_Stage,0.0,100.0
1,8.84,120,24,96,20.0,24.0,76,0,0,0,0,0,6,False,52.0,Early,76,24,Far_From_Eligible,0,100,5,Long_Term_Planning,15.2,100.0
4,5.61,120,52,68,43.33,13.0,48,3,5,1,1,1,5,False,28.0,Developing,48,52,Moderate_Gap,11,0,1,Approaching_OJT,48.0,100.0
6,5.54,120,88,32,73.33,14.67,12,3,3,3,1,1,6,False,38.0,Advanced,12,88,Near_Eligible,11,0,0,OJT_Ready_Stage,12.0,99.98
2,5.98,120,33,87,27.5,16.5,67,5,6,1,1,1,5,False,10.5,Early,67,33,Far_From_Eligible,14,0,3,Long_Term_Planning,22.33,100.0
7,9.78,120,118,2,98.33,16.86,0,0,0,0,0,0,8,True,99.0,Near_Completion,0,100,Eligible,0,100,1,Approaching_OJT,0.0,99.98
1,8.73,120,18,102,15.0,18.0,82,0,0,0,0,0,6,False,49.0,Early,82,18,Far_From_Eligible,0,100,5,Long_Term_Planning,16.4,100.0
2,8.6,120,42,78,35.0,21.0,58,0,0,0,0,0,5,False,61.0,Developing,58,42,Far_From_Eligible,0,100,3,Long_Term_Planning,19.33,100.0
1,4.62,120,15,105,12.5,15.0,85,7,7,3,2,2,5,False,0.0,Early,85,15,Far_From_Eligible,21,0,4,Long_Term_Planning,21.25,100.0
7,9.78,120,116,4,96.67,16.57,0,0,0,0,0,0,8,True,98.0,Near_Completion,0,100,Eligible,0,100,1,Approaching_OJT,0.0,100.0
5,5.69,120,80,40,66.67,16.0,20,3,6,1,1,1,7,False,40.0,Advanced,20,80,Near_Eligible,12,0,2,Moderate_Planning_Gap,10.0,100.0
2,5.55,120,35,85,29.17,17.5,65,4,6,2,2,1,5,False,3.5,Early,65,35,Far_From_Eligible,15,0,3,Long_Term_Planning,21.67,100.0
4,6.9,120,65,55,54.17,16.25,35,1,1,1,0,0,5,False,61.5,Developing,35,65,Moderate_Gap,3,70,1,Approaching_OJT,35.0,100.0
4,6.05,120,65,55,54.17,16.25,35,2,2,1,0,0,5,False,56.5,Developing,35,65,Moderate_Gap,5,50,1,Approaching_OJT,35.0,100.0
3,6.6,120,50,70,41.67,16.67,50,1,3,1,1,0,6,False,45.0,Developing,50,50,Moderate_Gap,6,40,3,Long_Term_Planning,16.67,99.98
3,4.9,120,30,90,25.0,10.0,70,6,8,2,2,1,6,False,0.0,Early,70,30,Far_From_Eligible,19,0,3,Long_Term_Planning,23.33,100.0
2,9.55,120,41,79,34.17,20.5,59,0,0,0,0,0,6,False,60.5,Developing,59,41,Far_From_Eligible,0,100,4,Long_Term_Planning,14.75,100.0
5,6.51,120,88,32,73.33,17.6,12,2,1,0,0,0,6,False,76.0,Advanced,12,88,Near_Eligible,3,70,1,Approaching_OJT,12.0,100.0
4,6.09,120,61,59,50.83,15.25,39,1,3,2,0,0,6,False,49.5,Developing,39,61,Moderate_Gap,6,40,2,Moderate_Planning_Gap,19.5,100.0
3,4.8,120,42,78,35.0,14.0,58,7,5,4,3,2,5,False,0.0,Developing,58,42,Far_From_Eligible,21,0,2,Moderate_Planning_Gap,29.0,100.0
3,6.45,120,50,70,41.67,16.67,50,2,3,0,0,0,6,False,53.0,Developing,50,50,Moderate_Gap,5,50,3,Long_Term_Planning,16.67,99.98
4,6.53,120,66,54,55.0,16.5,34,2,3,1,1,0,5,False,50.0,Developing,34,66,Moderate_Gap,7,30,1,Approaching_OJT,34.0,100.0
4,9.09,120,78,42,65.0,19.5,22,0,0,0,0,0,6,False,79.0,Advanced,22,78,Moderate_Gap,0,100,2,Moderate_Planning_Gap,11.0,100.0
4,9.77,120,78,42,65.0,19.5,22,0,0,0,0,0,5,False,79.0,Advanced,22,78,Moderate_Gap,0,100,1,Approaching_OJT,22.0,100.0
3,6.11,120,54,66,45.0,18.0,46,1,4,0,1,0,6,False,51.0,Developing,46,54,Moderate_Gap,6,40,3,Long_Term_Planning,15.33,100.0
5,6.37,120,78,42,65.0,15.6,22,1,2,0,0,0,6,False,72.0,Advanced,22,78,Moderate_Gap,3,70,1,Approaching_OJT,22.0,100.0
7,5.26,120,106,14,88.33,15.14,0,4,4,3,2,1,8,False,37.0,Near_Completion,0,100,Eligible,14,0,1,Approaching_OJT,0.0,100.0
7,6.77,120,107,13,89.17,15.29,0,2,4,0,0,0,8,True,79.5,Near_Completion,0,100,Eligible,6,40,1,Approaching_OJT,0.0,99.97
6,7.79,120,112,8,93.33,18.67,0,0,0,0,0,0,7,True,96.0,Near_Completion,0,100,Eligible,0,100,1,Approaching_OJT,0.0,99.98
7,8.14,120,110,10,91.67,15.71,0,0,0,0,0,0,8,True,95.0,Near_Completion,0,100,Eligible,0,100,1,Approaching_OJT,0.0,100.0
2,8.35,120,35,85,29.17,17.5,65,1,0,1,0,0,6,False,48.5,Early,65,35,Far_From_Eligible,2,80,4,Long_Term_Planning,16.25,100.0
2,9.03,120,38,82,31.67,19.0,62,0,0,0,0,0,6,False,59.0,Developing,62,38,Far_From_Eligible,0,100,4,Long_Term_Planning,15.5,100.0
4,7.37,120,81,39,67.5,20.25,19,1,2,0,0,0,6,False,73.5,Advanced,19,81,Near_Eligible,3,70,2,Moderate_Planning_Gap,9.5,100.0
3,5.38,120,47,73,39.17,15.67,53,3,5,1,2,0,6,False,28.5,Developing,53,47,Far_From_Eligible,11,0,3,Long_Term_Planning,17.67,99.98
8,7.55,120,116,4,96.67,14.5,0,1,1,1,0,0,8,False,87.0,Near_Completion,0,100,Eligible,3,70,0,OJT_Ready_Stage,0.0,100.0
3,6.07,120,58,62,48.33,19.33,42,1,1,2,0,0,6,False,52.0,Developing,42,58,Moderate_Gap,4,60,3,Long_Term_Planning,14.0,100.0
3,6.87,120,50,70,41.67,16.67,50,3,2,2,0,0,5,False,40.0,Developing,50,50,Moderate_Gap,7,30,2,Moderate_Planning_Gap,25.0,99.98
4,6.65,120,71,49,59.17,17.75,29,2,3,1,1,0,6,False,52.5,Developing,29,71,Moderate_Gap,7,30,2,Moderate_Planning_Gap,14.5,100.0
4,6.3,120,71,49,59.17,17.75,29,2,2,1,0,0,6,False,59.5,Developing,29,71,Moderate_Gap,5,50,2,Moderate_Planning_Gap,14.5,100.0
4,6.69,120,61,59,50.83,15.25,39,3,2,2,1,0,5,False,40.5,Developing,39,61,Moderate_Gap,8,20,1,Approaching_OJT,39.0,100.0
5,6.04,120,89,31,74.17,17.8,11,2,4,1,0,0,7,False,64.5,Advanced,11,89,Near_Eligible,7,30,2,Moderate_Planning_Gap,5.5,100.0
4,5.52,120,59,61,49.17,14.75,41,4,4,3,2,0,5,False,21.5,Developing,41,59,Moderate_Gap,13,0,1,Approaching_OJT,41.0,100.0
1,6.71,120,18,102,15.0,18.0,82,3,4,0,1,0,5,False,27.0,Early,82,18,Far_From_Eligible,8,20,4,Long_Term_Planning,20.5,100.0
3,8.41,120,51,69,42.5,17.0,49,1,0,0,0,0,5,False,62.5,Developing,49,51,Moderate_Gap,1,90,2,Moderate_Planning_Gap,24.5,100.0
5,8.21,120,91,29,75.83,18.2,9,1,1,1,0,0,6,False,74.5,Advanced,9,91,Near_Eligible,3,70,1,Approaching_OJT,9.0,100.0
4,6.63,120,75,45,62.5,18.75,25,2,3,2,0,0,5,False,53.5,Advanced,25,75,Moderate_Gap,7,30,1,Approaching_OJT,25.0,100.0
2,5.64,120,33,87,27.5,16.5,67,4,3,2,1,1,5,False,13.5,Early,67,33,Far_From_Eligible,11,0,3,Long_Term_Planning,22.33,100.0
5,6.01,120,95,25,79.17,19.0,5,2,3,1,0,0,6,False,69.5,Advanced,5,95,Near_Eligible,6,40,1,Approaching_OJT,5.0,100.0
4,6.3,120,68,52,56.67,17.0,32,1,3,1,0,0,5,False,59.0,Developing,32,68,Moderate_Gap,5,50,1,Approaching_OJT,32.0,100.0
4,6.63,120,70,50,58.33,17.5,30,2,2,0,1,0,5,False,60.0,Developing,30,70,Moderate_Gap,5,50,1,Approaching_OJT,30.0,100.0
5,7.89,120,93,27,77.5,18.6,7,0,2,1,0,0,6,False,76.5,Advanced,7,93,Near_Eligible,3,70,1,Approaching_OJT,7.0,100.0
3,6.31,120,53,67,44.17,17.67,47,2,2,2,0,0,5,False,44.5,Developing,47,53,Moderate_Gap,6,40,2,Moderate_Planning_Gap,23.5,99.98
6,6.66,120,93,27,77.5,15.5,7,3,2,1,0,0,7,False,67.5,Advanced,7,93,Near_Eligible,6,40,1,Approaching_OJT,7.0,100.0
3,7.72,120,54,66,45.0,18.0,46,0,1,0,0,0,5,False,65.0,Developing,46,54,Moderate_Gap,1,90,2,Moderate_Planning_Gap,23.0,100.0
5,6.44,120,80,40,66.67,16.0,20,2,4,0,0,0,7,False,66.0,Advanced,20,80,Near_Eligible,6,40,2,Moderate_Planning_Gap,10.0,100.0
5,4.2,120,59,61,49.17,11.8,41,6,6,2,2,2,7,False,1.5,Developing,41,59,Moderate_Gap,18,0,2,Moderate_Planning_Gap,20.5,100.0
5,7.36,120,96,24,80.0,19.2,4,0,1,1,0,0,6,False,80.0,Near_Completion,4,96,Near_Eligible,2,80,1,Approaching_OJT,4.0,100.0
4,8.19,120,70,50,58.33,17.5,30,0,1,0,0,0,5,False,73.0,Developing,30,70,Moderate_Gap,1,90,1,Approaching_OJT,30.0,100.0
4,8.48,120,75,45,62.5,18.75,25,1,1,1,0,0,6,False,66.5,Advanced,25,75,Moderate_Gap,3,70,2,Moderate_Planning_Gap,12.5,100.0
5,8.17,120,97,23,80.83,19.4,3,1,0,0,0,0,6,False,85.5,Near_Completion,3,97,Near_Eligible,1,90,1,Approaching_OJT,3.0,100.0
2,6.15,120,37,83,30.83,18.5,63,1,4,2,0,0,6,False,35.5,Developing,63,37,Far_From_Eligible,7,30,4,Long_Term_Planning,15.75,100.0
4,7.84,120,77,43,64.17,19.25,23,0,1,1,0,0,6,False,70.5,Advanced,23,77,Moderate_Gap,2,80,2,Moderate_Planning_Gap,11.5,100.0
4,6.93,120,73,47,60.83,18.25,27,3,1,0,0,0,6,False,65.5,Advanced,27,73,Moderate_Gap,4,60,2,Moderate_Planning_Gap,13.5,100.0
3,5.94,120,41,79,34.17,13.67,59,5,3,1,2,1,5,False,15.5,Developing,59,41,Far_From_Eligible,12,0,2,Moderate_Planning_Gap,29.5,99.98
3,6.26,120,44,76,36.67,14.67,56,1,4,1,0,0,5,False,45.0,Developing,56,44,Far_From_Eligible,6,40,2,Moderate_Planning_Gap,28.0,99.98
1,5.28,120,14,106,11.67,14.0,86,3,4,1,2,0,6,False,14.0,Early,86,14,Far_From_Eligible,10,0,5,Long_Term_Planning,17.2,100.0
4,6.11,120,69,51,57.5,17.25,31,1,4,1,0,0,6,False,57.5,Developing,31,69,Moderate_Gap,6,40,2,Moderate_Planning_Gap,15.5,100.0
5,8.07,120,98,22,81.67,19.6,2,1,1,0,0,0,6,False,84.0,Near_Completion,2,98,Near_Eligible,2,80,1,Approaching_OJT,2.0,100.0
3,5.48,120,50,70,41.67,16.67,50,5,3,3,2,1,5,False,8.0,Developing,50,50,Moderate_Gap,14,0,2,Moderate_Planning_Gap,25.0,99.98
3,6.79,120,46,74,38.33,15.33,54,2,2,0,0,0,5,False,53.0,Developing,54,46,Far_From_Eligible,4,60,2,Moderate_Planning_Gap,27.0,100.0
4,4.51,120,58,62,48.33,14.5,42,8,5,4,3,1,6,False,0.0,Developing,42,58,Moderate_Gap,21,0,2,Moderate_Planning_Gap,21.0,100.0
7,6.69,120,109,11,90.83,15.57,0,1,3,0,1,0,8,True,80.5,Near_Completion,0,100,Eligible,5,50,1,Approaching_OJT,0.0,100.0
8,6.31,120,110,10,91.67,13.75,0,2,2,1,0,0,8,False,79.0,Near_Completion,0,100,Eligible,5,50,0,OJT_Ready_Stage,0.0,100.0
2,7.76,120,37,83,30.83,18.5,63,1,1,1,0,0,5,False,47.5,Developing,63,37,Far_From_Eligible,3,70,3,Long_Term_Planning,21.0,100.0
7,6.53,120,107,13,89.17,15.29,0,2,3,0,1,0,8,True,76.5,Near_Completion,0,100,Eligible,6,40,1,Approaching_OJT,0.0,99.97
6,5.08,120,85,35,70.83,14.17,15,5,3,2,2,1,7,False,31.5,Advanced,15,85,Near_Eligible,13,0,1,Approaching_OJT,15.0,99.98
5,8.06,120,94,26,78.33,18.8,6,1,2,0,0,0,6,False,80.0,Advanced,6,94,Near_Eligible,3,70,1,Approaching_OJT,6.0,100.0
4,7.66,120,79,41,65.83,19.75,21,0,2,1,0,0,5,False,69.5,Advanced,21,79,Moderate_Gap,3,70,1,Approaching_OJT,21.0,100.0
3,7.43,120,59,61,49.17,19.67,41,0,2,0,0,0,6,False,65.5,Developing,41,59,Moderate_Gap,2,80,3,Long_Term_Planning,13.67,99.98
3,6.27,120,46,74,38.33,15.33,54,3,3,1,1,0,5,False,37.0,Developing,54,46,Far_From_Eligible,8,20,2,Moderate_Planning_Gap,27.0,100.0
4,6.68,120,71,49,59.17,17.75,29,1,3,1,1,0,5,False,55.5,Developing,29,71,Moderate_Gap,6,40,1,Approaching_OJT,29.0,100.0
6,6.2,120,95,25,79.17,15.83,5,2,4,0,0,0,7,False,73.5,Advanced,5,95,Near_Eligible,6,40,1,Approaching_OJT,5.0,100.0
4,10.0,120,84,36,70.0,21.0,16,0,0,0,0,0,5,False,82.0,Advanced,16,84,Near_Eligible,0,100,1,Approaching_OJT,16.0,100.0
5,5.55,120,75,45,62.5,15.0,25,5,4,3,2,0,6,False,26.5,Advanced,25,75,Moderate_Gap,14,0,1,Approaching_OJT,25.0,100.0
2,4.48,120,28,92,23.33,14.0,72,6,5,4,2,2,6,False,0.0,Early,72,28,Far_From_Eligible,19,0,4,Long_Term_Planning,18.0,100.0
5,7.44,120,94,26,78.33,18.8,6,0,0,1,0,0,7,False,81.0,Advanced,6,94,Near_Eligible,1,90,2,Moderate_Planning_Gap,3.0,100.0
6,8.17,120,109,11,90.83,18.17,0,1,0,0,0,0,7,True,91.5,Near_Completion,0,100,Eligible,1,90,1,Approaching_OJT,0.0,99.98
2,6.54,120,36,84,30.0,18.0,64,2,4,1,0,0,5,False,38.0,Developing,64,36,Far_From_Eligible,7,30,3,Long_Term_Planning,21.33,100.0
4,6.04,120,71,49,59.17,17.75,29,2,2,1,0,0,5,False,59.5,Developing,29,71,Moderate_Gap,5,50,1,Approaching_OJT,29.0,100.0
1,5.68,120,18,102,15.0,18.0,82,4,4,3,2,1,5,False,0.0,Early,82,18,Far_From_Eligible,14,0,4,Long_Term_Planning,20.5,100.0
4,4.99,120,41,79,34.17,10.25,59,8,6,3,2,1,5,False,0.0,Developing,59,41,Far_From_Eligible,20,0,1,Approaching_OJT,59.0,100.0
5,6.23,120,83,37,69.17,16.6,17,3,2,2,0,0,7,False,56.5,Advanced,17,83,Near_Eligible,7,30,2,Moderate_Planning_Gap,8.5,100.0
5,9.82,120,97,23,80.83,19.4,3,0,0,0,0,0,7,False,88.5,Near_Completion,3,97,Near_Eligible,0,100,2,Moderate_Planning_Gap,1.5,100.0
7,7.16,120,116,4,96.67,16.57,0,0,2,1,0,0,8,False,88.0,Near_Completion,0,100,Eligible,3,70,1,Approaching_OJT,0.0,100.0
4,5.01,120,57,63,47.5,14.25,43,3,4,3,1,0,5,False,28.5,Developing,43,57,Moderate_Gap,11,0,1,Approaching_OJT,43.0,100.0
4,9.72,120,77,43,64.17,19.25,23,0,0,0,0,0,5,False,78.5,Advanced,23,77,Moderate_Gap,0,100,1,Approaching_OJT,23.0,100.0
5,6.54,120,94,26,78.33,18.8,6,4,5,2,0,0,6,False,53.0,Advanced,6,94,Near_Eligible,11,0,1,Approaching_OJT,6.0,100.0
4,7.89,120,73,47,60.83,18.25,27,0,2,0,0,0,5,False,72.5,Advanced,27,73,Moderate_Gap,2,80,1,Approaching_OJT,27.0,100.0
5,7.13,120,95,25,79.17,19.0,5,1,0,1,0,0,7,False,78.5,Advanced,5,95,Near_Eligible,2,80,2,Moderate_Planning_Gap,2.5,100.0
6,6.5,120,96,24,80.0,16.0,4,2,2,0,1,0,6,False,73.0,Near_Completion,4,96,Near_Eligible,5,50,0,OJT_Ready_Stage,4.0,100.0
4,4.25,120,55,65,45.83,13.75,45,5,8,4,2,2,6,False,0.0,Developing,45,55,Moderate_Gap,21,0,2,Moderate_Planning_Gap,22.5,100.0
3,3.69,120,42,78,35.0,14.0,58,8,5,3,2,2,6,False,0.0,Developing,58,42,Far_From_Eligible,20,0,3,Long_Term_Planning,19.33,100.0
3,7.02,120,63,57,52.5,21.0,37,0,0,1,0,0,5,False,65.5,Developing,37,63,Moderate_Gap,1,90,2,Moderate_Planning_Gap,18.5,100.0
7,5.82,120,105,15,87.5,15.0,0,5,3,3,2,0,8,False,43.5,Near_Completion,0,100,Eligible,13,0,1,Approaching_OJT,0.0,100.0
5,7.18,120,97,23,80.83,19.4,3,0,1,0,0,0,6,False,86.5,Near_Completion,3,97,Near_Eligible,1,90,1,Approaching_OJT,3.0,100.0
2,8.47,120,39,81,32.5,19.5,61,1,2,0,0,0,6,False,52.5,Developing,61,39,Far_From_Eligible,3,70,4,Long_Term_Planning,15.25,100.0
5,6.68,120,80,40,66.67,16.0,20,3,3,2,1,0,7,False,48.0,Advanced,20,80,Near_Eligible,9,10,2,Moderate_Planning_Gap,10.0,100.0
3,8.26,120,56,64,46.67,18.67,44,1,1,0,0,0,6,False,63.0,Developing,44,56,Moderate_Gap,2,80,3,Long_Term_Planning,14.67,99.98
1,6.66,120,18,102,15.0,18.0,82,3,3,2,0,0,6,False,22.0,Early,82,18,Far_From_Eligible,8,20,5,Long_Term_Planning,16.4,100.0
5,6.18,120,88,32,73.33,17.6,12,1,3,2,0,0,6,False,63.0,Advanced,12,88,Near_Eligible,6,40,1,Approaching_OJT,12.0,100.0
2,6.58,120,28,92,23.33,14.0,72,1,4,1,0,0,6,False,37.0,Early,72,28,Far_From_Eligible,6,40,4,Long_Term_Planning,18.0,100.0
6,8.39,120,104,16,86.67,17.33,0,1,1,0,0,0,7,True,87.0,Near_Completion,0,100,Eligible,2,80,1,Approaching_OJT,0.0,100.0
5,8.23,120,93,27,77.5,18.6,7,0,1,0,0,0,7,False,84.5,Advanced,7,93,Near_Eligible,1,90,2,Moderate_Planning_Gap,3.5,100.0
2,6.29,120,34,86,28.33,17.0,66,2,4,0,1,0,6,False,38.0,Early,66,34,Far_From_Eligible,7,30,4,Long_Term_Planning,16.5,100.0
4,7.68,120,73,47,60.83,18.25,27,0,0,1,0,0,5,False,70.5,Advanced,27,73,Moderate_Gap,1,90,1,Approaching_OJT,27.0,100.0
4,6.15,120,73,47,60.83,18.25,27,2,2,0,1,0,6,False,61.5,Advanced,27,73,Moderate_Gap,5,50,2,Moderate_Planning_Gap,13.5,100.0
6,5.86,120,93,27,77.5,15.5,7,5,6,1,1,1,7,False,40.5,Advanced,7,93,Near_Eligible,14,0,1,Approaching_OJT,7.0,100.0
3,6.13,120,42,78,35.0,14.0,58,1,3,0,1,0,6,False,47.0,Developing,58,42,Far_From_Eligible,5,50,3,Long_Term_Planning,19.33,100.0
2,5.17,120,30,90,25.0,15.0,70,4,5,2,1,1,6,False,8.0,Early,70,30,Far_From_Eligible,13,0,4,Long_Term_Planning,17.5,100.0
3,5.79,120,47,73,39.17,15.67,53,3,6,1,2,1,5,False,18.5,Developing,53,47,Far_From_Eligible,13,0,2,Moderate_Planning_Gap,26.5,99.98
6,6.3,120,100,20,83.33,16.67,0,1,4,2,1,0,6,False,62.0,Near_Completion,0,100,Eligible,8,20,0,OJT_Ready_Stage,0.0,99.98
7,8.1,120,108,12,90.0,15.43,0,1,1,1,0,0,8,False,83.0,Near_Completion,0,100,Eligible,3,70,1,Approaching_OJT,0.0,99.99
2,7.19,120,43,77,35.83,21.5,57,1,1,1,0,0,5,False,50.5,Developing,57,43,Far_From_Eligible,3,70,3,Long_Term_Planning,19.0,100.0
5,7.17,120,81,39,67.5,16.2,19,4,2,2,0,0,6,False,52.5,Advanced,19,81,Near_Eligible,8,20,1,Approaching_OJT,19.0,100.0
2,7.54,120,39,81,32.5,19.5,61,1,1,1,0,0,5,False,48.5,Developing,61,39,Far_From_Eligible,3,70,3,Long_Term_Planning,20.33,100.0
5,5.53,120,80,40,66.67,16.0,20,3,6,3,1,1,7,False,28.0,Advanced,20,80,Near_Eligible,14,0,2,Moderate_Planning_Gap,10.0,100.0
5,6.77,120,82,38,68.33,16.4,18,3,2,1,0,0,7,False,62.0,Advanced,18,82,Near_Eligible,6,40,2,Moderate_Planning_Gap,9.0,100.0
4,7.04,120,68,52,56.67,17.0,32,1,0,0,0,0,6,False,71.0,Developing,32,68,Moderate_Gap,1,90,2,Moderate_Planning_Gap,16.0,100.0
6,6.96,120,100,20,83.33,16.67,0,2,1,1,0,0,6,False,76.0,Near_Completion,0,100,Eligible,4,60,0,OJT_Ready_Stage,0.0,99.98
4,6.19,120,72,48,60.0,18.0,28,3,2,2,1,0,6,False,46.0,Advanced,28,72,Moderate_Gap,8,20,2,Moderate_Planning_Gap,14.0,100.0
2,5.58,120,25,95,20.83,12.5,75,4,4,3,1,1,6,False,1.5,Early,75,25,Far_From_Eligible,13,0,4,Long_Term_Planning,18.75,100.0
4,6.15,120,63,57,52.5,15.75,37,1,1,0,1,0,6,False,61.5,Developing,37,63,Moderate_Gap,3,70,2,Moderate_Planning_Gap,18.5,100.0
5,6.89,120,89,31,74.17,17.8,11,1,3,1,0,0,7,False,69.5,Advanced,11,89,Near_Eligible,5,50,2,Moderate_Planning_Gap,5.5,100.0
5,6.74,120,85,35,70.83,17.0,15,4,2,1,1,0,7,False,55.5,Advanced,15,85,Near_Eligible,8,20,2,Moderate_Planning_Gap,7.5,100.0
3,7.9,120,59,61,49.17,19.67,41,1,2,0,0,0,6,False,62.5,Developing,41,59,Moderate_Gap,3,70,3,Long_Term_Planning,13.67,99.98
5,6.38,120,83,37,69.17,16.6,17,2,1,1,1,0,6,False,62.5,Advanced,17,83,Near_Eligible,5,50,1,Approaching_OJT,17.0,100.0
4,6.04,120,60,60,50.0,15.0,40,2,3,0,1,0,6,False,53.0,Developing,40,60,Moderate_Gap,6,40,2,Moderate_Planning_Gap,20.0,100.0
5,7.72,120,100,20,83.33,20.0,0,0,1,0,0,0,7,True,88.0,Near_Completion,0,100,Eligible,1,90,2,Moderate_Planning_Gap,0.0,100.0
8,6.07,120,110,10,91.67,13.75,0,3,1,1,0,0,8,False,78.0,Near_Completion,0,100,Eligible,5,50,0,OJT_Ready_Stage,0.0,100.0
6,6.64,120,103,17,85.83,17.17,0,3,1,1,1,0,6,False,69.5,Near_Completion,0,100,Eligible,6,40,0,OJT_Ready_Stage,0.0,99.98
5,5.66,120,75,45,62.5,15.0,25,5,5,2,2,0,7,False,30.5,Advanced,25,75,Moderate_Gap,14,0,2,Moderate_Planning_Gap,12.5,100.0
